"annee","tranche_annees","code_region","nom_region","code_departement","nom_departement","id_zone_climatique","nom_zone_climatique","nb_nouveaux_exploitants","surface_conversion","evolution_surf_bio","nb_alertes_gel","nb_alertes_inondation","nb_alertes_sécheresse"
2010,"2010-2014",11,"Île-de-France","77","Seine-et-Marne",1,"H1",6,1248.33,-8361.174,106,4,68
2010,"2010-2014",11,"Île-de-France","78","Yvelines",1,"H1",9,416.919,-17701.583,99,3,67
2010,"2010-2014",11,"Île-de-France","91","Essonne",1,"H1",4,425.57,266.465,96,1,66
2010,"2010-2014",11,"Île-de-France","93","Seine-Saint-Denis",1,"H1",0,2.01,-287.878,72,2,65
2010,"2010-2014",11,"Île-de-France","94","Val-de-Marne",1,"H1",0,32.99,-0.251,69,3,74
2010,"2010-2014",11,"Île-de-France","95","Val-d'Oise",1,"H1",2,0.93,505.447,91,2,81
2010,"2010-2014",24,"Centre-Val de Loire","18","Cher",2,"H2",10,2427.352,-12311.154,114,1,88
2010,"2010-2014",24,"Centre-Val de Loire","28","Eure-et-Loir",1,"H1",7,364.171,-10181.195,127,3,75
2010,"2010-2014",24,"Centre-Val de Loire","36","Indre",2,"H2",6,2640.328,-41015.47,107,3,95
2010,"2010-2014",24,"Centre-Val de Loire","37","Indre-et-Loire",2,"H2",17,3418.565,-14261.489,100,2,85
2010,"2010-2014",24,"Centre-Val de Loire","41","Loir-et-Cher",2,"H2",13,1462.205,-6666.176,117,4,83
2010,"2010-2014",24,"Centre-Val de Loire","45","Loiret",1,"H1",15,1156.707,-84323.489,102,6,79
2010,"2010-2014",27,"Bourgogne-Franche-Comté","21","Côte-d'Or",1,"H1",31,4023.856,-4219.373,125,7,67
2010,"2010-2014",27,"Bourgogne-Franche-Comté","25","Doubs",1,"H1",6,2034.53,-34704.97,179,11,75
2010,"2010-2014",27,"Bourgogne-Franche-Comté","39","Jura",1,"H1",19,2044.286,-19590.677,162,13,81
2010,"2010-2014",27,"Bourgogne-Franche-Comté","58","Nièvre",1,"H1",14,3028.08,-19768.335,127,7,88
2010,"2010-2014",27,"Bourgogne-Franche-Comté","70","Haute-Saône",1,"H1",24,3258.29,-9584.534,159,9,72
2010,"2010-2014",27,"Bourgogne-Franche-Comté","71","Saône-et-Loire",1,"H1",13,1610.702,-24518.196,128,10,92
2010,"2010-2014",27,"Bourgogne-Franche-Comté","89","Yonne",1,"H1",30,4804.129,-13187.168,117,4,87
2010,"2010-2014",27,"Bourgogne-Franche-Comté","90","Territoire de Belfort",1,"H1",3,120.48,-55295.869,148,7,51
2010,"2010-2014",28,"Normandie","14","Calvados",1,"H1",27,3310.713,-37911.832,112,5,57
2010,"2010-2014",28,"Normandie","27","Eure",1,"H1",15,1031.461,-57524.411,110,3,72
2010,"2010-2014",28,"Normandie","50","Manche",2,"H2",31,2608.072,-49538.042,95,7,43
2010,"2010-2014",28,"Normandie","61","Orne",1,"H1",27,4125.72,638.414,125,3,59
2010,"2010-2014",28,"Normandie","76","Seine-Maritime",1,"H1",18,1468.222,2924.577,92,4,55
2010,"2010-2014",32,"Hauts-de-France","02","Aisne",1,"H1",5,264.228,-18960.757,120,7,57
2010,"2010-2014",32,"Hauts-de-France","59","Nord",1,"H1",19,586.126,-24342.368,94,4,47
2010,"2010-2014",32,"Hauts-de-France","60","Oise",1,"H1",10,871.904,-10907.827,113,4,52
2010,"2010-2014",32,"Hauts-de-France","62","Pas-de-Calais",1,"H1",11,1093.204,-32626.197,92,2,41
2010,"2010-2014",32,"Hauts-de-France","80","Somme",1,"H1",6,570.474,-38949.298,109,5,48
2010,"2010-2014",44,"Grand Est","08","Ardennes",1,"H1",11,2067.65,-26139.314,131,3,67
2010,"2010-2014",44,"Grand Est","10","Aube",1,"H1",11,782.138,-38318.882,115,3,71
2010,"2010-2014",44,"Grand Est","51","Marne",1,"H1",11,1577.594,-33373.084,130,3,64
2010,"2010-2014",44,"Grand Est","52","Haute-Marne",1,"H1",6,2757.85,-11605.319,141,3,68
2010,"2010-2014",44,"Grand Est","54","Meurthe-et-Moselle",1,"H1",10,1195.377,-28662.479,128,3,49
2010,"2010-2014",44,"Grand Est","55","Meuse",1,"H1",8,1746.149,-22482.917,126,4,57
2010,"2010-2014",44,"Grand Est","57","Moselle",1,"H1",20,4623.318,-30449.365,133,4,61
2010,"2010-2014",44,"Grand Est","67","Bas-Rhin",1,"H1",25,2721.222,-13776.85,145,5,64
2010,"2010-2014",44,"Grand Est","68","Haut-Rhin",1,"H1",20,682.272,-17134.611,156,14,74
2010,"2010-2014",44,"Grand Est","88","Vosges",1,"H1",21,2209.125,-17126.436,145,11,69
2010,"2010-2014",52,"Pays de la Loire","44","Loire-Atlantique",2,"H2",61,8017.82,-1160.346,81,3,76
2010,"2010-2014",52,"Pays de la Loire","49","Maine-et-Loire",2,"H2",53,5424.604,-24756.349,90,3,84
2010,"2010-2014",52,"Pays de la Loire","53","Mayenne",2,"H2",20,3049.594,-19181.826,107,1,72
2010,"2010-2014",52,"Pays de la Loire","72","Sarthe",2,"H2",7,2306.237,-14229.616,97,3,82
2010,"2010-2014",52,"Pays de la Loire","85","Vendée",2,"H2",20,5280.918,-21943.796,83,2,82
2010,"2010-2014",53,"Bretagne","22","Côtes-d'Armor",2,"H2",43,3296.012,-46567.048,97,7,56
2010,"2010-2014",53,"Bretagne","29","Finistère",2,"H2",42,2539.208,-1230.008,93,12,44
2010,"2010-2014",53,"Bretagne","35","Ille-et-Vilaine",2,"H2",51,5524.818,-29598.41,97,2,60
2010,"2010-2014",53,"Bretagne","56","Morbihan",2,"H2",31,4682.827,-7442.011,103,9,61
2010,"2010-2014",75,"Nouvelle-Aquitaine","16","Charente",2,"H2",12,2449.313,-16817.122,103,2,100
2010,"2010-2014",75,"Nouvelle-Aquitaine","17","Charente-Maritime",2,"H2",12,1625.869,-16489.868,95,3,94
2010,"2010-2014",75,"Nouvelle-Aquitaine","19","Corrèze",1,"H1",5,1010.034,-20517.893,140,9,98
2010,"2010-2014",75,"Nouvelle-Aquitaine","23","Creuse",1,"H1",7,1965.987,-35296.623,139,11,67
2010,"2010-2014",75,"Nouvelle-Aquitaine","24","Dordogne",2,"H2",66,5677.754,-9210.49,97,5,115
2010,"2010-2014",75,"Nouvelle-Aquitaine","33","Gironde",2,"H2",76,3606.972,-99144.879,108,3,119
2010,"2010-2014",75,"Nouvelle-Aquitaine","40","Landes",2,"H2",12,768.189,-23569.387,89,10,126
2010,"2010-2014",75,"Nouvelle-Aquitaine","47","Lot-et-Garonne",2,"H2",42,1499.082,-23434.807,101,2,112
2010,"2010-2014",75,"Nouvelle-Aquitaine","64","Pyrénées-Atlantiques",2,"H2",25,1203.352,-23540.347,180,22,110
2010,"2010-2014",75,"Nouvelle-Aquitaine","79","Deux-Sèvres",2,"H2",21,3045.992,980.84,95,1,94
2010,"2010-2014",75,"Nouvelle-Aquitaine","86","Vienne",2,"H2",15,2184.445,-44817.874,101,2,87
2010,"2010-2014",75,"Nouvelle-Aquitaine","87","Haute-Vienne",1,"H1",10,2868.715,-30631.22,116,8,78
2010,"2010-2014",76,"Occitanie","09","Ariège",2,"H2",31,6146.137,-2576.756,203,12,113
2010,"2010-2014",76,"Occitanie","11","Aude",3,"H3",40,5673.029,-1465.936,119,14,138
2010,"2010-2014",76,"Occitanie","12","Aveyron",2,"H2",37,11440.83,-32451.279,168,11,108
2010,"2010-2014",76,"Occitanie","30","Gard",3,"H3",50,6138.991,-21294.759,171,30,147
2010,"2010-2014",76,"Occitanie","31","Haute-Garonne",2,"H2",28,2473.098,-40928.139,196,11,107
2010,"2010-2014",76,"Occitanie","32","Gers",2,"H2",52,5419.888,-32947.608,87,7,112
2010,"2010-2014",76,"Occitanie","34","Hérault",3,"H3",66,5948.791,-26359.405,108,22,142
2010,"2010-2014",76,"Occitanie","46","Lot",2,"H2",30,2459.319,-5659.308,104,9,117
2010,"2010-2014",76,"Occitanie","48","Lozère",2,"H2",15,4959.982,-22595.367,185,24,98
2010,"2010-2014",76,"Occitanie","65","Hautes-Pyrénées",2,"H2",13,682.85,-16007.892,251,17,102
2010,"2010-2014",76,"Occitanie","66","Pyrénées-Orientales",3,"H3",38,2725.333,-1238.511,215,19,148
2010,"2010-2014",76,"Occitanie","81","Tarn",2,"H2",25,2362.492,-69.891,117,12,116
2010,"2010-2014",76,"Occitanie","82","Tarn-et-Garonne",2,"H2",17,1265.638,-27565.736,92,5,117
2010,"2010-2014",84,"Auvergne-Rhône-Alpes","01","Ain",1,"H1",7,2344.477,0,151,13,92
2010,"2010-2014",84,"Auvergne-Rhône-Alpes","03","Allier",1,"H1",14,4164.481,2215.597,134,7,91
2010,"2010-2014",84,"Auvergne-Rhône-Alpes","07","Ardèche",2,"H2",47,5481.192,2764.871,161,26,133
2010,"2010-2014",84,"Auvergne-Rhône-Alpes","15","Cantal",1,"H1",12,2676.97,-23526.741,167,19,99
2010,"2010-2014",84,"Auvergne-Rhône-Alpes","26","Drôme",2,"H2",70,6592.158,14044.572,161,14,129
2010,"2010-2014",84,"Auvergne-Rhône-Alpes","38","Isère",1,"H1",34,3574.691,-9994.322,275,20,108
2010,"2010-2014",84,"Auvergne-Rhône-Alpes","42","Loire",1,"H1",32,2908.18,-5594.195,167,9,107
2010,"2010-2014",84,"Auvergne-Rhône-Alpes","43","Haute-Loire",1,"H1",38,5113.929,-14922.127,179,10,80
2010,"2010-2014",84,"Auvergne-Rhône-Alpes","63","Puy-de-Dôme",1,"H1",25,2991.25,64.299,179,17,75
2010,"2010-2014",84,"Auvergne-Rhône-Alpes","69","Rhône",1,"H1",18,1478.471,-8396.329,121,6,101
2010,"2010-2014",84,"Auvergne-Rhône-Alpes","73","Savoie",1,"H1",6,128.25,-19065.974,283,14,94
2010,"2010-2014",84,"Auvergne-Rhône-Alpes","74","Haute-Savoie",1,"H1",9,306.501,-3480.262,350,16,80
2010,"2010-2014",93,"Provence-Alpes-Côte d'Azur","04","Alpes-de-Haute-Provence",2,"H2",30,4079.297,-7320.321,236,14,123
2010,"2010-2014",93,"Provence-Alpes-Côte d'Azur","05","Hautes-Alpes",1,"H1",13,2172.345,-42413.665,269,16,109
2010,"2010-2014",93,"Provence-Alpes-Côte d'Azur","06","Alpes-Maritimes",3,"H3",17,256.476,-30055.672,226,22,125
2010,"2010-2014",93,"Provence-Alpes-Côte d'Azur","13","Bouches-du-Rhône",3,"H3",43,2712.016,-56319.263,95,7,133
2010,"2010-2014",93,"Provence-Alpes-Côte d'Azur","83","Var",3,"H3",37,1779.188,-17715.265,120,21,144
2010,"2010-2014",93,"Provence-Alpes-Côte d'Azur","84","Vaucluse",2,"H2",71,6132.18,-13418.542,159,17,137
2010,"2010-2014",94,"Corse","2A","Corse-du-Sud",3,"H3",0,1356.107,-16190.733,150,31,147
2010,"2010-2014",94,"Corse","2B","Haute-Corse",3,"H3",0,982.136,-9408.428,144,22,135
2011,"2010-2014",11,"Île-de-France","75","Paris",1,"H1",0,146.3,-8027.001,38,0,80
2011,"2010-2014",11,"Île-de-France","77","Seine-et-Marne",1,"H1",8,1487.645,511.003,72,4,85
2011,"2010-2014",11,"Île-de-France","78","Yvelines",1,"H1",2,596.049,222.21,61,1,66
2011,"2010-2014",11,"Île-de-France","91","Essonne",1,"H1",1,897.14,586.393,54,2,65
2011,"2010-2014",11,"Île-de-France","92","Hauts-de-Seine",1,"H1",2,21.299,-11360.415,19,0,71
2011,"2010-2014",11,"Île-de-France","93","Seine-Saint-Denis",1,"H1",0,0,-4.01,31,0,75
2011,"2010-2014",11,"Île-de-France","94","Val-de-Marne",1,"H1",0,44.284,11.294,36,1,79
2011,"2010-2014",11,"Île-de-France","95","Val-d'Oise",1,"H1",0,2.84,10.533,42,0,86
2011,"2010-2014",24,"Centre-Val de Loire","18","Cher",2,"H2",7,1571.544,578.141,84,7,115
2011,"2010-2014",24,"Centre-Val de Loire","28","Eure-et-Loir",1,"H1",4,639.77,492.075,79,0,75
2011,"2010-2014",24,"Centre-Val de Loire","36","Indre",2,"H2",3,2134.42,1029.54,72,3,109
2011,"2010-2014",24,"Centre-Val de Loire","37","Indre-et-Loire",2,"H2",18,3367.104,349.71,47,7,87
2011,"2010-2014",24,"Centre-Val de Loire","41","Loir-et-Cher",2,"H2",3,976.459,705.681,68,4,95
2011,"2010-2014",24,"Centre-Val de Loire","45","Loiret",1,"H1",2,987.205,432.121,67,3,89
2011,"2010-2014",27,"Bourgogne-Franche-Comté","21","Côte-d'Or",1,"H1",13,3649.436,1119.953,89,4,85
2011,"2010-2014",27,"Bourgogne-Franche-Comté","25","Doubs",1,"H1",6,1453.976,353.06,168,6,106
2011,"2010-2014",27,"Bourgogne-Franche-Comté","39","Jura",1,"H1",11,1560.748,653.094,140,12,106
2011,"2010-2014",27,"Bourgogne-Franche-Comté","58","Nièvre",1,"H1",4,2413.629,645.429,94,10,104
2011,"2010-2014",27,"Bourgogne-Franche-Comté","70","Haute-Saône",1,"H1",5,3611.85,2477.071,128,12,92
2011,"2010-2014",27,"Bourgogne-Franche-Comté","71","Saône-et-Loire",1,"H1",9,1339.985,795.545,101,13,125
2011,"2010-2014",27,"Bourgogne-Franche-Comté","89","Yonne",1,"H1",11,4920.503,1508.577,85,6,101
2011,"2010-2014",27,"Bourgogne-Franche-Comté","90","Territoire de Belfort",1,"H1",0,126.43,10.51,123,5,70
2011,"2010-2014",28,"Normandie","14","Calvados",1,"H1",14,3868.262,2556.466,49,2,41
2011,"2010-2014",28,"Normandie","27","Eure",1,"H1",4,977.535,408.905,57,1,65
2011,"2010-2014",28,"Normandie","50","Manche",2,"H2",23,3974.869,3066.1,44,5,38
2011,"2010-2014",28,"Normandie","61","Orne",1,"H1",18,4527.134,2825.388,74,4,49
2011,"2010-2014",28,"Normandie","76","Seine-Maritime",1,"H1",12,1329.142,814.403,36,4,63
2011,"2010-2014",32,"Hauts-de-France","02","Aisne",1,"H1",6,656.661,492.047,68,3,69
2011,"2010-2014",32,"Hauts-de-France","59","Nord",1,"H1",14,1106.876,957.385,48,3,48
2011,"2010-2014",32,"Hauts-de-France","60","Oise",1,"H1",4,1478.4,890.314,57,1,60
2011,"2010-2014",32,"Hauts-de-France","62","Pas-de-Calais",1,"H1",5,1030.527,400.947,44,4,33
2011,"2010-2014",32,"Hauts-de-France","80","Somme",1,"H1",8,1054.34,612.949,51,3,47
2011,"2010-2014",44,"Grand Est","08","Ardennes",1,"H1",16,2506.14,1035.136,98,3,71
2011,"2010-2014",44,"Grand Est","10","Aube",1,"H1",10,807.147,304.869,83,4,87
2011,"2010-2014",44,"Grand Est","51","Marne",1,"H1",19,1573.103,397.679,95,1,78
2011,"2010-2014",44,"Grand Est","52","Haute-Marne",1,"H1",1,2346.035,480.577,104,3,81
2011,"2010-2014",44,"Grand Est","54","Meurthe-et-Moselle",1,"H1",12,1661.344,858.976,91,2,66
2011,"2010-2014",44,"Grand Est","55","Meuse",1,"H1",4,1944.959,949.831,91,2,73
2011,"2010-2014",44,"Grand Est","57","Moselle",1,"H1",9,4501.297,1308.384,106,3,80
2011,"2010-2014",44,"Grand Est","67","Bas-Rhin",1,"H1",12,1894.231,994.014,125,7,97
2011,"2010-2014",44,"Grand Est","68","Haut-Rhin",1,"H1",25,1039.76,1046.57,132,13,99
2011,"2010-2014",44,"Grand Est","88","Vosges",1,"H1",11,2176.16,1057.921,119,13,79
2011,"2010-2014",52,"Pays de la Loire","44","Loire-Atlantique",2,"H2",30,9007.671,7494.046,29,2,64
2011,"2010-2014",52,"Pays de la Loire","49","Maine-et-Loire",2,"H2",41,5764.155,2613.932,38,4,77
2011,"2010-2014",52,"Pays de la Loire","53","Mayenne",2,"H2",13,2988.961,1227.164,54,3,70
2011,"2010-2014",52,"Pays de la Loire","72","Sarthe",2,"H2",9,1529.941,-2037.556,53,1,76
2011,"2010-2014",52,"Pays de la Loire","85","Vendée",2,"H2",22,4945.256,336.41,41,2,82
2011,"2010-2014",53,"Bretagne","22","Côtes-d'Armor",2,"H2",23,4933.771,3237.097,40,3,48
2011,"2010-2014",53,"Bretagne","29","Finistère",2,"H2",40,3326.041,2057.765,34,7,43
2011,"2010-2014",53,"Bretagne","35","Ille-et-Vilaine",2,"H2",15,5250.36,1801.109,38,6,50
2011,"2010-2014",53,"Bretagne","56","Morbihan",2,"H2",26,3493.738,673.844,54,9,54
2011,"2010-2014",75,"Nouvelle-Aquitaine","16","Charente",2,"H2",7,2205.82,1180.777,62,4,120
2011,"2010-2014",75,"Nouvelle-Aquitaine","17","Charente-Maritime",2,"H2",17,2343.031,862.594,59,6,111
2011,"2010-2014",75,"Nouvelle-Aquitaine","19","Corrèze",1,"H1",8,964.018,395.076,119,10,114
2011,"2010-2014",75,"Nouvelle-Aquitaine","23","Creuse",1,"H1",10,2013.658,1492.759,105,7,79
2011,"2010-2014",75,"Nouvelle-Aquitaine","24","Dordogne",2,"H2",18,4444.626,1073.159,58,2,141
2011,"2010-2014",75,"Nouvelle-Aquitaine","33","Gironde",2,"H2",39,4906.379,2737.255,65,2,148
2011,"2010-2014",75,"Nouvelle-Aquitaine","40","Landes",2,"H2",9,795.038,528.061,60,5,149
2011,"2010-2014",75,"Nouvelle-Aquitaine","47","Lot-et-Garonne",2,"H2",14,2012.597,968.854,62,2,136
2011,"2010-2014",75,"Nouvelle-Aquitaine","64","Pyrénées-Atlantiques",2,"H2",12,1616.164,1087.579,151,26,128
2011,"2010-2014",75,"Nouvelle-Aquitaine","79","Deux-Sèvres",2,"H2",18,3435.808,616.98,58,5,105
2011,"2010-2014",75,"Nouvelle-Aquitaine","86","Vienne",2,"H2",11,3539.571,1680.022,65,5,99
2011,"2010-2014",75,"Nouvelle-Aquitaine","87","Haute-Vienne",1,"H1",18,4076.095,2539.849,78,7,96
2011,"2010-2014",76,"Occitanie","09","Ariège",2,"H2",14,6234.403,1550.863,158,13,129
2011,"2010-2014",76,"Occitanie","11","Aude",3,"H3",35,5640.404,3803.86,87,22,150
2011,"2010-2014",76,"Occitanie","12","Aveyron",2,"H2",22,7269.892,1976.785,122,14,129
2011,"2010-2014",76,"Occitanie","30","Gard",3,"H3",38,6662.538,3097.737,119,22,173
2011,"2010-2014",76,"Occitanie","31","Haute-Garonne",2,"H2",26,3835.162,1720.19,183,12,121
2011,"2010-2014",76,"Occitanie","32","Gers",2,"H2",25,7358.304,3442.479,44,6,132
2011,"2010-2014",76,"Occitanie","34","Hérault",3,"H3",52,5208.993,2985.267,80,27,166
2011,"2010-2014",76,"Occitanie","46","Lot",2,"H2",11,1786.56,673.644,71,6,144
2011,"2010-2014",76,"Occitanie","48","Lozère",2,"H2",15,2783.113,1320.222,164,20,118
2011,"2010-2014",76,"Occitanie","65","Hautes-Pyrénées",2,"H2",6,853.08,198.774,234,18,125
2011,"2010-2014",76,"Occitanie","66","Pyrénées-Orientales",3,"H3",32,3054.015,1858.802,191,22,156
2011,"2010-2014",76,"Occitanie","81","Tarn",2,"H2",18,3288.98,1609.149,73,25,129
2011,"2010-2014",76,"Occitanie","82","Tarn-et-Garonne",2,"H2",15,1273.348,910.79,45,4,151
2011,"2010-2014",84,"Auvergne-Rhône-Alpes","01","Ain",1,"H1",7,1800.524,669.984,132,17,120
2011,"2010-2014",84,"Auvergne-Rhône-Alpes","03","Allier",1,"H1",10,3414.585,1489.284,96,4,113
2011,"2010-2014",84,"Auvergne-Rhône-Alpes","07","Ardèche",2,"H2",35,5074.915,2488.663,141,25,156
2011,"2010-2014",84,"Auvergne-Rhône-Alpes","15","Cantal",1,"H1",7,1221.178,462.596,138,21,123
2011,"2010-2014",84,"Auvergne-Rhône-Alpes","26","Drôme",2,"H2",54,6467.612,2255.547,145,10,158
2011,"2010-2014",84,"Auvergne-Rhône-Alpes","38","Isère",1,"H1",30,3202.432,1295.742,265,23,134
2011,"2010-2014",84,"Auvergne-Rhône-Alpes","42","Loire",1,"H1",19,3156.655,1690.071,139,8,142
2011,"2010-2014",84,"Auvergne-Rhône-Alpes","43","Haute-Loire",1,"H1",19,4629.04,948.423,156,9,112
2011,"2010-2014",84,"Auvergne-Rhône-Alpes","63","Puy-de-Dôme",1,"H1",17,2153.253,783.76,140,17,101
2011,"2010-2014",84,"Auvergne-Rhône-Alpes","69","Rhône",1,"H1",14,1882.282,971.234,102,8,134
2011,"2010-2014",84,"Auvergne-Rhône-Alpes","73","Savoie",1,"H1",7,239.652,-17.767,267,21,119
2011,"2010-2014",84,"Auvergne-Rhône-Alpes","74","Haute-Savoie",1,"H1",10,251.305,367.353,350,16,112
2011,"2010-2014",93,"Provence-Alpes-Côte d'Azur","04","Alpes-de-Haute-Provence",2,"H2",19,3389.773,2243.197,220,18,146
2011,"2010-2014",93,"Provence-Alpes-Côte d'Azur","05","Hautes-Alpes",1,"H1",8,1725.728,291.239,266,16,127
2011,"2010-2014",93,"Provence-Alpes-Côte d'Azur","06","Alpes-Maritimes",3,"H3",10,164.891,168.861,201,17,164
2011,"2010-2014",93,"Provence-Alpes-Côte d'Azur","13","Bouches-du-Rhône",3,"H3",49,4294.121,3551.273,72,12,161
2011,"2010-2014",93,"Provence-Alpes-Côte d'Azur","83","Var",3,"H3",34,1834.297,2451.484,101,26,166
2011,"2010-2014",93,"Provence-Alpes-Côte d'Azur","84","Vaucluse",2,"H2",58,6970.858,2694.068,130,11,160
2011,"2010-2014",94,"Corse","2A","Corse-du-Sud",3,"H3",0,616.531,1043.207,162,25,168
2011,"2010-2014",94,"Corse","2B","Haute-Corse",3,"H3",0,1196.902,762.096,111,17,160
2012,"2010-2014",11,"Île-de-France","75","Paris",1,"H1",1,68.13,-94.23,49,0,64
2012,"2010-2014",11,"Île-de-France","77","Seine-et-Marne",1,"H1",4,509.728,79.371,76,2,69
2012,"2010-2014",11,"Île-de-France","78","Yvelines",1,"H1",2,400.652,-5.108,61,2,59
2012,"2010-2014",11,"Île-de-France","91","Essonne",1,"H1",3,581.76,158.484,59,3,57
2012,"2010-2014",11,"Île-de-France","92","Hauts-de-Seine",1,"H1",1,20.47,-33.811,31,0,61
2012,"2010-2014",11,"Île-de-France","93","Seine-Saint-Denis",1,"H1",1,0,2.01,37,0,60
2012,"2010-2014",11,"Île-de-France","94","Val-de-Marne",1,"H1",0,16.26,-19.124,40,0,66
2012,"2010-2014",11,"Île-de-France","95","Val-d'Oise",1,"H1",0,17.72,16.76,48,0,63
2012,"2010-2014",24,"Centre-Val de Loire","18","Cher",2,"H2",6,897.02,-16.52,89,1,100
2012,"2010-2014",24,"Centre-Val de Loire","28","Eure-et-Loir",1,"H1",3,409.82,113.68,85,1,60
2012,"2010-2014",24,"Centre-Val de Loire","36","Indre",2,"H2",5,1676.62,661.821,77,4,93
2012,"2010-2014",24,"Centre-Val de Loire","37","Indre-et-Loire",2,"H2",17,2115.889,777.287,63,4,69
2012,"2010-2014",24,"Centre-Val de Loire","41","Loir-et-Cher",2,"H2",1,699.594,31.31,82,6,72
2012,"2010-2014",24,"Centre-Val de Loire","45","Loiret",1,"H1",2,964.48,446.467,69,2,72
2012,"2010-2014",27,"Bourgogne-Franche-Comté","21","Côte-d'Or",1,"H1",12,1472.728,-142.235,98,7,82
2012,"2010-2014",27,"Bourgogne-Franche-Comté","25","Doubs",1,"H1",4,710.23,283.1,170,14,90
2012,"2010-2014",27,"Bourgogne-Franche-Comté","39","Jura",1,"H1",16,1203.289,-44.185,157,19,88
2012,"2010-2014",27,"Bourgogne-Franche-Comté","58","Nièvre",1,"H1",6,1209.239,334.817,110,6,96
2012,"2010-2014",27,"Bourgogne-Franche-Comté","70","Haute-Saône",1,"H1",6,1406.54,192.396,152,9,86
2012,"2010-2014",27,"Bourgogne-Franche-Comté","71","Saône-et-Loire",1,"H1",8,603.02,268.691,112,15,104
2012,"2010-2014",27,"Bourgogne-Franche-Comté","89","Yonne",1,"H1",12,3756.99,1981.568,93,3,83
2012,"2010-2014",27,"Bourgogne-Franche-Comté","90","Territoire de Belfort",1,"H1",1,0.66,-11.34,132,11,63
2012,"2010-2014",28,"Normandie","14","Calvados",1,"H1",9,3255.288,881.67,60,2,36
2012,"2010-2014",28,"Normandie","27","Eure",1,"H1",5,771.93,-16.543,68,1,57
2012,"2010-2014",28,"Normandie","50","Manche",2,"H2",15,2921.861,1474.429,64,3,33
2012,"2010-2014",28,"Normandie","61","Orne",1,"H1",10,2985.638,621.827,76,3,42
2012,"2010-2014",28,"Normandie","76","Seine-Maritime",1,"H1",5,977.38,364.508,49,3,50
2012,"2010-2014",32,"Hauts-de-France","02","Aisne",1,"H1",7,610.2,385.761,68,1,45
2012,"2010-2014",32,"Hauts-de-France","59","Nord",1,"H1",10,729.37,42.541,58,3,43
2012,"2010-2014",32,"Hauts-de-France","60","Oise",1,"H1",5,1142.51,343.1,66,2,52
2012,"2010-2014",32,"Hauts-de-France","62","Pas-de-Calais",1,"H1",8,575.252,334.728,51,7,34
2012,"2010-2014",32,"Hauts-de-France","80","Somme",1,"H1",3,957.73,212.396,62,2,44
2012,"2010-2014",44,"Grand Est","08","Ardennes",1,"H1",5,1653.05,1037.842,85,5,62
2012,"2010-2014",44,"Grand Est","10","Aube",1,"H1",3,545.036,174.468,82,5,74
2012,"2010-2014",44,"Grand Est","51","Marne",1,"H1",13,1109.197,68.709,96,2,67
2012,"2010-2014",44,"Grand Est","52","Haute-Marne",1,"H1",5,612.06,674.116,106,1,74
2012,"2010-2014",44,"Grand Est","54","Meurthe-et-Moselle",1,"H1",6,899.542,222.847,85,3,60
2012,"2010-2014",44,"Grand Est","55","Meuse",1,"H1",4,1237.1,279.565,84,3,60
2012,"2010-2014",44,"Grand Est","57","Moselle",1,"H1",5,1791.64,656.194,107,2,77
2012,"2010-2014",44,"Grand Est","67","Bas-Rhin",1,"H1",10,1013.392,419.238,128,3,90
2012,"2010-2014",44,"Grand Est","68","Haut-Rhin",1,"H1",8,851.93,120.315,149,22,86
2012,"2010-2014",44,"Grand Est","88","Vosges",1,"H1",10,1107.664,766.637,129,13,79
2012,"2010-2014",52,"Pays de la Loire","44","Loire-Atlantique",2,"H2",20,5088.32,2744.085,48,4,63
2012,"2010-2014",52,"Pays de la Loire","49","Maine-et-Loire",2,"H2",22,4209.281,1939.001,51,2,64
2012,"2010-2014",52,"Pays de la Loire","53","Mayenne",2,"H2",19,1826.237,1121.099,66,4,53
2012,"2010-2014",52,"Pays de la Loire","72","Sarthe",2,"H2",32,1110.392,3241.581,65,2,57
2012,"2010-2014",52,"Pays de la Loire","85","Vendée",2,"H2",6,2884.785,2116.979,61,5,69
2012,"2010-2014",53,"Bretagne","22","Côtes-d'Armor",2,"H2",16,2316.684,891.224,53,2,37
2012,"2010-2014",53,"Bretagne","29","Finistère",2,"H2",20,2523.568,1396.634,47,7,26
2012,"2010-2014",53,"Bretagne","35","Ille-et-Vilaine",2,"H2",20,2164.471,1016.27,52,2,38
2012,"2010-2014",53,"Bretagne","56","Morbihan",2,"H2",19,1599.248,513.037,71,5,42
2012,"2010-2014",75,"Nouvelle-Aquitaine","16","Charente",2,"H2",4,1756.47,266,76,3,103
2012,"2010-2014",75,"Nouvelle-Aquitaine","17","Charente-Maritime",2,"H2",11,1437.479,504.375,72,4,90
2012,"2010-2014",75,"Nouvelle-Aquitaine","19","Corrèze",1,"H1",16,913.171,49.1,123,4,106
2012,"2010-2014",75,"Nouvelle-Aquitaine","23","Creuse",1,"H1",9,1954.707,1148.864,121,5,77
2012,"2010-2014",75,"Nouvelle-Aquitaine","24","Dordogne",2,"H2",31,3280.573,813.093,79,3,113
2012,"2010-2014",75,"Nouvelle-Aquitaine","33","Gironde",2,"H2",29,4493.508,525.514,82,5,119
2012,"2010-2014",75,"Nouvelle-Aquitaine","40","Landes",2,"H2",4,567.752,79.477,77,8,128
2012,"2010-2014",75,"Nouvelle-Aquitaine","47","Lot-et-Garonne",2,"H2",19,2182.07,1201.544,64,1,120
2012,"2010-2014",75,"Nouvelle-Aquitaine","64","Pyrénées-Atlantiques",2,"H2",16,1042.74,881.54,174,18,119
2012,"2010-2014",75,"Nouvelle-Aquitaine","79","Deux-Sèvres",2,"H2",13,2273.197,1970.427,75,9,88
2012,"2010-2014",75,"Nouvelle-Aquitaine","86","Vienne",2,"H2",4,2230.859,1595.374,76,4,82
2012,"2010-2014",75,"Nouvelle-Aquitaine","87","Haute-Vienne",1,"H1",8,3613.26,853.915,85,5,78
2012,"2010-2014",76,"Occitanie","09","Ariège",2,"H2",10,1654.785,738.894,193,10,123
2012,"2010-2014",76,"Occitanie","11","Aude",3,"H3",22,3934.408,1610.196,86,10,144
2012,"2010-2014",76,"Occitanie","12","Aveyron",2,"H2",15,3429.414,1193.025,143,16,121
2012,"2010-2014",76,"Occitanie","30","Gard",3,"H3",32,4752.568,291.079,152,18,154
2012,"2010-2014",76,"Occitanie","31","Haute-Garonne",2,"H2",14,2484.242,714.022,153,8,123
2012,"2010-2014",76,"Occitanie","32","Gers",2,"H2",33,6700.01,3281.488,60,5,118
2012,"2010-2014",76,"Occitanie","34","Hérault",3,"H3",25,5313.358,2586.977,100,25,148
2012,"2010-2014",76,"Occitanie","46","Lot",2,"H2",6,1204.07,369.333,79,4,132
2012,"2010-2014",76,"Occitanie","48","Lozère",2,"H2",0,1032.34,163.747,183,17,114
2012,"2010-2014",76,"Occitanie","65","Hautes-Pyrénées",2,"H2",6,461.288,261.478,237,13,105
2012,"2010-2014",76,"Occitanie","66","Pyrénées-Orientales",3,"H3",19,2263.999,442.45,210,9,148
2012,"2010-2014",76,"Occitanie","81","Tarn",2,"H2",18,2556.439,803.652,87,16,128
2012,"2010-2014",76,"Occitanie","82","Tarn-et-Garonne",2,"H2",9,1018.63,234.872,70,2,132
2012,"2010-2014",84,"Auvergne-Rhône-Alpes","01","Ain",1,"H1",16,1002.332,487.129,158,24,106
2012,"2010-2014",84,"Auvergne-Rhône-Alpes","03","Allier",1,"H1",6,1828.551,683.216,112,9,98
2012,"2010-2014",84,"Auvergne-Rhône-Alpes","07","Ardèche",2,"H2",44,2567.829,649.919,162,24,145
2012,"2010-2014",84,"Auvergne-Rhône-Alpes","15","Cantal",1,"H1",7,534.344,-20.168,165,17,114
2012,"2010-2014",84,"Auvergne-Rhône-Alpes","26","Drôme",2,"H2",32,4654.299,880.659,168,22,142
2012,"2010-2014",84,"Auvergne-Rhône-Alpes","38","Isère",1,"H1",17,2128.11,866.661,249,28,113
2012,"2010-2014",84,"Auvergne-Rhône-Alpes","42","Loire",1,"H1",11,1068.624,126.599,163,14,110
2012,"2010-2014",84,"Auvergne-Rhône-Alpes","43","Haute-Loire",1,"H1",10,2179.879,988.281,173,15,95
2012,"2010-2014",84,"Auvergne-Rhône-Alpes","63","Puy-de-Dôme",1,"H1",12,1027.968,-73.156,175,19,90
2012,"2010-2014",84,"Auvergne-Rhône-Alpes","69","Rhône",1,"H1",18,1684.621,873.965,105,9,109
2012,"2010-2014",84,"Auvergne-Rhône-Alpes","73","Savoie",1,"H1",6,623.646,446.388,261,23,114
2012,"2010-2014",84,"Auvergne-Rhône-Alpes","74","Haute-Savoie",1,"H1",11,385.261,281.276,347,21,96
2012,"2010-2014",93,"Provence-Alpes-Côte d'Azur","04","Alpes-de-Haute-Provence",2,"H2",15,2692.605,1694.248,227,16,137
2012,"2010-2014",93,"Provence-Alpes-Côte d'Azur","05","Hautes-Alpes",1,"H1",15,1537.58,849.765,264,18,127
2012,"2010-2014",93,"Provence-Alpes-Côte d'Azur","06","Alpes-Maritimes",3,"H3",9,102.072,-289.253,209,24,144
2012,"2010-2014",93,"Provence-Alpes-Côte d'Azur","13","Bouches-du-Rhône",3,"H3",36,5228.618,1615.423,85,10,148
2012,"2010-2014",93,"Provence-Alpes-Côte d'Azur","83","Var",3,"H3",26,2836.485,1341.228,115,20,160
2012,"2010-2014",93,"Provence-Alpes-Côte d'Azur","84","Vaucluse",2,"H2",29,5128.887,1293.344,161,19,144
2012,"2010-2014",94,"Corse","2A","Corse-du-Sud",3,"H3",0,347.795,478.744,140,29,161
2012,"2010-2014",94,"Corse","2B","Haute-Corse",3,"H3",0,659.696,-55.837,135,15,147
2013,"2010-2014",11,"Île-de-France","77","Seine-et-Marne",1,"H1",4,576.598,276.16,97,6,81
2013,"2010-2014",11,"Île-de-France","78","Yvelines",1,"H1",6,277.451,226.188,78,3,70
2013,"2010-2014",11,"Île-de-France","91","Essonne",1,"H1",2,335.33,183,77,1,68
2013,"2010-2014",11,"Île-de-France","92","Hauts-de-Seine",1,"H1",0,0,-71.827,43,0,69
2013,"2010-2014",11,"Île-de-France","93","Seine-Saint-Denis",1,"H1",0,0,51.48,58,1,39
2013,"2010-2014",11,"Île-de-France","94","Val-de-Marne",1,"H1",0,5.9,-3.1,58,0,81
2013,"2010-2014",11,"Île-de-France","95","Val-d'Oise",1,"H1",0,25.12,-17.21,62,1,72
2013,"2010-2014",24,"Centre-Val de Loire","18","Cher",2,"H2",7,1166.75,752.552,104,6,88
2013,"2010-2014",24,"Centre-Val de Loire","28","Eure-et-Loir",1,"H1",4,276.88,56.015,104,1,77
2013,"2010-2014",24,"Centre-Val de Loire","36","Indre",2,"H2",5,1197.417,328.827,93,6,86
2013,"2010-2014",24,"Centre-Val de Loire","37","Indre-et-Loire",2,"H2",15,1476.893,660.676,74,3,77
2013,"2010-2014",24,"Centre-Val de Loire","41","Loir-et-Cher",2,"H2",10,231.066,-298.572,91,5,78
2013,"2010-2014",24,"Centre-Val de Loire","45","Loiret",1,"H1",4,610.409,381.847,85,5,78
2013,"2010-2014",27,"Bourgogne-Franche-Comté","21","Côte-d'Or",1,"H1",14,1672.852,96.083,119,11,73
2013,"2010-2014",27,"Bourgogne-Franche-Comté","25","Doubs",1,"H1",4,311.961,-342.421,170,13,81
2013,"2010-2014",27,"Bourgogne-Franche-Comté","39","Jura",1,"H1",9,657.43,537.981,159,17,81
2013,"2010-2014",27,"Bourgogne-Franche-Comté","58","Nièvre",1,"H1",3,1120.407,-1090.886,125,12,89
2013,"2010-2014",27,"Bourgogne-Franche-Comté","70","Haute-Saône",1,"H1",4,759.42,-6.711,153,16,77
2013,"2010-2014",27,"Bourgogne-Franche-Comté","71","Saône-et-Loire",1,"H1",10,630.733,297.391,127,17,90
2013,"2010-2014",27,"Bourgogne-Franche-Comté","89","Yonne",1,"H1",3,3191.798,611.625,107,10,82
2013,"2010-2014",27,"Bourgogne-Franche-Comté","90","Territoire de Belfort",1,"H1",0,1.31,-8.49,152,10,63
2013,"2010-2014",28,"Normandie","14","Calvados",1,"H1",7,1523.816,-548.313,72,1,52
2013,"2010-2014",28,"Normandie","27","Eure",1,"H1",4,466.5,520.94,87,1,66
2013,"2010-2014",28,"Normandie","50","Manche",2,"H2",20,1828.557,341.284,71,6,48
2013,"2010-2014",28,"Normandie","61","Orne",1,"H1",11,2083.775,358.721,94,3,58
2013,"2010-2014",28,"Normandie","76","Seine-Maritime",1,"H1",7,629.28,-343.292,75,5,59
2013,"2010-2014",32,"Hauts-de-France","02","Aisne",1,"H1",4,280.82,105.82,94,3,51
2013,"2010-2014",32,"Hauts-de-France","59","Nord",1,"H1",9,174.99,12.777,84,6,46
2013,"2010-2014",32,"Hauts-de-France","60","Oise",1,"H1",2,722.47,161.457,86,5,53
2013,"2010-2014",32,"Hauts-de-France","62","Pas-de-Calais",1,"H1",5,211.67,-407.979,78,5,43
2013,"2010-2014",32,"Hauts-de-France","80","Somme",1,"H1",7,499.74,68.024,80,7,48
2013,"2010-2014",44,"Grand Est","08","Ardennes",1,"H1",2,1224,177.455,116,7,63
2013,"2010-2014",44,"Grand Est","10","Aube",1,"H1",1,521.804,-185.686,98,8,79
2013,"2010-2014",44,"Grand Est","51","Marne",1,"H1",11,920.749,322.703,115,3,72
2013,"2010-2014",44,"Grand Est","52","Haute-Marne",1,"H1",3,444.72,-265.04,113,9,69
2013,"2010-2014",44,"Grand Est","54","Meurthe-et-Moselle",1,"H1",12,1255.744,675.77,105,5,59
2013,"2010-2014",44,"Grand Est","55","Meuse",1,"H1",5,1050.06,361.385,104,7,58
2013,"2010-2014",44,"Grand Est","57","Moselle",1,"H1",3,900.568,-485.104,121,12,61
2013,"2010-2014",44,"Grand Est","67","Bas-Rhin",1,"H1",9,879.849,418.863,149,8,80
2013,"2010-2014",44,"Grand Est","68","Haut-Rhin",1,"H1",15,632.844,340.838,158,20,83
2013,"2010-2014",44,"Grand Est","88","Vosges",1,"H1",4,919.979,125.575,133,21,73
2013,"2010-2014",52,"Pays de la Loire","44","Loire-Atlantique",2,"H2",23,3661.1,400.302,53,5,77
2013,"2010-2014",52,"Pays de la Loire","49","Maine-et-Loire",2,"H2",22,3207.455,-286.605,67,2,76
2013,"2010-2014",52,"Pays de la Loire","53","Mayenne",2,"H2",7,968.34,70.938,84,3,76
2013,"2010-2014",52,"Pays de la Loire","72","Sarthe",2,"H2",5,882.179,133.835,82,2,75
2013,"2010-2014",52,"Pays de la Loire","85","Vendée",2,"H2",15,2040.556,812.104,67,4,81
2013,"2010-2014",53,"Bretagne","22","Côtes-d'Armor",2,"H2",15,1609.991,502.788,67,3,62
2013,"2010-2014",53,"Bretagne","29","Finistère",2,"H2",28,2035.537,576.672,60,6,57
2013,"2010-2014",53,"Bretagne","35","Ille-et-Vilaine",2,"H2",18,1471.597,685.531,59,6,67
2013,"2010-2014",53,"Bretagne","56","Morbihan",2,"H2",22,1595.822,1346.66,79,6,73
2013,"2010-2014",75,"Nouvelle-Aquitaine","16","Charente",2,"H2",5,1348.58,-152.57,83,7,87
2013,"2010-2014",75,"Nouvelle-Aquitaine","17","Charente-Maritime",2,"H2",8,836.729,-253.422,78,6,85
2013,"2010-2014",75,"Nouvelle-Aquitaine","19","Corrèze",1,"H1",13,707.931,55.278,143,7,87
2013,"2010-2014",75,"Nouvelle-Aquitaine","23","Creuse",1,"H1",8,1713.876,0.276,128,5,70
2013,"2010-2014",75,"Nouvelle-Aquitaine","24","Dordogne",2,"H2",21,2195.986,1045.288,85,4,95
2013,"2010-2014",75,"Nouvelle-Aquitaine","33","Gironde",2,"H2",22,2812.627,74.705,80,8,95
2013,"2010-2014",75,"Nouvelle-Aquitaine","40","Landes",2,"H2",7,266.56,-110.7,71,10,107
2013,"2010-2014",75,"Nouvelle-Aquitaine","47","Lot-et-Garonne",2,"H2",14,1558.664,508.987,59,4,101
2013,"2010-2014",75,"Nouvelle-Aquitaine","64","Pyrénées-Atlantiques",2,"H2",11,654.674,-701.37,194,37,114
2013,"2010-2014",75,"Nouvelle-Aquitaine","79","Deux-Sèvres",2,"H2",4,1555.509,285.913,84,7,84
2013,"2010-2014",75,"Nouvelle-Aquitaine","86","Vienne",2,"H2",9,1846.521,531.207,78,5,79
2013,"2010-2014",75,"Nouvelle-Aquitaine","87","Haute-Vienne",1,"H1",15,2951.197,1496.007,113,6,80
2013,"2010-2014",76,"Occitanie","09","Ariège",2,"H2",13,872.686,1086.521,201,16,112
2013,"2010-2014",76,"Occitanie","11","Aude",3,"H3",31,3616.571,3259.061,114,16,133
2013,"2010-2014",76,"Occitanie","12","Aveyron",2,"H2",13,2962.45,1152.424,139,15,97
2013,"2010-2014",76,"Occitanie","30","Gard",3,"H3",23,4127.381,1175.212,165,25,141
2013,"2010-2014",76,"Occitanie","31","Haute-Garonne",2,"H2",13,1124.527,389.467,212,13,99
2013,"2010-2014",76,"Occitanie","32","Gers",2,"H2",40,5433.29,1522.738,63,6,102
2013,"2010-2014",76,"Occitanie","34","Hérault",3,"H3",35,2574.942,-793.367,109,27,144
2013,"2010-2014",76,"Occitanie","46","Lot",2,"H2",13,1241.027,968.595,101,9,103
2013,"2010-2014",76,"Occitanie","48","Lozère",2,"H2",10,766.713,417.077,186,27,89
2013,"2010-2014",76,"Occitanie","65","Hautes-Pyrénées",2,"H2",1,314.028,15.582,249,23,100
2013,"2010-2014",76,"Occitanie","66","Pyrénées-Orientales",3,"H3",18,1841.705,1043.333,209,12,142
2013,"2010-2014",76,"Occitanie","81","Tarn",2,"H2",19,2112.441,1044.621,118,18,105
2013,"2010-2014",76,"Occitanie","82","Tarn-et-Garonne",2,"H2",5,675.18,-100.894,71,4,111
2013,"2010-2014",84,"Auvergne-Rhône-Alpes","01","Ain",1,"H1",12,888.046,285.111,157,23,91
2013,"2010-2014",84,"Auvergne-Rhône-Alpes","03","Allier",1,"H1",7,1841.94,853.21,133,7,88
2013,"2010-2014",84,"Auvergne-Rhône-Alpes","07","Ardèche",2,"H2",27,2026.316,1707.828,165,30,125
2013,"2010-2014",84,"Auvergne-Rhône-Alpes","15","Cantal",1,"H1",7,536.735,485.8,169,20,89
2013,"2010-2014",84,"Auvergne-Rhône-Alpes","26","Drôme",2,"H2",39,3135.078,2182.512,159,20,134
2013,"2010-2014",84,"Auvergne-Rhône-Alpes","38","Isère",1,"H1",13,1157.214,20.909,262,30,109
2013,"2010-2014",84,"Auvergne-Rhône-Alpes","42","Loire",1,"H1",15,742.773,413.227,157,15,102
2013,"2010-2014",84,"Auvergne-Rhône-Alpes","43","Haute-Loire",1,"H1",11,1362.804,401.704,170,13,90
2013,"2010-2014",84,"Auvergne-Rhône-Alpes","63","Puy-de-Dôme",1,"H1",12,575.259,165.219,171,16,72
2013,"2010-2014",84,"Auvergne-Rhône-Alpes","69","Rhône",1,"H1",16,1029.682,-945.512,131,9,102
2013,"2010-2014",84,"Auvergne-Rhône-Alpes","73","Savoie",1,"H1",12,940.727,1296.424,271,25,97
2013,"2010-2014",84,"Auvergne-Rhône-Alpes","74","Haute-Savoie",1,"H1",4,291.258,-91.906,332,24,90
2013,"2010-2014",93,"Provence-Alpes-Côte d'Azur","04","Alpes-de-Haute-Provence",2,"H2",17,2743.518,1098.311,218,18,120
2013,"2010-2014",93,"Provence-Alpes-Côte d'Azur","05","Hautes-Alpes",1,"H1",11,1498.176,140.002,282,21,98
2013,"2010-2014",93,"Provence-Alpes-Côte d'Azur","06","Alpes-Maritimes",3,"H3",10,72.905,-665.765,193,26,129
2013,"2010-2014",93,"Provence-Alpes-Côte d'Azur","13","Bouches-du-Rhône",3,"H3",31,4604.834,5103.725,93,7,137
2013,"2010-2014",93,"Provence-Alpes-Côte d'Azur","83","Var",3,"H3",30,2428.868,-275.164,103,19,151
2013,"2010-2014",93,"Provence-Alpes-Côte d'Azur","84","Vaucluse",2,"H2",23,3385.319,372.714,162,19,131
2013,"2010-2014",94,"Corse","2A","Corse-du-Sud",3,"H3",0,133.183,-725.881,173,29,167
2013,"2010-2014",94,"Corse","2B","Haute-Corse",3,"H3",0,380.736,58.64,144,19,143
2014,"2010-2014",11,"Île-de-France","77","Seine-et-Marne",1,"H1",4,544.725,117.454,58,3,69
2014,"2010-2014",11,"Île-de-France","78","Yvelines",1,"H1",1,608.24,427.79,37,4,63
2014,"2010-2014",11,"Île-de-France","91","Essonne",1,"H1",7,388.94,62.185,32,1,52
2014,"2010-2014",11,"Île-de-France","92","Hauts-de-Seine",1,"H1",0,0.1,0.05,9,0,60
2014,"2010-2014",11,"Île-de-France","93","Seine-Saint-Denis",1,"H1",0,0,0,19,0,48
2014,"2010-2014",11,"Île-de-France","94","Val-de-Marne",1,"H1",3,1.361,8.671,11,0,63
2014,"2010-2014",11,"Île-de-France","95","Val-d'Oise",1,"H1",0,7.52,-5.194,18,0,68
2014,"2010-2014",24,"Centre-Val de Loire","18","Cher",2,"H2",8,1478.55,692.216,52,4,94
2014,"2010-2014",24,"Centre-Val de Loire","28","Eure-et-Loir",1,"H1",5,616.7,405.86,61,2,67
2014,"2010-2014",24,"Centre-Val de Loire","36","Indre",2,"H2",8,1752.677,1063.098,42,9,93
2014,"2010-2014",24,"Centre-Val de Loire","37","Indre-et-Loire",2,"H2",7,1733.48,72.724,28,2,79
2014,"2010-2014",24,"Centre-Val de Loire","41","Loir-et-Cher",2,"H2",3,453.436,437.192,48,5,74
2014,"2010-2014",24,"Centre-Val de Loire","45","Loiret",1,"H1",6,543.6,144.25,41,5,76
2014,"2010-2014",27,"Bourgogne-Franche-Comté","21","Côte-d'Or",1,"H1",7,2377.916,1226.574,75,5,67
2014,"2010-2014",27,"Bourgogne-Franche-Comté","25","Doubs",1,"H1",9,732.8,-24.689,153,14,80
2014,"2010-2014",27,"Bourgogne-Franche-Comté","39","Jura",1,"H1",5,1187.838,745.845,151,15,77
2014,"2010-2014",27,"Bourgogne-Franche-Comté","58","Nièvre",1,"H1",6,842.58,748.184,98,8,89
2014,"2010-2014",27,"Bourgogne-Franche-Comté","70","Haute-Saône",1,"H1",5,1235.165,454.315,119,10,79
2014,"2010-2014",27,"Bourgogne-Franche-Comté","71","Saône-et-Loire",1,"H1",7,687.291,68.34,86,13,90
2014,"2010-2014",27,"Bourgogne-Franche-Comté","89","Yonne",1,"H1",11,2893.28,840.101,58,3,76
2014,"2010-2014",27,"Bourgogne-Franche-Comté","90","Territoire de Belfort",1,"H1",2,47.21,206.509,111,1,56
2014,"2010-2014",28,"Normandie","14","Calvados",1,"H1",16,1791.328,974.218,30,5,36
2014,"2010-2014",28,"Normandie","27","Eure",1,"H1",6,305.164,75.985,43,4,63
2014,"2010-2014",28,"Normandie","50","Manche",2,"H2",15,1903.062,924.335,23,7,35
2014,"2010-2014",28,"Normandie","61","Orne",1,"H1",6,2048.937,917.698,42,6,40
2014,"2010-2014",28,"Normandie","76","Seine-Maritime",1,"H1",9,381.94,85.673,25,4,50
2014,"2010-2014",32,"Hauts-de-France","02","Aisne",1,"H1",4,238.347,103.297,45,0,39
2014,"2010-2014",32,"Hauts-de-France","59","Nord",1,"H1",13,452.065,418.632,37,2,36
2014,"2010-2014",32,"Hauts-de-France","60","Oise",1,"H1",2,591.86,172.17,39,4,53
2014,"2010-2014",32,"Hauts-de-France","62","Pas-de-Calais",1,"H1",3,218.42,-167.398,32,2,30
2014,"2010-2014",32,"Hauts-de-France","80","Somme",1,"H1",2,540.06,156.728,27,3,38
2014,"2010-2014",44,"Grand Est","08","Ardennes",1,"H1",6,1546.01,789.154,70,2,63
2014,"2010-2014",44,"Grand Est","10","Aube",1,"H1",8,434.178,66.731,59,6,67
2014,"2010-2014",44,"Grand Est","51","Marne",1,"H1",14,1469.896,840.209,71,2,61
2014,"2010-2014",44,"Grand Est","52","Haute-Marne",1,"H1",6,444.961,321.188,92,4,67
2014,"2010-2014",44,"Grand Est","54","Meurthe-et-Moselle",1,"H1",9,1350.33,529.145,71,5,58
2014,"2010-2014",44,"Grand Est","55","Meuse",1,"H1",4,977.269,489.771,62,3,54
2014,"2010-2014",44,"Grand Est","57","Moselle",1,"H1",5,1057.03,1455.738,84,5,65
2014,"2010-2014",44,"Grand Est","67","Bas-Rhin",1,"H1",11,1179.019,342.592,104,7,84
2014,"2010-2014",44,"Grand Est","68","Haut-Rhin",1,"H1",7,332.04,-148.037,116,11,74
2014,"2010-2014",44,"Grand Est","88","Vosges",1,"H1",9,1814.039,1476.24,96,7,69
2014,"2010-2014",52,"Pays de la Loire","44","Loire-Atlantique",2,"H2",21,3692.999,1531.364,20,4,74
2014,"2010-2014",52,"Pays de la Loire","49","Maine-et-Loire",2,"H2",21,3485.217,2203.765,26,6,71
2014,"2010-2014",52,"Pays de la Loire","53","Mayenne",2,"H2",12,1049.06,544.381,42,4,61
2014,"2010-2014",52,"Pays de la Loire","72","Sarthe",2,"H2",11,1531.759,1008.014,34,5,64
2014,"2010-2014",52,"Pays de la Loire","85","Vendée",2,"H2",20,1841.251,759.356,25,5,77
2014,"2010-2014",53,"Bretagne","22","Côtes-d'Armor",2,"H2",20,1479.35,635.634,22,6,56
2014,"2010-2014",53,"Bretagne","29","Finistère",2,"H2",21,1541.386,338.359,15,10,57
2014,"2010-2014",53,"Bretagne","35","Ille-et-Vilaine",2,"H2",16,1637.89,525.053,17,4,53
2014,"2010-2014",53,"Bretagne","56","Morbihan",2,"H2",18,1695.639,625.544,38,10,69
2014,"2010-2014",75,"Nouvelle-Aquitaine","16","Charente",2,"H2",11,1500.11,1278.77,37,5,106
2014,"2010-2014",75,"Nouvelle-Aquitaine","17","Charente-Maritime",2,"H2",3,677.609,239.941,34,3,92
2014,"2010-2014",75,"Nouvelle-Aquitaine","19","Corrèze",1,"H1",12,773.97,223.264,104,8,103
2014,"2010-2014",75,"Nouvelle-Aquitaine","23","Creuse",1,"H1",8,1344.053,1137.008,94,7,57
2014,"2010-2014",75,"Nouvelle-Aquitaine","24","Dordogne",2,"H2",39,3498.694,1605.771,35,5,117
2014,"2010-2014",75,"Nouvelle-Aquitaine","33","Gironde",2,"H2",21,1871.076,378.482,29,6,121
2014,"2010-2014",75,"Nouvelle-Aquitaine","40","Landes",2,"H2",5,445.96,195.606,32,12,142
2014,"2010-2014",75,"Nouvelle-Aquitaine","47","Lot-et-Garonne",2,"H2",17,2198.53,1160.415,26,3,123
2014,"2010-2014",75,"Nouvelle-Aquitaine","64","Pyrénées-Atlantiques",2,"H2",16,522.29,292.713,161,33,130
2014,"2010-2014",75,"Nouvelle-Aquitaine","79","Deux-Sèvres",2,"H2",21,2122.128,836.825,34,7,85
2014,"2010-2014",75,"Nouvelle-Aquitaine","86","Vienne",2,"H2",16,2722.214,1453.464,26,4,86
2014,"2010-2014",75,"Nouvelle-Aquitaine","87","Haute-Vienne",1,"H1",20,3340.716,993.885,59,9,80
2014,"2010-2014",76,"Occitanie","09","Ariège",2,"H2",15,1222.747,-422.166,178,12,133
2014,"2010-2014",76,"Occitanie","11","Aude",3,"H3",29,3947.916,-253.47,77,18,164
2014,"2010-2014",76,"Occitanie","12","Aveyron",2,"H2",23,4249.873,2422.703,108,18,113
2014,"2010-2014",76,"Occitanie","30","Gard",3,"H3",30,4490.83,1930.15,127,42,165
2014,"2010-2014",76,"Occitanie","31","Haute-Garonne",2,"H2",25,2990.562,2133.291,183,12,116
2014,"2010-2014",76,"Occitanie","32","Gers",2,"H2",50,8045.23,4716.18,32,8,128
2014,"2010-2014",76,"Occitanie","34","Hérault",3,"H3",17,2704.793,202.185,75,29,172
2014,"2010-2014",76,"Occitanie","46","Lot",2,"H2",11,1761.436,630.045,49,6,128
2014,"2010-2014",76,"Occitanie","48","Lozère",2,"H2",13,1141.457,-833.651,164,35,104
2014,"2010-2014",76,"Occitanie","65","Hautes-Pyrénées",2,"H2",1,177.67,19.772,232,21,122
2014,"2010-2014",76,"Occitanie","66","Pyrénées-Orientales",3,"H3",16,1641.341,-19.494,186,13,155
2014,"2010-2014",76,"Occitanie","81","Tarn",2,"H2",23,2290.22,1241.392,70,19,125
2014,"2010-2014",76,"Occitanie","82","Tarn-et-Garonne",2,"H2",11,1635.64,1243.975,34,4,135
2014,"2010-2014",84,"Auvergne-Rhône-Alpes","01","Ain",1,"H1",4,928.668,126.012,122,17,98
2014,"2010-2014",84,"Auvergne-Rhône-Alpes","03","Allier",1,"H1",7,2040.92,158.827,97,13,87
2014,"2010-2014",84,"Auvergne-Rhône-Alpes","07","Ardèche",2,"H2",43,1782.469,509.067,129,43,152
2014,"2010-2014",84,"Auvergne-Rhône-Alpes","15","Cantal",1,"H1",7,1268.83,454.154,146,18,103
2014,"2010-2014",84,"Auvergne-Rhône-Alpes","26","Drôme",2,"H2",36,2831.03,940.261,151,33,152
2014,"2010-2014",84,"Auvergne-Rhône-Alpes","38","Isère",1,"H1",14,947.514,-268.436,268,33,115
2014,"2010-2014",84,"Auvergne-Rhône-Alpes","42","Loire",1,"H1",15,995.019,407.716,135,18,104
2014,"2010-2014",84,"Auvergne-Rhône-Alpes","43","Haute-Loire",1,"H1",12,1508.067,375.646,150,20,87
2014,"2010-2014",84,"Auvergne-Rhône-Alpes","63","Puy-de-Dôme",1,"H1",10,641.855,281.887,162,19,67
2014,"2010-2014",84,"Auvergne-Rhône-Alpes","69","Rhône",1,"H1",10,744.209,-25.577,87,12,109
2014,"2010-2014",84,"Auvergne-Rhône-Alpes","73","Savoie",1,"H1",4,996.319,-448.743,275,23,92
2014,"2010-2014",84,"Auvergne-Rhône-Alpes","74","Haute-Savoie",1,"H1",5,270.209,-261.223,354,12,78
2014,"2010-2014",93,"Provence-Alpes-Côte d'Azur","04","Alpes-de-Haute-Provence",2,"H2",25,3806.612,671.473,221,18,143
2014,"2010-2014",93,"Provence-Alpes-Côte d'Azur","05","Hautes-Alpes",1,"H1",16,1299.82,881.56,274,10,110
2014,"2010-2014",93,"Provence-Alpes-Côte d'Azur","06","Alpes-Maritimes",3,"H3",15,68.772,-702.581,202,27,144
2014,"2010-2014",93,"Provence-Alpes-Côte d'Azur","13","Bouches-du-Rhône",3,"H3",37,3928.196,675.743,43,18,151
2014,"2010-2014",93,"Provence-Alpes-Côte d'Azur","83","Var",3,"H3",19,2454.222,912.989,58,37,174
2014,"2010-2014",93,"Provence-Alpes-Côte d'Azur","84","Vaucluse",2,"H2",26,2706.014,-477.216,123,27,154
2014,"2010-2014",94,"Corse","2A","Corse-du-Sud",3,"H3",0,164.416,-72.532,170,33,158
2014,"2010-2014",94,"Corse","2B","Haute-Corse",3,"H3",0,585.346,81.972,118,21,159
2015,"2015-2019",11,"Île-de-France","77","Seine-et-Marne",1,"H1",6,1133.51,660.263,75,1,70
2015,"2015-2019",11,"Île-de-France","78","Yvelines",1,"H1",2,896.33,520.064,58,2,66
2015,"2015-2019",11,"Île-de-France","91","Essonne",1,"H1",5,476.67,241.95,61,2,62
2015,"2015-2019",11,"Île-de-France","92","Hauts-de-Seine",1,"H1",2,0,11.18,22,0,69
2015,"2015-2019",11,"Île-de-France","93","Seine-Saint-Denis",1,"H1",2,0,0.005,40,0,61
2015,"2015-2019",11,"Île-de-France","94","Val-de-Marne",1,"H1",1,6.161,-0.33,30,0,71
2015,"2015-2019",11,"Île-de-France","95","Val-d'Oise",1,"H1",1,8.06,27.93,45,0,61
2015,"2015-2019",24,"Centre-Val de Loire","18","Cher",2,"H2",20,5385.133,4502.743,88,4,94
2015,"2015-2019",24,"Centre-Val de Loire","28","Eure-et-Loir",1,"H1",6,650.26,297.43,79,2,67
2015,"2015-2019",24,"Centre-Val de Loire","36","Indre",2,"H2",16,3350.577,2170.195,76,4,105
2015,"2015-2019",24,"Centre-Val de Loire","37","Indre-et-Loire",2,"H2",30,2828.85,1439.38,57,6,74
2015,"2015-2019",24,"Centre-Val de Loire","41","Loir-et-Cher",2,"H2",7,1349.519,811.7,79,5,78
2015,"2015-2019",24,"Centre-Val de Loire","45","Loiret",1,"H1",6,933.57,124.745,75,7,78
2015,"2015-2019",27,"Bourgogne-Franche-Comté","21","Côte-d'Or",1,"H1",31,6117.25,4058.605,107,7,78
2015,"2015-2019",27,"Bourgogne-Franche-Comté","25","Doubs",1,"H1",7,976.975,447.535,184,11,86
2015,"2015-2019",27,"Bourgogne-Franche-Comté","39","Jura",1,"H1",20,3013.424,2017.617,189,13,88
2015,"2015-2019",27,"Bourgogne-Franche-Comté","58","Nièvre",1,"H1",13,2497.061,1455.436,133,11,90
2015,"2015-2019",27,"Bourgogne-Franche-Comté","70","Haute-Saône",1,"H1",23,5904.16,4689.718,138,12,89
2015,"2015-2019",27,"Bourgogne-Franche-Comté","71","Saône-et-Loire",1,"H1",23,3953.217,3170.086,122,11,101
2015,"2015-2019",27,"Bourgogne-Franche-Comté","89","Yonne",1,"H1",29,5260.86,3741.186,93,5,85
2015,"2015-2019",27,"Bourgogne-Franche-Comté","90","Territoire de Belfort",1,"H1",1,57.4,29.78,126,8,64
2015,"2015-2019",28,"Normandie","14","Calvados",1,"H1",27,3678.734,2823.114,50,1,46
2015,"2015-2019",28,"Normandie","27","Eure",1,"H1",9,530.94,380.998,64,1,67
2015,"2015-2019",28,"Normandie","50","Manche",2,"H2",25,2532.397,1195.382,38,2,34
2015,"2015-2019",28,"Normandie","61","Orne",1,"H1",20,3290.392,2482.496,60,2,55
2015,"2015-2019",28,"Normandie","76","Seine-Maritime",1,"H1",15,394.91,-235.635,59,1,54
2015,"2015-2019",32,"Hauts-de-France","02","Aisne",1,"H1",7,842.502,543.63,66,3,52
2015,"2015-2019",32,"Hauts-de-France","59","Nord",1,"H1",24,1171.34,1533.275,59,3,44
2015,"2015-2019",32,"Hauts-de-France","60","Oise",1,"H1",4,579.04,107.88,58,0,60
2015,"2015-2019",32,"Hauts-de-France","62","Pas-de-Calais",1,"H1",9,211.119,-20.151,47,4,43
2015,"2015-2019",32,"Hauts-de-France","80","Somme",1,"H1",10,644.31,368.61,50,2,46
2015,"2015-2019",44,"Grand Est","08","Ardennes",1,"H1",7,2457.65,1980.371,101,4,66
2015,"2015-2019",44,"Grand Est","10","Aube",1,"H1",11,1885.551,1592.662,89,4,75
2015,"2015-2019",44,"Grand Est","51","Marne",1,"H1",12,2193.487,897.852,104,1,69
2015,"2015-2019",44,"Grand Est","52","Haute-Marne",1,"H1",18,2088.555,1461.208,120,4,77
2015,"2015-2019",44,"Grand Est","54","Meurthe-et-Moselle",1,"H1",24,4837.68,4209.48,101,3,64
2015,"2015-2019",44,"Grand Est","55","Meuse",1,"H1",5,1996.91,1148.653,93,4,61
2015,"2015-2019",44,"Grand Est","57","Moselle",1,"H1",17,2098.81,845.839,115,1,67
2015,"2015-2019",44,"Grand Est","67","Bas-Rhin",1,"H1",20,1587.534,1321.416,126,3,77
2015,"2015-2019",44,"Grand Est","68","Haut-Rhin",1,"H1",15,655.067,372.184,132,11,83
2015,"2015-2019",44,"Grand Est","88","Vosges",1,"H1",20,3388.123,1856.064,125,10,77
2015,"2015-2019",52,"Pays de la Loire","44","Loire-Atlantique",2,"H2",39,6561.803,3186.314,41,1,65
2015,"2015-2019",52,"Pays de la Loire","49","Maine-et-Loire",2,"H2",37,5385.163,2371.242,49,2,71
2015,"2015-2019",52,"Pays de la Loire","53","Mayenne",2,"H2",15,1458.699,1151.687,58,1,60
2015,"2015-2019",52,"Pays de la Loire","72","Sarthe",2,"H2",13,2525.569,1032.891,58,1,66
2015,"2015-2019",52,"Pays de la Loire","85","Vendée",2,"H2",32,4943.524,3003.577,46,3,71
2015,"2015-2019",53,"Bretagne","22","Côtes-d'Armor",2,"H2",36,2165.387,1252.313,40,0,50
2015,"2015-2019",53,"Bretagne","29","Finistère",2,"H2",45,2307.343,1385.7,36,6,35
2015,"2015-2019",53,"Bretagne","35","Ille-et-Vilaine",2,"H2",30,1840.113,1243.148,35,1,53
2015,"2015-2019",53,"Bretagne","56","Morbihan",2,"H2",28,2055.464,849.669,60,5,55
2015,"2015-2019",75,"Nouvelle-Aquitaine","16","Charente",2,"H2",24,3107.329,1909.359,66,6,104
2015,"2015-2019",75,"Nouvelle-Aquitaine","17","Charente-Maritime",2,"H2",15,1169.95,312.708,64,7,94
2015,"2015-2019",75,"Nouvelle-Aquitaine","19","Corrèze",1,"H1",21,1193.239,819.142,129,11,101
2015,"2015-2019",75,"Nouvelle-Aquitaine","23","Creuse",1,"H1",11,2659.858,1439.373,128,7,73
2015,"2015-2019",75,"Nouvelle-Aquitaine","24","Dordogne",2,"H2",32,4758.372,3336.79,73,5,113
2015,"2015-2019",75,"Nouvelle-Aquitaine","33","Gironde",2,"H2",29,2625.247,4130.713,58,1,119
2015,"2015-2019",75,"Nouvelle-Aquitaine","40","Landes",2,"H2",9,776.9,479.169,59,8,138
2015,"2015-2019",75,"Nouvelle-Aquitaine","47","Lot-et-Garonne",2,"H2",31,4678.484,9154.969,57,6,116
2015,"2015-2019",75,"Nouvelle-Aquitaine","64","Pyrénées-Atlantiques",2,"H2",31,1159.87,1054.387,146,27,124
2015,"2015-2019",75,"Nouvelle-Aquitaine","79","Deux-Sèvres",2,"H2",30,4284.967,3104.643,63,5,81
2015,"2015-2019",75,"Nouvelle-Aquitaine","86","Vienne",2,"H2",26,7956.233,5117.271,61,3,79
2015,"2015-2019",75,"Nouvelle-Aquitaine","87","Haute-Vienne",1,"H1",37,5224.91,2919.654,87,10,82
2015,"2015-2019",76,"Occitanie","09","Ariège",2,"H2",41,6566.266,5399,173,15,119
2015,"2015-2019",76,"Occitanie","11","Aude",3,"H3",63,9053.345,7536.324,101,17,149
2015,"2015-2019",76,"Occitanie","12","Aveyron",2,"H2",67,10884.671,7598.327,135,12,114
2015,"2015-2019",76,"Occitanie","30","Gard",3,"H3",34,3536.081,5.603,123,20,151
2015,"2015-2019",76,"Occitanie","31","Haute-Garonne",2,"H2",63,11244.856,9492.835,175,16,106
2015,"2015-2019",76,"Occitanie","32","Gers",2,"H2",148,25103.368,23702.589,60,5,116
2015,"2015-2019",76,"Occitanie","34","Hérault",3,"H3",40,3619.004,977.028,88,18,163
2015,"2015-2019",76,"Occitanie","46","Lot",2,"H2",28,4076.208,3270.251,77,8,130
2015,"2015-2019",76,"Occitanie","48","Lozère",2,"H2",29,7524.3,7503.215,159,17,114
2015,"2015-2019",76,"Occitanie","65","Hautes-Pyrénées",2,"H2",31,1682.273,2023.624,230,19,101
2015,"2015-2019",76,"Occitanie","66","Pyrénées-Orientales",3,"H3",45,3258.544,1098.523,178,14,151
2015,"2015-2019",76,"Occitanie","81","Tarn",2,"H2",37,4627.949,3989.67,93,14,118
2015,"2015-2019",76,"Occitanie","82","Tarn-et-Garonne",2,"H2",28,3212.023,4091.803,66,7,125
2015,"2015-2019",84,"Auvergne-Rhône-Alpes","01","Ain",1,"H1",11,1196.114,682.79,151,17,107
2015,"2015-2019",84,"Auvergne-Rhône-Alpes","03","Allier",1,"H1",20,4851.18,2664.821,118,6,95
2015,"2015-2019",84,"Auvergne-Rhône-Alpes","07","Ardèche",2,"H2",37,2033.211,1080.447,142,21,141
2015,"2015-2019",84,"Auvergne-Rhône-Alpes","15","Cantal",1,"H1",23,3897.43,2680.361,162,17,107
2015,"2015-2019",84,"Auvergne-Rhône-Alpes","26","Drôme",2,"H2",42,5593.618,3599.496,167,18,146
2015,"2015-2019",84,"Auvergne-Rhône-Alpes","38","Isère",1,"H1",36,2395.787,1847.155,263,24,123
2015,"2015-2019",84,"Auvergne-Rhône-Alpes","42","Loire",1,"H1",19,1753.525,1184.077,151,12,112
2015,"2015-2019",84,"Auvergne-Rhône-Alpes","43","Haute-Loire",1,"H1",26,2070.998,1324.233,173,7,100
2015,"2015-2019",84,"Auvergne-Rhône-Alpes","63","Puy-de-Dôme",1,"H1",27,1697.742,962.22,172,15,83
2015,"2015-2019",84,"Auvergne-Rhône-Alpes","69","Rhône",1,"H1",32,1072.059,765.119,115,7,116
2015,"2015-2019",84,"Auvergne-Rhône-Alpes","73","Savoie",1,"H1",5,483.677,483.38,276,18,103
2015,"2015-2019",84,"Auvergne-Rhône-Alpes","74","Haute-Savoie",1,"H1",7,828.366,945.601,255,23,96
2015,"2015-2019",93,"Provence-Alpes-Côte d'Azur","04","Alpes-de-Haute-Provence",2,"H2",32,8948.454,6763.314,228,13,141
2015,"2015-2019",93,"Provence-Alpes-Côte d'Azur","05","Hautes-Alpes",1,"H1",29,3404.853,3657.829,270,13,114
2015,"2015-2019",93,"Provence-Alpes-Côte d'Azur","06","Alpes-Maritimes",3,"H3",9,728.931,701.315,202,17,145
2015,"2015-2019",93,"Provence-Alpes-Côte d'Azur","13","Bouches-du-Rhône",3,"H3",35,5572.969,3144.353,62,10,142
2015,"2015-2019",93,"Provence-Alpes-Côte d'Azur","83","Var",3,"H3",28,2598.892,445.206,84,20,165
2015,"2015-2019",93,"Provence-Alpes-Côte d'Azur","84","Vaucluse",2,"H2",30,2145.074,-629.777,130,17,147
2015,"2015-2019",94,"Corse","2A","Corse-du-Sud",3,"H3",0,810.156,1311.893,155,25,160
2015,"2015-2019",94,"Corse","2B","Haute-Corse",3,"H3",0,870.2,440.685,140,19,150
2016,"2015-2019",11,"Île-de-France","75","Paris",1,"H1",3,13.98,-141.7,49,1,68
2016,"2015-2019",11,"Île-de-France","77","Seine-et-Marne",1,"H1",13,1742.292,1005.171,88,3,74
2016,"2015-2019",11,"Île-de-France","78","Yvelines",1,"H1",3,1290.653,976.336,73,2,76
2016,"2015-2019",11,"Île-de-France","91","Essonne",1,"H1",5,1108.045,826.193,73,3,61
2016,"2015-2019",11,"Île-de-France","92","Hauts-de-Seine",1,"H1",1,0,0.1,25,1,67
2016,"2015-2019",11,"Île-de-France","93","Seine-Saint-Denis",1,"H1",1,1.12,-48.365,46,1,60
2016,"2015-2019",11,"Île-de-France","94","Val-de-Marne",1,"H1",0,1.391,-11.93,44,3,75
2016,"2015-2019",11,"Île-de-France","95","Val-d'Oise",1,"H1",2,116.236,78.626,59,2,60
2016,"2015-2019",24,"Centre-Val de Loire","18","Cher",2,"H2",6,4673.63,256.101,99,3,96
2016,"2015-2019",24,"Centre-Val de Loire","28","Eure-et-Loir",1,"H1",4,773.96,310.717,87,4,71
2016,"2015-2019",24,"Centre-Val de Loire","36","Indre",2,"H2",8,3122.08,597.842,93,6,88
2016,"2015-2019",24,"Centre-Val de Loire","37","Indre-et-Loire",2,"H2",10,2436.959,149.218,80,2,84
2016,"2015-2019",24,"Centre-Val de Loire","41","Loir-et-Cher",2,"H2",9,1233.666,-306.015,91,3,78
2016,"2015-2019",24,"Centre-Val de Loire","45","Loiret",1,"H1",6,1282.834,747.068,84,4,84
2016,"2015-2019",27,"Bourgogne-Franche-Comté","21","Côte-d'Or",1,"H1",47,9713.877,4358.111,109,7,78
2016,"2015-2019",27,"Bourgogne-Franche-Comté","25","Doubs",1,"H1",12,1518.628,1036.349,175,14,85
2016,"2015-2019",27,"Bourgogne-Franche-Comté","39","Jura",1,"H1",22,4387.617,2011.702,177,16,86
2016,"2015-2019",27,"Bourgogne-Franche-Comté","58","Nièvre",1,"H1",21,4655.79,2136.254,122,7,88
2016,"2015-2019",27,"Bourgogne-Franche-Comté","70","Haute-Saône",1,"H1",20,9598.78,3907.275,155,13,87
2016,"2015-2019",27,"Bourgogne-Franche-Comté","71","Saône-et-Loire",1,"H1",33,6014.595,2346.403,117,14,94
2016,"2015-2019",27,"Bourgogne-Franche-Comté","89","Yonne",1,"H1",16,6854.826,2085.999,103,6,82
2016,"2015-2019",27,"Bourgogne-Franche-Comté","90","Territoire de Belfort",1,"H1",1,522.95,519.64,145,7,77
2016,"2015-2019",28,"Normandie","14","Calvados",1,"H1",34,6554.235,4025.721,70,2,47
2016,"2015-2019",28,"Normandie","27","Eure",1,"H1",13,963.093,228.16,86,2,68
2016,"2015-2019",28,"Normandie","50","Manche",2,"H2",46,6532.071,5172.329,67,3,36
2016,"2015-2019",28,"Normandie","61","Orne",1,"H1",34,4379.746,2058.641,87,0,55
2016,"2015-2019",28,"Normandie","76","Seine-Maritime",1,"H1",17,1534.97,1557.923,71,5,57
2016,"2015-2019",32,"Hauts-de-France","02","Aisne",1,"H1",11,1178.052,464.99,69,5,53
2016,"2015-2019",32,"Hauts-de-France","59","Nord",1,"H1",35,3091.15,2088.454,63,7,50
2016,"2015-2019",32,"Hauts-de-France","60","Oise",1,"H1",12,2069.85,1723.647,78,2,61
2016,"2015-2019",32,"Hauts-de-France","62","Pas-de-Calais",1,"H1",15,730.319,523.605,55,7,45
2016,"2015-2019",32,"Hauts-de-France","80","Somme",1,"H1",12,1338.495,884.706,62,1,45
2016,"2015-2019",44,"Grand Est","08","Ardennes",1,"H1",15,3791.846,1768.186,103,3,80
2016,"2015-2019",44,"Grand Est","10","Aube",1,"H1",19,2893.751,1146.305,99,4,79
2016,"2015-2019",44,"Grand Est","51","Marne",1,"H1",24,2534.332,812.017,102,5,77
2016,"2015-2019",44,"Grand Est","52","Haute-Marne",1,"H1",12,3453.325,1501.73,116,6,75
2016,"2015-2019",44,"Grand Est","54","Meurthe-et-Moselle",1,"H1",21,7540.43,3252.323,106,1,67
2016,"2015-2019",44,"Grand Est","55","Meuse",1,"H1",19,2930.36,1508.016,99,2,61
2016,"2015-2019",44,"Grand Est","57","Moselle",1,"H1",33,7569.933,5849.345,113,3,73
2016,"2015-2019",44,"Grand Est","67","Bas-Rhin",1,"H1",21,2427.278,1319.076,149,5,88
2016,"2015-2019",44,"Grand Est","68","Haut-Rhin",1,"H1",54,1373.914,672.962,149,15,90
2016,"2015-2019",44,"Grand Est","88","Vosges",1,"H1",27,5543.914,3022.082,128,17,74
2016,"2015-2019",52,"Pays de la Loire","44","Loire-Atlantique",2,"H2",77,12839.175,8138.127,48,1,67
2016,"2015-2019",52,"Pays de la Loire","49","Maine-et-Loire",2,"H2",90,10534.668,6909.131,61,2,74
2016,"2015-2019",52,"Pays de la Loire","53","Mayenne",2,"H2",45,4215.992,3049.612,81,0,65
2016,"2015-2019",52,"Pays de la Loire","72","Sarthe",2,"H2",29,4448.662,2215.135,78,1,77
2016,"2015-2019",52,"Pays de la Loire","85","Vendée",2,"H2",58,9987.617,5616.639,52,3,74
2016,"2015-2019",53,"Bretagne","22","Côtes-d'Armor",2,"H2",69,4572.988,3678.046,56,1,60
2016,"2015-2019",53,"Bretagne","29","Finistère",2,"H2",71,4782.899,3711.066,47,5,39
2016,"2015-2019",53,"Bretagne","35","Ille-et-Vilaine",2,"H2",97,6070.838,6644.012,54,0,59
2016,"2015-2019",53,"Bretagne","56","Morbihan",2,"H2",65,5149.87,5090.829,63,7,60
2016,"2015-2019",75,"Nouvelle-Aquitaine","16","Charente",2,"H2",31,5249.855,2591.796,73,4,99
2016,"2015-2019",75,"Nouvelle-Aquitaine","17","Charente-Maritime",2,"H2",39,4235.42,2840.966,65,4,90
2016,"2015-2019",75,"Nouvelle-Aquitaine","19","Corrèze",1,"H1",25,2836.224,2117.398,131,10,98
2016,"2015-2019",75,"Nouvelle-Aquitaine","23","Creuse",1,"H1",14,2991,528.363,128,5,70
2016,"2015-2019",75,"Nouvelle-Aquitaine","24","Dordogne",2,"H2",62,6554.873,2205.705,74,3,104
2016,"2015-2019",75,"Nouvelle-Aquitaine","33","Gironde",2,"H2",44,2401.127,253.684,58,4,109
2016,"2015-2019",75,"Nouvelle-Aquitaine","40","Landes",2,"H2",18,1138.59,602.544,70,15,122
2016,"2015-2019",75,"Nouvelle-Aquitaine","47","Lot-et-Garonne",2,"H2",40,7415.18,3925.159,58,1,109
2016,"2015-2019",75,"Nouvelle-Aquitaine","64","Pyrénées-Atlantiques",2,"H2",42,1925.076,1364.083,178,25,126
2016,"2015-2019",75,"Nouvelle-Aquitaine","79","Deux-Sèvres",2,"H2",39,5652.576,2314.65,71,1,83
2016,"2015-2019",75,"Nouvelle-Aquitaine","86","Vienne",2,"H2",49,11430.022,4285.215,72,2,79
2016,"2015-2019",75,"Nouvelle-Aquitaine","87","Haute-Vienne",1,"H1",39,7199.161,2514.132,106,7,89
2016,"2015-2019",76,"Occitanie","09","Ariège",2,"H2",41,8358.67,1646.809,203,7,111
2016,"2015-2019",76,"Occitanie","11","Aude",3,"H3",68,12329.06,2462.888,82,10,128
2016,"2015-2019",76,"Occitanie","12","Aveyron",2,"H2",121,20352.97,10245.732,149,18,99
2016,"2015-2019",76,"Occitanie","30","Gard",3,"H3",45,3497.156,1525.572,147,28,140
2016,"2015-2019",76,"Occitanie","31","Haute-Garonne",2,"H2",45,13425.432,3148.546,204,5,97
2016,"2015-2019",76,"Occitanie","32","Gers",2,"H2",94,28677.135,7105.328,49,2,110
2016,"2015-2019",76,"Occitanie","34","Hérault",3,"H3",47,4448.131,904.359,82,21,140
2016,"2015-2019",76,"Occitanie","46","Lot",2,"H2",31,6669.846,2739.379,71,6,106
2016,"2015-2019",76,"Occitanie","48","Lozère",2,"H2",53,18922.639,11942.503,178,22,98
2016,"2015-2019",76,"Occitanie","65","Hautes-Pyrénées",2,"H2",23,2654.733,1079.46,248,10,100
2016,"2015-2019",76,"Occitanie","66","Pyrénées-Orientales",3,"H3",36,4370.729,2385.316,212,7,140
2016,"2015-2019",76,"Occitanie","81","Tarn",2,"H2",50,8653.88,4079.231,86,19,116
2016,"2015-2019",76,"Occitanie","82","Tarn-et-Garonne",2,"H2",35,5028.94,2352.847,57,1,115
2016,"2015-2019",84,"Auvergne-Rhône-Alpes","01","Ain",1,"H1",21,2545.353,2397.528,159,21,101
2016,"2015-2019",84,"Auvergne-Rhône-Alpes","03","Allier",1,"H1",20,3977.858,1124.352,132,5,94
2016,"2015-2019",84,"Auvergne-Rhône-Alpes","07","Ardèche",2,"H2",58,5186.766,2388.387,167,32,118
2016,"2015-2019",84,"Auvergne-Rhône-Alpes","15","Cantal",1,"H1",40,8621.232,5875.802,175,22,96
2016,"2015-2019",84,"Auvergne-Rhône-Alpes","26","Drôme",2,"H2",77,7070.129,3853.358,173,17,129
2016,"2015-2019",84,"Auvergne-Rhône-Alpes","38","Isère",1,"H1",48,5458.286,4027.692,275,24,112
2016,"2015-2019",84,"Auvergne-Rhône-Alpes","42","Loire",1,"H1",50,5615.24,4170.815,163,10,102
2016,"2015-2019",84,"Auvergne-Rhône-Alpes","43","Haute-Loire",1,"H1",68,8974.256,7568.334,177,12,89
2016,"2015-2019",84,"Auvergne-Rhône-Alpes","63","Puy-de-Dôme",1,"H1",55,7065.337,5627.501,190,18,78
2016,"2015-2019",84,"Auvergne-Rhône-Alpes","69","Rhône",1,"H1",61,4617.363,3759.247,115,4,107
2016,"2015-2019",84,"Auvergne-Rhône-Alpes","73","Savoie",1,"H1",11,362.738,-858.619,277,21,100
2016,"2015-2019",84,"Auvergne-Rhône-Alpes","74","Haute-Savoie",1,"H1",9,665.04,-149.48,342,20,90
2016,"2015-2019",93,"Provence-Alpes-Côte d'Azur","04","Alpes-de-Haute-Provence",2,"H2",21,9608.478,2900.034,246,13,124
2016,"2015-2019",93,"Provence-Alpes-Côte d'Azur","05","Hautes-Alpes",1,"H1",27,5998.635,2435.999,280,13,110
2016,"2015-2019",93,"Provence-Alpes-Côte d'Azur","06","Alpes-Maritimes",3,"H3",21,740.93,-60.831,211,25,133
2016,"2015-2019",93,"Provence-Alpes-Côte d'Azur","13","Bouches-du-Rhône",3,"H3",45,5205.427,154.087,67,7,133
2016,"2015-2019",93,"Provence-Alpes-Côte d'Azur","83","Var",3,"H3",36,1727.469,-24.283,90,14,156
2016,"2015-2019",93,"Provence-Alpes-Côte d'Azur","84","Vaucluse",2,"H2",47,3013.204,1859.834,130,14,136
2016,"2015-2019",94,"Corse","2A","Corse-du-Sud",3,"H3",0,1115.95,387.428,169,29,160
2016,"2015-2019",94,"Corse","2B","Haute-Corse",3,"H3",0,1297.902,455.155,137,16,142
2017,"2015-2019",11,"Île-de-France","75","Paris",1,"H1",3,23.43,8.98,50,1,71
2017,"2015-2019",11,"Île-de-France","77","Seine-et-Marne",1,"H1",15,2579.911,853.657,79,6,82
2017,"2015-2019",11,"Île-de-France","78","Yvelines",1,"H1",12,1402.13,447.032,61,2,88
2017,"2015-2019",11,"Île-de-France","91","Essonne",1,"H1",11,1162.715,427.671,62,4,74
2017,"2015-2019",11,"Île-de-France","92","Hauts-de-Seine",1,"H1",0,27.16,54.06,28,1,74
2017,"2015-2019",11,"Île-de-France","93","Seine-Saint-Denis",1,"H1",0,0.65,50.69,44,1,66
2017,"2015-2019",11,"Île-de-France","94","Val-de-Marne",1,"H1",4,34.46,46.669,35,1,84
2017,"2015-2019",11,"Île-de-France","95","Val-d'Oise",1,"H1",2,115.26,-14.596,47,0,65
2017,"2015-2019",24,"Centre-Val de Loire","18","Cher",2,"H2",18,3792.72,994.385,88,2,103
2017,"2015-2019",24,"Centre-Val de Loire","28","Eure-et-Loir",1,"H1",19,1368.95,1049.825,77,2,75
2017,"2015-2019",24,"Centre-Val de Loire","36","Indre",2,"H2",15,3348.65,1543.11,84,3,103
2017,"2015-2019",24,"Centre-Val de Loire","37","Indre-et-Loire",2,"H2",23,2362.714,1205.364,65,0,97
2017,"2015-2019",24,"Centre-Val de Loire","41","Loir-et-Cher",2,"H2",16,1265.35,880.85,83,2,90
2017,"2015-2019",24,"Centre-Val de Loire","45","Loiret",1,"H1",12,1324.794,502.775,75,2,92
2017,"2015-2019",27,"Bourgogne-Franche-Comté","21","Côte-d'Or",1,"H1",29,9668.616,3219.846,109,5,97
2017,"2015-2019",27,"Bourgogne-Franche-Comté","25","Doubs",1,"H1",17,1897.4,1082.05,179,8,95
2017,"2015-2019",27,"Bourgogne-Franche-Comté","39","Jura",1,"H1",35,5594.14,3145.854,183,12,105
2017,"2015-2019",27,"Bourgogne-Franche-Comté","58","Nièvre",1,"H1",21,4934.24,1976.42,118,6,92
2017,"2015-2019",27,"Bourgogne-Franche-Comté","70","Haute-Saône",1,"H1",26,9145.14,4194.93,142,13,98
2017,"2015-2019",27,"Bourgogne-Franche-Comté","71","Saône-et-Loire",1,"H1",28,4200.713,819.01,118,8,108
2017,"2015-2019",27,"Bourgogne-Franche-Comté","89","Yonne",1,"H1",23,7464.823,2977.22,92,6,87
2017,"2015-2019",27,"Bourgogne-Franche-Comté","90","Territoire de Belfort",1,"H1",2,593.55,46.89,141,10,83
2017,"2015-2019",28,"Normandie","14","Calvados",1,"H1",41,6898.962,2414.477,57,3,51
2017,"2015-2019",28,"Normandie","27","Eure",1,"H1",24,1741.76,1237.717,66,1,73
2017,"2015-2019",28,"Normandie","50","Manche",2,"H2",50,7802.03,2945.01,55,5,41
2017,"2015-2019",28,"Normandie","61","Orne",1,"H1",36,4802.908,2465.423,70,1,57
2017,"2015-2019",28,"Normandie","76","Seine-Maritime",1,"H1",24,2615.51,1357.97,66,6,70
2017,"2015-2019",32,"Hauts-de-France","02","Aisne",1,"H1",17,1812.713,1563.999,64,2,61
2017,"2015-2019",32,"Hauts-de-France","59","Nord",1,"H1",28,3636.98,2248.713,64,1,51
2017,"2015-2019",32,"Hauts-de-France","60","Oise",1,"H1",7,2478.531,608.758,68,3,62
2017,"2015-2019",32,"Hauts-de-France","62","Pas-de-Calais",1,"H1",29,1447.866,985.582,53,3,47
2017,"2015-2019",32,"Hauts-de-France","80","Somme",1,"H1",24,1656.795,561.485,56,4,61
2017,"2015-2019",44,"Grand Est","08","Ardennes",1,"H1",17,3309.61,1054.533,109,4,80
2017,"2015-2019",44,"Grand Est","10","Aube",1,"H1",12,2809.855,935.509,94,5,91
2017,"2015-2019",44,"Grand Est","51","Marne",1,"H1",37,2330.112,563.676,110,4,79
2017,"2015-2019",44,"Grand Est","52","Haute-Marne",1,"H1",9,2974.565,47.83,112,3,82
2017,"2015-2019",44,"Grand Est","54","Meurthe-et-Moselle",1,"H1",16,5399.35,607.394,100,1,73
2017,"2015-2019",44,"Grand Est","55","Meuse",1,"H1",20,3058.51,1007.786,97,5,70
2017,"2015-2019",44,"Grand Est","57","Moselle",1,"H1",16,8589.86,2062.535,109,4,77
2017,"2015-2019",44,"Grand Est","67","Bas-Rhin",1,"H1",29,3248.554,1133.689,138,3,91
2017,"2015-2019",44,"Grand Est","68","Haut-Rhin",1,"H1",33,1725.578,978.306,144,12,94
2017,"2015-2019",44,"Grand Est","88","Vosges",1,"H1",23,6177.146,2198.327,133,11,82
2017,"2015-2019",52,"Pays de la Loire","44","Loire-Atlantique",2,"H2",76,16375.973,7357.806,54,2,76
2017,"2015-2019",52,"Pays de la Loire","49","Maine-et-Loire",2,"H2",62,10751.432,3625.516,55,2,87
2017,"2015-2019",52,"Pays de la Loire","53","Mayenne",2,"H2",43,5689.342,3391.603,75,0,67
2017,"2015-2019",52,"Pays de la Loire","72","Sarthe",2,"H2",34,4352.837,1538.682,68,2,76
2017,"2015-2019",52,"Pays de la Loire","85","Vendée",2,"H2",72,11238.89,4193.657,59,0,88
2017,"2015-2019",53,"Bretagne","22","Côtes-d'Armor",2,"H2",71,6619.831,3700.678,53,3,53
2017,"2015-2019",53,"Bretagne","29","Finistère",2,"H2",60,5697.215,724.878,41,2,43
2017,"2015-2019",53,"Bretagne","35","Ille-et-Vilaine",2,"H2",63,8060.137,3906.161,56,0,57
2017,"2015-2019",53,"Bretagne","56","Morbihan",2,"H2",67,6603.764,3306.635,58,2,65
2017,"2015-2019",75,"Nouvelle-Aquitaine","16","Charente",2,"H2",22,5868.92,1640.612,73,3,99
2017,"2015-2019",75,"Nouvelle-Aquitaine","17","Charente-Maritime",2,"H2",34,5226.16,1827.811,68,2,94
2017,"2015-2019",75,"Nouvelle-Aquitaine","19","Corrèze",1,"H1",32,2921.552,1343.35,135,6,106
2017,"2015-2019",75,"Nouvelle-Aquitaine","23","Creuse",1,"H1",16,3183.305,1243.031,122,8,72
2017,"2015-2019",75,"Nouvelle-Aquitaine","24","Dordogne",2,"H2",63,7440.608,4283.334,78,4,113
2017,"2015-2019",75,"Nouvelle-Aquitaine","33","Gironde",2,"H2",67,4399.902,2583.102,74,3,123
2017,"2015-2019",75,"Nouvelle-Aquitaine","40","Landes",2,"H2",29,1807.534,1716.601,76,12,143
2017,"2015-2019",75,"Nouvelle-Aquitaine","47","Lot-et-Garonne",2,"H2",48,7716.046,3403.903,77,3,125
2017,"2015-2019",75,"Nouvelle-Aquitaine","64","Pyrénées-Atlantiques",2,"H2",50,3106.499,2402.964,165,26,126
2017,"2015-2019",75,"Nouvelle-Aquitaine","79","Deux-Sèvres",2,"H2",37,6822.46,3735.437,61,1,89
2017,"2015-2019",75,"Nouvelle-Aquitaine","86","Vienne",2,"H2",25,9533.183,2271.172,59,2,87
2017,"2015-2019",75,"Nouvelle-Aquitaine","87","Haute-Vienne",1,"H1",27,5272.323,799.252,86,7,87
2017,"2015-2019",76,"Occitanie","09","Ariège",2,"H2",37,4949.206,2246.126,183,14,129
2017,"2015-2019",76,"Occitanie","11","Aude",3,"H3",66,11335.004,2467.932,100,7,154
2017,"2015-2019",76,"Occitanie","12","Aveyron",2,"H2",83,23277.838,6668.926,150,13,113
2017,"2015-2019",76,"Occitanie","30","Gard",3,"H3",81,4912.329,1971.97,143,13,170
2017,"2015-2019",76,"Occitanie","31","Haute-Garonne",2,"H2",38,8605.292,2986.137,189,10,113
2017,"2015-2019",76,"Occitanie","32","Gers",2,"H2",76,19350.138,7313.744,79,6,120
2017,"2015-2019",76,"Occitanie","34","Hérault",3,"H3",85,6670.191,4922.095,98,14,167
2017,"2015-2019",76,"Occitanie","46","Lot",2,"H2",36,6024.126,2090.224,76,5,115
2017,"2015-2019",76,"Occitanie","48","Lozère",2,"H2",40,18649.756,4813.098,175,19,130
2017,"2015-2019",76,"Occitanie","65","Hautes-Pyrénées",2,"H2",20,1515.173,684.298,232,14,115
2017,"2015-2019",76,"Occitanie","66","Pyrénées-Orientales",3,"H3",48,3027.527,2176.449,193,12,172
2017,"2015-2019",76,"Occitanie","81","Tarn",2,"H2",53,8053.714,2117.634,110,13,121
2017,"2015-2019",76,"Occitanie","82","Tarn-et-Garonne",2,"H2",43,5339.72,1858.875,80,6,125
2017,"2015-2019",84,"Auvergne-Rhône-Alpes","01","Ain",1,"H1",29,4154.293,2376.192,156,16,117
2017,"2015-2019",84,"Auvergne-Rhône-Alpes","03","Allier",1,"H1",26,3270.695,1173.273,125,6,109
2017,"2015-2019",84,"Auvergne-Rhône-Alpes","07","Ardèche",2,"H2",59,6379.722,3147.793,163,18,156
2017,"2015-2019",84,"Auvergne-Rhône-Alpes","15","Cantal",1,"H1",39,8486.742,3058.766,174,14,110
2017,"2015-2019",84,"Auvergne-Rhône-Alpes","26","Drôme",2,"H2",75,7438.734,2510.886,189,10,157
2017,"2015-2019",84,"Auvergne-Rhône-Alpes","38","Isère",1,"H1",36,5651.465,1377.735,253,18,129
2017,"2015-2019",84,"Auvergne-Rhône-Alpes","42","Loire",1,"H1",54,7972.688,3468.27,154,6,110
2017,"2015-2019",84,"Auvergne-Rhône-Alpes","43","Haute-Loire",1,"H1",26,10465.098,2588.107,175,7,112
2017,"2015-2019",84,"Auvergne-Rhône-Alpes","63","Puy-de-Dôme",1,"H1",42,8984.782,3133.021,175,15,95
2017,"2015-2019",84,"Auvergne-Rhône-Alpes","69","Rhône",1,"H1",44,6003.226,1809.091,121,3,120
2017,"2015-2019",84,"Auvergne-Rhône-Alpes","73","Savoie",1,"H1",22,511.09,435.21,272,18,104
2017,"2015-2019",84,"Auvergne-Rhône-Alpes","74","Haute-Savoie",1,"H1",14,1132.884,1073.258,339,12,101
2017,"2015-2019",93,"Provence-Alpes-Côte d'Azur","04","Alpes-de-Haute-Provence",2,"H2",22,8291.831,4393.625,241,6,156
2017,"2015-2019",93,"Provence-Alpes-Côte d'Azur","05","Hautes-Alpes",1,"H1",52,9128.03,6517.17,257,9,135
2017,"2015-2019",93,"Provence-Alpes-Côte d'Azur","06","Alpes-Maritimes",3,"H3",13,696.165,128.567,203,9,152
2017,"2015-2019",93,"Provence-Alpes-Côte d'Azur","13","Bouches-du-Rhône",3,"H3",68,5480.715,5073.593,78,4,153
2017,"2015-2019",93,"Provence-Alpes-Côte d'Azur","83","Var",3,"H3",67,2942.719,1629.31,99,7,180
2017,"2015-2019",93,"Provence-Alpes-Côte d'Azur","84","Vaucluse",2,"H2",73,3657.113,1681.891,125,6,156
2017,"2015-2019",94,"Corse","2A","Corse-du-Sud",3,"H3",0,2759.64,3305.024,165,20,170
2017,"2015-2019",94,"Corse","2B","Haute-Corse",3,"H3",0,3965.4,3780.177,126,14,148
2018,"2015-2019",11,"Île-de-France","75","Paris",1,"H1",4,101.089,145.661,48,2,118
2018,"2015-2019",11,"Île-de-France","77","Seine-et-Marne",1,"H1",19,5247.521,4008.78,75,4,116
2018,"2015-2019",11,"Île-de-France","78","Yvelines",1,"H1",21,1728.017,818.924,62,3,115
2018,"2015-2019",11,"Île-de-France","91","Essonne",1,"H1",26,3230.727,2837.027,57,2,111
2018,"2015-2019",11,"Île-de-France","92","Hauts-de-Seine",1,"H1",1,26.139,10.729,34,1,110
2018,"2015-2019",11,"Île-de-France","93","Seine-Saint-Denis",1,"H1",0,0,1.22,44,1,101
2018,"2015-2019",11,"Île-de-France","94","Val-de-Marne",1,"H1",0,41.16,4,38,1,117
2018,"2015-2019",11,"Île-de-France","95","Val-d'Oise",1,"H1",5,119.847,83.327,48,3,99
2018,"2015-2019",24,"Centre-Val de Loire","18","Cher",2,"H2",26,3332.967,2028.007,71,1,140
2018,"2015-2019",24,"Centre-Val de Loire","28","Eure-et-Loir",1,"H1",37,4256.211,3194.596,71,3,117
2018,"2015-2019",24,"Centre-Val de Loire","36","Indre",2,"H2",21,4280.119,2733.875,63,3,145
2018,"2015-2019",24,"Centre-Val de Loire","37","Indre-et-Loire",2,"H2",36,4891.047,2834.352,53,5,125
2018,"2015-2019",24,"Centre-Val de Loire","41","Loir-et-Cher",2,"H2",18,1541.177,869.923,68,2,124
2018,"2015-2019",24,"Centre-Val de Loire","45","Loiret",1,"H1",18,2660.847,2252.612,60,6,129
2018,"2015-2019",27,"Bourgogne-Franche-Comté","21","Côte-d'Or",1,"H1",62,11041.898,6019.449,80,8,122
2018,"2015-2019",27,"Bourgogne-Franche-Comté","25","Doubs",1,"H1",19,2178.96,488.859,152,19,129
2018,"2015-2019",27,"Bourgogne-Franche-Comté","39","Jura",1,"H1",34,5225.632,1696.296,146,18,138
2018,"2015-2019",27,"Bourgogne-Franche-Comté","58","Nièvre",1,"H1",17,5669.842,2619.208,87,12,128
2018,"2015-2019",27,"Bourgogne-Franche-Comté","70","Haute-Saône",1,"H1",17,6708.53,1426.979,124,17,136
2018,"2015-2019",27,"Bourgogne-Franche-Comté","71","Saône-et-Loire",1,"H1",35,3467.266,2003.123,81,20,142
2018,"2015-2019",27,"Bourgogne-Franche-Comté","89","Yonne",1,"H1",70,16899.975,12442.961,74,3,131
2018,"2015-2019",27,"Bourgogne-Franche-Comté","90","Territoire de Belfort",1,"H1",2,183.205,-8.055,120,10,117
2018,"2015-2019",28,"Normandie","14","Calvados",1,"H1",36,5052.077,1264.566,54,4,80
2018,"2015-2019",28,"Normandie","27","Eure",1,"H1",22,2320.352,1008.41,62,7,102
2018,"2015-2019",28,"Normandie","50","Manche",2,"H2",47,6652.733,3507.177,47,6,71
2018,"2015-2019",28,"Normandie","61","Orne",1,"H1",24,4813.758,2389.819,66,8,89
2018,"2015-2019",28,"Normandie","76","Seine-Maritime",1,"H1",22,2470.257,1095.966,59,5,94
2018,"2015-2019",32,"Hauts-de-France","02","Aisne",1,"H1",15,1862.329,843.996,61,4,93
2018,"2015-2019",32,"Hauts-de-France","59","Nord",1,"H1",34,2409.67,980.301,61,3,83
2018,"2015-2019",32,"Hauts-de-France","60","Oise",1,"H1",25,3210.272,2217.17,65,4,96
2018,"2015-2019",32,"Hauts-de-France","62","Pas-de-Calais",1,"H1",21,1713.805,676.841,54,2,64
2018,"2015-2019",32,"Hauts-de-France","80","Somme",1,"H1",16,1629.403,763.149,53,2,75
2018,"2015-2019",44,"Grand Est","08","Ardennes",1,"H1",16,3062.566,1565.253,86,5,118
2018,"2015-2019",44,"Grand Est","10","Aube",1,"H1",29,3301.029,1998.554,73,6,122
2018,"2015-2019",44,"Grand Est","51","Marne",1,"H1",42,3259.253,1667.644,92,5,117
2018,"2015-2019",44,"Grand Est","52","Haute-Marne",1,"H1",26,8488.922,7290.367,95,9,120
2018,"2015-2019",44,"Grand Est","54","Meurthe-et-Moselle",1,"H1",19,4532.276,2874.978,86,3,108
2018,"2015-2019",44,"Grand Est","55","Meuse",1,"H1",13,2415.16,757.458,84,6,103
2018,"2015-2019",44,"Grand Est","57","Moselle",1,"H1",19,5648.288,1356.649,93,6,113
2018,"2015-2019",44,"Grand Est","67","Bas-Rhin",1,"H1",47,3241.834,1476.733,124,11,122
2018,"2015-2019",44,"Grand Est","68","Haut-Rhin",1,"H1",42,1877.703,986.769,123,29,129
2018,"2015-2019",44,"Grand Est","88","Vosges",1,"H1",16,4033.561,801.606,105,15,122
2018,"2015-2019",52,"Pays de la Loire","44","Loire-Atlantique",2,"H2",74,15357.081,6407.115,38,5,111
2018,"2015-2019",52,"Pays de la Loire","49","Maine-et-Loire",2,"H2",99,9774.8,4693.13,45,6,116
2018,"2015-2019",52,"Pays de la Loire","53","Mayenne",2,"H2",44,6023.712,3309.645,62,7,112
2018,"2015-2019",52,"Pays de la Loire","72","Sarthe",2,"H2",29,4674.499,2763.395,59,3,114
2018,"2015-2019",52,"Pays de la Loire","85","Vendée",2,"H2",68,13040.425,6888.23,43,4,115
2018,"2015-2019",53,"Bretagne","22","Côtes-d'Armor",2,"H2",92,8453.154,5836.866,45,3,77
2018,"2015-2019",53,"Bretagne","29","Finistère",2,"H2",94,6607.636,7556.403,42,8,63
2018,"2015-2019",53,"Bretagne","35","Ille-et-Vilaine",2,"H2",68,6755.061,3806.572,44,8,93
2018,"2015-2019",53,"Bretagne","56","Morbihan",2,"H2",62,5754.765,3640.593,46,10,88
2018,"2015-2019",75,"Nouvelle-Aquitaine","16","Charente",2,"H2",34,5135.086,3158.38,55,2,125
2018,"2015-2019",75,"Nouvelle-Aquitaine","17","Charente-Maritime",2,"H2",40,4711.228,2072.413,41,5,123
2018,"2015-2019",75,"Nouvelle-Aquitaine","19","Corrèze",1,"H1",19,1948.464,462.497,93,12,137
2018,"2015-2019",75,"Nouvelle-Aquitaine","23","Creuse",1,"H1",23,3142.206,1600.126,92,12,99
2018,"2015-2019",75,"Nouvelle-Aquitaine","24","Dordogne",2,"H2",96,9471.969,3659.613,55,11,138
2018,"2015-2019",75,"Nouvelle-Aquitaine","33","Gironde",2,"H2",108,6481.692,3257.188,50,7,140
2018,"2015-2019",75,"Nouvelle-Aquitaine","40","Landes",2,"H2",36,3842.958,3023.086,43,11,142
2018,"2015-2019",75,"Nouvelle-Aquitaine","47","Lot-et-Garonne",2,"H2",92,7516.022,1718.104,45,6,146
2018,"2015-2019",75,"Nouvelle-Aquitaine","64","Pyrénées-Atlantiques",2,"H2",67,4385.41,2037.067,163,30,130
2018,"2015-2019",75,"Nouvelle-Aquitaine","79","Deux-Sèvres",2,"H2",54,9328.009,5903.277,41,6,121
2018,"2015-2019",75,"Nouvelle-Aquitaine","86","Vienne",2,"H2",58,9982.501,7401.509,45,4,113
2018,"2015-2019",75,"Nouvelle-Aquitaine","87","Haute-Vienne",1,"H1",35,4779.656,2927.456,63,10,121
2018,"2015-2019",76,"Occitanie","09","Ariège",2,"H2",47,4455.596,2380.793,169,19,128
2018,"2015-2019",76,"Occitanie","11","Aude",3,"H3",111,11590.731,6015.004,89,28,160
2018,"2015-2019",76,"Occitanie","12","Aveyron",2,"H2",54,14687.882,4196.539,112,22,139
2018,"2015-2019",76,"Occitanie","30","Gard",3,"H3",112,5956.955,3576.7,134,39,167
2018,"2015-2019",76,"Occitanie","31","Haute-Garonne",2,"H2",66,8427.362,4418.992,177,22,127
2018,"2015-2019",76,"Occitanie","32","Gers",2,"H2",146,21905.453,10963.54,37,13,136
2018,"2015-2019",76,"Occitanie","34","Hérault",3,"H3",137,7722.237,3755.545,65,43,168
2018,"2015-2019",76,"Occitanie","46","Lot",2,"H2",45,4298.521,1401.796,56,13,139
2018,"2015-2019",76,"Occitanie","48","Lozère",2,"H2",18,8639.392,3029.769,150,41,130
2018,"2015-2019",76,"Occitanie","65","Hautes-Pyrénées",2,"H2",45,3231.958,2333.175,221,21,120
2018,"2015-2019",76,"Occitanie","66","Pyrénées-Orientales",3,"H3",75,3831.729,1455.918,176,24,151
2018,"2015-2019",76,"Occitanie","81","Tarn",2,"H2",61,7529.752,3029.454,77,26,133
2018,"2015-2019",76,"Occitanie","82","Tarn-et-Garonne",2,"H2",64,4906.349,2479.107,40,9,143
2018,"2015-2019",84,"Auvergne-Rhône-Alpes","01","Ain",1,"H1",32,5014.504,2576.555,118,21,149
2018,"2015-2019",84,"Auvergne-Rhône-Alpes","03","Allier",1,"H1",20,2266.443,210.734,90,9,133
2018,"2015-2019",84,"Auvergne-Rhône-Alpes","07","Ardèche",2,"H2",67,4215.403,1854.003,128,46,157
2018,"2015-2019",84,"Auvergne-Rhône-Alpes","15","Cantal",1,"H1",23,5572.998,1173.408,141,16,139
2018,"2015-2019",84,"Auvergne-Rhône-Alpes","26","Drôme",2,"H2",98,6941.066,2610.252,129,18,166
2018,"2015-2019",84,"Auvergne-Rhône-Alpes","38","Isère",1,"H1",55,5634.591,3294.999,224,22,150
2018,"2015-2019",84,"Auvergne-Rhône-Alpes","42","Loire",1,"H1",45,7208.274,2601.616,124,10,131
2018,"2015-2019",84,"Auvergne-Rhône-Alpes","43","Haute-Loire",1,"H1",26,6482.157,1519.668,140,22,120
2018,"2015-2019",84,"Auvergne-Rhône-Alpes","63","Puy-de-Dôme",1,"H1",48,6295.036,2530.695,151,17,109
2018,"2015-2019",84,"Auvergne-Rhône-Alpes","69","Rhône",1,"H1",60,3935.391,1469.912,80,8,148
2018,"2015-2019",84,"Auvergne-Rhône-Alpes","73","Savoie",1,"H1",10,613.367,374.57,247,22,146
2018,"2015-2019",84,"Auvergne-Rhône-Alpes","74","Haute-Savoie",1,"H1",23,1295.597,509.588,345,19,138
2018,"2015-2019",93,"Provence-Alpes-Côte d'Azur","04","Alpes-de-Haute-Provence",2,"H2",28,6791.134,2920.704,198,26,159
2018,"2015-2019",93,"Provence-Alpes-Côte d'Azur","05","Hautes-Alpes",1,"H1",29,8156.882,1514.739,248,20,147
2018,"2015-2019",93,"Provence-Alpes-Côte d'Azur","06","Alpes-Maritimes",3,"H3",25,841.977,1715.867,174,22,152
2018,"2015-2019",93,"Provence-Alpes-Côte d'Azur","13","Bouches-du-Rhône",3,"H3",90,6797.207,3484.874,58,15,161
2018,"2015-2019",93,"Provence-Alpes-Côte d'Azur","83","Var",3,"H3",92,4886.341,2408.208,70,33,169
2018,"2015-2019",93,"Provence-Alpes-Côte d'Azur","84","Vaucluse",2,"H2",72,5889.542,2537.655,97,27,163
2018,"2015-2019",94,"Corse","2A","Corse-du-Sud",3,"H3",0,3356.725,1709.941,161,40,164
2018,"2015-2019",94,"Corse","2B","Haute-Corse",3,"H3",0,7020.843,4230.292,134,26,150
2019,"2015-2019",11,"Île-de-France","75","Paris",1,"H1",2,101.06,83.189,42,1,88
2019,"2015-2019",11,"Île-de-France","77","Seine-et-Marne",1,"H1",34,7288.278,3360.368,79,3,88
2019,"2015-2019",11,"Île-de-France","78","Yvelines",1,"H1",17,2905.169,1488.273,56,1,84
2019,"2015-2019",11,"Île-de-France","91","Essonne",1,"H1",17,4549.34,2033.043,60,1,82
2019,"2015-2019",11,"Île-de-France","92","Hauts-de-Seine",1,"H1",2,54.016,40.537,15,0,0
2019,"2015-2019",11,"Île-de-France","93","Seine-Saint-Denis",1,"H1",0,13.05,11.85,45,1,76
2019,"2015-2019",11,"Île-de-France","94","Val-de-Marne",1,"H1",0,23.6,2.46,34,1,87
2019,"2015-2019",11,"Île-de-France","95","Val-d'Oise",1,"H1",3,165.59,73.383,43,0,74
2019,"2015-2019",24,"Centre-Val de Loire","18","Cher",2,"H2",41,4880.922,2448.654,89,1,106
2019,"2015-2019",24,"Centre-Val de Loire","28","Eure-et-Loir",1,"H1",22,5873.41,2184.31,77,1,84
2019,"2015-2019",24,"Centre-Val de Loire","36","Indre",2,"H2",21,5797.53,2653.826,78,0,109
2019,"2015-2019",24,"Centre-Val de Loire","37","Indre-et-Loire",2,"H2",43,5056.197,1368.948,68,1,99
2019,"2015-2019",24,"Centre-Val de Loire","41","Loir-et-Cher",2,"H2",28,2662.129,1689.061,86,0,91
2019,"2015-2019",24,"Centre-Val de Loire","45","Loiret",1,"H1",19,3953.739,1880.946,72,1,99
2019,"2015-2019",27,"Bourgogne-Franche-Comté","21","Côte-d'Or",1,"H1",78,15995.14,8999.492,108,3,102
2019,"2015-2019",27,"Bourgogne-Franche-Comté","25","Doubs",1,"H1",13,2005.22,687.532,165,10,100
2019,"2015-2019",27,"Bourgogne-Franche-Comté","39","Jura",1,"H1",31,3391.42,1283.215,168,15,101
2019,"2015-2019",27,"Bourgogne-Franche-Comté","58","Nièvre",1,"H1",28,6663.479,3418.926,106,3,95
2019,"2015-2019",27,"Bourgogne-Franche-Comté","70","Haute-Saône",1,"H1",24,5541.56,2792.108,138,9,100
2019,"2015-2019",27,"Bourgogne-Franche-Comté","71","Saône-et-Loire",1,"H1",61,4227.494,2154.182,104,8,107
2019,"2015-2019",27,"Bourgogne-Franche-Comté","89","Yonne",1,"H1",57,21618.973,7821.296,91,1,100
2019,"2015-2019",27,"Bourgogne-Franche-Comté","90","Territoire de Belfort",1,"H1",1,181.53,171.375,141,8,81
2019,"2015-2019",28,"Normandie","14","Calvados",1,"H1",37,6241.254,4119.229,60,2,54
2019,"2015-2019",28,"Normandie","27","Eure",1,"H1",28,3298.333,1734.556,66,1,77
2019,"2015-2019",28,"Normandie","50","Manche",2,"H2",43,6848.971,3095.86,57,4,52
2019,"2015-2019",28,"Normandie","61","Orne",1,"H1",36,5024.319,2619.447,69,2,68
2019,"2015-2019",28,"Normandie","76","Seine-Maritime",1,"H1",29,2649.15,1100.661,55,7,80
2019,"2015-2019",32,"Hauts-de-France","02","Aisne",1,"H1",32,2514.121,1540.769,56,1,68
2019,"2015-2019",32,"Hauts-de-France","59","Nord",1,"H1",39,2345.95,1190.193,51,3,56
2019,"2015-2019",32,"Hauts-de-France","60","Oise",1,"H1",24,4954.443,2575.496,66,1,72
2019,"2015-2019",32,"Hauts-de-France","62","Pas-de-Calais",1,"H1",32,2078.62,986.541,52,2,54
2019,"2015-2019",32,"Hauts-de-France","80","Somme",1,"H1",24,1804.25,1120.091,49,1,63
2019,"2015-2019",44,"Grand Est","08","Ardennes",1,"H1",13,3769.099,1892.129,97,1,80
2019,"2015-2019",44,"Grand Est","10","Aube",1,"H1",29,5001.876,2445.807,87,2,90
2019,"2015-2019",44,"Grand Est","51","Marne",1,"H1",59,4536.481,2224.039,97,1,90
2019,"2015-2019",44,"Grand Est","52","Haute-Marne",1,"H1",19,10896.369,3331.893,109,2,93
2019,"2015-2019",44,"Grand Est","54","Meurthe-et-Moselle",1,"H1",26,8804.712,5594.506,92,1,81
2019,"2015-2019",44,"Grand Est","55","Meuse",1,"H1",29,5665.507,4618.622,92,0,80
2019,"2015-2019",44,"Grand Est","57","Moselle",1,"H1",17,4913.362,1699.177,109,1,89
2019,"2015-2019",44,"Grand Est","67","Bas-Rhin",1,"H1",76,3848.002,2195.27,139,3,96
2019,"2015-2019",44,"Grand Est","68","Haut-Rhin",1,"H1",48,2200.939,1398.08,141,16,94
2019,"2015-2019",44,"Grand Est","88","Vosges",1,"H1",31,3092.21,1924.44,117,9,90
2019,"2015-2019",52,"Pays de la Loire","44","Loire-Atlantique",2,"H2",103,16821.938,8103.563,39,1,72
2019,"2015-2019",52,"Pays de la Loire","49","Maine-et-Loire",2,"H2",96,11311.526,5703.298,50,0,88
2019,"2015-2019",52,"Pays de la Loire","53","Mayenne",2,"H2",41,7540.401,4390.883,65,3,73
2019,"2015-2019",52,"Pays de la Loire","72","Sarthe",2,"H2",26,3973.359,852.976,62,0,80
2019,"2015-2019",52,"Pays de la Loire","85","Vendée",2,"H2",70,13979.174,6633.469,48,2,79
2019,"2015-2019",53,"Bretagne","22","Côtes-d'Armor",2,"H2",86,8944.752,4332.646,42,1,66
2019,"2015-2019",53,"Bretagne","29","Finistère",2,"H2",79,7031.913,2975.169,29,2,45
2019,"2015-2019",53,"Bretagne","35","Ille-et-Vilaine",2,"H2",71,6967.67,3422.609,42,3,65
2019,"2015-2019",53,"Bretagne","56","Morbihan",2,"H2",63,6361.823,4190.325,50,8,70
2019,"2015-2019",75,"Nouvelle-Aquitaine","16","Charente",2,"H2",27,5937.016,2860.719,57,1,92
2019,"2015-2019",75,"Nouvelle-Aquitaine","17","Charente-Maritime",2,"H2",47,4535.745,2386.794,45,4,94
2019,"2015-2019",75,"Nouvelle-Aquitaine","19","Corrèze",1,"H1",39,2458.806,1673.014,117,9,100
2019,"2015-2019",75,"Nouvelle-Aquitaine","23","Creuse",1,"H1",14,2653.65,1276.951,110,7,88
2019,"2015-2019",75,"Nouvelle-Aquitaine","24","Dordogne",2,"H2",111,11118.962,4873.456,75,4,107
2019,"2015-2019",75,"Nouvelle-Aquitaine","33","Gironde",2,"H2",168,9444.129,5246.316,50,8,108
2019,"2015-2019",75,"Nouvelle-Aquitaine","40","Landes",2,"H2",45,4644.398,2052.516,54,15,130
2019,"2015-2019",75,"Nouvelle-Aquitaine","47","Lot-et-Garonne",2,"H2",67,8636.836,5491.787,52,2,110
2019,"2015-2019",75,"Nouvelle-Aquitaine","64","Pyrénées-Atlantiques",2,"H2",64,3921.052,1346.094,186,33,121
2019,"2015-2019",75,"Nouvelle-Aquitaine","79","Deux-Sèvres",2,"H2",58,13835.488,6725.989,54,7,88
2019,"2015-2019",75,"Nouvelle-Aquitaine","86","Vienne",2,"H2",34,11163.556,4495.863,63,6,90
2019,"2015-2019",75,"Nouvelle-Aquitaine","87","Haute-Vienne",1,"H1",32,5162.643,2098.214,92,7,91
2019,"2015-2019",76,"Occitanie","09","Ariège",2,"H2",51,5889.324,2384.562,198,10,111
2019,"2015-2019",76,"Occitanie","11","Aude",3,"H3",127,15174.646,6236.975,95,10,134
2019,"2015-2019",76,"Occitanie","12","Aveyron",2,"H2",71,8918.275,1618.554,140,16,111
2019,"2015-2019",76,"Occitanie","30","Gard",3,"H3",143,7824.941,4261.155,161,22,152
2019,"2015-2019",76,"Occitanie","31","Haute-Garonne",2,"H2",78,12309.995,7154.431,209,6,109
2019,"2015-2019",76,"Occitanie","32","Gers",2,"H2",160,28692.835,12703.918,47,7,109
2019,"2015-2019",76,"Occitanie","34","Hérault",3,"H3",139,9479.02,3129.535,105,17,149
2019,"2015-2019",76,"Occitanie","46","Lot",2,"H2",77,4258.387,3798.945,87,5,110
2019,"2015-2019",76,"Occitanie","48","Lozère",2,"H2",20,5315.272,926.738,174,26,112
2019,"2015-2019",76,"Occitanie","65","Hautes-Pyrénées",2,"H2",33,3469.874,634.146,240,17,108
2019,"2015-2019",76,"Occitanie","66","Pyrénées-Orientales",3,"H3",100,5076.331,4850.18,208,10,142
2019,"2015-2019",76,"Occitanie","81","Tarn",2,"H2",62,6977.382,2388.197,107,10,111
2019,"2015-2019",76,"Occitanie","82","Tarn-et-Garonne",2,"H2",37,5381.993,1697.397,71,4,121
2019,"2015-2019",84,"Auvergne-Rhône-Alpes","01","Ain",1,"H1",34,5159.381,2285.714,147,15,112
2019,"2015-2019",84,"Auvergne-Rhône-Alpes","03","Allier",1,"H1",15,2502.592,1320.824,121,2,105
2019,"2015-2019",84,"Auvergne-Rhône-Alpes","07","Ardèche",2,"H2",78,3104.029,1476.483,161,22,137
2019,"2015-2019",84,"Auvergne-Rhône-Alpes","15","Cantal",1,"H1",31,3930.769,2484.625,165,22,108
2019,"2015-2019",84,"Auvergne-Rhône-Alpes","26","Drôme",2,"H2",125,8181.711,4784.469,165,16,137
2019,"2015-2019",84,"Auvergne-Rhône-Alpes","38","Isère",1,"H1",83,5813.075,2198.018,248,35,124
2019,"2015-2019",84,"Auvergne-Rhône-Alpes","42","Loire",1,"H1",38,4204.443,1614.901,153,11,104
2019,"2015-2019",84,"Auvergne-Rhône-Alpes","43","Haute-Loire",1,"H1",37,4199.018,2012.672,169,12,97
2019,"2015-2019",84,"Auvergne-Rhône-Alpes","63","Puy-de-Dôme",1,"H1",46,4632.315,960.435,178,17,93
2019,"2015-2019",84,"Auvergne-Rhône-Alpes","69","Rhône",1,"H1",69,3796.807,1703.771,112,10,116
2019,"2015-2019",84,"Auvergne-Rhône-Alpes","73","Savoie",1,"H1",29,799.162,667.539,262,24,115
2019,"2015-2019",84,"Auvergne-Rhône-Alpes","74","Haute-Savoie",1,"H1",24,1184.776,1022.56,342,21,105
2019,"2015-2019",93,"Provence-Alpes-Côte d'Azur","04","Alpes-de-Haute-Provence",2,"H2",41,7943.922,3153.534,222,25,132
2019,"2015-2019",93,"Provence-Alpes-Côte d'Azur","05","Hautes-Alpes",1,"H1",24,5029.481,1977.957,266,21,130
2019,"2015-2019",93,"Provence-Alpes-Côte d'Azur","06","Alpes-Maritimes",3,"H3",28,1458.168,482.039,201,24,135
2019,"2015-2019",93,"Provence-Alpes-Côte d'Azur","13","Bouches-du-Rhône",3,"H3",92,9054.362,7450.301,81,11,147
2019,"2015-2019",93,"Provence-Alpes-Côte d'Azur","83","Var",3,"H3",97,6478.243,2587.77,114,18,153
2019,"2015-2019",93,"Provence-Alpes-Côte d'Azur","84","Vaucluse",2,"H2",109,6754.104,2612.045,150,13,140
2019,"2015-2019",94,"Corse","2A","Corse-du-Sud",3,"H3",0,4275.554,2428.536,192,32,157
2019,"2015-2019",94,"Corse","2B","Haute-Corse",3,"H3",0,2847.66,-371.697,148,24,145
2020,"2020-2024",11,"Île-de-France","75","Paris",1,"H1",8,34.68,-212.861,28,1,99
2020,"2020-2024",11,"Île-de-France","77","Seine-et-Marne",1,"H1",35,6628.922,2519.597,65,1,106
2020,"2020-2024",11,"Île-de-France","78","Yvelines",1,"H1",16,3288.784,1505.865,45,1,94
2020,"2020-2024",11,"Île-de-France","91","Essonne",1,"H1",12,3542.04,1003.567,43,3,87
2020,"2020-2024",11,"Île-de-France","92","Hauts-de-Seine",1,"H1",0,43.405,-24.981,5,1,85
2020,"2020-2024",11,"Île-de-France","93","Seine-Saint-Denis",1,"H1",1,13.523,18.623,27,1,83
2020,"2020-2024",11,"Île-de-France","94","Val-de-Marne",1,"H1",1,0.19,-44.38,22,0,107
2020,"2020-2024",11,"Île-de-France","95","Val-d'Oise",1,"H1",4,91.316,75.4,29,2,81
2020,"2020-2024",24,"Centre-Val de Loire","18","Cher",2,"H2",57,6873.883,3411.276,63,1,117
2020,"2020-2024",24,"Centre-Val de Loire","28","Eure-et-Loir",1,"H1",15,4620.413,1423.012,61,0,96
2020,"2020-2024",24,"Centre-Val de Loire","36","Indre",2,"H2",36,5366.476,1825.154,56,4,123
2020,"2020-2024",24,"Centre-Val de Loire","37","Indre-et-Loire",2,"H2",60,3949.229,2103.972,46,0,106
2020,"2020-2024",24,"Centre-Val de Loire","41","Loir-et-Cher",2,"H2",24,3297.514,1115.661,59,2,94
2020,"2020-2024",24,"Centre-Val de Loire","45","Loiret",1,"H1",24,4211.453,1788.437,55,1,109
2020,"2020-2024",27,"Bourgogne-Franche-Comté","21","Côte-d'Or",1,"H1",121,16049.232,6433.809,90,2,109
2020,"2020-2024",27,"Bourgogne-Franche-Comté","25","Doubs",1,"H1",31,2453.387,1216.152,168,10,104
2020,"2020-2024",27,"Bourgogne-Franche-Comté","39","Jura",1,"H1",36,2638.697,1370.587,161,10,118
2020,"2020-2024",27,"Bourgogne-Franche-Comté","58","Nièvre",1,"H1",39,6928.587,2740.987,80,5,105
2020,"2020-2024",27,"Bourgogne-Franche-Comté","70","Haute-Saône",1,"H1",25,6108.297,2631.427,118,13,112
2020,"2020-2024",27,"Bourgogne-Franche-Comté","71","Saône-et-Loire",1,"H1",48,4529.443,1805.704,85,7,121
2020,"2020-2024",27,"Bourgogne-Franche-Comté","89","Yonne",1,"H1",63,19243.796,7434.015,69,2,116
2020,"2020-2024",27,"Bourgogne-Franche-Comté","90","Territoire de Belfort",1,"H1",0,242.683,167.017,121,9,95
2020,"2020-2024",28,"Normandie","14","Calvados",1,"H1",39,7210.324,3098.746,41,4,63
2020,"2020-2024",28,"Normandie","27","Eure",1,"H1",26,4098.169,2603.181,46,1,84
2020,"2020-2024",28,"Normandie","50","Manche",2,"H2",46,6796.964,2858.882,42,7,63
2020,"2020-2024",28,"Normandie","61","Orne",1,"H1",29,5250.038,1986.948,53,1,80
2020,"2020-2024",28,"Normandie","76","Seine-Maritime",1,"H1",31,2994.83,1564.247,42,4,90
2020,"2020-2024",32,"Hauts-de-France","02","Aisne",1,"H1",36,3402.036,1659.575,46,1,90
2020,"2020-2024",32,"Hauts-de-France","59","Nord",1,"H1",43,2168.713,1462.518,39,4,63
2020,"2020-2024",32,"Hauts-de-France","60","Oise",1,"H1",27,4452.186,1013.835,56,1,88
2020,"2020-2024",32,"Hauts-de-France","62","Pas-de-Calais",1,"H1",22,2644.819,1661.17,44,5,54
2020,"2020-2024",32,"Hauts-de-France","80","Somme",1,"H1",18,2563.845,1347.272,50,2,75
2020,"2020-2024",44,"Grand Est","08","Ardennes",1,"H1",12,4774.625,2708.922,71,2,91
2020,"2020-2024",44,"Grand Est","10","Aube",1,"H1",50,6296.9,4183.963,66,3,104
2020,"2020-2024",44,"Grand Est","51","Marne",1,"H1",128,5736.689,3235.176,79,2,104
2020,"2020-2024",44,"Grand Est","52","Haute-Marne",1,"H1",39,9770.362,5673.946,91,2,104
2020,"2020-2024",44,"Grand Est","54","Meurthe-et-Moselle",1,"H1",41,11011.703,5158.973,76,2,94
2020,"2020-2024",44,"Grand Est","55","Meuse",1,"H1",22,7238.691,2414.933,75,3,95
2020,"2020-2024",44,"Grand Est","57","Moselle",1,"H1",38,7771.826,5447.651,101,4,92
2020,"2020-2024",44,"Grand Est","67","Bas-Rhin",1,"H1",89,5022.353,2200.975,127,5,109
2020,"2020-2024",44,"Grand Est","68","Haut-Rhin",1,"H1",85,2805.194,1494.874,120,17,110
2020,"2020-2024",44,"Grand Est","88","Vosges",1,"H1",22,3995.597,2451.713,110,9,93
2020,"2020-2024",52,"Pays de la Loire","44","Loire-Atlantique",2,"H2",94,15492.004,5079.503,31,6,85
2020,"2020-2024",52,"Pays de la Loire","49","Maine-et-Loire",2,"H2",96,11765.271,4099.812,37,6,101
2020,"2020-2024",52,"Pays de la Loire","53","Mayenne",2,"H2",55,7333.576,2517.647,52,4,94
2020,"2020-2024",52,"Pays de la Loire","72","Sarthe",2,"H2",32,3490.285,1655.341,43,0,93
2020,"2020-2024",52,"Pays de la Loire","85","Vendée",2,"H2",68,12238.571,4531.65,32,7,96
2020,"2020-2024",53,"Bretagne","22","Côtes-d'Armor",2,"H2",64,7993.988,2794.499,29,7,68
2020,"2020-2024",53,"Bretagne","29","Finistère",2,"H2",91,6455.803,2926.225,17,13,50
2020,"2020-2024",53,"Bretagne","35","Ille-et-Vilaine",2,"H2",87,8802.955,3952.956,30,5,66
2020,"2020-2024",53,"Bretagne","56","Morbihan",2,"H2",68,5897.171,1291.072,35,10,74
2020,"2020-2024",75,"Nouvelle-Aquitaine","16","Charente",2,"H2",39,6059.539,2658.482,36,2,111
2020,"2020-2024",75,"Nouvelle-Aquitaine","17","Charente-Maritime",2,"H2",57,3990.346,1926.992,22,4,104
2020,"2020-2024",75,"Nouvelle-Aquitaine","19","Corrèze",1,"H1",31,2893.005,1191.61,108,9,108
2020,"2020-2024",75,"Nouvelle-Aquitaine","23","Creuse",1,"H1",16,2839.56,1010.102,97,10,89
2020,"2020-2024",75,"Nouvelle-Aquitaine","24","Dordogne",2,"H2",129,9568.109,3412.518,52,5,123
2020,"2020-2024",75,"Nouvelle-Aquitaine","33","Gironde",2,"H2",229,14965.637,7932.096,29,7,123
2020,"2020-2024",75,"Nouvelle-Aquitaine","40","Landes",2,"H2",31,3070.756,2493.204,48,17,135
2020,"2020-2024",75,"Nouvelle-Aquitaine","47","Lot-et-Garonne",2,"H2",99,9052.558,4659.317,38,8,121
2020,"2020-2024",75,"Nouvelle-Aquitaine","64","Pyrénées-Atlantiques",2,"H2",68,3291.648,1860.153,150,29,130
2020,"2020-2024",75,"Nouvelle-Aquitaine","79","Deux-Sèvres",2,"H2",55,12792.288,5065.186,53,1,95
2020,"2020-2024",75,"Nouvelle-Aquitaine","86","Vienne",2,"H2",50,8736.995,2999.596,39,2,95
2020,"2020-2024",75,"Nouvelle-Aquitaine","87","Haute-Vienne",1,"H1",36,5845.656,1829.207,64,7,93
2020,"2020-2024",76,"Occitanie","09","Ariège",2,"H2",74,7013.432,3871.073,159,11,118
2020,"2020-2024",76,"Occitanie","11","Aude",3,"H3",143,13450.972,4129.428,83,11,137
2020,"2020-2024",76,"Occitanie","12","Aveyron",2,"H2",72,7490.345,3475.178,114,15,111
2020,"2020-2024",76,"Occitanie","30","Gard",3,"H3",184,11283.366,5342.105,133,19,151
2020,"2020-2024",76,"Occitanie","31","Haute-Garonne",2,"H2",118,13626.481,6020.841,175,8,118
2020,"2020-2024",76,"Occitanie","32","Gers",2,"H2",191,27663.36,12011.703,37,12,126
2020,"2020-2024",76,"Occitanie","34","Hérault",3,"H3",137,10662.031,3755.422,82,20,143
2020,"2020-2024",76,"Occitanie","46","Lot",2,"H2",72,6049.824,2929.376,71,9,112
2020,"2020-2024",76,"Occitanie","48","Lozère",2,"H2",34,5538.169,2615.837,156,22,113
2020,"2020-2024",76,"Occitanie","65","Hautes-Pyrénées",2,"H2",33,1799.005,407.516,241,12,113
2020,"2020-2024",76,"Occitanie","66","Pyrénées-Orientales",3,"H3",71,6398.841,1200.867,179,17,138
2020,"2020-2024",76,"Occitanie","81","Tarn",2,"H2",82,5988.488,2788.178,81,15,117
2020,"2020-2024",76,"Occitanie","82","Tarn-et-Garonne",2,"H2",50,4669.766,2481.226,44,4,123
2020,"2020-2024",84,"Auvergne-Rhône-Alpes","01","Ain",1,"H1",28,4005.786,2225.19,128,14,116
2020,"2020-2024",84,"Auvergne-Rhône-Alpes","03","Allier",1,"H1",22,2207.205,381.709,98,4,118
2020,"2020-2024",84,"Auvergne-Rhône-Alpes","07","Ardèche",2,"H2",92,4102.754,775.143,121,24,139
2020,"2020-2024",84,"Auvergne-Rhône-Alpes","15","Cantal",1,"H1",13,2835.485,-717.635,138,23,113
2020,"2020-2024",84,"Auvergne-Rhône-Alpes","26","Drôme",2,"H2",186,10809.987,5647.889,158,12,141
2020,"2020-2024",84,"Auvergne-Rhône-Alpes","38","Isère",1,"H1",96,6505.299,3736.392,251,22,139
2020,"2020-2024",84,"Auvergne-Rhône-Alpes","42","Loire",1,"H1",43,3327.221,1622.402,122,7,117
2020,"2020-2024",84,"Auvergne-Rhône-Alpes","43","Haute-Loire",1,"H1",36,3124.387,707.491,144,8,102
2020,"2020-2024",84,"Auvergne-Rhône-Alpes","63","Puy-de-Dôme",1,"H1",49,3996.982,1816.189,160,15,99
2020,"2020-2024",84,"Auvergne-Rhône-Alpes","69","Rhône",1,"H1",89,4525.062,2623.746,89,6,131
2020,"2020-2024",84,"Auvergne-Rhône-Alpes","73","Savoie",1,"H1",26,1085.571,796.955,270,17,124
2020,"2020-2024",84,"Auvergne-Rhône-Alpes","74","Haute-Savoie",1,"H1",25,1339.033,839.647,226,17,112
2020,"2020-2024",93,"Provence-Alpes-Côte d'Azur","04","Alpes-de-Haute-Provence",2,"H2",51,8717.663,3045.992,216,10,135
2020,"2020-2024",93,"Provence-Alpes-Côte d'Azur","05","Hautes-Alpes",1,"H1",26,5117.738,3252.311,275,11,112
2020,"2020-2024",93,"Provence-Alpes-Côte d'Azur","06","Alpes-Maritimes",3,"H3",38,1337.509,1004.469,186,17,135
2020,"2020-2024",93,"Provence-Alpes-Côte d'Azur","13","Bouches-du-Rhône",3,"H3",111,10594.46,3628.502,57,6,144
2020,"2020-2024",93,"Provence-Alpes-Côte d'Azur","83","Var",3,"H3",110,5553.757,4156.715,137,13,147
2020,"2020-2024",93,"Provence-Alpes-Côte d'Azur","84","Vaucluse",2,"H2",115,7409.866,2768.777,135,10,135
2020,"2020-2024",94,"Corse","2A","Corse-du-Sud",3,"H3",0,2939.248,826.878,119,29,149
2020,"2020-2024",94,"Corse","2B","Haute-Corse",3,"H3",0,3249.676,2264.957,127,18,144
2021,"2020-2024",11,"Île-de-France","75","Paris",1,"H1",12,36.14,1.684,49,4,67
2021,"2020-2024",11,"Île-de-France","77","Seine-et-Marne",1,"H1",31,5311.654,1618.053,91,3,71
2021,"2020-2024",11,"Île-de-France","78","Yvelines",1,"H1",13,2492.28,816.916,67,2,57
2021,"2020-2024",11,"Île-de-France","91","Essonne",1,"H1",17,3528.834,1432.914,71,3,55
2021,"2020-2024",11,"Île-de-France","92","Hauts-de-Seine",1,"H1",0,0.025,-49.31,19,1,55
2021,"2020-2024",11,"Île-de-France","93","Seine-Saint-Denis",1,"H1",1,0,0.041,48,1,50
2021,"2020-2024",11,"Île-de-France","94","Val-de-Marne",1,"H1",0,3.6,14.95,42,2,65
2021,"2020-2024",11,"Île-de-France","95","Val-d'Oise",1,"H1",5,84.946,52.41,58,2,46
2021,"2020-2024",24,"Centre-Val de Loire","18","Cher",2,"H2",53,6810.392,3333.986,103,6,87
2021,"2020-2024",24,"Centre-Val de Loire","28","Eure-et-Loir",1,"H1",13,3410.501,1595.947,93,2,62
2021,"2020-2024",24,"Centre-Val de Loire","36","Indre",2,"H2",26,5242.665,2077.238,103,3,98
2021,"2020-2024",24,"Centre-Val de Loire","37","Indre-et-Loire",2,"H2",56,4640.835,1475.535,78,4,83
2021,"2020-2024",24,"Centre-Val de Loire","41","Loir-et-Cher",2,"H2",32,3296.404,996.692,90,1,64
2021,"2020-2024",24,"Centre-Val de Loire","45","Loiret",1,"H1",21,3451.555,826.58,83,4,68
2021,"2020-2024",27,"Bourgogne-Franche-Comté","21","Côte-d'Or",1,"H1",134,16829.649,8288.892,120,4,70
2021,"2020-2024",27,"Bourgogne-Franche-Comté","25","Doubs",1,"H1",27,2449.726,378.742,183,10,75
2021,"2020-2024",27,"Bourgogne-Franche-Comté","39","Jura",1,"H1",41,3745.843,1972.987,176,14,85
2021,"2020-2024",27,"Bourgogne-Franche-Comté","58","Nièvre",1,"H1",34,7897.099,4112.164,122,4,76
2021,"2020-2024",27,"Bourgogne-Franche-Comté","70","Haute-Saône",1,"H1",22,4423.571,1130.855,153,15,73
2021,"2020-2024",27,"Bourgogne-Franche-Comté","71","Saône-et-Loire",1,"H1",75,6157.709,2355.423,120,6,82
2021,"2020-2024",27,"Bourgogne-Franche-Comté","89","Yonne",1,"H1",49,13407.475,2531.147,107,2,68
2021,"2020-2024",27,"Bourgogne-Franche-Comté","90","Territoire de Belfort",1,"H1",0,105.49,-222.648,156,10,67
2021,"2020-2024",28,"Normandie","14","Calvados",1,"H1",51,5711.594,2122.363,78,5,46
2021,"2020-2024",28,"Normandie","27","Eure",1,"H1",21,3762.835,1375.532,69,2,52
2021,"2020-2024",28,"Normandie","50","Manche",2,"H2",55,7806.981,3341.015,90,5,35
2021,"2020-2024",28,"Normandie","61","Orne",1,"H1",41,5887.475,1636.311,96,3,38
2021,"2020-2024",28,"Normandie","76","Seine-Maritime",1,"H1",21,2484.74,671.207,75,1,60
2021,"2020-2024",32,"Hauts-de-France","02","Aisne",1,"H1",30,3555.336,1759.698,80,2,55
2021,"2020-2024",32,"Hauts-de-France","59","Nord",1,"H1",33,2313.693,1388.686,61,6,44
2021,"2020-2024",32,"Hauts-de-France","60","Oise",1,"H1",17,3047.301,1886.018,82,4,54
2021,"2020-2024",32,"Hauts-de-France","62","Pas-de-Calais",1,"H1",31,2809.923,1192.768,67,3,35
2021,"2020-2024",32,"Hauts-de-France","80","Somme",1,"H1",19,2267.116,563.3,85,6,45
2021,"2020-2024",44,"Grand Est","08","Ardennes",1,"H1",13,4001.574,60.393,117,4,55
2021,"2020-2024",44,"Grand Est","10","Aube",1,"H1",50,6978.525,3372.455,107,2,72
2021,"2020-2024",44,"Grand Est","51","Marne",1,"H1",105,5212.233,1775.091,103,3,67
2021,"2020-2024",44,"Grand Est","52","Haute-Marne",1,"H1",40,8775.661,3438.355,133,3,67
2021,"2020-2024",44,"Grand Est","54","Meurthe-et-Moselle",1,"H1",25,7663.55,1997.518,114,4,61
2021,"2020-2024",44,"Grand Est","55","Meuse",1,"H1",32,6365.065,3387.822,112,3,60
2021,"2020-2024",44,"Grand Est","57","Moselle",1,"H1",34,7027.834,1284.765,132,4,62
2021,"2020-2024",44,"Grand Est","67","Bas-Rhin",1,"H1",64,5352.007,1793.531,157,7,74
2021,"2020-2024",44,"Grand Est","68","Haut-Rhin",1,"H1",59,3096.25,968.595,157,20,72
2021,"2020-2024",44,"Grand Est","88","Vosges",1,"H1",31,4051.687,1472.628,146,16,59
2021,"2020-2024",52,"Pays de la Loire","44","Loire-Atlantique",2,"H2",97,11966.312,3636.131,70,4,67
2021,"2020-2024",52,"Pays de la Loire","49","Maine-et-Loire",2,"H2",101,11174.389,4099.695,71,4,77
2021,"2020-2024",52,"Pays de la Loire","53","Mayenne",2,"H2",52,6351.977,2476.129,83,2,45
2021,"2020-2024",52,"Pays de la Loire","72","Sarthe",2,"H2",24,2792.529,166.306,80,3,58
2021,"2020-2024",52,"Pays de la Loire","85","Vendée",2,"H2",59,9222.57,2375.919,68,3,75
2021,"2020-2024",53,"Bretagne","22","Côtes-d'Armor",2,"H2",97,7529.644,3772.731,60,3,38
2021,"2020-2024",53,"Bretagne","29","Finistère",2,"H2",72,5411.753,2117.833,45,2,29
2021,"2020-2024",53,"Bretagne","35","Ille-et-Vilaine",2,"H2",73,9479.512,3966.662,71,2,41
2021,"2020-2024",53,"Bretagne","56","Morbihan",2,"H2",70,4708.654,2439.638,74,3,35
2021,"2020-2024",75,"Nouvelle-Aquitaine","16","Charente",2,"H2",49,5596.149,2077.43,75,0,91
2021,"2020-2024",75,"Nouvelle-Aquitaine","17","Charente-Maritime",2,"H2",40,4225.17,1746.353,56,1,83
2021,"2020-2024",75,"Nouvelle-Aquitaine","19","Corrèze",1,"H1",46,2933.582,1813.715,150,12,90
2021,"2020-2024",75,"Nouvelle-Aquitaine","23","Creuse",1,"H1",35,3826.027,1834.829,134,7,63
2021,"2020-2024",75,"Nouvelle-Aquitaine","24","Dordogne",2,"H2",149,10673.664,4550.614,77,6,100
2021,"2020-2024",75,"Nouvelle-Aquitaine","33","Gironde",2,"H2",194,20989.155,9238.671,65,4,108
2021,"2020-2024",75,"Nouvelle-Aquitaine","40","Landes",2,"H2",29,1961.632,948.208,65,4,106
2021,"2020-2024",75,"Nouvelle-Aquitaine","47","Lot-et-Garonne",2,"H2",94,8619.991,3300.025,65,2,107
2021,"2020-2024",75,"Nouvelle-Aquitaine","64","Pyrénées-Atlantiques",2,"H2",100,3417.622,1435.741,157,19,113
2021,"2020-2024",75,"Nouvelle-Aquitaine","79","Deux-Sèvres",2,"H2",58,9725.271,2730.063,83,3,86
2021,"2020-2024",75,"Nouvelle-Aquitaine","86","Vienne",2,"H2",58,9726.011,5784.953,79,4,83
2021,"2020-2024",75,"Nouvelle-Aquitaine","87","Haute-Vienne",1,"H1",50,5462.58,2381.065,98,6,61
2021,"2020-2024",76,"Occitanie","09","Ariège",2,"H2",72,7463.936,1992.172,184,6,102
2021,"2020-2024",76,"Occitanie","11","Aude",3,"H3",169,15224.074,8163.511,85,12,129
2021,"2020-2024",76,"Occitanie","12","Aveyron",2,"H2",79,7373.274,1274.248,136,9,95
2021,"2020-2024",76,"Occitanie","30","Gard",3,"H3",157,14598.757,6473.408,149,15,139
2021,"2020-2024",76,"Occitanie","31","Haute-Garonne",2,"H2",159,11178.156,1743.544,198,6,111
2021,"2020-2024",76,"Occitanie","32","Gers",2,"H2",222,29501.84,16931.23,44,0,109
2021,"2020-2024",76,"Occitanie","34","Hérault",3,"H3",134,10871.093,4007.882,109,16,137
2021,"2020-2024",76,"Occitanie","46","Lot",2,"H2",80,6673.312,517.239,91,9,103
2021,"2020-2024",76,"Occitanie","48","Lozère",2,"H2",38,5784.732,1919.807,181,14,103
2021,"2020-2024",76,"Occitanie","65","Hautes-Pyrénées",2,"H2",44,1653.105,1263.512,239,8,101
2021,"2020-2024",76,"Occitanie","66","Pyrénées-Orientales",3,"H3",71,5537.364,1745.975,199,10,146
2021,"2020-2024",76,"Occitanie","81","Tarn",2,"H2",84,6682.131,2987.762,103,9,104
2021,"2020-2024",76,"Occitanie","82","Tarn-et-Garonne",2,"H2",155,6708.16,3845.814,67,3,114
2021,"2020-2024",84,"Auvergne-Rhône-Alpes","01","Ain",1,"H1",30,3778.886,527.001,149,19,93
2021,"2020-2024",84,"Auvergne-Rhône-Alpes","03","Allier",1,"H1",24,2149.349,-370.743,135,10,86
2021,"2020-2024",84,"Auvergne-Rhône-Alpes","07","Ardèche",2,"H2",89,4782.401,1774.91,162,17,130
2021,"2020-2024",84,"Auvergne-Rhône-Alpes","15","Cantal",1,"H1",19,1993.477,854.414,172,18,86
2021,"2020-2024",84,"Auvergne-Rhône-Alpes","26","Drôme",2,"H2",146,11011.848,946.869,178,16,130
2021,"2020-2024",84,"Auvergne-Rhône-Alpes","38","Isère",1,"H1",92,6145.705,1688.818,254,22,121
2021,"2020-2024",84,"Auvergne-Rhône-Alpes","42","Loire",1,"H1",44,3544.851,1521,156,14,93
2021,"2020-2024",84,"Auvergne-Rhône-Alpes","43","Haute-Loire",1,"H1",40,3348.852,1901.57,176,4,94
2021,"2020-2024",84,"Auvergne-Rhône-Alpes","63","Puy-de-Dôme",1,"H1",51,4490.003,2097.191,197,22,75
2021,"2020-2024",84,"Auvergne-Rhône-Alpes","69","Rhône",1,"H1",73,4828.98,1503.568,121,7,103
2021,"2020-2024",84,"Auvergne-Rhône-Alpes","73","Savoie",1,"H1",31,952.234,345.649,276,15,105
2021,"2020-2024",84,"Auvergne-Rhône-Alpes","74","Haute-Savoie",1,"H1",33,1122.846,616.459,325,21,91
2021,"2020-2024",93,"Provence-Alpes-Côte d'Azur","04","Alpes-de-Haute-Provence",2,"H2",44,8702.527,2454.97,231,6,123
2021,"2020-2024",93,"Provence-Alpes-Côte d'Azur","05","Hautes-Alpes",1,"H1",49,6562.794,2630.984,269,11,113
2021,"2020-2024",93,"Provence-Alpes-Côte d'Azur","06","Alpes-Maritimes",3,"H3",38,731.949,316.998,201,11,138
2021,"2020-2024",93,"Provence-Alpes-Côte d'Azur","13","Bouches-du-Rhône",3,"H3",104,8840.255,5450.667,76,10,139
2021,"2020-2024",93,"Provence-Alpes-Côte d'Azur","83","Var",3,"H3",105,7262.231,2599.544,147,13,146
2021,"2020-2024",93,"Provence-Alpes-Côte d'Azur","84","Vaucluse",2,"H2",179,9455.901,4429.469,157,11,137
2021,"2020-2024",94,"Corse","2A","Corse-du-Sud",3,"H3",0,1348.941,2480.077,163,19,146
2021,"2020-2024",94,"Corse","2B","Haute-Corse",3,"H3",0,6489.286,5174.835,136,9,148
2022,"2020-2024",11,"Île-de-France","75","Paris",1,"H1",3,21.081,4.934,46,0,94
2022,"2020-2024",11,"Île-de-France","77","Seine-et-Marne",1,"H1",16,3320.791,2490.429,77,3,105
2022,"2020-2024",11,"Île-de-France","78","Yvelines",1,"H1",7,1172.447,585.16,54,2,94
2022,"2020-2024",11,"Île-de-France","91","Essonne",1,"H1",5,2382.726,247.241,48,1,95
2022,"2020-2024",11,"Île-de-France","92","Hauts-de-Seine",1,"H1",2,100.87,104.238,21,0,90
2022,"2020-2024",11,"Île-de-France","93","Seine-Saint-Denis",1,"H1",0,2.42,2.231,35,1,93
2022,"2020-2024",11,"Île-de-France","94","Val-de-Marne",1,"H1",0,3.6,-19.12,27,0,94
2022,"2020-2024",11,"Île-de-France","95","Val-d'Oise",1,"H1",2,113.746,40.506,42,0,83
2022,"2020-2024",24,"Centre-Val de Loire","18","Cher",2,"H2",35,4473.834,497.374,76,1,122
2022,"2020-2024",24,"Centre-Val de Loire","28","Eure-et-Loir",1,"H1",15,2369.084,1132.85,74,3,96
2022,"2020-2024",24,"Centre-Val de Loire","36","Indre",2,"H2",20,4651.239,1578.021,72,1,134
2022,"2020-2024",24,"Centre-Val de Loire","37","Indre-et-Loire",2,"H2",38,4581.591,1249.31,57,1,114
2022,"2020-2024",24,"Centre-Val de Loire","41","Loir-et-Cher",2,"H2",27,2736.423,867.495,61,1,105
2022,"2020-2024",24,"Centre-Val de Loire","45","Loiret",1,"H1",20,1658.714,119.641,62,1,107
2022,"2020-2024",27,"Bourgogne-Franche-Comté","21","Côte-d'Or",1,"H1",47,12443.396,1857.607,92,1,114
2022,"2020-2024",27,"Bourgogne-Franche-Comté","25","Doubs",1,"H1",16,1247.929,445.744,152,10,116
2022,"2020-2024",27,"Bourgogne-Franche-Comté","39","Jura",1,"H1",36,3452.276,630.872,150,9,117
2022,"2020-2024",27,"Bourgogne-Franche-Comté","58","Nièvre",1,"H1",22,5329.709,1008.539,88,3,113
2022,"2020-2024",27,"Bourgogne-Franche-Comté","70","Haute-Saône",1,"H1",12,2059.588,-1156.348,114,9,111
2022,"2020-2024",27,"Bourgogne-Franche-Comté","71","Saône-et-Loire",1,"H1",50,4503.237,419.709,97,1,125
2022,"2020-2024",27,"Bourgogne-Franche-Comté","89","Yonne",1,"H1",39,6753.601,1874.913,74,1,109
2022,"2020-2024",27,"Bourgogne-Franche-Comté","90","Territoire de Belfort",1,"H1",3,150.936,101.694,113,9,105
2022,"2020-2024",28,"Normandie","14","Calvados",1,"H1",27,3937.692,645.697,51,1,75
2022,"2020-2024",28,"Normandie","27","Eure",1,"H1",21,2316.395,500.806,46,1,89
2022,"2020-2024",28,"Normandie","50","Manche",2,"H2",26,5240.607,359.151,57,4,72
2022,"2020-2024",28,"Normandie","61","Orne",1,"H1",35,3830.554,1078.698,63,1,83
2022,"2020-2024",28,"Normandie","76","Seine-Maritime",1,"H1",13,1918.978,803.109,58,2,82
2022,"2020-2024",32,"Hauts-de-France","02","Aisne",1,"H1",8,2758.907,1129.871,73,0,91
2022,"2020-2024",32,"Hauts-de-France","59","Nord",1,"H1",22,1683.286,310.226,50,0,81
2022,"2020-2024",32,"Hauts-de-France","60","Oise",1,"H1",10,1857.014,-43.944,70,0,88
2022,"2020-2024",32,"Hauts-de-France","62","Pas-de-Calais",1,"H1",12,1780.076,623.849,53,6,70
2022,"2020-2024",32,"Hauts-de-France","80","Somme",1,"H1",11,1123.474,-56.178,67,2,81
2022,"2020-2024",44,"Grand Est","08","Ardennes",1,"H1",15,2358.679,586.882,93,0,100
2022,"2020-2024",44,"Grand Est","10","Aube",1,"H1",12,5927.104,2461.543,78,2,109
2022,"2020-2024",44,"Grand Est","51","Marne",1,"H1",48,3942.857,2512.892,84,4,102
2022,"2020-2024",44,"Grand Est","52","Haute-Marne",1,"H1",11,4904.52,739.982,106,1,106
2022,"2020-2024",44,"Grand Est","54","Meurthe-et-Moselle",1,"H1",16,3564.101,551.942,86,1,105
2022,"2020-2024",44,"Grand Est","55","Meuse",1,"H1",16,4130.138,859.785,86,4,101
2022,"2020-2024",44,"Grand Est","57","Moselle",1,"H1",18,3426.132,80.992,100,2,102
2022,"2020-2024",44,"Grand Est","67","Bas-Rhin",1,"H1",20,2980.704,397.599,119,4,118
2022,"2020-2024",44,"Grand Est","68","Haut-Rhin",1,"H1",24,2203.161,207.367,118,13,118
2022,"2020-2024",44,"Grand Est","88","Vosges",1,"H1",19,2205.039,414.505,112,14,98
2022,"2020-2024",52,"Pays de la Loire","44","Loire-Atlantique",2,"H2",67,9051.874,2873.344,47,2,102
2022,"2020-2024",52,"Pays de la Loire","49","Maine-et-Loire",2,"H2",76,8099.296,1737.806,50,1,108
2022,"2020-2024",52,"Pays de la Loire","53","Mayenne",2,"H2",34,3852.985,182.031,53,1,95
2022,"2020-2024",52,"Pays de la Loire","72","Sarthe",2,"H2",34,2461.276,436.506,53,2,104
2022,"2020-2024",52,"Pays de la Loire","85","Vendée",2,"H2",52,6259.313,1559.701,48,1,107
2022,"2020-2024",53,"Bretagne","22","Côtes-d'Armor",2,"H2",77,5858.233,1055.526,37,4,71
2022,"2020-2024",53,"Bretagne","29","Finistère",2,"H2",77,4277.526,1216.811,38,3,60
2022,"2020-2024",53,"Bretagne","35","Ille-et-Vilaine",2,"H2",53,5335.941,1469.879,42,4,86
2022,"2020-2024",53,"Bretagne","56","Morbihan",2,"H2",75,3079.101,233.249,44,4,80
2022,"2020-2024",75,"Nouvelle-Aquitaine","16","Charente",2,"H2",20,3411.188,-586.414,61,1,131
2022,"2020-2024",75,"Nouvelle-Aquitaine","17","Charente-Maritime",2,"H2",35,2549.263,122.028,53,1,121
2022,"2020-2024",75,"Nouvelle-Aquitaine","19","Corrèze",1,"H1",31,2286.435,245.149,101,5,143
2022,"2020-2024",75,"Nouvelle-Aquitaine","23","Creuse",1,"H1",44,4428.779,2425.436,104,5,115
2022,"2020-2024",75,"Nouvelle-Aquitaine","24","Dordogne",2,"H2",130,9416.917,2771.068,68,1,147
2022,"2020-2024",75,"Nouvelle-Aquitaine","33","Gironde",2,"H2",96,18190.909,2159.582,53,0,147
2022,"2020-2024",75,"Nouvelle-Aquitaine","40","Landes",2,"H2",23,1093.91,-749.868,55,5,154
2022,"2020-2024",75,"Nouvelle-Aquitaine","47","Lot-et-Garonne",2,"H2",65,7238.651,157.035,52,0,147
2022,"2020-2024",75,"Nouvelle-Aquitaine","64","Pyrénées-Atlantiques",2,"H2",67,2929.392,1235.823,141,16,148
2022,"2020-2024",75,"Nouvelle-Aquitaine","79","Deux-Sèvres",2,"H2",37,5233.166,660.309,63,1,114
2022,"2020-2024",75,"Nouvelle-Aquitaine","86","Vienne",2,"H2",32,6360.768,-2914.794,65,1,120
2022,"2020-2024",75,"Nouvelle-Aquitaine","87","Haute-Vienne",1,"H1",56,4231.02,-969.988,68,1,117
2022,"2020-2024",76,"Occitanie","09","Ariège",2,"H2",85,5621.689,219.765,155,5,147
2022,"2020-2024",76,"Occitanie","11","Aude",3,"H3",108,14253.99,2632.842,79,6,171
2022,"2020-2024",76,"Occitanie","12","Aveyron",2,"H2",76,7008.065,1249.948,98,9,146
2022,"2020-2024",76,"Occitanie","30","Gard",3,"H3",114,13449.261,2950.171,127,17,173
2022,"2020-2024",76,"Occitanie","31","Haute-Garonne",2,"H2",111,7897.281,2532.28,174,3,153
2022,"2020-2024",76,"Occitanie","32","Gers",2,"H2",102,20684.405,1478.38,44,2,149
2022,"2020-2024",76,"Occitanie","34","Hérault",3,"H3",113,10992.49,2930.394,84,13,166
2022,"2020-2024",76,"Occitanie","46","Lot",2,"H2",51,6041.356,2399.954,75,4,156
2022,"2020-2024",76,"Occitanie","48","Lozère",2,"H2",43,5008.54,1110.479,139,18,127
2022,"2020-2024",76,"Occitanie","65","Hautes-Pyrénées",2,"H2",32,1496.001,-134.394,205,11,149
2022,"2020-2024",76,"Occitanie","66","Pyrénées-Orientales",3,"H3",55,3848.942,-1582.802,166,7,166
2022,"2020-2024",76,"Occitanie","81","Tarn",2,"H2",82,5088.785,-176.619,75,8,148
2022,"2020-2024",76,"Occitanie","82","Tarn-et-Garonne",2,"H2",69,5940.37,-125.857,53,1,150
2022,"2020-2024",84,"Auvergne-Rhône-Alpes","01","Ain",1,"H1",30,2830.553,822.974,131,8,130
2022,"2020-2024",84,"Auvergne-Rhône-Alpes","03","Allier",1,"H1",35,1927.807,-123.89,95,2,123
2022,"2020-2024",84,"Auvergne-Rhône-Alpes","07","Ardèche",2,"H2",114,4020.199,644.929,134,27,168
2022,"2020-2024",84,"Auvergne-Rhône-Alpes","15","Cantal",1,"H1",26,2384.739,-69.564,129,14,128
2022,"2020-2024",84,"Auvergne-Rhône-Alpes","26","Drôme",2,"H2",117,10394.451,4963.118,151,14,162
2022,"2020-2024",84,"Auvergne-Rhône-Alpes","38","Isère",1,"H1",75,3827.035,234.697,225,17,152
2022,"2020-2024",84,"Auvergne-Rhône-Alpes","42","Loire",1,"H1",31,2080.155,380.882,129,2,137
2022,"2020-2024",84,"Auvergne-Rhône-Alpes","43","Haute-Loire",1,"H1",50,2863.356,41.904,147,3,132
2022,"2020-2024",84,"Auvergne-Rhône-Alpes","63","Puy-de-Dôme",1,"H1",48,3689.449,1565.668,140,10,121
2022,"2020-2024",84,"Auvergne-Rhône-Alpes","69","Rhône",1,"H1",46,3304.265,682.382,88,3,137
2022,"2020-2024",84,"Auvergne-Rhône-Alpes","73","Savoie",1,"H1",22,683.072,-905.909,232,11,136
2022,"2020-2024",84,"Auvergne-Rhône-Alpes","74","Haute-Savoie",1,"H1",24,1006.591,373.066,336,15,126
2022,"2020-2024",93,"Provence-Alpes-Côte d'Azur","04","Alpes-de-Haute-Provence",2,"H2",45,11790.618,6271.741,195,9,152
2022,"2020-2024",93,"Provence-Alpes-Côte d'Azur","05","Hautes-Alpes",1,"H1",35,4305.771,-2169.345,231,7,143
2022,"2020-2024",93,"Provence-Alpes-Côte d'Azur","06","Alpes-Maritimes",3,"H3",47,1685.507,958.834,183,6,166
2022,"2020-2024",93,"Provence-Alpes-Côte d'Azur","13","Bouches-du-Rhône",3,"H3",63,6630.242,367.818,73,4,178
2022,"2020-2024",93,"Provence-Alpes-Côte d'Azur","83","Var",3,"H3",107,5538.604,-470.625,121,12,175
2022,"2020-2024",93,"Provence-Alpes-Côte d'Azur","84","Vaucluse",2,"H2",107,8557.898,2101.702,123,12,176
2022,"2020-2024",94,"Corse","2A","Corse-du-Sud",3,"H3",0,1337.766,-1166.34,163,17,178
2022,"2020-2024",94,"Corse","2B","Haute-Corse",3,"H3",0,7848.848,4037.399,124,11,174
2023,"2020-2024",11,"Île-de-France","75","Paris",1,"H1",5,28.534,169.021,40,1,100
2023,"2020-2024",11,"Île-de-France","77","Seine-et-Marne",1,"H1",14,1935.813,-1536.524,61,2,114
2023,"2020-2024",11,"Île-de-France","78","Yvelines",1,"H1",8,782.018,-368.79,50,0,99
2023,"2020-2024",11,"Île-de-France","91","Essonne",1,"H1",3,1102.606,391.188,48,0,103
2023,"2020-2024",11,"Île-de-France","92","Hauts-de-Seine",1,"H1",3,12.153,2.302,15,0,88
2023,"2020-2024",11,"Île-de-France","93","Seine-Saint-Denis",1,"H1",1,3.26,0.898,32,1,97
2023,"2020-2024",11,"Île-de-France","94","Val-de-Marne",1,"H1",4,1.877,32.842,23,0,101
2023,"2020-2024",11,"Île-de-France","95","Val-d'Oise",1,"H1",0,77.93,-46.685,39,0,82
2023,"2020-2024",24,"Centre-Val de Loire","18","Cher",2,"H2",15,2585.567,30.965,62,0,124
2023,"2020-2024",24,"Centre-Val de Loire","28","Eure-et-Loir",1,"H1",10,1427.707,-139.867,58,1,92
2023,"2020-2024",24,"Centre-Val de Loire","36","Indre",2,"H2",14,3366.929,-1016.792,59,3,128
2023,"2020-2024",24,"Centre-Val de Loire","37","Indre-et-Loire",2,"H2",32,3004.546,-296.168,46,0,116
2023,"2020-2024",24,"Centre-Val de Loire","41","Loir-et-Cher",2,"H2",12,1822.643,-405.42,56,0,110
2023,"2020-2024",24,"Centre-Val de Loire","45","Loiret",1,"H1",12,1099.254,-210.401,55,1,113
2023,"2020-2024",27,"Bourgogne-Franche-Comté","21","Côte-d'Or",1,"H1",52,6223.704,502.664,75,2,123
2023,"2020-2024",27,"Bourgogne-Franche-Comté","25","Doubs",1,"H1",21,578.817,-541.159,137,9,114
2023,"2020-2024",27,"Bourgogne-Franche-Comté","39","Jura",1,"H1",44,2190.928,579.271,136,11,118
2023,"2020-2024",27,"Bourgogne-Franche-Comté","58","Nièvre",1,"H1",19,2351.972,-1301.025,71,2,121
2023,"2020-2024",27,"Bourgogne-Franche-Comté","70","Haute-Saône",1,"H1",18,1935.392,-508.027,108,9,114
2023,"2020-2024",27,"Bourgogne-Franche-Comté","71","Saône-et-Loire",1,"H1",46,2998.716,-286.91,78,4,126
2023,"2020-2024",27,"Bourgogne-Franche-Comté","89","Yonne",1,"H1",26,4719.821,925.517,64,0,112
2023,"2020-2024",27,"Bourgogne-Franche-Comté","90","Territoire de Belfort",1,"H1",1,119.666,-179.015,112,10,108
2023,"2020-2024",28,"Normandie","14","Calvados",1,"H1",30,2137.327,-2146.675,43,1,68
2023,"2020-2024",28,"Normandie","27","Eure",1,"H1",15,1021.367,-393.298,46,0,84
2023,"2020-2024",28,"Normandie","50","Manche",2,"H2",37,2447.469,-1244.357,47,5,59
2023,"2020-2024",28,"Normandie","61","Orne",1,"H1",22,2365.283,-950.533,54,2,70
2023,"2020-2024",28,"Normandie","76","Seine-Maritime",1,"H1",9,1302.831,-242.98,49,3,78
2023,"2020-2024",32,"Hauts-de-France","02","Aisne",1,"H1",9,1266.295,-696.035,59,1,95
2023,"2020-2024",32,"Hauts-de-France","59","Nord",1,"H1",16,819.124,-857.713,41,2,75
2023,"2020-2024",32,"Hauts-de-France","60","Oise",1,"H1",5,992.94,-809.907,57,0,86
2023,"2020-2024",32,"Hauts-de-France","62","Pas-de-Calais",1,"H1",10,555.373,-937.627,40,5,61
2023,"2020-2024",32,"Hauts-de-France","80","Somme",1,"H1",8,465.028,-196.386,53,4,74
2023,"2020-2024",44,"Grand Est","08","Ardennes",1,"H1",9,1480.394,-1239.146,66,4,89
2023,"2020-2024",44,"Grand Est","10","Aube",1,"H1",17,3139.868,-300.899,67,0,112
2023,"2020-2024",44,"Grand Est","51","Marne",1,"H1",33,2456.26,-1763.706,62,2,105
2023,"2020-2024",44,"Grand Est","52","Haute-Marne",1,"H1",18,2136.658,614.835,87,3,112
2023,"2020-2024",44,"Grand Est","54","Meurthe-et-Moselle",1,"H1",13,2025.437,-1591.001,75,1,103
2023,"2020-2024",44,"Grand Est","55","Meuse",1,"H1",20,1325.626,-1498.27,72,3,100
2023,"2020-2024",44,"Grand Est","57","Moselle",1,"H1",21,1865.399,156.466,79,4,102
2023,"2020-2024",44,"Grand Est","67","Bas-Rhin",1,"H1",11,1280.848,-1170.992,106,3,120
2023,"2020-2024",44,"Grand Est","68","Haut-Rhin",1,"H1",23,994.059,-884.478,110,13,120
2023,"2020-2024",44,"Grand Est","88","Vosges",1,"H1",12,919.471,-1302.023,91,12,105
2023,"2020-2024",52,"Pays de la Loire","44","Loire-Atlantique",2,"H2",81,8527.144,1303.561,41,3,98
2023,"2020-2024",52,"Pays de la Loire","49","Maine-et-Loire",2,"H2",64,5769.82,660.609,45,2,115
2023,"2020-2024",52,"Pays de la Loire","53","Mayenne",2,"H2",33,2692.981,-1006.885,45,1,82
2023,"2020-2024",52,"Pays de la Loire","72","Sarthe",2,"H2",28,2044.405,-1072.517,46,0,100
2023,"2020-2024",52,"Pays de la Loire","85","Vendée",2,"H2",37,4607.047,-144.205,43,2,114
2023,"2020-2024",53,"Bretagne","22","Côtes-d'Armor",2,"H2",62,3744.539,-813.477,34,0,69
2023,"2020-2024",53,"Bretagne","29","Finistère",2,"H2",79,3614.837,-864.172,28,1,45
2023,"2020-2024",53,"Bretagne","35","Ille-et-Vilaine",2,"H2",60,4218.441,-952.019,41,2,88
2023,"2020-2024",53,"Bretagne","56","Morbihan",2,"H2",65,2757.47,418.537,42,3,68
2023,"2020-2024",75,"Nouvelle-Aquitaine","16","Charente",2,"H2",27,1524.592,-1075.706,47,1,132
2023,"2020-2024",75,"Nouvelle-Aquitaine","17","Charente-Maritime",2,"H2",33,1509.553,-467.614,43,4,122
2023,"2020-2024",75,"Nouvelle-Aquitaine","19","Corrèze",1,"H1",67,2615.414,738.903,91,9,132
2023,"2020-2024",75,"Nouvelle-Aquitaine","23","Creuse",1,"H1",27,2369.33,-941.334,84,4,118
2023,"2020-2024",75,"Nouvelle-Aquitaine","24","Dordogne",2,"H2",119,6276.042,-972.895,64,1,140
2023,"2020-2024",75,"Nouvelle-Aquitaine","33","Gironde",2,"H2",68,10795.738,-2192.657,46,7,142
2023,"2020-2024",75,"Nouvelle-Aquitaine","40","Landes",2,"H2",25,572.421,-2296.78,59,13,151
2023,"2020-2024",75,"Nouvelle-Aquitaine","47","Lot-et-Garonne",2,"H2",79,4661.512,-2274.233,56,1,143
2023,"2020-2024",75,"Nouvelle-Aquitaine","64","Pyrénées-Atlantiques",2,"H2",83,2059.419,-2111.437,154,29,147
2023,"2020-2024",75,"Nouvelle-Aquitaine","79","Deux-Sèvres",2,"H2",35,2837.435,-1109.481,47,5,121
2023,"2020-2024",75,"Nouvelle-Aquitaine","86","Vienne",2,"H2",29,3087.232,-1969.207,52,2,124
2023,"2020-2024",75,"Nouvelle-Aquitaine","87","Haute-Vienne",1,"H1",52,4074.611,-22.054,68,7,113
2023,"2020-2024",76,"Occitanie","09","Ariège",2,"H2",114,3718.028,16.703,163,8,141
2023,"2020-2024",76,"Occitanie","11","Aude",3,"H3",121,9962.023,-2748.475,85,8,162
2023,"2020-2024",76,"Occitanie","12","Aveyron",2,"H2",83,5666.228,-1941.034,105,8,136
2023,"2020-2024",76,"Occitanie","30","Gard",3,"H3",102,8172.567,-67.994,131,13,155
2023,"2020-2024",76,"Occitanie","31","Haute-Garonne",2,"H2",119,5355.326,-2508.227,166,1,151
2023,"2020-2024",76,"Occitanie","32","Gers",2,"H2",144,13643.163,-7374.371,43,4,148
2023,"2020-2024",76,"Occitanie","34","Hérault",3,"H3",111,9890.873,1974.729,85,12,156
2023,"2020-2024",76,"Occitanie","46","Lot",2,"H2",73,5469.372,1332.421,80,3,139
2023,"2020-2024",76,"Occitanie","48","Lozère",2,"H2",37,4020.157,-3792.548,144,16,126
2023,"2020-2024",76,"Occitanie","65","Hautes-Pyrénées",2,"H2",78,1250.591,898.898,225,17,143
2023,"2020-2024",76,"Occitanie","66","Pyrénées-Orientales",3,"H3",67,3853,1577.922,174,3,170
2023,"2020-2024",76,"Occitanie","81","Tarn",2,"H2",92,4553.069,-731.069,84,7,141
2023,"2020-2024",76,"Occitanie","82","Tarn-et-Garonne",2,"H2",70,3539.089,-1584.174,57,0,144
2023,"2020-2024",84,"Auvergne-Rhône-Alpes","01","Ain",1,"H1",19,2085.583,-78.956,127,14,130
2023,"2020-2024",84,"Auvergne-Rhône-Alpes","03","Allier",1,"H1",23,1933.533,-333.789,89,3,125
2023,"2020-2024",84,"Auvergne-Rhône-Alpes","07","Ardèche",2,"H2",103,4459.971,233.701,125,20,149
2023,"2020-2024",84,"Auvergne-Rhône-Alpes","15","Cantal",1,"H1",30,2306.489,-759.979,131,18,122
2023,"2020-2024",84,"Auvergne-Rhône-Alpes","26","Drôme",2,"H2",97,6567.354,-1955.484,149,16,149
2023,"2020-2024",84,"Auvergne-Rhône-Alpes","38","Isère",1,"H1",69,2459.965,-602.424,239,31,143
2023,"2020-2024",84,"Auvergne-Rhône-Alpes","42","Loire",1,"H1",38,2215.018,1325.294,123,8,132
2023,"2020-2024",84,"Auvergne-Rhône-Alpes","43","Haute-Loire",1,"H1",32,1915.846,-246.443,136,7,129
2023,"2020-2024",84,"Auvergne-Rhône-Alpes","63","Puy-de-Dôme",1,"H1",49,2151.495,-1447.463,136,18,126
2023,"2020-2024",84,"Auvergne-Rhône-Alpes","69","Rhône",1,"H1",34,2210.509,85.879,78,4,133
2023,"2020-2024",84,"Auvergne-Rhône-Alpes","73","Savoie",1,"H1",29,823.128,884.224,245,27,128
2023,"2020-2024",84,"Auvergne-Rhône-Alpes","74","Haute-Savoie",1,"H1",24,532.394,-732.652,325,30,123
2023,"2020-2024",93,"Provence-Alpes-Côte d'Azur","04","Alpes-de-Haute-Provence",2,"H2",61,10343.711,1015.533,204,12,137
2023,"2020-2024",93,"Provence-Alpes-Côte d'Azur","05","Hautes-Alpes",1,"H1",56,7237.421,5225.989,257,17,136
2023,"2020-2024",93,"Provence-Alpes-Côte d'Azur","06","Alpes-Maritimes",3,"H3",62,2274.101,578.309,193,15,163
2023,"2020-2024",93,"Provence-Alpes-Côte d'Azur","13","Bouches-du-Rhône",3,"H3",82,5271.046,-2729.243,76,3,165
2023,"2020-2024",93,"Provence-Alpes-Côte d'Azur","83","Var",3,"H3",68,4450.772,277.825,121,14,175
2023,"2020-2024",93,"Provence-Alpes-Côte d'Azur","84","Vaucluse",2,"H2",93,9673.253,3195.905,131,5,158
2023,"2020-2024",94,"Corse","2A","Corse-du-Sud",3,"H3",0,2540.735,-574.6,163,28,178
2023,"2020-2024",94,"Corse","2B","Haute-Corse",3,"H3",0,4130.922,-4594.717,127,17,175
2024,"2020-2024",11,"Île-de-France","75","Paris",1,"H1",4,2.948,-49.657,33,2,66
2024,"2020-2024",11,"Île-de-France","77","Seine-et-Marne",1,"H1",13,1880.122,102.226,50,6,73
2024,"2020-2024",11,"Île-de-France","78","Yvelines",1,"H1",8,236.249,-725.389,43,2,64
2024,"2020-2024",11,"Île-de-France","91","Essonne",1,"H1",10,674.969,-345.294,38,3,62
2024,"2020-2024",11,"Île-de-France","92","Hauts-de-Seine",1,"H1",3,3.57,143.933,14,1,55
2024,"2020-2024",11,"Île-de-France","93","Seine-Saint-Denis",1,"H1",0,2.57,-31.172,26,2,60
2024,"2020-2024",11,"Île-de-France","94","Val-de-Marne",1,"H1",2,9.897,5.462,22,2,60
2024,"2020-2024",11,"Île-de-France","95","Val-d'Oise",1,"H1",3,23,-61.792,34,2,53
2024,"2020-2024",24,"Centre-Val de Loire","18","Cher",2,"H2",15,1423.115,-604.106,55,5,89
2024,"2020-2024",24,"Centre-Val de Loire","28","Eure-et-Loir",1,"H1",10,682.327,-1827.023,50,5,60
2024,"2020-2024",24,"Centre-Val de Loire","36","Indre",2,"H2",13,2551.685,-281.765,45,6,91
2024,"2020-2024",24,"Centre-Val de Loire","37","Indre-et-Loire",2,"H2",39,1984.859,-876.416,35,4,71
2024,"2020-2024",24,"Centre-Val de Loire","41","Loir-et-Cher",2,"H2",16,1676.15,1.062,45,4,68
2024,"2020-2024",24,"Centre-Val de Loire","45","Loiret",1,"H1",16,833.846,-289.641,44,1,75
2024,"2020-2024",27,"Bourgogne-Franche-Comté","21","Côte-d'Or",1,"H1",83,7868.403,-391.554,66,6,80
2024,"2020-2024",27,"Bourgogne-Franche-Comté","25","Doubs",1,"H1",17,781.099,470.172,150,9,85
2024,"2020-2024",27,"Bourgogne-Franche-Comté","39","Jura",1,"H1",36,2043.729,-260.341,148,10,88
2024,"2020-2024",27,"Bourgogne-Franche-Comté","58","Nièvre",1,"H1",16,2410.721,94.212,68,8,77
2024,"2020-2024",27,"Bourgogne-Franche-Comté","70","Haute-Saône",1,"H1",6,1956.432,-1454.592,115,15,82
2024,"2020-2024",27,"Bourgogne-Franche-Comté","71","Saône-et-Loire",1,"H1",60,2663.585,923.263,74,8,87
2024,"2020-2024",27,"Bourgogne-Franche-Comté","89","Yonne",1,"H1",16,3851.416,-3788.157,54,5,73
2024,"2020-2024",27,"Bourgogne-Franche-Comté","90","Territoire de Belfort",1,"H1",0,75.173,-68.262,108,12,76
2024,"2020-2024",28,"Normandie","14","Calvados",1,"H1",30,1366.821,-1825.847,34,4,37
2024,"2020-2024",28,"Normandie","27","Eure",1,"H1",9,622.312,-207.256,34,2,58
2024,"2020-2024",28,"Normandie","50","Manche",2,"H2",41,2393.522,-736.853,37,5,30
2024,"2020-2024",28,"Normandie","61","Orne",1,"H1",30,2281.657,161.117,49,5,36
2024,"2020-2024",28,"Normandie","76","Seine-Maritime",1,"H1",16,649.275,-222.079,39,3,54
2024,"2020-2024",32,"Hauts-de-France","02","Aisne",1,"H1",6,871.671,-644.457,44,1,59
2024,"2020-2024",32,"Hauts-de-France","59","Nord",1,"H1",19,480.321,-522.042,32,1,54
2024,"2020-2024",32,"Hauts-de-France","60","Oise",1,"H1",7,704.491,-344.008,41,3,55
2024,"2020-2024",32,"Hauts-de-France","62","Pas-de-Calais",1,"H1",12,768.193,707.921,33,4,44
2024,"2020-2024",32,"Hauts-de-France","80","Somme",1,"H1",8,268.61,-653.781,41,1,50
2024,"2020-2024",44,"Grand Est","08","Ardennes",1,"H1",6,761.824,-1405.415,52,6,61
2024,"2020-2024",44,"Grand Est","10","Aube",1,"H1",13,1863.885,223.36,54,1,77
2024,"2020-2024",44,"Grand Est","51","Marne",1,"H1",43,1816.472,-248.244,58,2,74
2024,"2020-2024",44,"Grand Est","52","Haute-Marne",1,"H1",11,1952.09,-677.763,70,6,68
2024,"2020-2024",44,"Grand Est","54","Meurthe-et-Moselle",1,"H1",19,1118.886,-2276.751,54,4,73
2024,"2020-2024",44,"Grand Est","55","Meuse",1,"H1",20,2338.947,882.996,51,3,74
2024,"2020-2024",44,"Grand Est","57","Moselle",1,"H1",17,1949.307,-2856.448,68,4,74
2024,"2020-2024",44,"Grand Est","67","Bas-Rhin",1,"H1",18,1073.697,-0.635,97,4,91
2024,"2020-2024",44,"Grand Est","68","Haut-Rhin",1,"H1",19,704.264,231.751,109,12,88
2024,"2020-2024",44,"Grand Est","88","Vosges",1,"H1",9,871.797,-1172.119,94,11,75
2024,"2020-2024",52,"Pays de la Loire","44","Loire-Atlantique",2,"H2",215,6647.918,-1560.895,29,3,57
2024,"2020-2024",52,"Pays de la Loire","49","Maine-et-Loire",2,"H2",54,3794.32,-996.361,36,3,71
2024,"2020-2024",52,"Pays de la Loire","53","Mayenne",2,"H2",21,2068.447,269.583,40,5,43
2024,"2020-2024",52,"Pays de la Loire","72","Sarthe",2,"H2",23,1572.622,-275.74,45,5,57
2024,"2020-2024",52,"Pays de la Loire","85","Vendée",2,"H2",114,2744.198,-1046.93,30,4,70
2024,"2020-2024",53,"Bretagne","22","Côtes-d'Armor",2,"H2",67,2334.293,-410.866,24,2,39
2024,"2020-2024",53,"Bretagne","29","Finistère",2,"H2",100,3182.615,-49.599,22,7,19
2024,"2020-2024",53,"Bretagne","35","Ille-et-Vilaine",2,"H2",64,2734.357,-705.016,35,2,48
2024,"2020-2024",53,"Bretagne","56","Morbihan",2,"H2",60,2318.335,1255.044,34,5,30
2024,"2020-2024",75,"Nouvelle-Aquitaine","16","Charente",2,"H2",31,1365.531,-1460.143,34,2,85
2024,"2020-2024",75,"Nouvelle-Aquitaine","17","Charente-Maritime",2,"H2",40,1209.055,-1054.263,26,2,79
2024,"2020-2024",75,"Nouvelle-Aquitaine","19","Corrèze",1,"H1",41,2899.698,127.101,90,16,99
2024,"2020-2024",75,"Nouvelle-Aquitaine","23","Creuse",1,"H1",39,2099.672,653.609,74,9,74
2024,"2020-2024",75,"Nouvelle-Aquitaine","24","Dordogne",2,"H2",102,4799.594,-1137.961,42,4,99
2024,"2020-2024",75,"Nouvelle-Aquitaine","33","Gironde",2,"H2",65,5871.087,-3349.088,30,6,98
2024,"2020-2024",75,"Nouvelle-Aquitaine","40","Landes",2,"H2",45,920.599,-699.981,37,12,111
2024,"2020-2024",75,"Nouvelle-Aquitaine","47","Lot-et-Garonne",2,"H2",63,3789.752,-1984.199,31,2,99
2024,"2020-2024",75,"Nouvelle-Aquitaine","64","Pyrénées-Atlantiques",2,"H2",88,1957.768,641.331,144,26,122
2024,"2020-2024",75,"Nouvelle-Aquitaine","79","Deux-Sèvres",2,"H2",20,2303.632,-1645.906,35,4,72
2024,"2020-2024",75,"Nouvelle-Aquitaine","86","Vienne",2,"H2",25,2296.169,-2327.125,40,2,78
2024,"2020-2024",75,"Nouvelle-Aquitaine","87","Haute-Vienne",1,"H1",50,2768.484,-1190.14,58,7,74
2024,"2020-2024",76,"Occitanie","09","Ariège",2,"H2",150,5310.556,3532.031,163,7,104
2024,"2020-2024",76,"Occitanie","11","Aude",3,"H3",108,10119.708,333.36,76,8,143
2024,"2020-2024",76,"Occitanie","12","Aveyron",2,"H2",98,5107.985,-837.523,100,16,97
2024,"2020-2024",76,"Occitanie","30","Gard",3,"H3",111,8810.669,1011.266,133,30,139
2024,"2020-2024",76,"Occitanie","31","Haute-Garonne",2,"H2",219,9582.434,750.927,118,7,110
2024,"2020-2024",76,"Occitanie","32","Gers",2,"H2",298,19467.247,-6774.959,26,1,100
2024,"2020-2024",76,"Occitanie","34","Hérault",3,"H3",108,8491.937,-225.973,70,22,144
2024,"2020-2024",76,"Occitanie","46","Lot",2,"H2",78,6450.831,319.066,62,5,109
2024,"2020-2024",76,"Occitanie","48","Lozère",2,"H2",36,4157.675,-1303.87,154,32,90
2024,"2020-2024",76,"Occitanie","65","Hautes-Pyrénées",2,"H2",109,2087.665,-714.864,228,12,108
2024,"2020-2024",76,"Occitanie","66","Pyrénées-Orientales",3,"H3",67,2467.982,-4208.976,175,7,148
2024,"2020-2024",76,"Occitanie","81","Tarn",2,"H2",95,4473.593,848.515,74,8,91
2024,"2020-2024",76,"Occitanie","82","Tarn-et-Garonne",2,"H2",127,4903.029,669.264,30,3,96
2024,"2020-2024",84,"Auvergne-Rhône-Alpes","01","Ain",1,"H1",32,1712.047,-441.583,128,9,98
2024,"2020-2024",84,"Auvergne-Rhône-Alpes","03","Allier",1,"H1",30,2444.752,1094.392,89,8,91
2024,"2020-2024",84,"Auvergne-Rhône-Alpes","07","Ardèche",2,"H2",100,4675.183,63.442,128,29,128
2024,"2020-2024",84,"Auvergne-Rhône-Alpes","15","Cantal",1,"H1",20,2347.217,-585.028,139,23,77
2024,"2020-2024",84,"Auvergne-Rhône-Alpes","26","Drôme",2,"H2",84,5228.597,-2362.534,146,14,124
2024,"2020-2024",84,"Auvergne-Rhône-Alpes","38","Isère",1,"H1",65,2019.505,-288.615,250,33,116
2024,"2020-2024",84,"Auvergne-Rhône-Alpes","42","Loire",1,"H1",37,1849.333,-1210.323,120,13,93
2024,"2020-2024",84,"Auvergne-Rhône-Alpes","43","Haute-Loire",1,"H1",40,1996.867,136.653,141,13,87
2024,"2020-2024",84,"Auvergne-Rhône-Alpes","63","Puy-de-Dôme",1,"H1",51,2570.814,758.198,133,10,85
2024,"2020-2024",84,"Auvergne-Rhône-Alpes","69","Rhône",1,"H1",38,1853.459,-293.597,80,9,105
2024,"2020-2024",84,"Auvergne-Rhône-Alpes","73","Savoie",1,"H1",13,1268.092,316.565,263,23,100
2024,"2020-2024",84,"Auvergne-Rhône-Alpes","74","Haute-Savoie",1,"H1",17,650.833,1184.7,339,21,91
2024,"2020-2024",93,"Provence-Alpes-Côte d'Azur","04","Alpes-de-Haute-Provence",2,"H2",52,8197.616,-2979.738,212,11,112
2024,"2020-2024",93,"Provence-Alpes-Côte d'Azur","05","Hautes-Alpes",1,"H1",39,5379.455,-1897.91,272,21,103
2024,"2020-2024",93,"Provence-Alpes-Côte d'Azur","06","Alpes-Maritimes",3,"H3",52,1764.404,460.05,189,29,143
2024,"2020-2024",93,"Provence-Alpes-Côte d'Azur","13","Bouches-du-Rhône",3,"H3",79,5305.805,-4553.976,64,8,161
2024,"2020-2024",93,"Provence-Alpes-Côte d'Azur","83","Var",3,"H3",106,4721.518,924.675,114,24,156
2024,"2020-2024",93,"Provence-Alpes-Côte d'Azur","84","Vaucluse",2,"H2",71,6460.402,-69.781,120,13,153
2024,"2020-2024",94,"Corse","2A","Corse-du-Sud",3,"H3",0,2686.313,-2830.47,159,20,176
2024,"2020-2024",94,"Corse","2B","Haute-Corse",3,"H3",0,5584.152,275.937,124,26,162
