"code_departement";"nom_departement";"code_region";"nom_region";"id_zone_climatique";"nom_zone";"annee";"tranche_annees";"type_alerte";"nb_alertes"
"01";"Ain";84;"Auvergne-Rhône-Alpes";1;"H1";2010;"2010-2014";"Gel";151
"01";"Ain";84;"Auvergne-Rhône-Alpes";1;"H1";2010;"2010-2014";"Inondation";13
"01";"Ain";84;"Auvergne-Rhône-Alpes";1;"H1";2010;"2010-2014";"Sécheresse";92
"01";"Ain";84;"Auvergne-Rhône-Alpes";1;"H1";2011;"2010-2014";"Gel";132
"01";"Ain";84;"Auvergne-Rhône-Alpes";1;"H1";2011;"2010-2014";"Inondation";17
"01";"Ain";84;"Auvergne-Rhône-Alpes";1;"H1";2011;"2010-2014";"Sécheresse";120
"01";"Ain";84;"Auvergne-Rhône-Alpes";1;"H1";2012;"2010-2014";"Gel";158
"01";"Ain";84;"Auvergne-Rhône-Alpes";1;"H1";2012;"2010-2014";"Inondation";24
"01";"Ain";84;"Auvergne-Rhône-Alpes";1;"H1";2012;"2010-2014";"Sécheresse";106
"01";"Ain";84;"Auvergne-Rhône-Alpes";1;"H1";2013;"2010-2014";"Gel";157
"01";"Ain";84;"Auvergne-Rhône-Alpes";1;"H1";2013;"2010-2014";"Inondation";23
"01";"Ain";84;"Auvergne-Rhône-Alpes";1;"H1";2013;"2010-2014";"Sécheresse";91
"01";"Ain";84;"Auvergne-Rhône-Alpes";1;"H1";2014;"2010-2014";"Gel";122
"01";"Ain";84;"Auvergne-Rhône-Alpes";1;"H1";2014;"2010-2014";"Inondation";17
"01";"Ain";84;"Auvergne-Rhône-Alpes";1;"H1";2014;"2010-2014";"Sécheresse";98
"01";"Ain";84;"Auvergne-Rhône-Alpes";1;"H1";2015;"2015-2019";"Gel";151
"01";"Ain";84;"Auvergne-Rhône-Alpes";1;"H1";2015;"2015-2019";"Inondation";17
"01";"Ain";84;"Auvergne-Rhône-Alpes";1;"H1";2015;"2015-2019";"Sécheresse";107
"01";"Ain";84;"Auvergne-Rhône-Alpes";1;"H1";2016;"2015-2019";"Gel";159
"01";"Ain";84;"Auvergne-Rhône-Alpes";1;"H1";2016;"2015-2019";"Inondation";21
"01";"Ain";84;"Auvergne-Rhône-Alpes";1;"H1";2016;"2015-2019";"Sécheresse";101
"01";"Ain";84;"Auvergne-Rhône-Alpes";1;"H1";2017;"2015-2019";"Gel";156
"01";"Ain";84;"Auvergne-Rhône-Alpes";1;"H1";2017;"2015-2019";"Inondation";16
"01";"Ain";84;"Auvergne-Rhône-Alpes";1;"H1";2017;"2015-2019";"Sécheresse";117
"01";"Ain";84;"Auvergne-Rhône-Alpes";1;"H1";2018;"2015-2019";"Gel";118
"01";"Ain";84;"Auvergne-Rhône-Alpes";1;"H1";2018;"2015-2019";"Inondation";21
"01";"Ain";84;"Auvergne-Rhône-Alpes";1;"H1";2018;"2015-2019";"Sécheresse";149
"01";"Ain";84;"Auvergne-Rhône-Alpes";1;"H1";2019;"2015-2019";"Gel";147
"01";"Ain";84;"Auvergne-Rhône-Alpes";1;"H1";2019;"2015-2019";"Inondation";15
"01";"Ain";84;"Auvergne-Rhône-Alpes";1;"H1";2019;"2015-2019";"Sécheresse";112
"01";"Ain";84;"Auvergne-Rhône-Alpes";1;"H1";2020;"2020-2024";"Gel";128
"01";"Ain";84;"Auvergne-Rhône-Alpes";1;"H1";2020;"2020-2024";"Inondation";14
"01";"Ain";84;"Auvergne-Rhône-Alpes";1;"H1";2020;"2020-2024";"Sécheresse";116
"01";"Ain";84;"Auvergne-Rhône-Alpes";1;"H1";2021;"2020-2024";"Gel";149
"01";"Ain";84;"Auvergne-Rhône-Alpes";1;"H1";2021;"2020-2024";"Inondation";19
"01";"Ain";84;"Auvergne-Rhône-Alpes";1;"H1";2021;"2020-2024";"Sécheresse";93
"01";"Ain";84;"Auvergne-Rhône-Alpes";1;"H1";2022;"2020-2024";"Gel";131
"01";"Ain";84;"Auvergne-Rhône-Alpes";1;"H1";2022;"2020-2024";"Inondation";8
"01";"Ain";84;"Auvergne-Rhône-Alpes";1;"H1";2022;"2020-2024";"Sécheresse";130
"01";"Ain";84;"Auvergne-Rhône-Alpes";1;"H1";2023;"2020-2024";"Gel";127
"01";"Ain";84;"Auvergne-Rhône-Alpes";1;"H1";2023;"2020-2024";"Inondation";14
"01";"Ain";84;"Auvergne-Rhône-Alpes";1;"H1";2023;"2020-2024";"Sécheresse";130
"01";"Ain";84;"Auvergne-Rhône-Alpes";1;"H1";2024;"2020-2024";"Gel";128
"01";"Ain";84;"Auvergne-Rhône-Alpes";1;"H1";2024;"2020-2024";"Inondation";9
"01";"Ain";84;"Auvergne-Rhône-Alpes";1;"H1";2024;"2020-2024";"Sécheresse";98
"2A";"Corse-du-Sud";94;"Corse";3;"H3";2010;"2010-2014";"Gel";171
"2A";"Corse-du-Sud";94;"Corse";3;"H3";2010;"2010-2014";"Inondation";39
"2A";"Corse-du-Sud";94;"Corse";3;"H3";2010;"2010-2014";"Sécheresse";149
"2A";"Corse-du-Sud";94;"Corse";3;"H3";2011;"2010-2014";"Gel";166
"2A";"Corse-du-Sud";94;"Corse";3;"H3";2011;"2010-2014";"Inondation";30
"2A";"Corse-du-Sud";94;"Corse";3;"H3";2011;"2010-2014";"Sécheresse";173
"2A";"Corse-du-Sud";94;"Corse";3;"H3";2012;"2010-2014";"Gel";159
"2A";"Corse-du-Sud";94;"Corse";3;"H3";2012;"2010-2014";"Inondation";36
"2A";"Corse-du-Sud";94;"Corse";3;"H3";2012;"2010-2014";"Sécheresse";162
"2A";"Corse-du-Sud";94;"Corse";3;"H3";2013;"2010-2014";"Gel";177
"2A";"Corse-du-Sud";94;"Corse";3;"H3";2013;"2010-2014";"Inondation";37
"2A";"Corse-du-Sud";94;"Corse";3;"H3";2013;"2010-2014";"Sécheresse";170
"2A";"Corse-du-Sud";94;"Corse";3;"H3";2014;"2010-2014";"Gel";172
"2A";"Corse-du-Sud";94;"Corse";3;"H3";2014;"2010-2014";"Inondation";44
"2A";"Corse-du-Sud";94;"Corse";3;"H3";2014;"2010-2014";"Sécheresse";166
"2A";"Corse-du-Sud";94;"Corse";3;"H3";2015;"2015-2019";"Gel";162
"2A";"Corse-du-Sud";94;"Corse";3;"H3";2015;"2015-2019";"Inondation";31
"2A";"Corse-du-Sud";94;"Corse";3;"H3";2015;"2015-2019";"Sécheresse";161
"2A";"Corse-du-Sud";94;"Corse";3;"H3";2016;"2015-2019";"Gel";177
"2A";"Corse-du-Sud";94;"Corse";3;"H3";2016;"2015-2019";"Inondation";32
"2A";"Corse-du-Sud";94;"Corse";3;"H3";2016;"2015-2019";"Sécheresse";161
"2A";"Corse-du-Sud";94;"Corse";3;"H3";2017;"2015-2019";"Gel";171
"2A";"Corse-du-Sud";94;"Corse";3;"H3";2017;"2015-2019";"Inondation";25
"2A";"Corse-du-Sud";94;"Corse";3;"H3";2017;"2015-2019";"Sécheresse";172
"2A";"Corse-du-Sud";94;"Corse";3;"H3";2018;"2015-2019";"Gel";161
"2A";"Corse-du-Sud";94;"Corse";3;"H3";2018;"2015-2019";"Inondation";52
"2A";"Corse-du-Sud";94;"Corse";3;"H3";2018;"2015-2019";"Sécheresse";166
"2A";"Corse-du-Sud";94;"Corse";3;"H3";2019;"2015-2019";"Gel";193
"2A";"Corse-du-Sud";94;"Corse";3;"H3";2019;"2015-2019";"Inondation";42
"2A";"Corse-du-Sud";94;"Corse";3;"H3";2019;"2015-2019";"Sécheresse";162
"2A";"Corse-du-Sud";94;"Corse";3;"H3";2020;"2020-2024";"Gel";145
"2A";"Corse-du-Sud";94;"Corse";3;"H3";2020;"2020-2024";"Inondation";33
"2A";"Corse-du-Sud";94;"Corse";3;"H3";2020;"2020-2024";"Sécheresse";152
"2A";"Corse-du-Sud";94;"Corse";3;"H3";2021;"2020-2024";"Gel";177
"2A";"Corse-du-Sud";94;"Corse";3;"H3";2021;"2020-2024";"Inondation";21
"2A";"Corse-du-Sud";94;"Corse";3;"H3";2021;"2020-2024";"Sécheresse";153
"2A";"Corse-du-Sud";94;"Corse";3;"H3";2022;"2020-2024";"Gel";163
"2A";"Corse-du-Sud";94;"Corse";3;"H3";2022;"2020-2024";"Inondation";20
"2A";"Corse-du-Sud";94;"Corse";3;"H3";2022;"2020-2024";"Sécheresse";180
"2A";"Corse-du-Sud";94;"Corse";3;"H3";2023;"2020-2024";"Gel";163
"2A";"Corse-du-Sud";94;"Corse";3;"H3";2023;"2020-2024";"Inondation";31
"2A";"Corse-du-Sud";94;"Corse";3;"H3";2023;"2020-2024";"Sécheresse";186
"2A";"Corse-du-Sud";94;"Corse";3;"H3";2024;"2020-2024";"Gel";159
"2A";"Corse-du-Sud";94;"Corse";3;"H3";2024;"2020-2024";"Inondation";38
"2A";"Corse-du-Sud";94;"Corse";3;"H3";2024;"2020-2024";"Sécheresse";179
"2B";"Haute-Corse";94;"Corse";3;"H3";2010;"2010-2014";"Gel";171
"2B";"Haute-Corse";94;"Corse";3;"H3";2010;"2010-2014";"Inondation";39
"2B";"Haute-Corse";94;"Corse";3;"H3";2010;"2010-2014";"Sécheresse";149
"2B";"Haute-Corse";94;"Corse";3;"H3";2011;"2010-2014";"Gel";166
"2B";"Haute-Corse";94;"Corse";3;"H3";2011;"2010-2014";"Inondation";30
"2B";"Haute-Corse";94;"Corse";3;"H3";2011;"2010-2014";"Sécheresse";173
"2B";"Haute-Corse";94;"Corse";3;"H3";2012;"2010-2014";"Gel";159
"2B";"Haute-Corse";94;"Corse";3;"H3";2012;"2010-2014";"Inondation";36
"2B";"Haute-Corse";94;"Corse";3;"H3";2012;"2010-2014";"Sécheresse";162
"2B";"Haute-Corse";94;"Corse";3;"H3";2013;"2010-2014";"Gel";177
"2B";"Haute-Corse";94;"Corse";3;"H3";2013;"2010-2014";"Inondation";37
"2B";"Haute-Corse";94;"Corse";3;"H3";2013;"2010-2014";"Sécheresse";170
"2B";"Haute-Corse";94;"Corse";3;"H3";2014;"2010-2014";"Gel";172
"2B";"Haute-Corse";94;"Corse";3;"H3";2014;"2010-2014";"Inondation";44
"2B";"Haute-Corse";94;"Corse";3;"H3";2014;"2010-2014";"Sécheresse";166
"2B";"Haute-Corse";94;"Corse";3;"H3";2015;"2015-2019";"Gel";162
"2B";"Haute-Corse";94;"Corse";3;"H3";2015;"2015-2019";"Inondation";31
"2B";"Haute-Corse";94;"Corse";3;"H3";2015;"2015-2019";"Sécheresse";161
"2B";"Haute-Corse";94;"Corse";3;"H3";2016;"2015-2019";"Gel";177
"2B";"Haute-Corse";94;"Corse";3;"H3";2016;"2015-2019";"Inondation";32
"2B";"Haute-Corse";94;"Corse";3;"H3";2016;"2015-2019";"Sécheresse";161
"2B";"Haute-Corse";94;"Corse";3;"H3";2017;"2015-2019";"Gel";171
"2B";"Haute-Corse";94;"Corse";3;"H3";2017;"2015-2019";"Inondation";25
"2B";"Haute-Corse";94;"Corse";3;"H3";2017;"2015-2019";"Sécheresse";172
"2B";"Haute-Corse";94;"Corse";3;"H3";2018;"2015-2019";"Gel";161
"2B";"Haute-Corse";94;"Corse";3;"H3";2018;"2015-2019";"Inondation";52
"2B";"Haute-Corse";94;"Corse";3;"H3";2018;"2015-2019";"Sécheresse";166
"2B";"Haute-Corse";94;"Corse";3;"H3";2019;"2015-2019";"Gel";193
"2B";"Haute-Corse";94;"Corse";3;"H3";2019;"2015-2019";"Inondation";42
"2B";"Haute-Corse";94;"Corse";3;"H3";2019;"2015-2019";"Sécheresse";162
"2B";"Haute-Corse";94;"Corse";3;"H3";2020;"2020-2024";"Gel";145
"2B";"Haute-Corse";94;"Corse";3;"H3";2020;"2020-2024";"Inondation";33
"2B";"Haute-Corse";94;"Corse";3;"H3";2020;"2020-2024";"Sécheresse";152
"2B";"Haute-Corse";94;"Corse";3;"H3";2021;"2020-2024";"Gel";177
"2B";"Haute-Corse";94;"Corse";3;"H3";2021;"2020-2024";"Inondation";21
"2B";"Haute-Corse";94;"Corse";3;"H3";2021;"2020-2024";"Sécheresse";153
"2B";"Haute-Corse";94;"Corse";3;"H3";2022;"2020-2024";"Gel";163
"2B";"Haute-Corse";94;"Corse";3;"H3";2022;"2020-2024";"Inondation";20
"2B";"Haute-Corse";94;"Corse";3;"H3";2022;"2020-2024";"Sécheresse";180
"2B";"Haute-Corse";94;"Corse";3;"H3";2023;"2020-2024";"Gel";163
"2B";"Haute-Corse";94;"Corse";3;"H3";2023;"2020-2024";"Inondation";31
"2B";"Haute-Corse";94;"Corse";3;"H3";2023;"2020-2024";"Sécheresse";186
"2B";"Haute-Corse";94;"Corse";3;"H3";2024;"2020-2024";"Gel";159
"2B";"Haute-Corse";94;"Corse";3;"H3";2024;"2020-2024";"Inondation";38
"2B";"Haute-Corse";94;"Corse";3;"H3";2024;"2020-2024";"Sécheresse";179
"02";"Aisne";32;"Hauts-de-France";1;"H1";2010;"2010-2014";"Gel";120
"02";"Aisne";32;"Hauts-de-France";1;"H1";2010;"2010-2014";"Inondation";7
"02";"Aisne";32;"Hauts-de-France";1;"H1";2010;"2010-2014";"Sécheresse";57
"02";"Aisne";32;"Hauts-de-France";1;"H1";2011;"2010-2014";"Gel";68
"02";"Aisne";32;"Hauts-de-France";1;"H1";2011;"2010-2014";"Inondation";3
"02";"Aisne";32;"Hauts-de-France";1;"H1";2011;"2010-2014";"Sécheresse";69
"02";"Aisne";32;"Hauts-de-France";1;"H1";2012;"2010-2014";"Gel";68
"02";"Aisne";32;"Hauts-de-France";1;"H1";2012;"2010-2014";"Inondation";1
"02";"Aisne";32;"Hauts-de-France";1;"H1";2012;"2010-2014";"Sécheresse";45
"02";"Aisne";32;"Hauts-de-France";1;"H1";2013;"2010-2014";"Gel";94
"02";"Aisne";32;"Hauts-de-France";1;"H1";2013;"2010-2014";"Inondation";3
"02";"Aisne";32;"Hauts-de-France";1;"H1";2013;"2010-2014";"Sécheresse";51
"02";"Aisne";32;"Hauts-de-France";1;"H1";2014;"2010-2014";"Gel";45
"02";"Aisne";32;"Hauts-de-France";1;"H1";2014;"2010-2014";"Sécheresse";39
"02";"Aisne";32;"Hauts-de-France";1;"H1";2015;"2015-2019";"Gel";66
"02";"Aisne";32;"Hauts-de-France";1;"H1";2015;"2015-2019";"Inondation";3
"02";"Aisne";32;"Hauts-de-France";1;"H1";2015;"2015-2019";"Sécheresse";52
"02";"Aisne";32;"Hauts-de-France";1;"H1";2016;"2015-2019";"Gel";69
"02";"Aisne";32;"Hauts-de-France";1;"H1";2016;"2015-2019";"Inondation";5
"02";"Aisne";32;"Hauts-de-France";1;"H1";2016;"2015-2019";"Sécheresse";53
"02";"Aisne";32;"Hauts-de-France";1;"H1";2017;"2015-2019";"Gel";64
"02";"Aisne";32;"Hauts-de-France";1;"H1";2017;"2015-2019";"Inondation";2
"02";"Aisne";32;"Hauts-de-France";1;"H1";2017;"2015-2019";"Sécheresse";61
"02";"Aisne";32;"Hauts-de-France";1;"H1";2018;"2015-2019";"Gel";61
"02";"Aisne";32;"Hauts-de-France";1;"H1";2018;"2015-2019";"Inondation";4
"02";"Aisne";32;"Hauts-de-France";1;"H1";2018;"2015-2019";"Sécheresse";93
"02";"Aisne";32;"Hauts-de-France";1;"H1";2019;"2015-2019";"Gel";56
"02";"Aisne";32;"Hauts-de-France";1;"H1";2019;"2015-2019";"Inondation";1
"02";"Aisne";32;"Hauts-de-France";1;"H1";2019;"2015-2019";"Sécheresse";68
"02";"Aisne";32;"Hauts-de-France";1;"H1";2020;"2020-2024";"Gel";46
"02";"Aisne";32;"Hauts-de-France";1;"H1";2020;"2020-2024";"Inondation";1
"02";"Aisne";32;"Hauts-de-France";1;"H1";2020;"2020-2024";"Sécheresse";90
"02";"Aisne";32;"Hauts-de-France";1;"H1";2021;"2020-2024";"Gel";80
"02";"Aisne";32;"Hauts-de-France";1;"H1";2021;"2020-2024";"Inondation";2
"02";"Aisne";32;"Hauts-de-France";1;"H1";2021;"2020-2024";"Sécheresse";55
"02";"Aisne";32;"Hauts-de-France";1;"H1";2022;"2020-2024";"Gel";73
"02";"Aisne";32;"Hauts-de-France";1;"H1";2022;"2020-2024";"Sécheresse";91
"02";"Aisne";32;"Hauts-de-France";1;"H1";2023;"2020-2024";"Gel";59
"02";"Aisne";32;"Hauts-de-France";1;"H1";2023;"2020-2024";"Inondation";1
"02";"Aisne";32;"Hauts-de-France";1;"H1";2023;"2020-2024";"Sécheresse";95
"02";"Aisne";32;"Hauts-de-France";1;"H1";2024;"2020-2024";"Gel";44
"02";"Aisne";32;"Hauts-de-France";1;"H1";2024;"2020-2024";"Inondation";1
"02";"Aisne";32;"Hauts-de-France";1;"H1";2024;"2020-2024";"Sécheresse";59
"03";"Allier";84;"Auvergne-Rhône-Alpes";1;"H1";2010;"2010-2014";"Gel";134
"03";"Allier";84;"Auvergne-Rhône-Alpes";1;"H1";2010;"2010-2014";"Inondation";7
"03";"Allier";84;"Auvergne-Rhône-Alpes";1;"H1";2010;"2010-2014";"Sécheresse";91
"03";"Allier";84;"Auvergne-Rhône-Alpes";1;"H1";2011;"2010-2014";"Gel";96
"03";"Allier";84;"Auvergne-Rhône-Alpes";1;"H1";2011;"2010-2014";"Inondation";4
"03";"Allier";84;"Auvergne-Rhône-Alpes";1;"H1";2011;"2010-2014";"Sécheresse";113
"03";"Allier";84;"Auvergne-Rhône-Alpes";1;"H1";2012;"2010-2014";"Gel";112
"03";"Allier";84;"Auvergne-Rhône-Alpes";1;"H1";2012;"2010-2014";"Inondation";9
"03";"Allier";84;"Auvergne-Rhône-Alpes";1;"H1";2012;"2010-2014";"Sécheresse";98
"03";"Allier";84;"Auvergne-Rhône-Alpes";1;"H1";2013;"2010-2014";"Gel";133
"03";"Allier";84;"Auvergne-Rhône-Alpes";1;"H1";2013;"2010-2014";"Inondation";7
"03";"Allier";84;"Auvergne-Rhône-Alpes";1;"H1";2013;"2010-2014";"Sécheresse";88
"03";"Allier";84;"Auvergne-Rhône-Alpes";1;"H1";2014;"2010-2014";"Gel";97
"03";"Allier";84;"Auvergne-Rhône-Alpes";1;"H1";2014;"2010-2014";"Inondation";13
"03";"Allier";84;"Auvergne-Rhône-Alpes";1;"H1";2014;"2010-2014";"Sécheresse";87
"03";"Allier";84;"Auvergne-Rhône-Alpes";1;"H1";2015;"2015-2019";"Gel";118
"03";"Allier";84;"Auvergne-Rhône-Alpes";1;"H1";2015;"2015-2019";"Inondation";6
"03";"Allier";84;"Auvergne-Rhône-Alpes";1;"H1";2015;"2015-2019";"Sécheresse";95
"03";"Allier";84;"Auvergne-Rhône-Alpes";1;"H1";2016;"2015-2019";"Gel";132
"03";"Allier";84;"Auvergne-Rhône-Alpes";1;"H1";2016;"2015-2019";"Inondation";5
"03";"Allier";84;"Auvergne-Rhône-Alpes";1;"H1";2016;"2015-2019";"Sécheresse";94
"03";"Allier";84;"Auvergne-Rhône-Alpes";1;"H1";2017;"2015-2019";"Gel";125
"03";"Allier";84;"Auvergne-Rhône-Alpes";1;"H1";2017;"2015-2019";"Inondation";6
"03";"Allier";84;"Auvergne-Rhône-Alpes";1;"H1";2017;"2015-2019";"Sécheresse";109
"03";"Allier";84;"Auvergne-Rhône-Alpes";1;"H1";2018;"2015-2019";"Gel";90
"03";"Allier";84;"Auvergne-Rhône-Alpes";1;"H1";2018;"2015-2019";"Inondation";9
"03";"Allier";84;"Auvergne-Rhône-Alpes";1;"H1";2018;"2015-2019";"Sécheresse";133
"03";"Allier";84;"Auvergne-Rhône-Alpes";1;"H1";2019;"2015-2019";"Gel";121
"03";"Allier";84;"Auvergne-Rhône-Alpes";1;"H1";2019;"2015-2019";"Inondation";2
"03";"Allier";84;"Auvergne-Rhône-Alpes";1;"H1";2019;"2015-2019";"Sécheresse";105
"03";"Allier";84;"Auvergne-Rhône-Alpes";1;"H1";2020;"2020-2024";"Gel";98
"03";"Allier";84;"Auvergne-Rhône-Alpes";1;"H1";2020;"2020-2024";"Inondation";4
"03";"Allier";84;"Auvergne-Rhône-Alpes";1;"H1";2020;"2020-2024";"Sécheresse";118
"03";"Allier";84;"Auvergne-Rhône-Alpes";1;"H1";2021;"2020-2024";"Gel";135
"03";"Allier";84;"Auvergne-Rhône-Alpes";1;"H1";2021;"2020-2024";"Inondation";10
"03";"Allier";84;"Auvergne-Rhône-Alpes";1;"H1";2021;"2020-2024";"Sécheresse";86
"03";"Allier";84;"Auvergne-Rhône-Alpes";1;"H1";2022;"2020-2024";"Gel";95
"03";"Allier";84;"Auvergne-Rhône-Alpes";1;"H1";2022;"2020-2024";"Inondation";2
"03";"Allier";84;"Auvergne-Rhône-Alpes";1;"H1";2022;"2020-2024";"Sécheresse";123
"03";"Allier";84;"Auvergne-Rhône-Alpes";1;"H1";2023;"2020-2024";"Gel";89
"03";"Allier";84;"Auvergne-Rhône-Alpes";1;"H1";2023;"2020-2024";"Inondation";3
"03";"Allier";84;"Auvergne-Rhône-Alpes";1;"H1";2023;"2020-2024";"Sécheresse";125
"03";"Allier";84;"Auvergne-Rhône-Alpes";1;"H1";2024;"2020-2024";"Gel";89
"03";"Allier";84;"Auvergne-Rhône-Alpes";1;"H1";2024;"2020-2024";"Inondation";8
"03";"Allier";84;"Auvergne-Rhône-Alpes";1;"H1";2024;"2020-2024";"Sécheresse";91
"04";"Alpes-de-Haute-Provence";93;"Provence-Alpes-Côte d'Azur";2;"H2";2010;"2010-2014";"Gel";236
"04";"Alpes-de-Haute-Provence";93;"Provence-Alpes-Côte d'Azur";2;"H2";2010;"2010-2014";"Inondation";14
"04";"Alpes-de-Haute-Provence";93;"Provence-Alpes-Côte d'Azur";2;"H2";2010;"2010-2014";"Sécheresse";123
"04";"Alpes-de-Haute-Provence";93;"Provence-Alpes-Côte d'Azur";2;"H2";2011;"2010-2014";"Gel";220
"04";"Alpes-de-Haute-Provence";93;"Provence-Alpes-Côte d'Azur";2;"H2";2011;"2010-2014";"Inondation";18
"04";"Alpes-de-Haute-Provence";93;"Provence-Alpes-Côte d'Azur";2;"H2";2011;"2010-2014";"Sécheresse";146
"04";"Alpes-de-Haute-Provence";93;"Provence-Alpes-Côte d'Azur";2;"H2";2012;"2010-2014";"Gel";227
"04";"Alpes-de-Haute-Provence";93;"Provence-Alpes-Côte d'Azur";2;"H2";2012;"2010-2014";"Inondation";16
"04";"Alpes-de-Haute-Provence";93;"Provence-Alpes-Côte d'Azur";2;"H2";2012;"2010-2014";"Sécheresse";137
"04";"Alpes-de-Haute-Provence";93;"Provence-Alpes-Côte d'Azur";2;"H2";2013;"2010-2014";"Gel";218
"04";"Alpes-de-Haute-Provence";93;"Provence-Alpes-Côte d'Azur";2;"H2";2013;"2010-2014";"Inondation";18
"04";"Alpes-de-Haute-Provence";93;"Provence-Alpes-Côte d'Azur";2;"H2";2013;"2010-2014";"Sécheresse";120
"04";"Alpes-de-Haute-Provence";93;"Provence-Alpes-Côte d'Azur";2;"H2";2014;"2010-2014";"Gel";221
"04";"Alpes-de-Haute-Provence";93;"Provence-Alpes-Côte d'Azur";2;"H2";2014;"2010-2014";"Inondation";18
"04";"Alpes-de-Haute-Provence";93;"Provence-Alpes-Côte d'Azur";2;"H2";2014;"2010-2014";"Sécheresse";143
"04";"Alpes-de-Haute-Provence";93;"Provence-Alpes-Côte d'Azur";2;"H2";2015;"2015-2019";"Gel";228
"04";"Alpes-de-Haute-Provence";93;"Provence-Alpes-Côte d'Azur";2;"H2";2015;"2015-2019";"Inondation";13
"04";"Alpes-de-Haute-Provence";93;"Provence-Alpes-Côte d'Azur";2;"H2";2015;"2015-2019";"Sécheresse";141
"04";"Alpes-de-Haute-Provence";93;"Provence-Alpes-Côte d'Azur";2;"H2";2016;"2015-2019";"Gel";246
"04";"Alpes-de-Haute-Provence";93;"Provence-Alpes-Côte d'Azur";2;"H2";2016;"2015-2019";"Inondation";13
"04";"Alpes-de-Haute-Provence";93;"Provence-Alpes-Côte d'Azur";2;"H2";2016;"2015-2019";"Sécheresse";124
"04";"Alpes-de-Haute-Provence";93;"Provence-Alpes-Côte d'Azur";2;"H2";2017;"2015-2019";"Gel";241
"04";"Alpes-de-Haute-Provence";93;"Provence-Alpes-Côte d'Azur";2;"H2";2017;"2015-2019";"Inondation";6
"04";"Alpes-de-Haute-Provence";93;"Provence-Alpes-Côte d'Azur";2;"H2";2017;"2015-2019";"Sécheresse";156
"04";"Alpes-de-Haute-Provence";93;"Provence-Alpes-Côte d'Azur";2;"H2";2018;"2015-2019";"Gel";198
"04";"Alpes-de-Haute-Provence";93;"Provence-Alpes-Côte d'Azur";2;"H2";2018;"2015-2019";"Inondation";26
"04";"Alpes-de-Haute-Provence";93;"Provence-Alpes-Côte d'Azur";2;"H2";2018;"2015-2019";"Sécheresse";159
"04";"Alpes-de-Haute-Provence";93;"Provence-Alpes-Côte d'Azur";2;"H2";2019;"2015-2019";"Gel";222
"04";"Alpes-de-Haute-Provence";93;"Provence-Alpes-Côte d'Azur";2;"H2";2019;"2015-2019";"Inondation";25
"04";"Alpes-de-Haute-Provence";93;"Provence-Alpes-Côte d'Azur";2;"H2";2019;"2015-2019";"Sécheresse";132
"04";"Alpes-de-Haute-Provence";93;"Provence-Alpes-Côte d'Azur";2;"H2";2020;"2020-2024";"Gel";216
"04";"Alpes-de-Haute-Provence";93;"Provence-Alpes-Côte d'Azur";2;"H2";2020;"2020-2024";"Inondation";10
"04";"Alpes-de-Haute-Provence";93;"Provence-Alpes-Côte d'Azur";2;"H2";2020;"2020-2024";"Sécheresse";135
"04";"Alpes-de-Haute-Provence";93;"Provence-Alpes-Côte d'Azur";2;"H2";2021;"2020-2024";"Gel";231
"04";"Alpes-de-Haute-Provence";93;"Provence-Alpes-Côte d'Azur";2;"H2";2021;"2020-2024";"Inondation";6
"04";"Alpes-de-Haute-Provence";93;"Provence-Alpes-Côte d'Azur";2;"H2";2021;"2020-2024";"Sécheresse";123
"04";"Alpes-de-Haute-Provence";93;"Provence-Alpes-Côte d'Azur";2;"H2";2022;"2020-2024";"Gel";195
"04";"Alpes-de-Haute-Provence";93;"Provence-Alpes-Côte d'Azur";2;"H2";2022;"2020-2024";"Inondation";9
"04";"Alpes-de-Haute-Provence";93;"Provence-Alpes-Côte d'Azur";2;"H2";2022;"2020-2024";"Sécheresse";152
"04";"Alpes-de-Haute-Provence";93;"Provence-Alpes-Côte d'Azur";2;"H2";2023;"2020-2024";"Gel";204
"04";"Alpes-de-Haute-Provence";93;"Provence-Alpes-Côte d'Azur";2;"H2";2023;"2020-2024";"Inondation";12
"04";"Alpes-de-Haute-Provence";93;"Provence-Alpes-Côte d'Azur";2;"H2";2023;"2020-2024";"Sécheresse";137
"04";"Alpes-de-Haute-Provence";93;"Provence-Alpes-Côte d'Azur";2;"H2";2024;"2020-2024";"Gel";212
"04";"Alpes-de-Haute-Provence";93;"Provence-Alpes-Côte d'Azur";2;"H2";2024;"2020-2024";"Inondation";11
"04";"Alpes-de-Haute-Provence";93;"Provence-Alpes-Côte d'Azur";2;"H2";2024;"2020-2024";"Sécheresse";112
"05";"Hautes-Alpes";93;"Provence-Alpes-Côte d'Azur";1;"H1";2010;"2010-2014";"Gel";269
"05";"Hautes-Alpes";93;"Provence-Alpes-Côte d'Azur";1;"H1";2010;"2010-2014";"Inondation";16
"05";"Hautes-Alpes";93;"Provence-Alpes-Côte d'Azur";1;"H1";2010;"2010-2014";"Sécheresse";109
"05";"Hautes-Alpes";93;"Provence-Alpes-Côte d'Azur";1;"H1";2011;"2010-2014";"Gel";266
"05";"Hautes-Alpes";93;"Provence-Alpes-Côte d'Azur";1;"H1";2011;"2010-2014";"Inondation";16
"05";"Hautes-Alpes";93;"Provence-Alpes-Côte d'Azur";1;"H1";2011;"2010-2014";"Sécheresse";127
"05";"Hautes-Alpes";93;"Provence-Alpes-Côte d'Azur";1;"H1";2012;"2010-2014";"Gel";264
"05";"Hautes-Alpes";93;"Provence-Alpes-Côte d'Azur";1;"H1";2012;"2010-2014";"Inondation";18
"05";"Hautes-Alpes";93;"Provence-Alpes-Côte d'Azur";1;"H1";2012;"2010-2014";"Sécheresse";127
"05";"Hautes-Alpes";93;"Provence-Alpes-Côte d'Azur";1;"H1";2013;"2010-2014";"Gel";282
"05";"Hautes-Alpes";93;"Provence-Alpes-Côte d'Azur";1;"H1";2013;"2010-2014";"Inondation";21
"05";"Hautes-Alpes";93;"Provence-Alpes-Côte d'Azur";1;"H1";2013;"2010-2014";"Sécheresse";98
"05";"Hautes-Alpes";93;"Provence-Alpes-Côte d'Azur";1;"H1";2014;"2010-2014";"Gel";274
"05";"Hautes-Alpes";93;"Provence-Alpes-Côte d'Azur";1;"H1";2014;"2010-2014";"Inondation";10
"05";"Hautes-Alpes";93;"Provence-Alpes-Côte d'Azur";1;"H1";2014;"2010-2014";"Sécheresse";110
"05";"Hautes-Alpes";93;"Provence-Alpes-Côte d'Azur";1;"H1";2015;"2015-2019";"Gel";270
"05";"Hautes-Alpes";93;"Provence-Alpes-Côte d'Azur";1;"H1";2015;"2015-2019";"Inondation";13
"05";"Hautes-Alpes";93;"Provence-Alpes-Côte d'Azur";1;"H1";2015;"2015-2019";"Sécheresse";114
"05";"Hautes-Alpes";93;"Provence-Alpes-Côte d'Azur";1;"H1";2016;"2015-2019";"Gel";280
"05";"Hautes-Alpes";93;"Provence-Alpes-Côte d'Azur";1;"H1";2016;"2015-2019";"Inondation";13
"05";"Hautes-Alpes";93;"Provence-Alpes-Côte d'Azur";1;"H1";2016;"2015-2019";"Sécheresse";110
"05";"Hautes-Alpes";93;"Provence-Alpes-Côte d'Azur";1;"H1";2017;"2015-2019";"Gel";257
"05";"Hautes-Alpes";93;"Provence-Alpes-Côte d'Azur";1;"H1";2017;"2015-2019";"Inondation";9
"05";"Hautes-Alpes";93;"Provence-Alpes-Côte d'Azur";1;"H1";2017;"2015-2019";"Sécheresse";135
"05";"Hautes-Alpes";93;"Provence-Alpes-Côte d'Azur";1;"H1";2018;"2015-2019";"Gel";248
"05";"Hautes-Alpes";93;"Provence-Alpes-Côte d'Azur";1;"H1";2018;"2015-2019";"Inondation";20
"05";"Hautes-Alpes";93;"Provence-Alpes-Côte d'Azur";1;"H1";2018;"2015-2019";"Sécheresse";147
"05";"Hautes-Alpes";93;"Provence-Alpes-Côte d'Azur";1;"H1";2019;"2015-2019";"Gel";266
"05";"Hautes-Alpes";93;"Provence-Alpes-Côte d'Azur";1;"H1";2019;"2015-2019";"Inondation";21
"05";"Hautes-Alpes";93;"Provence-Alpes-Côte d'Azur";1;"H1";2019;"2015-2019";"Sécheresse";130
"05";"Hautes-Alpes";93;"Provence-Alpes-Côte d'Azur";1;"H1";2020;"2020-2024";"Gel";275
"05";"Hautes-Alpes";93;"Provence-Alpes-Côte d'Azur";1;"H1";2020;"2020-2024";"Inondation";11
"05";"Hautes-Alpes";93;"Provence-Alpes-Côte d'Azur";1;"H1";2020;"2020-2024";"Sécheresse";112
"05";"Hautes-Alpes";93;"Provence-Alpes-Côte d'Azur";1;"H1";2021;"2020-2024";"Gel";269
"05";"Hautes-Alpes";93;"Provence-Alpes-Côte d'Azur";1;"H1";2021;"2020-2024";"Inondation";11
"05";"Hautes-Alpes";93;"Provence-Alpes-Côte d'Azur";1;"H1";2021;"2020-2024";"Sécheresse";113
"05";"Hautes-Alpes";93;"Provence-Alpes-Côte d'Azur";1;"H1";2022;"2020-2024";"Gel";231
"05";"Hautes-Alpes";93;"Provence-Alpes-Côte d'Azur";1;"H1";2022;"2020-2024";"Inondation";7
"05";"Hautes-Alpes";93;"Provence-Alpes-Côte d'Azur";1;"H1";2022;"2020-2024";"Sécheresse";143
"05";"Hautes-Alpes";93;"Provence-Alpes-Côte d'Azur";1;"H1";2023;"2020-2024";"Gel";257
"05";"Hautes-Alpes";93;"Provence-Alpes-Côte d'Azur";1;"H1";2023;"2020-2024";"Inondation";17
"05";"Hautes-Alpes";93;"Provence-Alpes-Côte d'Azur";1;"H1";2023;"2020-2024";"Sécheresse";136
"05";"Hautes-Alpes";93;"Provence-Alpes-Côte d'Azur";1;"H1";2024;"2020-2024";"Gel";272
"05";"Hautes-Alpes";93;"Provence-Alpes-Côte d'Azur";1;"H1";2024;"2020-2024";"Inondation";21
"05";"Hautes-Alpes";93;"Provence-Alpes-Côte d'Azur";1;"H1";2024;"2020-2024";"Sécheresse";103
"06";"Alpes-Maritimes";93;"Provence-Alpes-Côte d'Azur";3;"H3";2010;"2010-2014";"Gel";226
"06";"Alpes-Maritimes";93;"Provence-Alpes-Côte d'Azur";3;"H3";2010;"2010-2014";"Inondation";22
"06";"Alpes-Maritimes";93;"Provence-Alpes-Côte d'Azur";3;"H3";2010;"2010-2014";"Sécheresse";125
"06";"Alpes-Maritimes";93;"Provence-Alpes-Côte d'Azur";3;"H3";2011;"2010-2014";"Gel";201
"06";"Alpes-Maritimes";93;"Provence-Alpes-Côte d'Azur";3;"H3";2011;"2010-2014";"Inondation";17
"06";"Alpes-Maritimes";93;"Provence-Alpes-Côte d'Azur";3;"H3";2011;"2010-2014";"Sécheresse";164
"06";"Alpes-Maritimes";93;"Provence-Alpes-Côte d'Azur";3;"H3";2012;"2010-2014";"Gel";209
"06";"Alpes-Maritimes";93;"Provence-Alpes-Côte d'Azur";3;"H3";2012;"2010-2014";"Inondation";24
"06";"Alpes-Maritimes";93;"Provence-Alpes-Côte d'Azur";3;"H3";2012;"2010-2014";"Sécheresse";144
"06";"Alpes-Maritimes";93;"Provence-Alpes-Côte d'Azur";3;"H3";2013;"2010-2014";"Gel";193
"06";"Alpes-Maritimes";93;"Provence-Alpes-Côte d'Azur";3;"H3";2013;"2010-2014";"Inondation";26
"06";"Alpes-Maritimes";93;"Provence-Alpes-Côte d'Azur";3;"H3";2013;"2010-2014";"Sécheresse";129
"06";"Alpes-Maritimes";93;"Provence-Alpes-Côte d'Azur";3;"H3";2014;"2010-2014";"Gel";202
"06";"Alpes-Maritimes";93;"Provence-Alpes-Côte d'Azur";3;"H3";2014;"2010-2014";"Inondation";27
"06";"Alpes-Maritimes";93;"Provence-Alpes-Côte d'Azur";3;"H3";2014;"2010-2014";"Sécheresse";144
"06";"Alpes-Maritimes";93;"Provence-Alpes-Côte d'Azur";3;"H3";2015;"2015-2019";"Gel";202
"06";"Alpes-Maritimes";93;"Provence-Alpes-Côte d'Azur";3;"H3";2015;"2015-2019";"Inondation";17
"06";"Alpes-Maritimes";93;"Provence-Alpes-Côte d'Azur";3;"H3";2015;"2015-2019";"Sécheresse";145
"06";"Alpes-Maritimes";93;"Provence-Alpes-Côte d'Azur";3;"H3";2016;"2015-2019";"Gel";211
"06";"Alpes-Maritimes";93;"Provence-Alpes-Côte d'Azur";3;"H3";2016;"2015-2019";"Inondation";25
"06";"Alpes-Maritimes";93;"Provence-Alpes-Côte d'Azur";3;"H3";2016;"2015-2019";"Sécheresse";133
"06";"Alpes-Maritimes";93;"Provence-Alpes-Côte d'Azur";3;"H3";2017;"2015-2019";"Gel";203
"06";"Alpes-Maritimes";93;"Provence-Alpes-Côte d'Azur";3;"H3";2017;"2015-2019";"Inondation";9
"06";"Alpes-Maritimes";93;"Provence-Alpes-Côte d'Azur";3;"H3";2017;"2015-2019";"Sécheresse";152
"06";"Alpes-Maritimes";93;"Provence-Alpes-Côte d'Azur";3;"H3";2018;"2015-2019";"Gel";174
"06";"Alpes-Maritimes";93;"Provence-Alpes-Côte d'Azur";3;"H3";2018;"2015-2019";"Inondation";22
"06";"Alpes-Maritimes";93;"Provence-Alpes-Côte d'Azur";3;"H3";2018;"2015-2019";"Sécheresse";152
"06";"Alpes-Maritimes";93;"Provence-Alpes-Côte d'Azur";3;"H3";2019;"2015-2019";"Gel";201
"06";"Alpes-Maritimes";93;"Provence-Alpes-Côte d'Azur";3;"H3";2019;"2015-2019";"Inondation";24
"06";"Alpes-Maritimes";93;"Provence-Alpes-Côte d'Azur";3;"H3";2019;"2015-2019";"Sécheresse";135
"06";"Alpes-Maritimes";93;"Provence-Alpes-Côte d'Azur";3;"H3";2020;"2020-2024";"Gel";186
"06";"Alpes-Maritimes";93;"Provence-Alpes-Côte d'Azur";3;"H3";2020;"2020-2024";"Inondation";17
"06";"Alpes-Maritimes";93;"Provence-Alpes-Côte d'Azur";3;"H3";2020;"2020-2024";"Sécheresse";135
"06";"Alpes-Maritimes";93;"Provence-Alpes-Côte d'Azur";3;"H3";2021;"2020-2024";"Gel";201
"06";"Alpes-Maritimes";93;"Provence-Alpes-Côte d'Azur";3;"H3";2021;"2020-2024";"Inondation";11
"06";"Alpes-Maritimes";93;"Provence-Alpes-Côte d'Azur";3;"H3";2021;"2020-2024";"Sécheresse";138
"06";"Alpes-Maritimes";93;"Provence-Alpes-Côte d'Azur";3;"H3";2022;"2020-2024";"Gel";183
"06";"Alpes-Maritimes";93;"Provence-Alpes-Côte d'Azur";3;"H3";2022;"2020-2024";"Inondation";6
"06";"Alpes-Maritimes";93;"Provence-Alpes-Côte d'Azur";3;"H3";2022;"2020-2024";"Sécheresse";166
"06";"Alpes-Maritimes";93;"Provence-Alpes-Côte d'Azur";3;"H3";2023;"2020-2024";"Gel";193
"06";"Alpes-Maritimes";93;"Provence-Alpes-Côte d'Azur";3;"H3";2023;"2020-2024";"Inondation";15
"06";"Alpes-Maritimes";93;"Provence-Alpes-Côte d'Azur";3;"H3";2023;"2020-2024";"Sécheresse";163
"06";"Alpes-Maritimes";93;"Provence-Alpes-Côte d'Azur";3;"H3";2024;"2020-2024";"Gel";189
"06";"Alpes-Maritimes";93;"Provence-Alpes-Côte d'Azur";3;"H3";2024;"2020-2024";"Inondation";29
"06";"Alpes-Maritimes";93;"Provence-Alpes-Côte d'Azur";3;"H3";2024;"2020-2024";"Sécheresse";143
"07";"Ardèche";84;"Auvergne-Rhône-Alpes";2;"H2";2010;"2010-2014";"Gel";161
"07";"Ardèche";84;"Auvergne-Rhône-Alpes";2;"H2";2010;"2010-2014";"Inondation";26
"07";"Ardèche";84;"Auvergne-Rhône-Alpes";2;"H2";2010;"2010-2014";"Sécheresse";133
"07";"Ardèche";84;"Auvergne-Rhône-Alpes";2;"H2";2011;"2010-2014";"Gel";141
"07";"Ardèche";84;"Auvergne-Rhône-Alpes";2;"H2";2011;"2010-2014";"Inondation";25
"07";"Ardèche";84;"Auvergne-Rhône-Alpes";2;"H2";2011;"2010-2014";"Sécheresse";156
"07";"Ardèche";84;"Auvergne-Rhône-Alpes";2;"H2";2012;"2010-2014";"Gel";162
"07";"Ardèche";84;"Auvergne-Rhône-Alpes";2;"H2";2012;"2010-2014";"Inondation";24
"07";"Ardèche";84;"Auvergne-Rhône-Alpes";2;"H2";2012;"2010-2014";"Sécheresse";145
"07";"Ardèche";84;"Auvergne-Rhône-Alpes";2;"H2";2013;"2010-2014";"Gel";165
"07";"Ardèche";84;"Auvergne-Rhône-Alpes";2;"H2";2013;"2010-2014";"Inondation";30
"07";"Ardèche";84;"Auvergne-Rhône-Alpes";2;"H2";2013;"2010-2014";"Sécheresse";125
"07";"Ardèche";84;"Auvergne-Rhône-Alpes";2;"H2";2014;"2010-2014";"Gel";129
"07";"Ardèche";84;"Auvergne-Rhône-Alpes";2;"H2";2014;"2010-2014";"Inondation";43
"07";"Ardèche";84;"Auvergne-Rhône-Alpes";2;"H2";2014;"2010-2014";"Sécheresse";152
"07";"Ardèche";84;"Auvergne-Rhône-Alpes";2;"H2";2015;"2015-2019";"Gel";142
"07";"Ardèche";84;"Auvergne-Rhône-Alpes";2;"H2";2015;"2015-2019";"Inondation";21
"07";"Ardèche";84;"Auvergne-Rhône-Alpes";2;"H2";2015;"2015-2019";"Sécheresse";141
"07";"Ardèche";84;"Auvergne-Rhône-Alpes";2;"H2";2016;"2015-2019";"Gel";167
"07";"Ardèche";84;"Auvergne-Rhône-Alpes";2;"H2";2016;"2015-2019";"Inondation";32
"07";"Ardèche";84;"Auvergne-Rhône-Alpes";2;"H2";2016;"2015-2019";"Sécheresse";118
"07";"Ardèche";84;"Auvergne-Rhône-Alpes";2;"H2";2017;"2015-2019";"Gel";163
"07";"Ardèche";84;"Auvergne-Rhône-Alpes";2;"H2";2017;"2015-2019";"Inondation";18
"07";"Ardèche";84;"Auvergne-Rhône-Alpes";2;"H2";2017;"2015-2019";"Sécheresse";156
"07";"Ardèche";84;"Auvergne-Rhône-Alpes";2;"H2";2018;"2015-2019";"Gel";128
"07";"Ardèche";84;"Auvergne-Rhône-Alpes";2;"H2";2018;"2015-2019";"Inondation";46
"07";"Ardèche";84;"Auvergne-Rhône-Alpes";2;"H2";2018;"2015-2019";"Sécheresse";157
"07";"Ardèche";84;"Auvergne-Rhône-Alpes";2;"H2";2019;"2015-2019";"Gel";161
"07";"Ardèche";84;"Auvergne-Rhône-Alpes";2;"H2";2019;"2015-2019";"Inondation";22
"07";"Ardèche";84;"Auvergne-Rhône-Alpes";2;"H2";2019;"2015-2019";"Sécheresse";137
"07";"Ardèche";84;"Auvergne-Rhône-Alpes";2;"H2";2020;"2020-2024";"Gel";121
"07";"Ardèche";84;"Auvergne-Rhône-Alpes";2;"H2";2020;"2020-2024";"Inondation";24
"07";"Ardèche";84;"Auvergne-Rhône-Alpes";2;"H2";2020;"2020-2024";"Sécheresse";139
"07";"Ardèche";84;"Auvergne-Rhône-Alpes";2;"H2";2021;"2020-2024";"Gel";162
"07";"Ardèche";84;"Auvergne-Rhône-Alpes";2;"H2";2021;"2020-2024";"Inondation";17
"07";"Ardèche";84;"Auvergne-Rhône-Alpes";2;"H2";2021;"2020-2024";"Sécheresse";130
"07";"Ardèche";84;"Auvergne-Rhône-Alpes";2;"H2";2022;"2020-2024";"Gel";134
"07";"Ardèche";84;"Auvergne-Rhône-Alpes";2;"H2";2022;"2020-2024";"Inondation";27
"07";"Ardèche";84;"Auvergne-Rhône-Alpes";2;"H2";2022;"2020-2024";"Sécheresse";168
"07";"Ardèche";84;"Auvergne-Rhône-Alpes";2;"H2";2023;"2020-2024";"Gel";125
"07";"Ardèche";84;"Auvergne-Rhône-Alpes";2;"H2";2023;"2020-2024";"Inondation";20
"07";"Ardèche";84;"Auvergne-Rhône-Alpes";2;"H2";2023;"2020-2024";"Sécheresse";149
"07";"Ardèche";84;"Auvergne-Rhône-Alpes";2;"H2";2024;"2020-2024";"Gel";128
"07";"Ardèche";84;"Auvergne-Rhône-Alpes";2;"H2";2024;"2020-2024";"Inondation";29
"07";"Ardèche";84;"Auvergne-Rhône-Alpes";2;"H2";2024;"2020-2024";"Sécheresse";128
"08";"Ardennes";44;"Grand Est";1;"H1";2010;"2010-2014";"Gel";131
"08";"Ardennes";44;"Grand Est";1;"H1";2010;"2010-2014";"Inondation";3
"08";"Ardennes";44;"Grand Est";1;"H1";2010;"2010-2014";"Sécheresse";67
"08";"Ardennes";44;"Grand Est";1;"H1";2011;"2010-2014";"Gel";98
"08";"Ardennes";44;"Grand Est";1;"H1";2011;"2010-2014";"Inondation";3
"08";"Ardennes";44;"Grand Est";1;"H1";2011;"2010-2014";"Sécheresse";71
"08";"Ardennes";44;"Grand Est";1;"H1";2012;"2010-2014";"Gel";85
"08";"Ardennes";44;"Grand Est";1;"H1";2012;"2010-2014";"Inondation";5
"08";"Ardennes";44;"Grand Est";1;"H1";2012;"2010-2014";"Sécheresse";62
"08";"Ardennes";44;"Grand Est";1;"H1";2013;"2010-2014";"Gel";116
"08";"Ardennes";44;"Grand Est";1;"H1";2013;"2010-2014";"Inondation";7
"08";"Ardennes";44;"Grand Est";1;"H1";2013;"2010-2014";"Sécheresse";63
"08";"Ardennes";44;"Grand Est";1;"H1";2014;"2010-2014";"Gel";70
"08";"Ardennes";44;"Grand Est";1;"H1";2014;"2010-2014";"Inondation";2
"08";"Ardennes";44;"Grand Est";1;"H1";2014;"2010-2014";"Sécheresse";63
"08";"Ardennes";44;"Grand Est";1;"H1";2015;"2015-2019";"Gel";101
"08";"Ardennes";44;"Grand Est";1;"H1";2015;"2015-2019";"Inondation";4
"08";"Ardennes";44;"Grand Est";1;"H1";2015;"2015-2019";"Sécheresse";66
"08";"Ardennes";44;"Grand Est";1;"H1";2016;"2015-2019";"Gel";103
"08";"Ardennes";44;"Grand Est";1;"H1";2016;"2015-2019";"Inondation";3
"08";"Ardennes";44;"Grand Est";1;"H1";2016;"2015-2019";"Sécheresse";80
"08";"Ardennes";44;"Grand Est";1;"H1";2017;"2015-2019";"Gel";109
"08";"Ardennes";44;"Grand Est";1;"H1";2017;"2015-2019";"Inondation";4
"08";"Ardennes";44;"Grand Est";1;"H1";2017;"2015-2019";"Sécheresse";80
"08";"Ardennes";44;"Grand Est";1;"H1";2018;"2015-2019";"Gel";86
"08";"Ardennes";44;"Grand Est";1;"H1";2018;"2015-2019";"Inondation";5
"08";"Ardennes";44;"Grand Est";1;"H1";2018;"2015-2019";"Sécheresse";118
"08";"Ardennes";44;"Grand Est";1;"H1";2019;"2015-2019";"Gel";97
"08";"Ardennes";44;"Grand Est";1;"H1";2019;"2015-2019";"Inondation";1
"08";"Ardennes";44;"Grand Est";1;"H1";2019;"2015-2019";"Sécheresse";80
"08";"Ardennes";44;"Grand Est";1;"H1";2020;"2020-2024";"Gel";71
"08";"Ardennes";44;"Grand Est";1;"H1";2020;"2020-2024";"Inondation";2
"08";"Ardennes";44;"Grand Est";1;"H1";2020;"2020-2024";"Sécheresse";91
"08";"Ardennes";44;"Grand Est";1;"H1";2021;"2020-2024";"Gel";117
"08";"Ardennes";44;"Grand Est";1;"H1";2021;"2020-2024";"Inondation";4
"08";"Ardennes";44;"Grand Est";1;"H1";2021;"2020-2024";"Sécheresse";55
"08";"Ardennes";44;"Grand Est";1;"H1";2022;"2020-2024";"Gel";93
"08";"Ardennes";44;"Grand Est";1;"H1";2022;"2020-2024";"Sécheresse";100
"08";"Ardennes";44;"Grand Est";1;"H1";2023;"2020-2024";"Gel";66
"08";"Ardennes";44;"Grand Est";1;"H1";2023;"2020-2024";"Inondation";4
"08";"Ardennes";44;"Grand Est";1;"H1";2023;"2020-2024";"Sécheresse";89
"08";"Ardennes";44;"Grand Est";1;"H1";2024;"2020-2024";"Gel";52
"08";"Ardennes";44;"Grand Est";1;"H1";2024;"2020-2024";"Inondation";6
"08";"Ardennes";44;"Grand Est";1;"H1";2024;"2020-2024";"Sécheresse";61
"09";"Ariège";76;"Occitanie";2;"H2";2010;"2010-2014";"Gel";203
"09";"Ariège";76;"Occitanie";2;"H2";2010;"2010-2014";"Inondation";12
"09";"Ariège";76;"Occitanie";2;"H2";2010;"2010-2014";"Sécheresse";113
"09";"Ariège";76;"Occitanie";2;"H2";2011;"2010-2014";"Gel";158
"09";"Ariège";76;"Occitanie";2;"H2";2011;"2010-2014";"Inondation";13
"09";"Ariège";76;"Occitanie";2;"H2";2011;"2010-2014";"Sécheresse";129
"09";"Ariège";76;"Occitanie";2;"H2";2012;"2010-2014";"Gel";193
"09";"Ariège";76;"Occitanie";2;"H2";2012;"2010-2014";"Inondation";10
"09";"Ariège";76;"Occitanie";2;"H2";2012;"2010-2014";"Sécheresse";123
"09";"Ariège";76;"Occitanie";2;"H2";2013;"2010-2014";"Gel";201
"09";"Ariège";76;"Occitanie";2;"H2";2013;"2010-2014";"Inondation";16
"09";"Ariège";76;"Occitanie";2;"H2";2013;"2010-2014";"Sécheresse";112
"09";"Ariège";76;"Occitanie";2;"H2";2014;"2010-2014";"Gel";178
"09";"Ariège";76;"Occitanie";2;"H2";2014;"2010-2014";"Inondation";12
"09";"Ariège";76;"Occitanie";2;"H2";2014;"2010-2014";"Sécheresse";133
"09";"Ariège";76;"Occitanie";2;"H2";2015;"2015-2019";"Gel";173
"09";"Ariège";76;"Occitanie";2;"H2";2015;"2015-2019";"Inondation";15
"09";"Ariège";76;"Occitanie";2;"H2";2015;"2015-2019";"Sécheresse";119
"09";"Ariège";76;"Occitanie";2;"H2";2016;"2015-2019";"Gel";203
"09";"Ariège";76;"Occitanie";2;"H2";2016;"2015-2019";"Inondation";7
"09";"Ariège";76;"Occitanie";2;"H2";2016;"2015-2019";"Sécheresse";111
"09";"Ariège";76;"Occitanie";2;"H2";2017;"2015-2019";"Gel";183
"09";"Ariège";76;"Occitanie";2;"H2";2017;"2015-2019";"Inondation";14
"09";"Ariège";76;"Occitanie";2;"H2";2017;"2015-2019";"Sécheresse";129
"09";"Ariège";76;"Occitanie";2;"H2";2018;"2015-2019";"Gel";169
"09";"Ariège";76;"Occitanie";2;"H2";2018;"2015-2019";"Inondation";19
"09";"Ariège";76;"Occitanie";2;"H2";2018;"2015-2019";"Sécheresse";128
"09";"Ariège";76;"Occitanie";2;"H2";2019;"2015-2019";"Gel";198
"09";"Ariège";76;"Occitanie";2;"H2";2019;"2015-2019";"Inondation";10
"09";"Ariège";76;"Occitanie";2;"H2";2019;"2015-2019";"Sécheresse";111
"09";"Ariège";76;"Occitanie";2;"H2";2020;"2020-2024";"Gel";159
"09";"Ariège";76;"Occitanie";2;"H2";2020;"2020-2024";"Inondation";11
"09";"Ariège";76;"Occitanie";2;"H2";2020;"2020-2024";"Sécheresse";118
"09";"Ariège";76;"Occitanie";2;"H2";2021;"2020-2024";"Gel";184
"09";"Ariège";76;"Occitanie";2;"H2";2021;"2020-2024";"Inondation";6
"09";"Ariège";76;"Occitanie";2;"H2";2021;"2020-2024";"Sécheresse";102
"09";"Ariège";76;"Occitanie";2;"H2";2022;"2020-2024";"Gel";155
"09";"Ariège";76;"Occitanie";2;"H2";2022;"2020-2024";"Inondation";5
"09";"Ariège";76;"Occitanie";2;"H2";2022;"2020-2024";"Sécheresse";147
"09";"Ariège";76;"Occitanie";2;"H2";2023;"2020-2024";"Gel";163
"09";"Ariège";76;"Occitanie";2;"H2";2023;"2020-2024";"Inondation";8
"09";"Ariège";76;"Occitanie";2;"H2";2023;"2020-2024";"Sécheresse";141
"09";"Ariège";76;"Occitanie";2;"H2";2024;"2020-2024";"Gel";163
"09";"Ariège";76;"Occitanie";2;"H2";2024;"2020-2024";"Inondation";7
"09";"Ariège";76;"Occitanie";2;"H2";2024;"2020-2024";"Sécheresse";104
"10";"Aube";44;"Grand Est";1;"H1";2010;"2010-2014";"Gel";115
"10";"Aube";44;"Grand Est";1;"H1";2010;"2010-2014";"Inondation";3
"10";"Aube";44;"Grand Est";1;"H1";2010;"2010-2014";"Sécheresse";71
"10";"Aube";44;"Grand Est";1;"H1";2011;"2010-2014";"Gel";83
"10";"Aube";44;"Grand Est";1;"H1";2011;"2010-2014";"Inondation";4
"10";"Aube";44;"Grand Est";1;"H1";2011;"2010-2014";"Sécheresse";87
"10";"Aube";44;"Grand Est";1;"H1";2012;"2010-2014";"Gel";82
"10";"Aube";44;"Grand Est";1;"H1";2012;"2010-2014";"Inondation";5
"10";"Aube";44;"Grand Est";1;"H1";2012;"2010-2014";"Sécheresse";74
"10";"Aube";44;"Grand Est";1;"H1";2013;"2010-2014";"Gel";98
"10";"Aube";44;"Grand Est";1;"H1";2013;"2010-2014";"Inondation";8
"10";"Aube";44;"Grand Est";1;"H1";2013;"2010-2014";"Sécheresse";79
"10";"Aube";44;"Grand Est";1;"H1";2014;"2010-2014";"Gel";59
"10";"Aube";44;"Grand Est";1;"H1";2014;"2010-2014";"Inondation";6
"10";"Aube";44;"Grand Est";1;"H1";2014;"2010-2014";"Sécheresse";67
"10";"Aube";44;"Grand Est";1;"H1";2015;"2015-2019";"Gel";89
"10";"Aube";44;"Grand Est";1;"H1";2015;"2015-2019";"Inondation";4
"10";"Aube";44;"Grand Est";1;"H1";2015;"2015-2019";"Sécheresse";75
"10";"Aube";44;"Grand Est";1;"H1";2016;"2015-2019";"Gel";99
"10";"Aube";44;"Grand Est";1;"H1";2016;"2015-2019";"Inondation";4
"10";"Aube";44;"Grand Est";1;"H1";2016;"2015-2019";"Sécheresse";79
"10";"Aube";44;"Grand Est";1;"H1";2017;"2015-2019";"Gel";94
"10";"Aube";44;"Grand Est";1;"H1";2017;"2015-2019";"Inondation";5
"10";"Aube";44;"Grand Est";1;"H1";2017;"2015-2019";"Sécheresse";91
"10";"Aube";44;"Grand Est";1;"H1";2018;"2015-2019";"Gel";73
"10";"Aube";44;"Grand Est";1;"H1";2018;"2015-2019";"Inondation";6
"10";"Aube";44;"Grand Est";1;"H1";2018;"2015-2019";"Sécheresse";122
"10";"Aube";44;"Grand Est";1;"H1";2019;"2015-2019";"Gel";87
"10";"Aube";44;"Grand Est";1;"H1";2019;"2015-2019";"Inondation";2
"10";"Aube";44;"Grand Est";1;"H1";2019;"2015-2019";"Sécheresse";90
"10";"Aube";44;"Grand Est";1;"H1";2020;"2020-2024";"Gel";66
"10";"Aube";44;"Grand Est";1;"H1";2020;"2020-2024";"Inondation";3
"10";"Aube";44;"Grand Est";1;"H1";2020;"2020-2024";"Sécheresse";104
"10";"Aube";44;"Grand Est";1;"H1";2021;"2020-2024";"Gel";107
"10";"Aube";44;"Grand Est";1;"H1";2021;"2020-2024";"Inondation";2
"10";"Aube";44;"Grand Est";1;"H1";2021;"2020-2024";"Sécheresse";72
"10";"Aube";44;"Grand Est";1;"H1";2022;"2020-2024";"Gel";78
"10";"Aube";44;"Grand Est";1;"H1";2022;"2020-2024";"Inondation";2
"10";"Aube";44;"Grand Est";1;"H1";2022;"2020-2024";"Sécheresse";109
"10";"Aube";44;"Grand Est";1;"H1";2023;"2020-2024";"Gel";67
"10";"Aube";44;"Grand Est";1;"H1";2023;"2020-2024";"Sécheresse";112
"10";"Aube";44;"Grand Est";1;"H1";2024;"2020-2024";"Gel";54
"10";"Aube";44;"Grand Est";1;"H1";2024;"2020-2024";"Inondation";1
"10";"Aube";44;"Grand Est";1;"H1";2024;"2020-2024";"Sécheresse";77
"11";"Aude";76;"Occitanie";3;"H3";2010;"2010-2014";"Gel";119
"11";"Aude";76;"Occitanie";3;"H3";2010;"2010-2014";"Inondation";14
"11";"Aude";76;"Occitanie";3;"H3";2010;"2010-2014";"Sécheresse";138
"11";"Aude";76;"Occitanie";3;"H3";2011;"2010-2014";"Gel";87
"11";"Aude";76;"Occitanie";3;"H3";2011;"2010-2014";"Inondation";22
"11";"Aude";76;"Occitanie";3;"H3";2011;"2010-2014";"Sécheresse";150
"11";"Aude";76;"Occitanie";3;"H3";2012;"2010-2014";"Gel";86
"11";"Aude";76;"Occitanie";3;"H3";2012;"2010-2014";"Inondation";10
"11";"Aude";76;"Occitanie";3;"H3";2012;"2010-2014";"Sécheresse";144
"11";"Aude";76;"Occitanie";3;"H3";2013;"2010-2014";"Gel";114
"11";"Aude";76;"Occitanie";3;"H3";2013;"2010-2014";"Inondation";16
"11";"Aude";76;"Occitanie";3;"H3";2013;"2010-2014";"Sécheresse";133
"11";"Aude";76;"Occitanie";3;"H3";2014;"2010-2014";"Gel";77
"11";"Aude";76;"Occitanie";3;"H3";2014;"2010-2014";"Inondation";18
"11";"Aude";76;"Occitanie";3;"H3";2014;"2010-2014";"Sécheresse";164
"11";"Aude";76;"Occitanie";3;"H3";2015;"2015-2019";"Gel";101
"11";"Aude";76;"Occitanie";3;"H3";2015;"2015-2019";"Inondation";17
"11";"Aude";76;"Occitanie";3;"H3";2015;"2015-2019";"Sécheresse";149
"11";"Aude";76;"Occitanie";3;"H3";2016;"2015-2019";"Gel";82
"11";"Aude";76;"Occitanie";3;"H3";2016;"2015-2019";"Inondation";10
"11";"Aude";76;"Occitanie";3;"H3";2016;"2015-2019";"Sécheresse";128
"11";"Aude";76;"Occitanie";3;"H3";2017;"2015-2019";"Gel";100
"11";"Aude";76;"Occitanie";3;"H3";2017;"2015-2019";"Inondation";7
"11";"Aude";76;"Occitanie";3;"H3";2017;"2015-2019";"Sécheresse";154
"11";"Aude";76;"Occitanie";3;"H3";2018;"2015-2019";"Gel";89
"11";"Aude";76;"Occitanie";3;"H3";2018;"2015-2019";"Inondation";28
"11";"Aude";76;"Occitanie";3;"H3";2018;"2015-2019";"Sécheresse";160
"11";"Aude";76;"Occitanie";3;"H3";2019;"2015-2019";"Gel";95
"11";"Aude";76;"Occitanie";3;"H3";2019;"2015-2019";"Inondation";10
"11";"Aude";76;"Occitanie";3;"H3";2019;"2015-2019";"Sécheresse";134
"11";"Aude";76;"Occitanie";3;"H3";2020;"2020-2024";"Gel";83
"11";"Aude";76;"Occitanie";3;"H3";2020;"2020-2024";"Inondation";11
"11";"Aude";76;"Occitanie";3;"H3";2020;"2020-2024";"Sécheresse";137
"11";"Aude";76;"Occitanie";3;"H3";2021;"2020-2024";"Gel";85
"11";"Aude";76;"Occitanie";3;"H3";2021;"2020-2024";"Inondation";12
"11";"Aude";76;"Occitanie";3;"H3";2021;"2020-2024";"Sécheresse";129
"11";"Aude";76;"Occitanie";3;"H3";2022;"2020-2024";"Gel";79
"11";"Aude";76;"Occitanie";3;"H3";2022;"2020-2024";"Inondation";6
"11";"Aude";76;"Occitanie";3;"H3";2022;"2020-2024";"Sécheresse";171
"11";"Aude";76;"Occitanie";3;"H3";2023;"2020-2024";"Gel";85
"11";"Aude";76;"Occitanie";3;"H3";2023;"2020-2024";"Inondation";8
"11";"Aude";76;"Occitanie";3;"H3";2023;"2020-2024";"Sécheresse";162
"11";"Aude";76;"Occitanie";3;"H3";2024;"2020-2024";"Gel";76
"11";"Aude";76;"Occitanie";3;"H3";2024;"2020-2024";"Inondation";8
"11";"Aude";76;"Occitanie";3;"H3";2024;"2020-2024";"Sécheresse";143
"12";"Aveyron";76;"Occitanie";2;"H2";2010;"2010-2014";"Gel";168
"12";"Aveyron";76;"Occitanie";2;"H2";2010;"2010-2014";"Inondation";11
"12";"Aveyron";76;"Occitanie";2;"H2";2010;"2010-2014";"Sécheresse";108
"12";"Aveyron";76;"Occitanie";2;"H2";2011;"2010-2014";"Gel";122
"12";"Aveyron";76;"Occitanie";2;"H2";2011;"2010-2014";"Inondation";14
"12";"Aveyron";76;"Occitanie";2;"H2";2011;"2010-2014";"Sécheresse";129
"12";"Aveyron";76;"Occitanie";2;"H2";2012;"2010-2014";"Gel";143
"12";"Aveyron";76;"Occitanie";2;"H2";2012;"2010-2014";"Inondation";16
"12";"Aveyron";76;"Occitanie";2;"H2";2012;"2010-2014";"Sécheresse";121
"12";"Aveyron";76;"Occitanie";2;"H2";2013;"2010-2014";"Gel";139
"12";"Aveyron";76;"Occitanie";2;"H2";2013;"2010-2014";"Inondation";15
"12";"Aveyron";76;"Occitanie";2;"H2";2013;"2010-2014";"Sécheresse";97
"12";"Aveyron";76;"Occitanie";2;"H2";2014;"2010-2014";"Gel";108
"12";"Aveyron";76;"Occitanie";2;"H2";2014;"2010-2014";"Inondation";18
"12";"Aveyron";76;"Occitanie";2;"H2";2014;"2010-2014";"Sécheresse";113
"12";"Aveyron";76;"Occitanie";2;"H2";2015;"2015-2019";"Gel";135
"12";"Aveyron";76;"Occitanie";2;"H2";2015;"2015-2019";"Inondation";12
"12";"Aveyron";76;"Occitanie";2;"H2";2015;"2015-2019";"Sécheresse";114
"12";"Aveyron";76;"Occitanie";2;"H2";2016;"2015-2019";"Gel";149
"12";"Aveyron";76;"Occitanie";2;"H2";2016;"2015-2019";"Inondation";18
"12";"Aveyron";76;"Occitanie";2;"H2";2016;"2015-2019";"Sécheresse";99
"12";"Aveyron";76;"Occitanie";2;"H2";2017;"2015-2019";"Gel";150
"12";"Aveyron";76;"Occitanie";2;"H2";2017;"2015-2019";"Inondation";13
"12";"Aveyron";76;"Occitanie";2;"H2";2017;"2015-2019";"Sécheresse";113
"12";"Aveyron";76;"Occitanie";2;"H2";2018;"2015-2019";"Gel";112
"12";"Aveyron";76;"Occitanie";2;"H2";2018;"2015-2019";"Inondation";22
"12";"Aveyron";76;"Occitanie";2;"H2";2018;"2015-2019";"Sécheresse";139
"12";"Aveyron";76;"Occitanie";2;"H2";2019;"2015-2019";"Gel";140
"12";"Aveyron";76;"Occitanie";2;"H2";2019;"2015-2019";"Inondation";16
"12";"Aveyron";76;"Occitanie";2;"H2";2019;"2015-2019";"Sécheresse";111
"12";"Aveyron";76;"Occitanie";2;"H2";2020;"2020-2024";"Gel";114
"12";"Aveyron";76;"Occitanie";2;"H2";2020;"2020-2024";"Inondation";15
"12";"Aveyron";76;"Occitanie";2;"H2";2020;"2020-2024";"Sécheresse";111
"12";"Aveyron";76;"Occitanie";2;"H2";2021;"2020-2024";"Gel";136
"12";"Aveyron";76;"Occitanie";2;"H2";2021;"2020-2024";"Inondation";9
"12";"Aveyron";76;"Occitanie";2;"H2";2021;"2020-2024";"Sécheresse";95
"12";"Aveyron";76;"Occitanie";2;"H2";2022;"2020-2024";"Gel";98
"12";"Aveyron";76;"Occitanie";2;"H2";2022;"2020-2024";"Inondation";9
"12";"Aveyron";76;"Occitanie";2;"H2";2022;"2020-2024";"Sécheresse";146
"12";"Aveyron";76;"Occitanie";2;"H2";2023;"2020-2024";"Gel";105
"12";"Aveyron";76;"Occitanie";2;"H2";2023;"2020-2024";"Inondation";8
"12";"Aveyron";76;"Occitanie";2;"H2";2023;"2020-2024";"Sécheresse";136
"12";"Aveyron";76;"Occitanie";2;"H2";2024;"2020-2024";"Gel";100
"12";"Aveyron";76;"Occitanie";2;"H2";2024;"2020-2024";"Inondation";16
"12";"Aveyron";76;"Occitanie";2;"H2";2024;"2020-2024";"Sécheresse";97
"13";"Bouches-du-Rhône";93;"Provence-Alpes-Côte d'Azur";3;"H3";2010;"2010-2014";"Gel";95
"13";"Bouches-du-Rhône";93;"Provence-Alpes-Côte d'Azur";3;"H3";2010;"2010-2014";"Inondation";7
"13";"Bouches-du-Rhône";93;"Provence-Alpes-Côte d'Azur";3;"H3";2010;"2010-2014";"Sécheresse";133
"13";"Bouches-du-Rhône";93;"Provence-Alpes-Côte d'Azur";3;"H3";2011;"2010-2014";"Gel";72
"13";"Bouches-du-Rhône";93;"Provence-Alpes-Côte d'Azur";3;"H3";2011;"2010-2014";"Inondation";12
"13";"Bouches-du-Rhône";93;"Provence-Alpes-Côte d'Azur";3;"H3";2011;"2010-2014";"Sécheresse";161
"13";"Bouches-du-Rhône";93;"Provence-Alpes-Côte d'Azur";3;"H3";2012;"2010-2014";"Gel";85
"13";"Bouches-du-Rhône";93;"Provence-Alpes-Côte d'Azur";3;"H3";2012;"2010-2014";"Inondation";10
"13";"Bouches-du-Rhône";93;"Provence-Alpes-Côte d'Azur";3;"H3";2012;"2010-2014";"Sécheresse";148
"13";"Bouches-du-Rhône";93;"Provence-Alpes-Côte d'Azur";3;"H3";2013;"2010-2014";"Gel";93
"13";"Bouches-du-Rhône";93;"Provence-Alpes-Côte d'Azur";3;"H3";2013;"2010-2014";"Inondation";7
"13";"Bouches-du-Rhône";93;"Provence-Alpes-Côte d'Azur";3;"H3";2013;"2010-2014";"Sécheresse";137
"13";"Bouches-du-Rhône";93;"Provence-Alpes-Côte d'Azur";3;"H3";2014;"2010-2014";"Gel";43
"13";"Bouches-du-Rhône";93;"Provence-Alpes-Côte d'Azur";3;"H3";2014;"2010-2014";"Inondation";18
"13";"Bouches-du-Rhône";93;"Provence-Alpes-Côte d'Azur";3;"H3";2014;"2010-2014";"Sécheresse";151
"13";"Bouches-du-Rhône";93;"Provence-Alpes-Côte d'Azur";3;"H3";2015;"2015-2019";"Gel";62
"13";"Bouches-du-Rhône";93;"Provence-Alpes-Côte d'Azur";3;"H3";2015;"2015-2019";"Inondation";10
"13";"Bouches-du-Rhône";93;"Provence-Alpes-Côte d'Azur";3;"H3";2015;"2015-2019";"Sécheresse";142
"13";"Bouches-du-Rhône";93;"Provence-Alpes-Côte d'Azur";3;"H3";2016;"2015-2019";"Gel";67
"13";"Bouches-du-Rhône";93;"Provence-Alpes-Côte d'Azur";3;"H3";2016;"2015-2019";"Inondation";7
"13";"Bouches-du-Rhône";93;"Provence-Alpes-Côte d'Azur";3;"H3";2016;"2015-2019";"Sécheresse";133
"13";"Bouches-du-Rhône";93;"Provence-Alpes-Côte d'Azur";3;"H3";2017;"2015-2019";"Gel";78
"13";"Bouches-du-Rhône";93;"Provence-Alpes-Côte d'Azur";3;"H3";2017;"2015-2019";"Inondation";4
"13";"Bouches-du-Rhône";93;"Provence-Alpes-Côte d'Azur";3;"H3";2017;"2015-2019";"Sécheresse";153
"13";"Bouches-du-Rhône";93;"Provence-Alpes-Côte d'Azur";3;"H3";2018;"2015-2019";"Gel";58
"13";"Bouches-du-Rhône";93;"Provence-Alpes-Côte d'Azur";3;"H3";2018;"2015-2019";"Inondation";15
"13";"Bouches-du-Rhône";93;"Provence-Alpes-Côte d'Azur";3;"H3";2018;"2015-2019";"Sécheresse";161
"13";"Bouches-du-Rhône";93;"Provence-Alpes-Côte d'Azur";3;"H3";2019;"2015-2019";"Gel";81
"13";"Bouches-du-Rhône";93;"Provence-Alpes-Côte d'Azur";3;"H3";2019;"2015-2019";"Inondation";11
"13";"Bouches-du-Rhône";93;"Provence-Alpes-Côte d'Azur";3;"H3";2019;"2015-2019";"Sécheresse";147
"13";"Bouches-du-Rhône";93;"Provence-Alpes-Côte d'Azur";3;"H3";2020;"2020-2024";"Gel";57
"13";"Bouches-du-Rhône";93;"Provence-Alpes-Côte d'Azur";3;"H3";2020;"2020-2024";"Inondation";6
"13";"Bouches-du-Rhône";93;"Provence-Alpes-Côte d'Azur";3;"H3";2020;"2020-2024";"Sécheresse";144
"13";"Bouches-du-Rhône";93;"Provence-Alpes-Côte d'Azur";3;"H3";2021;"2020-2024";"Gel";76
"13";"Bouches-du-Rhône";93;"Provence-Alpes-Côte d'Azur";3;"H3";2021;"2020-2024";"Inondation";10
"13";"Bouches-du-Rhône";93;"Provence-Alpes-Côte d'Azur";3;"H3";2021;"2020-2024";"Sécheresse";139
"13";"Bouches-du-Rhône";93;"Provence-Alpes-Côte d'Azur";3;"H3";2022;"2020-2024";"Gel";73
"13";"Bouches-du-Rhône";93;"Provence-Alpes-Côte d'Azur";3;"H3";2022;"2020-2024";"Inondation";4
"13";"Bouches-du-Rhône";93;"Provence-Alpes-Côte d'Azur";3;"H3";2022;"2020-2024";"Sécheresse";178
"13";"Bouches-du-Rhône";93;"Provence-Alpes-Côte d'Azur";3;"H3";2023;"2020-2024";"Gel";76
"13";"Bouches-du-Rhône";93;"Provence-Alpes-Côte d'Azur";3;"H3";2023;"2020-2024";"Inondation";3
"13";"Bouches-du-Rhône";93;"Provence-Alpes-Côte d'Azur";3;"H3";2023;"2020-2024";"Sécheresse";165
"13";"Bouches-du-Rhône";93;"Provence-Alpes-Côte d'Azur";3;"H3";2024;"2020-2024";"Gel";64
"13";"Bouches-du-Rhône";93;"Provence-Alpes-Côte d'Azur";3;"H3";2024;"2020-2024";"Inondation";8
"13";"Bouches-du-Rhône";93;"Provence-Alpes-Côte d'Azur";3;"H3";2024;"2020-2024";"Sécheresse";161
"14";"Calvados";28;"Normandie";1;"H1";2010;"2010-2014";"Gel";112
"14";"Calvados";28;"Normandie";1;"H1";2010;"2010-2014";"Inondation";5
"14";"Calvados";28;"Normandie";1;"H1";2010;"2010-2014";"Sécheresse";57
"14";"Calvados";28;"Normandie";1;"H1";2011;"2010-2014";"Gel";49
"14";"Calvados";28;"Normandie";1;"H1";2011;"2010-2014";"Inondation";2
"14";"Calvados";28;"Normandie";1;"H1";2011;"2010-2014";"Sécheresse";41
"14";"Calvados";28;"Normandie";1;"H1";2012;"2010-2014";"Gel";60
"14";"Calvados";28;"Normandie";1;"H1";2012;"2010-2014";"Inondation";2
"14";"Calvados";28;"Normandie";1;"H1";2012;"2010-2014";"Sécheresse";36
"14";"Calvados";28;"Normandie";1;"H1";2013;"2010-2014";"Gel";72
"14";"Calvados";28;"Normandie";1;"H1";2013;"2010-2014";"Inondation";1
"14";"Calvados";28;"Normandie";1;"H1";2013;"2010-2014";"Sécheresse";52
"14";"Calvados";28;"Normandie";1;"H1";2014;"2010-2014";"Gel";30
"14";"Calvados";28;"Normandie";1;"H1";2014;"2010-2014";"Inondation";5
"14";"Calvados";28;"Normandie";1;"H1";2014;"2010-2014";"Sécheresse";36
"14";"Calvados";28;"Normandie";1;"H1";2015;"2015-2019";"Gel";50
"14";"Calvados";28;"Normandie";1;"H1";2015;"2015-2019";"Inondation";1
"14";"Calvados";28;"Normandie";1;"H1";2015;"2015-2019";"Sécheresse";46
"14";"Calvados";28;"Normandie";1;"H1";2016;"2015-2019";"Gel";70
"14";"Calvados";28;"Normandie";1;"H1";2016;"2015-2019";"Inondation";2
"14";"Calvados";28;"Normandie";1;"H1";2016;"2015-2019";"Sécheresse";47
"14";"Calvados";28;"Normandie";1;"H1";2017;"2015-2019";"Gel";57
"14";"Calvados";28;"Normandie";1;"H1";2017;"2015-2019";"Inondation";3
"14";"Calvados";28;"Normandie";1;"H1";2017;"2015-2019";"Sécheresse";51
"14";"Calvados";28;"Normandie";1;"H1";2018;"2015-2019";"Gel";54
"14";"Calvados";28;"Normandie";1;"H1";2018;"2015-2019";"Inondation";4
"14";"Calvados";28;"Normandie";1;"H1";2018;"2015-2019";"Sécheresse";80
"14";"Calvados";28;"Normandie";1;"H1";2019;"2015-2019";"Gel";60
"14";"Calvados";28;"Normandie";1;"H1";2019;"2015-2019";"Inondation";2
"14";"Calvados";28;"Normandie";1;"H1";2019;"2015-2019";"Sécheresse";54
"14";"Calvados";28;"Normandie";1;"H1";2020;"2020-2024";"Gel";41
"14";"Calvados";28;"Normandie";1;"H1";2020;"2020-2024";"Inondation";4
"14";"Calvados";28;"Normandie";1;"H1";2020;"2020-2024";"Sécheresse";63
"14";"Calvados";28;"Normandie";1;"H1";2021;"2020-2024";"Gel";78
"14";"Calvados";28;"Normandie";1;"H1";2021;"2020-2024";"Inondation";5
"14";"Calvados";28;"Normandie";1;"H1";2021;"2020-2024";"Sécheresse";46
"14";"Calvados";28;"Normandie";1;"H1";2022;"2020-2024";"Gel";51
"14";"Calvados";28;"Normandie";1;"H1";2022;"2020-2024";"Inondation";1
"14";"Calvados";28;"Normandie";1;"H1";2022;"2020-2024";"Sécheresse";75
"14";"Calvados";28;"Normandie";1;"H1";2023;"2020-2024";"Gel";43
"14";"Calvados";28;"Normandie";1;"H1";2023;"2020-2024";"Inondation";1
"14";"Calvados";28;"Normandie";1;"H1";2023;"2020-2024";"Sécheresse";68
"14";"Calvados";28;"Normandie";1;"H1";2024;"2020-2024";"Gel";34
"14";"Calvados";28;"Normandie";1;"H1";2024;"2020-2024";"Inondation";4
"14";"Calvados";28;"Normandie";1;"H1";2024;"2020-2024";"Sécheresse";37
"15";"Cantal";84;"Auvergne-Rhône-Alpes";1;"H1";2010;"2010-2014";"Gel";167
"15";"Cantal";84;"Auvergne-Rhône-Alpes";1;"H1";2010;"2010-2014";"Inondation";19
"15";"Cantal";84;"Auvergne-Rhône-Alpes";1;"H1";2010;"2010-2014";"Sécheresse";99
"15";"Cantal";84;"Auvergne-Rhône-Alpes";1;"H1";2011;"2010-2014";"Gel";138
"15";"Cantal";84;"Auvergne-Rhône-Alpes";1;"H1";2011;"2010-2014";"Inondation";21
"15";"Cantal";84;"Auvergne-Rhône-Alpes";1;"H1";2011;"2010-2014";"Sécheresse";123
"15";"Cantal";84;"Auvergne-Rhône-Alpes";1;"H1";2012;"2010-2014";"Gel";165
"15";"Cantal";84;"Auvergne-Rhône-Alpes";1;"H1";2012;"2010-2014";"Inondation";17
"15";"Cantal";84;"Auvergne-Rhône-Alpes";1;"H1";2012;"2010-2014";"Sécheresse";114
"15";"Cantal";84;"Auvergne-Rhône-Alpes";1;"H1";2013;"2010-2014";"Gel";169
"15";"Cantal";84;"Auvergne-Rhône-Alpes";1;"H1";2013;"2010-2014";"Inondation";20
"15";"Cantal";84;"Auvergne-Rhône-Alpes";1;"H1";2013;"2010-2014";"Sécheresse";89
"15";"Cantal";84;"Auvergne-Rhône-Alpes";1;"H1";2014;"2010-2014";"Gel";146
"15";"Cantal";84;"Auvergne-Rhône-Alpes";1;"H1";2014;"2010-2014";"Inondation";18
"15";"Cantal";84;"Auvergne-Rhône-Alpes";1;"H1";2014;"2010-2014";"Sécheresse";103
"15";"Cantal";84;"Auvergne-Rhône-Alpes";1;"H1";2015;"2015-2019";"Gel";162
"15";"Cantal";84;"Auvergne-Rhône-Alpes";1;"H1";2015;"2015-2019";"Inondation";17
"15";"Cantal";84;"Auvergne-Rhône-Alpes";1;"H1";2015;"2015-2019";"Sécheresse";107
"15";"Cantal";84;"Auvergne-Rhône-Alpes";1;"H1";2016;"2015-2019";"Gel";175
"15";"Cantal";84;"Auvergne-Rhône-Alpes";1;"H1";2016;"2015-2019";"Inondation";22
"15";"Cantal";84;"Auvergne-Rhône-Alpes";1;"H1";2016;"2015-2019";"Sécheresse";96
"15";"Cantal";84;"Auvergne-Rhône-Alpes";1;"H1";2017;"2015-2019";"Gel";174
"15";"Cantal";84;"Auvergne-Rhône-Alpes";1;"H1";2017;"2015-2019";"Inondation";14
"15";"Cantal";84;"Auvergne-Rhône-Alpes";1;"H1";2017;"2015-2019";"Sécheresse";110
"15";"Cantal";84;"Auvergne-Rhône-Alpes";1;"H1";2018;"2015-2019";"Gel";141
"15";"Cantal";84;"Auvergne-Rhône-Alpes";1;"H1";2018;"2015-2019";"Inondation";16
"15";"Cantal";84;"Auvergne-Rhône-Alpes";1;"H1";2018;"2015-2019";"Sécheresse";139
"15";"Cantal";84;"Auvergne-Rhône-Alpes";1;"H1";2019;"2015-2019";"Gel";165
"15";"Cantal";84;"Auvergne-Rhône-Alpes";1;"H1";2019;"2015-2019";"Inondation";22
"15";"Cantal";84;"Auvergne-Rhône-Alpes";1;"H1";2019;"2015-2019";"Sécheresse";108
"15";"Cantal";84;"Auvergne-Rhône-Alpes";1;"H1";2020;"2020-2024";"Gel";138
"15";"Cantal";84;"Auvergne-Rhône-Alpes";1;"H1";2020;"2020-2024";"Inondation";23
"15";"Cantal";84;"Auvergne-Rhône-Alpes";1;"H1";2020;"2020-2024";"Sécheresse";113
"15";"Cantal";84;"Auvergne-Rhône-Alpes";1;"H1";2021;"2020-2024";"Gel";172
"15";"Cantal";84;"Auvergne-Rhône-Alpes";1;"H1";2021;"2020-2024";"Inondation";18
"15";"Cantal";84;"Auvergne-Rhône-Alpes";1;"H1";2021;"2020-2024";"Sécheresse";86
"15";"Cantal";84;"Auvergne-Rhône-Alpes";1;"H1";2022;"2020-2024";"Gel";129
"15";"Cantal";84;"Auvergne-Rhône-Alpes";1;"H1";2022;"2020-2024";"Inondation";14
"15";"Cantal";84;"Auvergne-Rhône-Alpes";1;"H1";2022;"2020-2024";"Sécheresse";128
"15";"Cantal";84;"Auvergne-Rhône-Alpes";1;"H1";2023;"2020-2024";"Gel";131
"15";"Cantal";84;"Auvergne-Rhône-Alpes";1;"H1";2023;"2020-2024";"Inondation";18
"15";"Cantal";84;"Auvergne-Rhône-Alpes";1;"H1";2023;"2020-2024";"Sécheresse";122
"15";"Cantal";84;"Auvergne-Rhône-Alpes";1;"H1";2024;"2020-2024";"Gel";139
"15";"Cantal";84;"Auvergne-Rhône-Alpes";1;"H1";2024;"2020-2024";"Inondation";23
"15";"Cantal";84;"Auvergne-Rhône-Alpes";1;"H1";2024;"2020-2024";"Sécheresse";77
"16";"Charente";75;"Nouvelle-Aquitaine";2;"H2";2010;"2010-2014";"Gel";103
"16";"Charente";75;"Nouvelle-Aquitaine";2;"H2";2010;"2010-2014";"Inondation";2
"16";"Charente";75;"Nouvelle-Aquitaine";2;"H2";2010;"2010-2014";"Sécheresse";100
"16";"Charente";75;"Nouvelle-Aquitaine";2;"H2";2011;"2010-2014";"Gel";62
"16";"Charente";75;"Nouvelle-Aquitaine";2;"H2";2011;"2010-2014";"Inondation";4
"16";"Charente";75;"Nouvelle-Aquitaine";2;"H2";2011;"2010-2014";"Sécheresse";120
"16";"Charente";75;"Nouvelle-Aquitaine";2;"H2";2012;"2010-2014";"Gel";76
"16";"Charente";75;"Nouvelle-Aquitaine";2;"H2";2012;"2010-2014";"Inondation";3
"16";"Charente";75;"Nouvelle-Aquitaine";2;"H2";2012;"2010-2014";"Sécheresse";103
"16";"Charente";75;"Nouvelle-Aquitaine";2;"H2";2013;"2010-2014";"Gel";83
"16";"Charente";75;"Nouvelle-Aquitaine";2;"H2";2013;"2010-2014";"Inondation";7
"16";"Charente";75;"Nouvelle-Aquitaine";2;"H2";2013;"2010-2014";"Sécheresse";87
"16";"Charente";75;"Nouvelle-Aquitaine";2;"H2";2014;"2010-2014";"Gel";37
"16";"Charente";75;"Nouvelle-Aquitaine";2;"H2";2014;"2010-2014";"Inondation";5
"16";"Charente";75;"Nouvelle-Aquitaine";2;"H2";2014;"2010-2014";"Sécheresse";106
"16";"Charente";75;"Nouvelle-Aquitaine";2;"H2";2015;"2015-2019";"Gel";66
"16";"Charente";75;"Nouvelle-Aquitaine";2;"H2";2015;"2015-2019";"Inondation";6
"16";"Charente";75;"Nouvelle-Aquitaine";2;"H2";2015;"2015-2019";"Sécheresse";104
"16";"Charente";75;"Nouvelle-Aquitaine";2;"H2";2016;"2015-2019";"Gel";73
"16";"Charente";75;"Nouvelle-Aquitaine";2;"H2";2016;"2015-2019";"Inondation";4
"16";"Charente";75;"Nouvelle-Aquitaine";2;"H2";2016;"2015-2019";"Sécheresse";99
"16";"Charente";75;"Nouvelle-Aquitaine";2;"H2";2017;"2015-2019";"Gel";73
"16";"Charente";75;"Nouvelle-Aquitaine";2;"H2";2017;"2015-2019";"Inondation";3
"16";"Charente";75;"Nouvelle-Aquitaine";2;"H2";2017;"2015-2019";"Sécheresse";99
"16";"Charente";75;"Nouvelle-Aquitaine";2;"H2";2018;"2015-2019";"Gel";55
"16";"Charente";75;"Nouvelle-Aquitaine";2;"H2";2018;"2015-2019";"Inondation";2
"16";"Charente";75;"Nouvelle-Aquitaine";2;"H2";2018;"2015-2019";"Sécheresse";125
"16";"Charente";75;"Nouvelle-Aquitaine";2;"H2";2019;"2015-2019";"Gel";57
"16";"Charente";75;"Nouvelle-Aquitaine";2;"H2";2019;"2015-2019";"Inondation";1
"16";"Charente";75;"Nouvelle-Aquitaine";2;"H2";2019;"2015-2019";"Sécheresse";92
"16";"Charente";75;"Nouvelle-Aquitaine";2;"H2";2020;"2020-2024";"Gel";36
"16";"Charente";75;"Nouvelle-Aquitaine";2;"H2";2020;"2020-2024";"Inondation";2
"16";"Charente";75;"Nouvelle-Aquitaine";2;"H2";2020;"2020-2024";"Sécheresse";111
"16";"Charente";75;"Nouvelle-Aquitaine";2;"H2";2021;"2020-2024";"Gel";75
"16";"Charente";75;"Nouvelle-Aquitaine";2;"H2";2021;"2020-2024";"Sécheresse";91
"16";"Charente";75;"Nouvelle-Aquitaine";2;"H2";2022;"2020-2024";"Gel";61
"16";"Charente";75;"Nouvelle-Aquitaine";2;"H2";2022;"2020-2024";"Inondation";1
"16";"Charente";75;"Nouvelle-Aquitaine";2;"H2";2022;"2020-2024";"Sécheresse";131
"16";"Charente";75;"Nouvelle-Aquitaine";2;"H2";2023;"2020-2024";"Gel";47
"16";"Charente";75;"Nouvelle-Aquitaine";2;"H2";2023;"2020-2024";"Inondation";1
"16";"Charente";75;"Nouvelle-Aquitaine";2;"H2";2023;"2020-2024";"Sécheresse";132
"16";"Charente";75;"Nouvelle-Aquitaine";2;"H2";2024;"2020-2024";"Gel";34
"16";"Charente";75;"Nouvelle-Aquitaine";2;"H2";2024;"2020-2024";"Inondation";2
"16";"Charente";75;"Nouvelle-Aquitaine";2;"H2";2024;"2020-2024";"Sécheresse";85
"17";"Charente-Maritime";75;"Nouvelle-Aquitaine";2;"H2";2010;"2010-2014";"Gel";95
"17";"Charente-Maritime";75;"Nouvelle-Aquitaine";2;"H2";2010;"2010-2014";"Inondation";3
"17";"Charente-Maritime";75;"Nouvelle-Aquitaine";2;"H2";2010;"2010-2014";"Sécheresse";94
"17";"Charente-Maritime";75;"Nouvelle-Aquitaine";2;"H2";2011;"2010-2014";"Gel";59
"17";"Charente-Maritime";75;"Nouvelle-Aquitaine";2;"H2";2011;"2010-2014";"Inondation";6
"17";"Charente-Maritime";75;"Nouvelle-Aquitaine";2;"H2";2011;"2010-2014";"Sécheresse";111
"17";"Charente-Maritime";75;"Nouvelle-Aquitaine";2;"H2";2012;"2010-2014";"Gel";72
"17";"Charente-Maritime";75;"Nouvelle-Aquitaine";2;"H2";2012;"2010-2014";"Inondation";4
"17";"Charente-Maritime";75;"Nouvelle-Aquitaine";2;"H2";2012;"2010-2014";"Sécheresse";90
"17";"Charente-Maritime";75;"Nouvelle-Aquitaine";2;"H2";2013;"2010-2014";"Gel";78
"17";"Charente-Maritime";75;"Nouvelle-Aquitaine";2;"H2";2013;"2010-2014";"Inondation";6
"17";"Charente-Maritime";75;"Nouvelle-Aquitaine";2;"H2";2013;"2010-2014";"Sécheresse";85
"17";"Charente-Maritime";75;"Nouvelle-Aquitaine";2;"H2";2014;"2010-2014";"Gel";34
"17";"Charente-Maritime";75;"Nouvelle-Aquitaine";2;"H2";2014;"2010-2014";"Inondation";3
"17";"Charente-Maritime";75;"Nouvelle-Aquitaine";2;"H2";2014;"2010-2014";"Sécheresse";92
"17";"Charente-Maritime";75;"Nouvelle-Aquitaine";2;"H2";2015;"2015-2019";"Gel";64
"17";"Charente-Maritime";75;"Nouvelle-Aquitaine";2;"H2";2015;"2015-2019";"Inondation";7
"17";"Charente-Maritime";75;"Nouvelle-Aquitaine";2;"H2";2015;"2015-2019";"Sécheresse";94
"17";"Charente-Maritime";75;"Nouvelle-Aquitaine";2;"H2";2016;"2015-2019";"Gel";65
"17";"Charente-Maritime";75;"Nouvelle-Aquitaine";2;"H2";2016;"2015-2019";"Inondation";4
"17";"Charente-Maritime";75;"Nouvelle-Aquitaine";2;"H2";2016;"2015-2019";"Sécheresse";90
"17";"Charente-Maritime";75;"Nouvelle-Aquitaine";2;"H2";2017;"2015-2019";"Gel";68
"17";"Charente-Maritime";75;"Nouvelle-Aquitaine";2;"H2";2017;"2015-2019";"Inondation";2
"17";"Charente-Maritime";75;"Nouvelle-Aquitaine";2;"H2";2017;"2015-2019";"Sécheresse";94
"17";"Charente-Maritime";75;"Nouvelle-Aquitaine";2;"H2";2018;"2015-2019";"Gel";41
"17";"Charente-Maritime";75;"Nouvelle-Aquitaine";2;"H2";2018;"2015-2019";"Inondation";5
"17";"Charente-Maritime";75;"Nouvelle-Aquitaine";2;"H2";2018;"2015-2019";"Sécheresse";123
"17";"Charente-Maritime";75;"Nouvelle-Aquitaine";2;"H2";2019;"2015-2019";"Gel";45
"17";"Charente-Maritime";75;"Nouvelle-Aquitaine";2;"H2";2019;"2015-2019";"Inondation";4
"17";"Charente-Maritime";75;"Nouvelle-Aquitaine";2;"H2";2019;"2015-2019";"Sécheresse";94
"17";"Charente-Maritime";75;"Nouvelle-Aquitaine";2;"H2";2020;"2020-2024";"Gel";22
"17";"Charente-Maritime";75;"Nouvelle-Aquitaine";2;"H2";2020;"2020-2024";"Inondation";4
"17";"Charente-Maritime";75;"Nouvelle-Aquitaine";2;"H2";2020;"2020-2024";"Sécheresse";104
"17";"Charente-Maritime";75;"Nouvelle-Aquitaine";2;"H2";2021;"2020-2024";"Gel";56
"17";"Charente-Maritime";75;"Nouvelle-Aquitaine";2;"H2";2021;"2020-2024";"Inondation";1
"17";"Charente-Maritime";75;"Nouvelle-Aquitaine";2;"H2";2021;"2020-2024";"Sécheresse";83
"17";"Charente-Maritime";75;"Nouvelle-Aquitaine";2;"H2";2022;"2020-2024";"Gel";53
"17";"Charente-Maritime";75;"Nouvelle-Aquitaine";2;"H2";2022;"2020-2024";"Inondation";1
"17";"Charente-Maritime";75;"Nouvelle-Aquitaine";2;"H2";2022;"2020-2024";"Sécheresse";121
"17";"Charente-Maritime";75;"Nouvelle-Aquitaine";2;"H2";2023;"2020-2024";"Gel";43
"17";"Charente-Maritime";75;"Nouvelle-Aquitaine";2;"H2";2023;"2020-2024";"Inondation";4
"17";"Charente-Maritime";75;"Nouvelle-Aquitaine";2;"H2";2023;"2020-2024";"Sécheresse";122
"17";"Charente-Maritime";75;"Nouvelle-Aquitaine";2;"H2";2024;"2020-2024";"Gel";26
"17";"Charente-Maritime";75;"Nouvelle-Aquitaine";2;"H2";2024;"2020-2024";"Inondation";2
"17";"Charente-Maritime";75;"Nouvelle-Aquitaine";2;"H2";2024;"2020-2024";"Sécheresse";79
"18";"Cher";24;"Centre-Val de Loire";2;"H2";2010;"2010-2014";"Gel";114
"18";"Cher";24;"Centre-Val de Loire";2;"H2";2010;"2010-2014";"Inondation";1
"18";"Cher";24;"Centre-Val de Loire";2;"H2";2010;"2010-2014";"Sécheresse";88
"18";"Cher";24;"Centre-Val de Loire";2;"H2";2011;"2010-2014";"Gel";84
"18";"Cher";24;"Centre-Val de Loire";2;"H2";2011;"2010-2014";"Inondation";7
"18";"Cher";24;"Centre-Val de Loire";2;"H2";2011;"2010-2014";"Sécheresse";115
"18";"Cher";24;"Centre-Val de Loire";2;"H2";2012;"2010-2014";"Gel";89
"18";"Cher";24;"Centre-Val de Loire";2;"H2";2012;"2010-2014";"Inondation";1
"18";"Cher";24;"Centre-Val de Loire";2;"H2";2012;"2010-2014";"Sécheresse";100
"18";"Cher";24;"Centre-Val de Loire";2;"H2";2013;"2010-2014";"Gel";104
"18";"Cher";24;"Centre-Val de Loire";2;"H2";2013;"2010-2014";"Inondation";6
"18";"Cher";24;"Centre-Val de Loire";2;"H2";2013;"2010-2014";"Sécheresse";88
"18";"Cher";24;"Centre-Val de Loire";2;"H2";2014;"2010-2014";"Gel";52
"18";"Cher";24;"Centre-Val de Loire";2;"H2";2014;"2010-2014";"Inondation";4
"18";"Cher";24;"Centre-Val de Loire";2;"H2";2014;"2010-2014";"Sécheresse";94
"18";"Cher";24;"Centre-Val de Loire";2;"H2";2015;"2015-2019";"Gel";88
"18";"Cher";24;"Centre-Val de Loire";2;"H2";2015;"2015-2019";"Inondation";4
"18";"Cher";24;"Centre-Val de Loire";2;"H2";2015;"2015-2019";"Sécheresse";94
"18";"Cher";24;"Centre-Val de Loire";2;"H2";2016;"2015-2019";"Gel";99
"18";"Cher";24;"Centre-Val de Loire";2;"H2";2016;"2015-2019";"Inondation";3
"18";"Cher";24;"Centre-Val de Loire";2;"H2";2016;"2015-2019";"Sécheresse";96
"18";"Cher";24;"Centre-Val de Loire";2;"H2";2017;"2015-2019";"Gel";88
"18";"Cher";24;"Centre-Val de Loire";2;"H2";2017;"2015-2019";"Inondation";2
"18";"Cher";24;"Centre-Val de Loire";2;"H2";2017;"2015-2019";"Sécheresse";103
"18";"Cher";24;"Centre-Val de Loire";2;"H2";2018;"2015-2019";"Gel";71
"18";"Cher";24;"Centre-Val de Loire";2;"H2";2018;"2015-2019";"Inondation";1
"18";"Cher";24;"Centre-Val de Loire";2;"H2";2018;"2015-2019";"Sécheresse";140
"18";"Cher";24;"Centre-Val de Loire";2;"H2";2019;"2015-2019";"Gel";89
"18";"Cher";24;"Centre-Val de Loire";2;"H2";2019;"2015-2019";"Inondation";1
"18";"Cher";24;"Centre-Val de Loire";2;"H2";2019;"2015-2019";"Sécheresse";106
"18";"Cher";24;"Centre-Val de Loire";2;"H2";2020;"2020-2024";"Gel";63
"18";"Cher";24;"Centre-Val de Loire";2;"H2";2020;"2020-2024";"Inondation";1
"18";"Cher";24;"Centre-Val de Loire";2;"H2";2020;"2020-2024";"Sécheresse";117
"18";"Cher";24;"Centre-Val de Loire";2;"H2";2021;"2020-2024";"Gel";103
"18";"Cher";24;"Centre-Val de Loire";2;"H2";2021;"2020-2024";"Inondation";6
"18";"Cher";24;"Centre-Val de Loire";2;"H2";2021;"2020-2024";"Sécheresse";87
"18";"Cher";24;"Centre-Val de Loire";2;"H2";2022;"2020-2024";"Gel";76
"18";"Cher";24;"Centre-Val de Loire";2;"H2";2022;"2020-2024";"Inondation";1
"18";"Cher";24;"Centre-Val de Loire";2;"H2";2022;"2020-2024";"Sécheresse";122
"18";"Cher";24;"Centre-Val de Loire";2;"H2";2023;"2020-2024";"Gel";62
"18";"Cher";24;"Centre-Val de Loire";2;"H2";2023;"2020-2024";"Sécheresse";124
"18";"Cher";24;"Centre-Val de Loire";2;"H2";2024;"2020-2024";"Gel";55
"18";"Cher";24;"Centre-Val de Loire";2;"H2";2024;"2020-2024";"Inondation";5
"18";"Cher";24;"Centre-Val de Loire";2;"H2";2024;"2020-2024";"Sécheresse";89
"19";"Corrèze";75;"Nouvelle-Aquitaine";1;"H1";2010;"2010-2014";"Gel";140
"19";"Corrèze";75;"Nouvelle-Aquitaine";1;"H1";2010;"2010-2014";"Inondation";9
"19";"Corrèze";75;"Nouvelle-Aquitaine";1;"H1";2010;"2010-2014";"Sécheresse";98
"19";"Corrèze";75;"Nouvelle-Aquitaine";1;"H1";2011;"2010-2014";"Gel";119
"19";"Corrèze";75;"Nouvelle-Aquitaine";1;"H1";2011;"2010-2014";"Inondation";10
"19";"Corrèze";75;"Nouvelle-Aquitaine";1;"H1";2011;"2010-2014";"Sécheresse";114
"19";"Corrèze";75;"Nouvelle-Aquitaine";1;"H1";2012;"2010-2014";"Gel";123
"19";"Corrèze";75;"Nouvelle-Aquitaine";1;"H1";2012;"2010-2014";"Inondation";4
"19";"Corrèze";75;"Nouvelle-Aquitaine";1;"H1";2012;"2010-2014";"Sécheresse";106
"19";"Corrèze";75;"Nouvelle-Aquitaine";1;"H1";2013;"2010-2014";"Gel";143
"19";"Corrèze";75;"Nouvelle-Aquitaine";1;"H1";2013;"2010-2014";"Inondation";7
"19";"Corrèze";75;"Nouvelle-Aquitaine";1;"H1";2013;"2010-2014";"Sécheresse";87
"19";"Corrèze";75;"Nouvelle-Aquitaine";1;"H1";2014;"2010-2014";"Gel";104
"19";"Corrèze";75;"Nouvelle-Aquitaine";1;"H1";2014;"2010-2014";"Inondation";8
"19";"Corrèze";75;"Nouvelle-Aquitaine";1;"H1";2014;"2010-2014";"Sécheresse";103
"19";"Corrèze";75;"Nouvelle-Aquitaine";1;"H1";2015;"2015-2019";"Gel";129
"19";"Corrèze";75;"Nouvelle-Aquitaine";1;"H1";2015;"2015-2019";"Inondation";11
"19";"Corrèze";75;"Nouvelle-Aquitaine";1;"H1";2015;"2015-2019";"Sécheresse";101
"19";"Corrèze";75;"Nouvelle-Aquitaine";1;"H1";2016;"2015-2019";"Gel";131
"19";"Corrèze";75;"Nouvelle-Aquitaine";1;"H1";2016;"2015-2019";"Inondation";10
"19";"Corrèze";75;"Nouvelle-Aquitaine";1;"H1";2016;"2015-2019";"Sécheresse";98
"19";"Corrèze";75;"Nouvelle-Aquitaine";1;"H1";2017;"2015-2019";"Gel";135
"19";"Corrèze";75;"Nouvelle-Aquitaine";1;"H1";2017;"2015-2019";"Inondation";6
"19";"Corrèze";75;"Nouvelle-Aquitaine";1;"H1";2017;"2015-2019";"Sécheresse";106
"19";"Corrèze";75;"Nouvelle-Aquitaine";1;"H1";2018;"2015-2019";"Gel";93
"19";"Corrèze";75;"Nouvelle-Aquitaine";1;"H1";2018;"2015-2019";"Inondation";12
"19";"Corrèze";75;"Nouvelle-Aquitaine";1;"H1";2018;"2015-2019";"Sécheresse";137
"19";"Corrèze";75;"Nouvelle-Aquitaine";1;"H1";2019;"2015-2019";"Gel";117
"19";"Corrèze";75;"Nouvelle-Aquitaine";1;"H1";2019;"2015-2019";"Inondation";9
"19";"Corrèze";75;"Nouvelle-Aquitaine";1;"H1";2019;"2015-2019";"Sécheresse";100
"19";"Corrèze";75;"Nouvelle-Aquitaine";1;"H1";2020;"2020-2024";"Gel";108
"19";"Corrèze";75;"Nouvelle-Aquitaine";1;"H1";2020;"2020-2024";"Inondation";9
"19";"Corrèze";75;"Nouvelle-Aquitaine";1;"H1";2020;"2020-2024";"Sécheresse";108
"19";"Corrèze";75;"Nouvelle-Aquitaine";1;"H1";2021;"2020-2024";"Gel";150
"19";"Corrèze";75;"Nouvelle-Aquitaine";1;"H1";2021;"2020-2024";"Inondation";12
"19";"Corrèze";75;"Nouvelle-Aquitaine";1;"H1";2021;"2020-2024";"Sécheresse";90
"19";"Corrèze";75;"Nouvelle-Aquitaine";1;"H1";2022;"2020-2024";"Gel";101
"19";"Corrèze";75;"Nouvelle-Aquitaine";1;"H1";2022;"2020-2024";"Inondation";5
"19";"Corrèze";75;"Nouvelle-Aquitaine";1;"H1";2022;"2020-2024";"Sécheresse";143
"19";"Corrèze";75;"Nouvelle-Aquitaine";1;"H1";2023;"2020-2024";"Gel";91
"19";"Corrèze";75;"Nouvelle-Aquitaine";1;"H1";2023;"2020-2024";"Inondation";9
"19";"Corrèze";75;"Nouvelle-Aquitaine";1;"H1";2023;"2020-2024";"Sécheresse";132
"19";"Corrèze";75;"Nouvelle-Aquitaine";1;"H1";2024;"2020-2024";"Gel";90
"19";"Corrèze";75;"Nouvelle-Aquitaine";1;"H1";2024;"2020-2024";"Inondation";16
"19";"Corrèze";75;"Nouvelle-Aquitaine";1;"H1";2024;"2020-2024";"Sécheresse";99
"21";"Côte-d'Or";27;"Bourgogne-Franche-Comté";1;"H1";2010;"2010-2014";"Gel";125
"21";"Côte-d'Or";27;"Bourgogne-Franche-Comté";1;"H1";2010;"2010-2014";"Inondation";7
"21";"Côte-d'Or";27;"Bourgogne-Franche-Comté";1;"H1";2010;"2010-2014";"Sécheresse";67
"21";"Côte-d'Or";27;"Bourgogne-Franche-Comté";1;"H1";2011;"2010-2014";"Gel";89
"21";"Côte-d'Or";27;"Bourgogne-Franche-Comté";1;"H1";2011;"2010-2014";"Inondation";4
"21";"Côte-d'Or";27;"Bourgogne-Franche-Comté";1;"H1";2011;"2010-2014";"Sécheresse";85
"21";"Côte-d'Or";27;"Bourgogne-Franche-Comté";1;"H1";2012;"2010-2014";"Gel";98
"21";"Côte-d'Or";27;"Bourgogne-Franche-Comté";1;"H1";2012;"2010-2014";"Inondation";7
"21";"Côte-d'Or";27;"Bourgogne-Franche-Comté";1;"H1";2012;"2010-2014";"Sécheresse";82
"21";"Côte-d'Or";27;"Bourgogne-Franche-Comté";1;"H1";2013;"2010-2014";"Gel";119
"21";"Côte-d'Or";27;"Bourgogne-Franche-Comté";1;"H1";2013;"2010-2014";"Inondation";11
"21";"Côte-d'Or";27;"Bourgogne-Franche-Comté";1;"H1";2013;"2010-2014";"Sécheresse";73
"21";"Côte-d'Or";27;"Bourgogne-Franche-Comté";1;"H1";2014;"2010-2014";"Gel";75
"21";"Côte-d'Or";27;"Bourgogne-Franche-Comté";1;"H1";2014;"2010-2014";"Inondation";5
"21";"Côte-d'Or";27;"Bourgogne-Franche-Comté";1;"H1";2014;"2010-2014";"Sécheresse";67
"21";"Côte-d'Or";27;"Bourgogne-Franche-Comté";1;"H1";2015;"2015-2019";"Gel";107
"21";"Côte-d'Or";27;"Bourgogne-Franche-Comté";1;"H1";2015;"2015-2019";"Inondation";7
"21";"Côte-d'Or";27;"Bourgogne-Franche-Comté";1;"H1";2015;"2015-2019";"Sécheresse";78
"21";"Côte-d'Or";27;"Bourgogne-Franche-Comté";1;"H1";2016;"2015-2019";"Gel";109
"21";"Côte-d'Or";27;"Bourgogne-Franche-Comté";1;"H1";2016;"2015-2019";"Inondation";7
"21";"Côte-d'Or";27;"Bourgogne-Franche-Comté";1;"H1";2016;"2015-2019";"Sécheresse";78
"21";"Côte-d'Or";27;"Bourgogne-Franche-Comté";1;"H1";2017;"2015-2019";"Gel";109
"21";"Côte-d'Or";27;"Bourgogne-Franche-Comté";1;"H1";2017;"2015-2019";"Inondation";5
"21";"Côte-d'Or";27;"Bourgogne-Franche-Comté";1;"H1";2017;"2015-2019";"Sécheresse";97
"21";"Côte-d'Or";27;"Bourgogne-Franche-Comté";1;"H1";2018;"2015-2019";"Gel";80
"21";"Côte-d'Or";27;"Bourgogne-Franche-Comté";1;"H1";2018;"2015-2019";"Inondation";8
"21";"Côte-d'Or";27;"Bourgogne-Franche-Comté";1;"H1";2018;"2015-2019";"Sécheresse";122
"21";"Côte-d'Or";27;"Bourgogne-Franche-Comté";1;"H1";2019;"2015-2019";"Gel";108
"21";"Côte-d'Or";27;"Bourgogne-Franche-Comté";1;"H1";2019;"2015-2019";"Inondation";3
"21";"Côte-d'Or";27;"Bourgogne-Franche-Comté";1;"H1";2019;"2015-2019";"Sécheresse";102
"21";"Côte-d'Or";27;"Bourgogne-Franche-Comté";1;"H1";2020;"2020-2024";"Gel";90
"21";"Côte-d'Or";27;"Bourgogne-Franche-Comté";1;"H1";2020;"2020-2024";"Inondation";2
"21";"Côte-d'Or";27;"Bourgogne-Franche-Comté";1;"H1";2020;"2020-2024";"Sécheresse";109
"21";"Côte-d'Or";27;"Bourgogne-Franche-Comté";1;"H1";2021;"2020-2024";"Gel";120
"21";"Côte-d'Or";27;"Bourgogne-Franche-Comté";1;"H1";2021;"2020-2024";"Inondation";4
"21";"Côte-d'Or";27;"Bourgogne-Franche-Comté";1;"H1";2021;"2020-2024";"Sécheresse";70
"21";"Côte-d'Or";27;"Bourgogne-Franche-Comté";1;"H1";2022;"2020-2024";"Gel";92
"21";"Côte-d'Or";27;"Bourgogne-Franche-Comté";1;"H1";2022;"2020-2024";"Inondation";1
"21";"Côte-d'Or";27;"Bourgogne-Franche-Comté";1;"H1";2022;"2020-2024";"Sécheresse";114
"21";"Côte-d'Or";27;"Bourgogne-Franche-Comté";1;"H1";2023;"2020-2024";"Gel";75
"21";"Côte-d'Or";27;"Bourgogne-Franche-Comté";1;"H1";2023;"2020-2024";"Inondation";2
"21";"Côte-d'Or";27;"Bourgogne-Franche-Comté";1;"H1";2023;"2020-2024";"Sécheresse";123
"21";"Côte-d'Or";27;"Bourgogne-Franche-Comté";1;"H1";2024;"2020-2024";"Gel";66
"21";"Côte-d'Or";27;"Bourgogne-Franche-Comté";1;"H1";2024;"2020-2024";"Inondation";6
"21";"Côte-d'Or";27;"Bourgogne-Franche-Comté";1;"H1";2024;"2020-2024";"Sécheresse";80
"22";"Côtes-d'Armor";53;"Bretagne";2;"H2";2010;"2010-2014";"Gel";97
"22";"Côtes-d'Armor";53;"Bretagne";2;"H2";2010;"2010-2014";"Inondation";7
"22";"Côtes-d'Armor";53;"Bretagne";2;"H2";2010;"2010-2014";"Sécheresse";56
"22";"Côtes-d'Armor";53;"Bretagne";2;"H2";2011;"2010-2014";"Gel";40
"22";"Côtes-d'Armor";53;"Bretagne";2;"H2";2011;"2010-2014";"Inondation";3
"22";"Côtes-d'Armor";53;"Bretagne";2;"H2";2011;"2010-2014";"Sécheresse";48
"22";"Côtes-d'Armor";53;"Bretagne";2;"H2";2012;"2010-2014";"Gel";53
"22";"Côtes-d'Armor";53;"Bretagne";2;"H2";2012;"2010-2014";"Inondation";2
"22";"Côtes-d'Armor";53;"Bretagne";2;"H2";2012;"2010-2014";"Sécheresse";37
"22";"Côtes-d'Armor";53;"Bretagne";2;"H2";2013;"2010-2014";"Gel";67
"22";"Côtes-d'Armor";53;"Bretagne";2;"H2";2013;"2010-2014";"Inondation";3
"22";"Côtes-d'Armor";53;"Bretagne";2;"H2";2013;"2010-2014";"Sécheresse";62
"22";"Côtes-d'Armor";53;"Bretagne";2;"H2";2014;"2010-2014";"Gel";22
"22";"Côtes-d'Armor";53;"Bretagne";2;"H2";2014;"2010-2014";"Inondation";6
"22";"Côtes-d'Armor";53;"Bretagne";2;"H2";2014;"2010-2014";"Sécheresse";56
"22";"Côtes-d'Armor";53;"Bretagne";2;"H2";2015;"2015-2019";"Gel";40
"22";"Côtes-d'Armor";53;"Bretagne";2;"H2";2015;"2015-2019";"Sécheresse";50
"22";"Côtes-d'Armor";53;"Bretagne";2;"H2";2016;"2015-2019";"Gel";56
"22";"Côtes-d'Armor";53;"Bretagne";2;"H2";2016;"2015-2019";"Inondation";1
"22";"Côtes-d'Armor";53;"Bretagne";2;"H2";2016;"2015-2019";"Sécheresse";60
"22";"Côtes-d'Armor";53;"Bretagne";2;"H2";2017;"2015-2019";"Gel";53
"22";"Côtes-d'Armor";53;"Bretagne";2;"H2";2017;"2015-2019";"Inondation";3
"22";"Côtes-d'Armor";53;"Bretagne";2;"H2";2017;"2015-2019";"Sécheresse";53
"22";"Côtes-d'Armor";53;"Bretagne";2;"H2";2018;"2015-2019";"Gel";45
"22";"Côtes-d'Armor";53;"Bretagne";2;"H2";2018;"2015-2019";"Inondation";3
"22";"Côtes-d'Armor";53;"Bretagne";2;"H2";2018;"2015-2019";"Sécheresse";77
"22";"Côtes-d'Armor";53;"Bretagne";2;"H2";2019;"2015-2019";"Gel";42
"22";"Côtes-d'Armor";53;"Bretagne";2;"H2";2019;"2015-2019";"Inondation";1
"22";"Côtes-d'Armor";53;"Bretagne";2;"H2";2019;"2015-2019";"Sécheresse";66
"22";"Côtes-d'Armor";53;"Bretagne";2;"H2";2020;"2020-2024";"Gel";29
"22";"Côtes-d'Armor";53;"Bretagne";2;"H2";2020;"2020-2024";"Inondation";7
"22";"Côtes-d'Armor";53;"Bretagne";2;"H2";2020;"2020-2024";"Sécheresse";68
"22";"Côtes-d'Armor";53;"Bretagne";2;"H2";2021;"2020-2024";"Gel";60
"22";"Côtes-d'Armor";53;"Bretagne";2;"H2";2021;"2020-2024";"Inondation";3
"22";"Côtes-d'Armor";53;"Bretagne";2;"H2";2021;"2020-2024";"Sécheresse";38
"22";"Côtes-d'Armor";53;"Bretagne";2;"H2";2022;"2020-2024";"Gel";37
"22";"Côtes-d'Armor";53;"Bretagne";2;"H2";2022;"2020-2024";"Inondation";4
"22";"Côtes-d'Armor";53;"Bretagne";2;"H2";2022;"2020-2024";"Sécheresse";71
"22";"Côtes-d'Armor";53;"Bretagne";2;"H2";2023;"2020-2024";"Gel";34
"22";"Côtes-d'Armor";53;"Bretagne";2;"H2";2023;"2020-2024";"Sécheresse";69
"22";"Côtes-d'Armor";53;"Bretagne";2;"H2";2024;"2020-2024";"Gel";24
"22";"Côtes-d'Armor";53;"Bretagne";2;"H2";2024;"2020-2024";"Inondation";2
"22";"Côtes-d'Armor";53;"Bretagne";2;"H2";2024;"2020-2024";"Sécheresse";39
"23";"Creuse";75;"Nouvelle-Aquitaine";1;"H1";2010;"2010-2014";"Gel";139
"23";"Creuse";75;"Nouvelle-Aquitaine";1;"H1";2010;"2010-2014";"Inondation";11
"23";"Creuse";75;"Nouvelle-Aquitaine";1;"H1";2010;"2010-2014";"Sécheresse";67
"23";"Creuse";75;"Nouvelle-Aquitaine";1;"H1";2011;"2010-2014";"Gel";105
"23";"Creuse";75;"Nouvelle-Aquitaine";1;"H1";2011;"2010-2014";"Inondation";7
"23";"Creuse";75;"Nouvelle-Aquitaine";1;"H1";2011;"2010-2014";"Sécheresse";79
"23";"Creuse";75;"Nouvelle-Aquitaine";1;"H1";2012;"2010-2014";"Gel";121
"23";"Creuse";75;"Nouvelle-Aquitaine";1;"H1";2012;"2010-2014";"Inondation";5
"23";"Creuse";75;"Nouvelle-Aquitaine";1;"H1";2012;"2010-2014";"Sécheresse";77
"23";"Creuse";75;"Nouvelle-Aquitaine";1;"H1";2013;"2010-2014";"Gel";128
"23";"Creuse";75;"Nouvelle-Aquitaine";1;"H1";2013;"2010-2014";"Inondation";5
"23";"Creuse";75;"Nouvelle-Aquitaine";1;"H1";2013;"2010-2014";"Sécheresse";70
"23";"Creuse";75;"Nouvelle-Aquitaine";1;"H1";2014;"2010-2014";"Gel";94
"23";"Creuse";75;"Nouvelle-Aquitaine";1;"H1";2014;"2010-2014";"Inondation";7
"23";"Creuse";75;"Nouvelle-Aquitaine";1;"H1";2014;"2010-2014";"Sécheresse";57
"23";"Creuse";75;"Nouvelle-Aquitaine";1;"H1";2015;"2015-2019";"Gel";128
"23";"Creuse";75;"Nouvelle-Aquitaine";1;"H1";2015;"2015-2019";"Inondation";7
"23";"Creuse";75;"Nouvelle-Aquitaine";1;"H1";2015;"2015-2019";"Sécheresse";73
"23";"Creuse";75;"Nouvelle-Aquitaine";1;"H1";2016;"2015-2019";"Gel";128
"23";"Creuse";75;"Nouvelle-Aquitaine";1;"H1";2016;"2015-2019";"Inondation";5
"23";"Creuse";75;"Nouvelle-Aquitaine";1;"H1";2016;"2015-2019";"Sécheresse";70
"23";"Creuse";75;"Nouvelle-Aquitaine";1;"H1";2017;"2015-2019";"Gel";122
"23";"Creuse";75;"Nouvelle-Aquitaine";1;"H1";2017;"2015-2019";"Inondation";8
"23";"Creuse";75;"Nouvelle-Aquitaine";1;"H1";2017;"2015-2019";"Sécheresse";72
"23";"Creuse";75;"Nouvelle-Aquitaine";1;"H1";2018;"2015-2019";"Gel";92
"23";"Creuse";75;"Nouvelle-Aquitaine";1;"H1";2018;"2015-2019";"Inondation";12
"23";"Creuse";75;"Nouvelle-Aquitaine";1;"H1";2018;"2015-2019";"Sécheresse";99
"23";"Creuse";75;"Nouvelle-Aquitaine";1;"H1";2019;"2015-2019";"Gel";110
"23";"Creuse";75;"Nouvelle-Aquitaine";1;"H1";2019;"2015-2019";"Inondation";7
"23";"Creuse";75;"Nouvelle-Aquitaine";1;"H1";2019;"2015-2019";"Sécheresse";88
"23";"Creuse";75;"Nouvelle-Aquitaine";1;"H1";2020;"2020-2024";"Gel";97
"23";"Creuse";75;"Nouvelle-Aquitaine";1;"H1";2020;"2020-2024";"Inondation";10
"23";"Creuse";75;"Nouvelle-Aquitaine";1;"H1";2020;"2020-2024";"Sécheresse";89
"23";"Creuse";75;"Nouvelle-Aquitaine";1;"H1";2021;"2020-2024";"Gel";134
"23";"Creuse";75;"Nouvelle-Aquitaine";1;"H1";2021;"2020-2024";"Inondation";7
"23";"Creuse";75;"Nouvelle-Aquitaine";1;"H1";2021;"2020-2024";"Sécheresse";63
"23";"Creuse";75;"Nouvelle-Aquitaine";1;"H1";2022;"2020-2024";"Gel";104
"23";"Creuse";75;"Nouvelle-Aquitaine";1;"H1";2022;"2020-2024";"Inondation";5
"23";"Creuse";75;"Nouvelle-Aquitaine";1;"H1";2022;"2020-2024";"Sécheresse";115
"23";"Creuse";75;"Nouvelle-Aquitaine";1;"H1";2023;"2020-2024";"Gel";84
"23";"Creuse";75;"Nouvelle-Aquitaine";1;"H1";2023;"2020-2024";"Inondation";4
"23";"Creuse";75;"Nouvelle-Aquitaine";1;"H1";2023;"2020-2024";"Sécheresse";118
"23";"Creuse";75;"Nouvelle-Aquitaine";1;"H1";2024;"2020-2024";"Gel";74
"23";"Creuse";75;"Nouvelle-Aquitaine";1;"H1";2024;"2020-2024";"Inondation";9
"23";"Creuse";75;"Nouvelle-Aquitaine";1;"H1";2024;"2020-2024";"Sécheresse";74
"24";"Dordogne";75;"Nouvelle-Aquitaine";2;"H2";2010;"2010-2014";"Gel";97
"24";"Dordogne";75;"Nouvelle-Aquitaine";2;"H2";2010;"2010-2014";"Inondation";5
"24";"Dordogne";75;"Nouvelle-Aquitaine";2;"H2";2010;"2010-2014";"Sécheresse";115
"24";"Dordogne";75;"Nouvelle-Aquitaine";2;"H2";2011;"2010-2014";"Gel";58
"24";"Dordogne";75;"Nouvelle-Aquitaine";2;"H2";2011;"2010-2014";"Inondation";2
"24";"Dordogne";75;"Nouvelle-Aquitaine";2;"H2";2011;"2010-2014";"Sécheresse";141
"24";"Dordogne";75;"Nouvelle-Aquitaine";2;"H2";2012;"2010-2014";"Gel";79
"24";"Dordogne";75;"Nouvelle-Aquitaine";2;"H2";2012;"2010-2014";"Inondation";3
"24";"Dordogne";75;"Nouvelle-Aquitaine";2;"H2";2012;"2010-2014";"Sécheresse";113
"24";"Dordogne";75;"Nouvelle-Aquitaine";2;"H2";2013;"2010-2014";"Gel";85
"24";"Dordogne";75;"Nouvelle-Aquitaine";2;"H2";2013;"2010-2014";"Inondation";4
"24";"Dordogne";75;"Nouvelle-Aquitaine";2;"H2";2013;"2010-2014";"Sécheresse";95
"24";"Dordogne";75;"Nouvelle-Aquitaine";2;"H2";2014;"2010-2014";"Gel";35
"24";"Dordogne";75;"Nouvelle-Aquitaine";2;"H2";2014;"2010-2014";"Inondation";5
"24";"Dordogne";75;"Nouvelle-Aquitaine";2;"H2";2014;"2010-2014";"Sécheresse";117
"24";"Dordogne";75;"Nouvelle-Aquitaine";2;"H2";2015;"2015-2019";"Gel";73
"24";"Dordogne";75;"Nouvelle-Aquitaine";2;"H2";2015;"2015-2019";"Inondation";5
"24";"Dordogne";75;"Nouvelle-Aquitaine";2;"H2";2015;"2015-2019";"Sécheresse";113
"24";"Dordogne";75;"Nouvelle-Aquitaine";2;"H2";2016;"2015-2019";"Gel";74
"24";"Dordogne";75;"Nouvelle-Aquitaine";2;"H2";2016;"2015-2019";"Inondation";3
"24";"Dordogne";75;"Nouvelle-Aquitaine";2;"H2";2016;"2015-2019";"Sécheresse";104
"24";"Dordogne";75;"Nouvelle-Aquitaine";2;"H2";2017;"2015-2019";"Gel";78
"24";"Dordogne";75;"Nouvelle-Aquitaine";2;"H2";2017;"2015-2019";"Inondation";4
"24";"Dordogne";75;"Nouvelle-Aquitaine";2;"H2";2017;"2015-2019";"Sécheresse";113
"24";"Dordogne";75;"Nouvelle-Aquitaine";2;"H2";2018;"2015-2019";"Gel";55
"24";"Dordogne";75;"Nouvelle-Aquitaine";2;"H2";2018;"2015-2019";"Inondation";11
"24";"Dordogne";75;"Nouvelle-Aquitaine";2;"H2";2018;"2015-2019";"Sécheresse";138
"24";"Dordogne";75;"Nouvelle-Aquitaine";2;"H2";2019;"2015-2019";"Gel";75
"24";"Dordogne";75;"Nouvelle-Aquitaine";2;"H2";2019;"2015-2019";"Inondation";4
"24";"Dordogne";75;"Nouvelle-Aquitaine";2;"H2";2019;"2015-2019";"Sécheresse";107
"24";"Dordogne";75;"Nouvelle-Aquitaine";2;"H2";2020;"2020-2024";"Gel";52
"24";"Dordogne";75;"Nouvelle-Aquitaine";2;"H2";2020;"2020-2024";"Inondation";5
"24";"Dordogne";75;"Nouvelle-Aquitaine";2;"H2";2020;"2020-2024";"Sécheresse";123
"24";"Dordogne";75;"Nouvelle-Aquitaine";2;"H2";2021;"2020-2024";"Gel";77
"24";"Dordogne";75;"Nouvelle-Aquitaine";2;"H2";2021;"2020-2024";"Inondation";6
"24";"Dordogne";75;"Nouvelle-Aquitaine";2;"H2";2021;"2020-2024";"Sécheresse";100
"24";"Dordogne";75;"Nouvelle-Aquitaine";2;"H2";2022;"2020-2024";"Gel";68
"24";"Dordogne";75;"Nouvelle-Aquitaine";2;"H2";2022;"2020-2024";"Inondation";1
"24";"Dordogne";75;"Nouvelle-Aquitaine";2;"H2";2022;"2020-2024";"Sécheresse";147
"24";"Dordogne";75;"Nouvelle-Aquitaine";2;"H2";2023;"2020-2024";"Gel";64
"24";"Dordogne";75;"Nouvelle-Aquitaine";2;"H2";2023;"2020-2024";"Inondation";1
"24";"Dordogne";75;"Nouvelle-Aquitaine";2;"H2";2023;"2020-2024";"Sécheresse";140
"24";"Dordogne";75;"Nouvelle-Aquitaine";2;"H2";2024;"2020-2024";"Gel";42
"24";"Dordogne";75;"Nouvelle-Aquitaine";2;"H2";2024;"2020-2024";"Inondation";4
"24";"Dordogne";75;"Nouvelle-Aquitaine";2;"H2";2024;"2020-2024";"Sécheresse";99
"25";"Doubs";27;"Bourgogne-Franche-Comté";1;"H1";2010;"2010-2014";"Gel";179
"25";"Doubs";27;"Bourgogne-Franche-Comté";1;"H1";2010;"2010-2014";"Inondation";11
"25";"Doubs";27;"Bourgogne-Franche-Comté";1;"H1";2010;"2010-2014";"Sécheresse";75
"25";"Doubs";27;"Bourgogne-Franche-Comté";1;"H1";2011;"2010-2014";"Gel";168
"25";"Doubs";27;"Bourgogne-Franche-Comté";1;"H1";2011;"2010-2014";"Inondation";6
"25";"Doubs";27;"Bourgogne-Franche-Comté";1;"H1";2011;"2010-2014";"Sécheresse";106
"25";"Doubs";27;"Bourgogne-Franche-Comté";1;"H1";2012;"2010-2014";"Gel";170
"25";"Doubs";27;"Bourgogne-Franche-Comté";1;"H1";2012;"2010-2014";"Inondation";14
"25";"Doubs";27;"Bourgogne-Franche-Comté";1;"H1";2012;"2010-2014";"Sécheresse";90
"25";"Doubs";27;"Bourgogne-Franche-Comté";1;"H1";2013;"2010-2014";"Gel";170
"25";"Doubs";27;"Bourgogne-Franche-Comté";1;"H1";2013;"2010-2014";"Inondation";13
"25";"Doubs";27;"Bourgogne-Franche-Comté";1;"H1";2013;"2010-2014";"Sécheresse";81
"25";"Doubs";27;"Bourgogne-Franche-Comté";1;"H1";2014;"2010-2014";"Gel";153
"25";"Doubs";27;"Bourgogne-Franche-Comté";1;"H1";2014;"2010-2014";"Inondation";14
"25";"Doubs";27;"Bourgogne-Franche-Comté";1;"H1";2014;"2010-2014";"Sécheresse";80
"25";"Doubs";27;"Bourgogne-Franche-Comté";1;"H1";2015;"2015-2019";"Gel";184
"25";"Doubs";27;"Bourgogne-Franche-Comté";1;"H1";2015;"2015-2019";"Inondation";11
"25";"Doubs";27;"Bourgogne-Franche-Comté";1;"H1";2015;"2015-2019";"Sécheresse";86
"25";"Doubs";27;"Bourgogne-Franche-Comté";1;"H1";2016;"2015-2019";"Gel";175
"25";"Doubs";27;"Bourgogne-Franche-Comté";1;"H1";2016;"2015-2019";"Inondation";14
"25";"Doubs";27;"Bourgogne-Franche-Comté";1;"H1";2016;"2015-2019";"Sécheresse";85
"25";"Doubs";27;"Bourgogne-Franche-Comté";1;"H1";2017;"2015-2019";"Gel";179
"25";"Doubs";27;"Bourgogne-Franche-Comté";1;"H1";2017;"2015-2019";"Inondation";8
"25";"Doubs";27;"Bourgogne-Franche-Comté";1;"H1";2017;"2015-2019";"Sécheresse";95
"25";"Doubs";27;"Bourgogne-Franche-Comté";1;"H1";2018;"2015-2019";"Gel";152
"25";"Doubs";27;"Bourgogne-Franche-Comté";1;"H1";2018;"2015-2019";"Inondation";19
"25";"Doubs";27;"Bourgogne-Franche-Comté";1;"H1";2018;"2015-2019";"Sécheresse";129
"25";"Doubs";27;"Bourgogne-Franche-Comté";1;"H1";2019;"2015-2019";"Gel";165
"25";"Doubs";27;"Bourgogne-Franche-Comté";1;"H1";2019;"2015-2019";"Inondation";10
"25";"Doubs";27;"Bourgogne-Franche-Comté";1;"H1";2019;"2015-2019";"Sécheresse";100
"25";"Doubs";27;"Bourgogne-Franche-Comté";1;"H1";2020;"2020-2024";"Gel";168
"25";"Doubs";27;"Bourgogne-Franche-Comté";1;"H1";2020;"2020-2024";"Inondation";10
"25";"Doubs";27;"Bourgogne-Franche-Comté";1;"H1";2020;"2020-2024";"Sécheresse";104
"25";"Doubs";27;"Bourgogne-Franche-Comté";1;"H1";2021;"2020-2024";"Gel";183
"25";"Doubs";27;"Bourgogne-Franche-Comté";1;"H1";2021;"2020-2024";"Inondation";10
"25";"Doubs";27;"Bourgogne-Franche-Comté";1;"H1";2021;"2020-2024";"Sécheresse";75
"25";"Doubs";27;"Bourgogne-Franche-Comté";1;"H1";2022;"2020-2024";"Gel";152
"25";"Doubs";27;"Bourgogne-Franche-Comté";1;"H1";2022;"2020-2024";"Inondation";10
"25";"Doubs";27;"Bourgogne-Franche-Comté";1;"H1";2022;"2020-2024";"Sécheresse";116
"25";"Doubs";27;"Bourgogne-Franche-Comté";1;"H1";2023;"2020-2024";"Gel";137
"25";"Doubs";27;"Bourgogne-Franche-Comté";1;"H1";2023;"2020-2024";"Inondation";9
"25";"Doubs";27;"Bourgogne-Franche-Comté";1;"H1";2023;"2020-2024";"Sécheresse";114
"25";"Doubs";27;"Bourgogne-Franche-Comté";1;"H1";2024;"2020-2024";"Gel";150
"25";"Doubs";27;"Bourgogne-Franche-Comté";1;"H1";2024;"2020-2024";"Inondation";9
"25";"Doubs";27;"Bourgogne-Franche-Comté";1;"H1";2024;"2020-2024";"Sécheresse";85
"26";"Drôme";84;"Auvergne-Rhône-Alpes";2;"H2";2010;"2010-2014";"Gel";161
"26";"Drôme";84;"Auvergne-Rhône-Alpes";2;"H2";2010;"2010-2014";"Inondation";14
"26";"Drôme";84;"Auvergne-Rhône-Alpes";2;"H2";2010;"2010-2014";"Sécheresse";129
"26";"Drôme";84;"Auvergne-Rhône-Alpes";2;"H2";2011;"2010-2014";"Gel";145
"26";"Drôme";84;"Auvergne-Rhône-Alpes";2;"H2";2011;"2010-2014";"Inondation";10
"26";"Drôme";84;"Auvergne-Rhône-Alpes";2;"H2";2011;"2010-2014";"Sécheresse";158
"26";"Drôme";84;"Auvergne-Rhône-Alpes";2;"H2";2012;"2010-2014";"Gel";168
"26";"Drôme";84;"Auvergne-Rhône-Alpes";2;"H2";2012;"2010-2014";"Inondation";22
"26";"Drôme";84;"Auvergne-Rhône-Alpes";2;"H2";2012;"2010-2014";"Sécheresse";142
"26";"Drôme";84;"Auvergne-Rhône-Alpes";2;"H2";2013;"2010-2014";"Gel";159
"26";"Drôme";84;"Auvergne-Rhône-Alpes";2;"H2";2013;"2010-2014";"Inondation";20
"26";"Drôme";84;"Auvergne-Rhône-Alpes";2;"H2";2013;"2010-2014";"Sécheresse";134
"26";"Drôme";84;"Auvergne-Rhône-Alpes";2;"H2";2014;"2010-2014";"Gel";151
"26";"Drôme";84;"Auvergne-Rhône-Alpes";2;"H2";2014;"2010-2014";"Inondation";33
"26";"Drôme";84;"Auvergne-Rhône-Alpes";2;"H2";2014;"2010-2014";"Sécheresse";152
"26";"Drôme";84;"Auvergne-Rhône-Alpes";2;"H2";2015;"2015-2019";"Gel";167
"26";"Drôme";84;"Auvergne-Rhône-Alpes";2;"H2";2015;"2015-2019";"Inondation";18
"26";"Drôme";84;"Auvergne-Rhône-Alpes";2;"H2";2015;"2015-2019";"Sécheresse";146
"26";"Drôme";84;"Auvergne-Rhône-Alpes";2;"H2";2016;"2015-2019";"Gel";173
"26";"Drôme";84;"Auvergne-Rhône-Alpes";2;"H2";2016;"2015-2019";"Inondation";17
"26";"Drôme";84;"Auvergne-Rhône-Alpes";2;"H2";2016;"2015-2019";"Sécheresse";129
"26";"Drôme";84;"Auvergne-Rhône-Alpes";2;"H2";2017;"2015-2019";"Gel";189
"26";"Drôme";84;"Auvergne-Rhône-Alpes";2;"H2";2017;"2015-2019";"Inondation";10
"26";"Drôme";84;"Auvergne-Rhône-Alpes";2;"H2";2017;"2015-2019";"Sécheresse";157
"26";"Drôme";84;"Auvergne-Rhône-Alpes";2;"H2";2018;"2015-2019";"Gel";129
"26";"Drôme";84;"Auvergne-Rhône-Alpes";2;"H2";2018;"2015-2019";"Inondation";18
"26";"Drôme";84;"Auvergne-Rhône-Alpes";2;"H2";2018;"2015-2019";"Sécheresse";166
"26";"Drôme";84;"Auvergne-Rhône-Alpes";2;"H2";2019;"2015-2019";"Gel";165
"26";"Drôme";84;"Auvergne-Rhône-Alpes";2;"H2";2019;"2015-2019";"Inondation";16
"26";"Drôme";84;"Auvergne-Rhône-Alpes";2;"H2";2019;"2015-2019";"Sécheresse";137
"26";"Drôme";84;"Auvergne-Rhône-Alpes";2;"H2";2020;"2020-2024";"Gel";158
"26";"Drôme";84;"Auvergne-Rhône-Alpes";2;"H2";2020;"2020-2024";"Inondation";12
"26";"Drôme";84;"Auvergne-Rhône-Alpes";2;"H2";2020;"2020-2024";"Sécheresse";141
"26";"Drôme";84;"Auvergne-Rhône-Alpes";2;"H2";2021;"2020-2024";"Gel";178
"26";"Drôme";84;"Auvergne-Rhône-Alpes";2;"H2";2021;"2020-2024";"Inondation";16
"26";"Drôme";84;"Auvergne-Rhône-Alpes";2;"H2";2021;"2020-2024";"Sécheresse";130
"26";"Drôme";84;"Auvergne-Rhône-Alpes";2;"H2";2022;"2020-2024";"Gel";151
"26";"Drôme";84;"Auvergne-Rhône-Alpes";2;"H2";2022;"2020-2024";"Inondation";14
"26";"Drôme";84;"Auvergne-Rhône-Alpes";2;"H2";2022;"2020-2024";"Sécheresse";162
"26";"Drôme";84;"Auvergne-Rhône-Alpes";2;"H2";2023;"2020-2024";"Gel";149
"26";"Drôme";84;"Auvergne-Rhône-Alpes";2;"H2";2023;"2020-2024";"Inondation";16
"26";"Drôme";84;"Auvergne-Rhône-Alpes";2;"H2";2023;"2020-2024";"Sécheresse";149
"26";"Drôme";84;"Auvergne-Rhône-Alpes";2;"H2";2024;"2020-2024";"Gel";146
"26";"Drôme";84;"Auvergne-Rhône-Alpes";2;"H2";2024;"2020-2024";"Inondation";14
"26";"Drôme";84;"Auvergne-Rhône-Alpes";2;"H2";2024;"2020-2024";"Sécheresse";124
"27";"Eure";28;"Normandie";1;"H1";2010;"2010-2014";"Gel";110
"27";"Eure";28;"Normandie";1;"H1";2010;"2010-2014";"Inondation";3
"27";"Eure";28;"Normandie";1;"H1";2010;"2010-2014";"Sécheresse";72
"27";"Eure";28;"Normandie";1;"H1";2011;"2010-2014";"Gel";57
"27";"Eure";28;"Normandie";1;"H1";2011;"2010-2014";"Inondation";1
"27";"Eure";28;"Normandie";1;"H1";2011;"2010-2014";"Sécheresse";65
"27";"Eure";28;"Normandie";1;"H1";2012;"2010-2014";"Gel";68
"27";"Eure";28;"Normandie";1;"H1";2012;"2010-2014";"Inondation";1
"27";"Eure";28;"Normandie";1;"H1";2012;"2010-2014";"Sécheresse";57
"27";"Eure";28;"Normandie";1;"H1";2013;"2010-2014";"Gel";87
"27";"Eure";28;"Normandie";1;"H1";2013;"2010-2014";"Inondation";1
"27";"Eure";28;"Normandie";1;"H1";2013;"2010-2014";"Sécheresse";66
"27";"Eure";28;"Normandie";1;"H1";2014;"2010-2014";"Gel";43
"27";"Eure";28;"Normandie";1;"H1";2014;"2010-2014";"Inondation";4
"27";"Eure";28;"Normandie";1;"H1";2014;"2010-2014";"Sécheresse";63
"27";"Eure";28;"Normandie";1;"H1";2015;"2015-2019";"Gel";64
"27";"Eure";28;"Normandie";1;"H1";2015;"2015-2019";"Inondation";1
"27";"Eure";28;"Normandie";1;"H1";2015;"2015-2019";"Sécheresse";67
"27";"Eure";28;"Normandie";1;"H1";2016;"2015-2019";"Gel";86
"27";"Eure";28;"Normandie";1;"H1";2016;"2015-2019";"Inondation";2
"27";"Eure";28;"Normandie";1;"H1";2016;"2015-2019";"Sécheresse";68
"27";"Eure";28;"Normandie";1;"H1";2017;"2015-2019";"Gel";66
"27";"Eure";28;"Normandie";1;"H1";2017;"2015-2019";"Inondation";1
"27";"Eure";28;"Normandie";1;"H1";2017;"2015-2019";"Sécheresse";73
"27";"Eure";28;"Normandie";1;"H1";2018;"2015-2019";"Gel";62
"27";"Eure";28;"Normandie";1;"H1";2018;"2015-2019";"Inondation";7
"27";"Eure";28;"Normandie";1;"H1";2018;"2015-2019";"Sécheresse";102
"27";"Eure";28;"Normandie";1;"H1";2019;"2015-2019";"Gel";66
"27";"Eure";28;"Normandie";1;"H1";2019;"2015-2019";"Inondation";1
"27";"Eure";28;"Normandie";1;"H1";2019;"2015-2019";"Sécheresse";77
"27";"Eure";28;"Normandie";1;"H1";2020;"2020-2024";"Gel";46
"27";"Eure";28;"Normandie";1;"H1";2020;"2020-2024";"Inondation";1
"27";"Eure";28;"Normandie";1;"H1";2020;"2020-2024";"Sécheresse";84
"27";"Eure";28;"Normandie";1;"H1";2021;"2020-2024";"Gel";69
"27";"Eure";28;"Normandie";1;"H1";2021;"2020-2024";"Inondation";2
"27";"Eure";28;"Normandie";1;"H1";2021;"2020-2024";"Sécheresse";52
"27";"Eure";28;"Normandie";1;"H1";2022;"2020-2024";"Gel";46
"27";"Eure";28;"Normandie";1;"H1";2022;"2020-2024";"Inondation";1
"27";"Eure";28;"Normandie";1;"H1";2022;"2020-2024";"Sécheresse";89
"27";"Eure";28;"Normandie";1;"H1";2023;"2020-2024";"Gel";46
"27";"Eure";28;"Normandie";1;"H1";2023;"2020-2024";"Sécheresse";84
"27";"Eure";28;"Normandie";1;"H1";2024;"2020-2024";"Gel";34
"27";"Eure";28;"Normandie";1;"H1";2024;"2020-2024";"Inondation";2
"27";"Eure";28;"Normandie";1;"H1";2024;"2020-2024";"Sécheresse";58
"28";"Eure-et-Loir";24;"Centre-Val de Loire";1;"H1";2010;"2010-2014";"Gel";127
"28";"Eure-et-Loir";24;"Centre-Val de Loire";1;"H1";2010;"2010-2014";"Inondation";3
"28";"Eure-et-Loir";24;"Centre-Val de Loire";1;"H1";2010;"2010-2014";"Sécheresse";75
"28";"Eure-et-Loir";24;"Centre-Val de Loire";1;"H1";2011;"2010-2014";"Gel";79
"28";"Eure-et-Loir";24;"Centre-Val de Loire";1;"H1";2011;"2010-2014";"Sécheresse";75
"28";"Eure-et-Loir";24;"Centre-Val de Loire";1;"H1";2012;"2010-2014";"Gel";85
"28";"Eure-et-Loir";24;"Centre-Val de Loire";1;"H1";2012;"2010-2014";"Inondation";1
"28";"Eure-et-Loir";24;"Centre-Val de Loire";1;"H1";2012;"2010-2014";"Sécheresse";60
"28";"Eure-et-Loir";24;"Centre-Val de Loire";1;"H1";2013;"2010-2014";"Gel";104
"28";"Eure-et-Loir";24;"Centre-Val de Loire";1;"H1";2013;"2010-2014";"Inondation";1
"28";"Eure-et-Loir";24;"Centre-Val de Loire";1;"H1";2013;"2010-2014";"Sécheresse";77
"28";"Eure-et-Loir";24;"Centre-Val de Loire";1;"H1";2014;"2010-2014";"Gel";61
"28";"Eure-et-Loir";24;"Centre-Val de Loire";1;"H1";2014;"2010-2014";"Inondation";2
"28";"Eure-et-Loir";24;"Centre-Val de Loire";1;"H1";2014;"2010-2014";"Sécheresse";67
"28";"Eure-et-Loir";24;"Centre-Val de Loire";1;"H1";2015;"2015-2019";"Gel";79
"28";"Eure-et-Loir";24;"Centre-Val de Loire";1;"H1";2015;"2015-2019";"Inondation";2
"28";"Eure-et-Loir";24;"Centre-Val de Loire";1;"H1";2015;"2015-2019";"Sécheresse";67
"28";"Eure-et-Loir";24;"Centre-Val de Loire";1;"H1";2016;"2015-2019";"Gel";87
"28";"Eure-et-Loir";24;"Centre-Val de Loire";1;"H1";2016;"2015-2019";"Inondation";4
"28";"Eure-et-Loir";24;"Centre-Val de Loire";1;"H1";2016;"2015-2019";"Sécheresse";71
"28";"Eure-et-Loir";24;"Centre-Val de Loire";1;"H1";2017;"2015-2019";"Gel";77
"28";"Eure-et-Loir";24;"Centre-Val de Loire";1;"H1";2017;"2015-2019";"Inondation";2
"28";"Eure-et-Loir";24;"Centre-Val de Loire";1;"H1";2017;"2015-2019";"Sécheresse";75
"28";"Eure-et-Loir";24;"Centre-Val de Loire";1;"H1";2018;"2015-2019";"Gel";71
"28";"Eure-et-Loir";24;"Centre-Val de Loire";1;"H1";2018;"2015-2019";"Inondation";3
"28";"Eure-et-Loir";24;"Centre-Val de Loire";1;"H1";2018;"2015-2019";"Sécheresse";117
"28";"Eure-et-Loir";24;"Centre-Val de Loire";1;"H1";2019;"2015-2019";"Gel";77
"28";"Eure-et-Loir";24;"Centre-Val de Loire";1;"H1";2019;"2015-2019";"Inondation";1
"28";"Eure-et-Loir";24;"Centre-Val de Loire";1;"H1";2019;"2015-2019";"Sécheresse";84
"28";"Eure-et-Loir";24;"Centre-Val de Loire";1;"H1";2020;"2020-2024";"Gel";61
"28";"Eure-et-Loir";24;"Centre-Val de Loire";1;"H1";2020;"2020-2024";"Sécheresse";96
"28";"Eure-et-Loir";24;"Centre-Val de Loire";1;"H1";2021;"2020-2024";"Gel";93
"28";"Eure-et-Loir";24;"Centre-Val de Loire";1;"H1";2021;"2020-2024";"Inondation";2
"28";"Eure-et-Loir";24;"Centre-Val de Loire";1;"H1";2021;"2020-2024";"Sécheresse";62
"28";"Eure-et-Loir";24;"Centre-Val de Loire";1;"H1";2022;"2020-2024";"Gel";74
"28";"Eure-et-Loir";24;"Centre-Val de Loire";1;"H1";2022;"2020-2024";"Inondation";3
"28";"Eure-et-Loir";24;"Centre-Val de Loire";1;"H1";2022;"2020-2024";"Sécheresse";96
"28";"Eure-et-Loir";24;"Centre-Val de Loire";1;"H1";2023;"2020-2024";"Gel";58
"28";"Eure-et-Loir";24;"Centre-Val de Loire";1;"H1";2023;"2020-2024";"Inondation";1
"28";"Eure-et-Loir";24;"Centre-Val de Loire";1;"H1";2023;"2020-2024";"Sécheresse";92
"28";"Eure-et-Loir";24;"Centre-Val de Loire";1;"H1";2024;"2020-2024";"Gel";50
"28";"Eure-et-Loir";24;"Centre-Val de Loire";1;"H1";2024;"2020-2024";"Inondation";5
"28";"Eure-et-Loir";24;"Centre-Val de Loire";1;"H1";2024;"2020-2024";"Sécheresse";60
"29";"Finistère";53;"Bretagne";2;"H2";2010;"2010-2014";"Gel";93
"29";"Finistère";53;"Bretagne";2;"H2";2010;"2010-2014";"Inondation";12
"29";"Finistère";53;"Bretagne";2;"H2";2010;"2010-2014";"Sécheresse";44
"29";"Finistère";53;"Bretagne";2;"H2";2011;"2010-2014";"Gel";34
"29";"Finistère";53;"Bretagne";2;"H2";2011;"2010-2014";"Inondation";7
"29";"Finistère";53;"Bretagne";2;"H2";2011;"2010-2014";"Sécheresse";43
"29";"Finistère";53;"Bretagne";2;"H2";2012;"2010-2014";"Gel";47
"29";"Finistère";53;"Bretagne";2;"H2";2012;"2010-2014";"Inondation";7
"29";"Finistère";53;"Bretagne";2;"H2";2012;"2010-2014";"Sécheresse";26
"29";"Finistère";53;"Bretagne";2;"H2";2013;"2010-2014";"Gel";60
"29";"Finistère";53;"Bretagne";2;"H2";2013;"2010-2014";"Inondation";6
"29";"Finistère";53;"Bretagne";2;"H2";2013;"2010-2014";"Sécheresse";57
"29";"Finistère";53;"Bretagne";2;"H2";2014;"2010-2014";"Gel";15
"29";"Finistère";53;"Bretagne";2;"H2";2014;"2010-2014";"Inondation";10
"29";"Finistère";53;"Bretagne";2;"H2";2014;"2010-2014";"Sécheresse";57
"29";"Finistère";53;"Bretagne";2;"H2";2015;"2015-2019";"Gel";36
"29";"Finistère";53;"Bretagne";2;"H2";2015;"2015-2019";"Inondation";6
"29";"Finistère";53;"Bretagne";2;"H2";2015;"2015-2019";"Sécheresse";35
"29";"Finistère";53;"Bretagne";2;"H2";2016;"2015-2019";"Gel";47
"29";"Finistère";53;"Bretagne";2;"H2";2016;"2015-2019";"Inondation";5
"29";"Finistère";53;"Bretagne";2;"H2";2016;"2015-2019";"Sécheresse";39
"29";"Finistère";53;"Bretagne";2;"H2";2017;"2015-2019";"Gel";41
"29";"Finistère";53;"Bretagne";2;"H2";2017;"2015-2019";"Inondation";2
"29";"Finistère";53;"Bretagne";2;"H2";2017;"2015-2019";"Sécheresse";43
"29";"Finistère";53;"Bretagne";2;"H2";2018;"2015-2019";"Gel";42
"29";"Finistère";53;"Bretagne";2;"H2";2018;"2015-2019";"Inondation";8
"29";"Finistère";53;"Bretagne";2;"H2";2018;"2015-2019";"Sécheresse";63
"29";"Finistère";53;"Bretagne";2;"H2";2019;"2015-2019";"Gel";29
"29";"Finistère";53;"Bretagne";2;"H2";2019;"2015-2019";"Inondation";2
"29";"Finistère";53;"Bretagne";2;"H2";2019;"2015-2019";"Sécheresse";45
"29";"Finistère";53;"Bretagne";2;"H2";2020;"2020-2024";"Gel";17
"29";"Finistère";53;"Bretagne";2;"H2";2020;"2020-2024";"Inondation";13
"29";"Finistère";53;"Bretagne";2;"H2";2020;"2020-2024";"Sécheresse";50
"29";"Finistère";53;"Bretagne";2;"H2";2021;"2020-2024";"Gel";45
"29";"Finistère";53;"Bretagne";2;"H2";2021;"2020-2024";"Inondation";2
"29";"Finistère";53;"Bretagne";2;"H2";2021;"2020-2024";"Sécheresse";29
"29";"Finistère";53;"Bretagne";2;"H2";2022;"2020-2024";"Gel";38
"29";"Finistère";53;"Bretagne";2;"H2";2022;"2020-2024";"Inondation";3
"29";"Finistère";53;"Bretagne";2;"H2";2022;"2020-2024";"Sécheresse";60
"29";"Finistère";53;"Bretagne";2;"H2";2023;"2020-2024";"Gel";28
"29";"Finistère";53;"Bretagne";2;"H2";2023;"2020-2024";"Inondation";1
"29";"Finistère";53;"Bretagne";2;"H2";2023;"2020-2024";"Sécheresse";45
"29";"Finistère";53;"Bretagne";2;"H2";2024;"2020-2024";"Gel";22
"29";"Finistère";53;"Bretagne";2;"H2";2024;"2020-2024";"Inondation";7
"29";"Finistère";53;"Bretagne";2;"H2";2024;"2020-2024";"Sécheresse";19
"30";"Gard";76;"Occitanie";3;"H3";2010;"2010-2014";"Gel";171
"30";"Gard";76;"Occitanie";3;"H3";2010;"2010-2014";"Inondation";30
"30";"Gard";76;"Occitanie";3;"H3";2010;"2010-2014";"Sécheresse";147
"30";"Gard";76;"Occitanie";3;"H3";2011;"2010-2014";"Gel";119
"30";"Gard";76;"Occitanie";3;"H3";2011;"2010-2014";"Inondation";22
"30";"Gard";76;"Occitanie";3;"H3";2011;"2010-2014";"Sécheresse";173
"30";"Gard";76;"Occitanie";3;"H3";2012;"2010-2014";"Gel";152
"30";"Gard";76;"Occitanie";3;"H3";2012;"2010-2014";"Inondation";18
"30";"Gard";76;"Occitanie";3;"H3";2012;"2010-2014";"Sécheresse";154
"30";"Gard";76;"Occitanie";3;"H3";2013;"2010-2014";"Gel";165
"30";"Gard";76;"Occitanie";3;"H3";2013;"2010-2014";"Inondation";25
"30";"Gard";76;"Occitanie";3;"H3";2013;"2010-2014";"Sécheresse";141
"30";"Gard";76;"Occitanie";3;"H3";2014;"2010-2014";"Gel";127
"30";"Gard";76;"Occitanie";3;"H3";2014;"2010-2014";"Inondation";42
"30";"Gard";76;"Occitanie";3;"H3";2014;"2010-2014";"Sécheresse";165
"30";"Gard";76;"Occitanie";3;"H3";2015;"2015-2019";"Gel";123
"30";"Gard";76;"Occitanie";3;"H3";2015;"2015-2019";"Inondation";20
"30";"Gard";76;"Occitanie";3;"H3";2015;"2015-2019";"Sécheresse";151
"30";"Gard";76;"Occitanie";3;"H3";2016;"2015-2019";"Gel";147
"30";"Gard";76;"Occitanie";3;"H3";2016;"2015-2019";"Inondation";28
"30";"Gard";76;"Occitanie";3;"H3";2016;"2015-2019";"Sécheresse";140
"30";"Gard";76;"Occitanie";3;"H3";2017;"2015-2019";"Gel";143
"30";"Gard";76;"Occitanie";3;"H3";2017;"2015-2019";"Inondation";13
"30";"Gard";76;"Occitanie";3;"H3";2017;"2015-2019";"Sécheresse";170
"30";"Gard";76;"Occitanie";3;"H3";2018;"2015-2019";"Gel";134
"30";"Gard";76;"Occitanie";3;"H3";2018;"2015-2019";"Inondation";39
"30";"Gard";76;"Occitanie";3;"H3";2018;"2015-2019";"Sécheresse";167
"30";"Gard";76;"Occitanie";3;"H3";2019;"2015-2019";"Gel";161
"30";"Gard";76;"Occitanie";3;"H3";2019;"2015-2019";"Inondation";22
"30";"Gard";76;"Occitanie";3;"H3";2019;"2015-2019";"Sécheresse";152
"30";"Gard";76;"Occitanie";3;"H3";2020;"2020-2024";"Gel";133
"30";"Gard";76;"Occitanie";3;"H3";2020;"2020-2024";"Inondation";19
"30";"Gard";76;"Occitanie";3;"H3";2020;"2020-2024";"Sécheresse";151
"30";"Gard";76;"Occitanie";3;"H3";2021;"2020-2024";"Gel";149
"30";"Gard";76;"Occitanie";3;"H3";2021;"2020-2024";"Inondation";15
"30";"Gard";76;"Occitanie";3;"H3";2021;"2020-2024";"Sécheresse";139
"30";"Gard";76;"Occitanie";3;"H3";2022;"2020-2024";"Gel";127
"30";"Gard";76;"Occitanie";3;"H3";2022;"2020-2024";"Inondation";17
"30";"Gard";76;"Occitanie";3;"H3";2022;"2020-2024";"Sécheresse";173
"30";"Gard";76;"Occitanie";3;"H3";2023;"2020-2024";"Gel";131
"30";"Gard";76;"Occitanie";3;"H3";2023;"2020-2024";"Inondation";13
"30";"Gard";76;"Occitanie";3;"H3";2023;"2020-2024";"Sécheresse";155
"30";"Gard";76;"Occitanie";3;"H3";2024;"2020-2024";"Gel";133
"30";"Gard";76;"Occitanie";3;"H3";2024;"2020-2024";"Inondation";30
"30";"Gard";76;"Occitanie";3;"H3";2024;"2020-2024";"Sécheresse";139
"31";"Haute-Garonne";76;"Occitanie";2;"H2";2010;"2010-2014";"Gel";196
"31";"Haute-Garonne";76;"Occitanie";2;"H2";2010;"2010-2014";"Inondation";11
"31";"Haute-Garonne";76;"Occitanie";2;"H2";2010;"2010-2014";"Sécheresse";107
"31";"Haute-Garonne";76;"Occitanie";2;"H2";2011;"2010-2014";"Gel";183
"31";"Haute-Garonne";76;"Occitanie";2;"H2";2011;"2010-2014";"Inondation";12
"31";"Haute-Garonne";76;"Occitanie";2;"H2";2011;"2010-2014";"Sécheresse";121
"31";"Haute-Garonne";76;"Occitanie";2;"H2";2012;"2010-2014";"Gel";153
"31";"Haute-Garonne";76;"Occitanie";2;"H2";2012;"2010-2014";"Inondation";8
"31";"Haute-Garonne";76;"Occitanie";2;"H2";2012;"2010-2014";"Sécheresse";123
"31";"Haute-Garonne";76;"Occitanie";2;"H2";2013;"2010-2014";"Gel";212
"31";"Haute-Garonne";76;"Occitanie";2;"H2";2013;"2010-2014";"Inondation";13
"31";"Haute-Garonne";76;"Occitanie";2;"H2";2013;"2010-2014";"Sécheresse";99
"31";"Haute-Garonne";76;"Occitanie";2;"H2";2014;"2010-2014";"Gel";183
"31";"Haute-Garonne";76;"Occitanie";2;"H2";2014;"2010-2014";"Inondation";12
"31";"Haute-Garonne";76;"Occitanie";2;"H2";2014;"2010-2014";"Sécheresse";116
"31";"Haute-Garonne";76;"Occitanie";2;"H2";2015;"2015-2019";"Gel";175
"31";"Haute-Garonne";76;"Occitanie";2;"H2";2015;"2015-2019";"Inondation";16
"31";"Haute-Garonne";76;"Occitanie";2;"H2";2015;"2015-2019";"Sécheresse";106
"31";"Haute-Garonne";76;"Occitanie";2;"H2";2016;"2015-2019";"Gel";204
"31";"Haute-Garonne";76;"Occitanie";2;"H2";2016;"2015-2019";"Inondation";5
"31";"Haute-Garonne";76;"Occitanie";2;"H2";2016;"2015-2019";"Sécheresse";97
"31";"Haute-Garonne";76;"Occitanie";2;"H2";2017;"2015-2019";"Gel";189
"31";"Haute-Garonne";76;"Occitanie";2;"H2";2017;"2015-2019";"Inondation";10
"31";"Haute-Garonne";76;"Occitanie";2;"H2";2017;"2015-2019";"Sécheresse";113
"31";"Haute-Garonne";76;"Occitanie";2;"H2";2018;"2015-2019";"Gel";177
"31";"Haute-Garonne";76;"Occitanie";2;"H2";2018;"2015-2019";"Inondation";22
"31";"Haute-Garonne";76;"Occitanie";2;"H2";2018;"2015-2019";"Sécheresse";127
"31";"Haute-Garonne";76;"Occitanie";2;"H2";2019;"2015-2019";"Gel";209
"31";"Haute-Garonne";76;"Occitanie";2;"H2";2019;"2015-2019";"Inondation";6
"31";"Haute-Garonne";76;"Occitanie";2;"H2";2019;"2015-2019";"Sécheresse";109
"31";"Haute-Garonne";76;"Occitanie";2;"H2";2020;"2020-2024";"Gel";175
"31";"Haute-Garonne";76;"Occitanie";2;"H2";2020;"2020-2024";"Inondation";8
"31";"Haute-Garonne";76;"Occitanie";2;"H2";2020;"2020-2024";"Sécheresse";118
"31";"Haute-Garonne";76;"Occitanie";2;"H2";2021;"2020-2024";"Gel";198
"31";"Haute-Garonne";76;"Occitanie";2;"H2";2021;"2020-2024";"Inondation";6
"31";"Haute-Garonne";76;"Occitanie";2;"H2";2021;"2020-2024";"Sécheresse";111
"31";"Haute-Garonne";76;"Occitanie";2;"H2";2022;"2020-2024";"Gel";174
"31";"Haute-Garonne";76;"Occitanie";2;"H2";2022;"2020-2024";"Inondation";3
"31";"Haute-Garonne";76;"Occitanie";2;"H2";2022;"2020-2024";"Sécheresse";153
"31";"Haute-Garonne";76;"Occitanie";2;"H2";2023;"2020-2024";"Gel";166
"31";"Haute-Garonne";76;"Occitanie";2;"H2";2023;"2020-2024";"Inondation";1
"31";"Haute-Garonne";76;"Occitanie";2;"H2";2023;"2020-2024";"Sécheresse";151
"31";"Haute-Garonne";76;"Occitanie";2;"H2";2024;"2020-2024";"Gel";118
"31";"Haute-Garonne";76;"Occitanie";2;"H2";2024;"2020-2024";"Inondation";7
"31";"Haute-Garonne";76;"Occitanie";2;"H2";2024;"2020-2024";"Sécheresse";110
"32";"Gers";76;"Occitanie";2;"H2";2010;"2010-2014";"Gel";87
"32";"Gers";76;"Occitanie";2;"H2";2010;"2010-2014";"Inondation";7
"32";"Gers";76;"Occitanie";2;"H2";2010;"2010-2014";"Sécheresse";112
"32";"Gers";76;"Occitanie";2;"H2";2011;"2010-2014";"Gel";44
"32";"Gers";76;"Occitanie";2;"H2";2011;"2010-2014";"Inondation";6
"32";"Gers";76;"Occitanie";2;"H2";2011;"2010-2014";"Sécheresse";132
"32";"Gers";76;"Occitanie";2;"H2";2012;"2010-2014";"Gel";60
"32";"Gers";76;"Occitanie";2;"H2";2012;"2010-2014";"Inondation";5
"32";"Gers";76;"Occitanie";2;"H2";2012;"2010-2014";"Sécheresse";118
"32";"Gers";76;"Occitanie";2;"H2";2013;"2010-2014";"Gel";63
"32";"Gers";76;"Occitanie";2;"H2";2013;"2010-2014";"Inondation";6
"32";"Gers";76;"Occitanie";2;"H2";2013;"2010-2014";"Sécheresse";102
"32";"Gers";76;"Occitanie";2;"H2";2014;"2010-2014";"Gel";32
"32";"Gers";76;"Occitanie";2;"H2";2014;"2010-2014";"Inondation";8
"32";"Gers";76;"Occitanie";2;"H2";2014;"2010-2014";"Sécheresse";128
"32";"Gers";76;"Occitanie";2;"H2";2015;"2015-2019";"Gel";60
"32";"Gers";76;"Occitanie";2;"H2";2015;"2015-2019";"Inondation";5
"32";"Gers";76;"Occitanie";2;"H2";2015;"2015-2019";"Sécheresse";116
"32";"Gers";76;"Occitanie";2;"H2";2016;"2015-2019";"Gel";49
"32";"Gers";76;"Occitanie";2;"H2";2016;"2015-2019";"Inondation";2
"32";"Gers";76;"Occitanie";2;"H2";2016;"2015-2019";"Sécheresse";110
"32";"Gers";76;"Occitanie";2;"H2";2017;"2015-2019";"Gel";79
"32";"Gers";76;"Occitanie";2;"H2";2017;"2015-2019";"Inondation";6
"32";"Gers";76;"Occitanie";2;"H2";2017;"2015-2019";"Sécheresse";120
"32";"Gers";76;"Occitanie";2;"H2";2018;"2015-2019";"Gel";37
"32";"Gers";76;"Occitanie";2;"H2";2018;"2015-2019";"Inondation";13
"32";"Gers";76;"Occitanie";2;"H2";2018;"2015-2019";"Sécheresse";136
"32";"Gers";76;"Occitanie";2;"H2";2019;"2015-2019";"Gel";47
"32";"Gers";76;"Occitanie";2;"H2";2019;"2015-2019";"Inondation";7
"32";"Gers";76;"Occitanie";2;"H2";2019;"2015-2019";"Sécheresse";109
"32";"Gers";76;"Occitanie";2;"H2";2020;"2020-2024";"Gel";37
"32";"Gers";76;"Occitanie";2;"H2";2020;"2020-2024";"Inondation";12
"32";"Gers";76;"Occitanie";2;"H2";2020;"2020-2024";"Sécheresse";126
"32";"Gers";76;"Occitanie";2;"H2";2021;"2020-2024";"Gel";44
"32";"Gers";76;"Occitanie";2;"H2";2021;"2020-2024";"Sécheresse";109
"32";"Gers";76;"Occitanie";2;"H2";2022;"2020-2024";"Gel";44
"32";"Gers";76;"Occitanie";2;"H2";2022;"2020-2024";"Inondation";2
"32";"Gers";76;"Occitanie";2;"H2";2022;"2020-2024";"Sécheresse";149
"32";"Gers";76;"Occitanie";2;"H2";2023;"2020-2024";"Gel";43
"32";"Gers";76;"Occitanie";2;"H2";2023;"2020-2024";"Inondation";4
"32";"Gers";76;"Occitanie";2;"H2";2023;"2020-2024";"Sécheresse";148
"32";"Gers";76;"Occitanie";2;"H2";2024;"2020-2024";"Gel";26
"32";"Gers";76;"Occitanie";2;"H2";2024;"2020-2024";"Inondation";1
"32";"Gers";76;"Occitanie";2;"H2";2024;"2020-2024";"Sécheresse";100
"33";"Gironde";75;"Nouvelle-Aquitaine";2;"H2";2010;"2010-2014";"Gel";108
"33";"Gironde";75;"Nouvelle-Aquitaine";2;"H2";2010;"2010-2014";"Inondation";3
"33";"Gironde";75;"Nouvelle-Aquitaine";2;"H2";2010;"2010-2014";"Sécheresse";119
"33";"Gironde";75;"Nouvelle-Aquitaine";2;"H2";2011;"2010-2014";"Gel";65
"33";"Gironde";75;"Nouvelle-Aquitaine";2;"H2";2011;"2010-2014";"Inondation";2
"33";"Gironde";75;"Nouvelle-Aquitaine";2;"H2";2011;"2010-2014";"Sécheresse";148
"33";"Gironde";75;"Nouvelle-Aquitaine";2;"H2";2012;"2010-2014";"Gel";82
"33";"Gironde";75;"Nouvelle-Aquitaine";2;"H2";2012;"2010-2014";"Inondation";5
"33";"Gironde";75;"Nouvelle-Aquitaine";2;"H2";2012;"2010-2014";"Sécheresse";119
"33";"Gironde";75;"Nouvelle-Aquitaine";2;"H2";2013;"2010-2014";"Gel";80
"33";"Gironde";75;"Nouvelle-Aquitaine";2;"H2";2013;"2010-2014";"Inondation";8
"33";"Gironde";75;"Nouvelle-Aquitaine";2;"H2";2013;"2010-2014";"Sécheresse";95
"33";"Gironde";75;"Nouvelle-Aquitaine";2;"H2";2014;"2010-2014";"Gel";29
"33";"Gironde";75;"Nouvelle-Aquitaine";2;"H2";2014;"2010-2014";"Inondation";6
"33";"Gironde";75;"Nouvelle-Aquitaine";2;"H2";2014;"2010-2014";"Sécheresse";121
"33";"Gironde";75;"Nouvelle-Aquitaine";2;"H2";2015;"2015-2019";"Gel";58
"33";"Gironde";75;"Nouvelle-Aquitaine";2;"H2";2015;"2015-2019";"Inondation";1
"33";"Gironde";75;"Nouvelle-Aquitaine";2;"H2";2015;"2015-2019";"Sécheresse";119
"33";"Gironde";75;"Nouvelle-Aquitaine";2;"H2";2016;"2015-2019";"Gel";58
"33";"Gironde";75;"Nouvelle-Aquitaine";2;"H2";2016;"2015-2019";"Inondation";4
"33";"Gironde";75;"Nouvelle-Aquitaine";2;"H2";2016;"2015-2019";"Sécheresse";109
"33";"Gironde";75;"Nouvelle-Aquitaine";2;"H2";2017;"2015-2019";"Gel";74
"33";"Gironde";75;"Nouvelle-Aquitaine";2;"H2";2017;"2015-2019";"Inondation";3
"33";"Gironde";75;"Nouvelle-Aquitaine";2;"H2";2017;"2015-2019";"Sécheresse";123
"33";"Gironde";75;"Nouvelle-Aquitaine";2;"H2";2018;"2015-2019";"Gel";50
"33";"Gironde";75;"Nouvelle-Aquitaine";2;"H2";2018;"2015-2019";"Inondation";7
"33";"Gironde";75;"Nouvelle-Aquitaine";2;"H2";2018;"2015-2019";"Sécheresse";140
"33";"Gironde";75;"Nouvelle-Aquitaine";2;"H2";2019;"2015-2019";"Gel";50
"33";"Gironde";75;"Nouvelle-Aquitaine";2;"H2";2019;"2015-2019";"Inondation";8
"33";"Gironde";75;"Nouvelle-Aquitaine";2;"H2";2019;"2015-2019";"Sécheresse";108
"33";"Gironde";75;"Nouvelle-Aquitaine";2;"H2";2020;"2020-2024";"Gel";29
"33";"Gironde";75;"Nouvelle-Aquitaine";2;"H2";2020;"2020-2024";"Inondation";7
"33";"Gironde";75;"Nouvelle-Aquitaine";2;"H2";2020;"2020-2024";"Sécheresse";123
"33";"Gironde";75;"Nouvelle-Aquitaine";2;"H2";2021;"2020-2024";"Gel";65
"33";"Gironde";75;"Nouvelle-Aquitaine";2;"H2";2021;"2020-2024";"Inondation";4
"33";"Gironde";75;"Nouvelle-Aquitaine";2;"H2";2021;"2020-2024";"Sécheresse";108
"33";"Gironde";75;"Nouvelle-Aquitaine";2;"H2";2022;"2020-2024";"Gel";53
"33";"Gironde";75;"Nouvelle-Aquitaine";2;"H2";2022;"2020-2024";"Sécheresse";147
"33";"Gironde";75;"Nouvelle-Aquitaine";2;"H2";2023;"2020-2024";"Gel";46
"33";"Gironde";75;"Nouvelle-Aquitaine";2;"H2";2023;"2020-2024";"Inondation";7
"33";"Gironde";75;"Nouvelle-Aquitaine";2;"H2";2023;"2020-2024";"Sécheresse";142
"33";"Gironde";75;"Nouvelle-Aquitaine";2;"H2";2024;"2020-2024";"Gel";30
"33";"Gironde";75;"Nouvelle-Aquitaine";2;"H2";2024;"2020-2024";"Inondation";6
"33";"Gironde";75;"Nouvelle-Aquitaine";2;"H2";2024;"2020-2024";"Sécheresse";98
"34";"Hérault";76;"Occitanie";3;"H3";2010;"2010-2014";"Gel";108
"34";"Hérault";76;"Occitanie";3;"H3";2010;"2010-2014";"Inondation";22
"34";"Hérault";76;"Occitanie";3;"H3";2010;"2010-2014";"Sécheresse";142
"34";"Hérault";76;"Occitanie";3;"H3";2011;"2010-2014";"Gel";80
"34";"Hérault";76;"Occitanie";3;"H3";2011;"2010-2014";"Inondation";27
"34";"Hérault";76;"Occitanie";3;"H3";2011;"2010-2014";"Sécheresse";166
"34";"Hérault";76;"Occitanie";3;"H3";2012;"2010-2014";"Gel";100
"34";"Hérault";76;"Occitanie";3;"H3";2012;"2010-2014";"Inondation";25
"34";"Hérault";76;"Occitanie";3;"H3";2012;"2010-2014";"Sécheresse";148
"34";"Hérault";76;"Occitanie";3;"H3";2013;"2010-2014";"Gel";109
"34";"Hérault";76;"Occitanie";3;"H3";2013;"2010-2014";"Inondation";27
"34";"Hérault";76;"Occitanie";3;"H3";2013;"2010-2014";"Sécheresse";144
"34";"Hérault";76;"Occitanie";3;"H3";2014;"2010-2014";"Gel";75
"34";"Hérault";76;"Occitanie";3;"H3";2014;"2010-2014";"Inondation";29
"34";"Hérault";76;"Occitanie";3;"H3";2014;"2010-2014";"Sécheresse";172
"34";"Hérault";76;"Occitanie";3;"H3";2015;"2015-2019";"Gel";88
"34";"Hérault";76;"Occitanie";3;"H3";2015;"2015-2019";"Inondation";18
"34";"Hérault";76;"Occitanie";3;"H3";2015;"2015-2019";"Sécheresse";163
"34";"Hérault";76;"Occitanie";3;"H3";2016;"2015-2019";"Gel";82
"34";"Hérault";76;"Occitanie";3;"H3";2016;"2015-2019";"Inondation";21
"34";"Hérault";76;"Occitanie";3;"H3";2016;"2015-2019";"Sécheresse";140
"34";"Hérault";76;"Occitanie";3;"H3";2017;"2015-2019";"Gel";98
"34";"Hérault";76;"Occitanie";3;"H3";2017;"2015-2019";"Inondation";14
"34";"Hérault";76;"Occitanie";3;"H3";2017;"2015-2019";"Sécheresse";167
"34";"Hérault";76;"Occitanie";3;"H3";2018;"2015-2019";"Gel";65
"34";"Hérault";76;"Occitanie";3;"H3";2018;"2015-2019";"Inondation";43
"34";"Hérault";76;"Occitanie";3;"H3";2018;"2015-2019";"Sécheresse";168
"34";"Hérault";76;"Occitanie";3;"H3";2019;"2015-2019";"Gel";105
"34";"Hérault";76;"Occitanie";3;"H3";2019;"2015-2019";"Inondation";17
"34";"Hérault";76;"Occitanie";3;"H3";2019;"2015-2019";"Sécheresse";149
"34";"Hérault";76;"Occitanie";3;"H3";2020;"2020-2024";"Gel";82
"34";"Hérault";76;"Occitanie";3;"H3";2020;"2020-2024";"Inondation";20
"34";"Hérault";76;"Occitanie";3;"H3";2020;"2020-2024";"Sécheresse";143
"34";"Hérault";76;"Occitanie";3;"H3";2021;"2020-2024";"Gel";109
"34";"Hérault";76;"Occitanie";3;"H3";2021;"2020-2024";"Inondation";16
"34";"Hérault";76;"Occitanie";3;"H3";2021;"2020-2024";"Sécheresse";137
"34";"Hérault";76;"Occitanie";3;"H3";2022;"2020-2024";"Gel";84
"34";"Hérault";76;"Occitanie";3;"H3";2022;"2020-2024";"Inondation";13
"34";"Hérault";76;"Occitanie";3;"H3";2022;"2020-2024";"Sécheresse";166
"34";"Hérault";76;"Occitanie";3;"H3";2023;"2020-2024";"Gel";85
"34";"Hérault";76;"Occitanie";3;"H3";2023;"2020-2024";"Inondation";12
"34";"Hérault";76;"Occitanie";3;"H3";2023;"2020-2024";"Sécheresse";156
"34";"Hérault";76;"Occitanie";3;"H3";2024;"2020-2024";"Gel";70
"34";"Hérault";76;"Occitanie";3;"H3";2024;"2020-2024";"Inondation";22
"34";"Hérault";76;"Occitanie";3;"H3";2024;"2020-2024";"Sécheresse";144
"35";"Ille-et-Vilaine";53;"Bretagne";2;"H2";2010;"2010-2014";"Gel";97
"35";"Ille-et-Vilaine";53;"Bretagne";2;"H2";2010;"2010-2014";"Inondation";2
"35";"Ille-et-Vilaine";53;"Bretagne";2;"H2";2010;"2010-2014";"Sécheresse";60
"35";"Ille-et-Vilaine";53;"Bretagne";2;"H2";2011;"2010-2014";"Gel";38
"35";"Ille-et-Vilaine";53;"Bretagne";2;"H2";2011;"2010-2014";"Inondation";6
"35";"Ille-et-Vilaine";53;"Bretagne";2;"H2";2011;"2010-2014";"Sécheresse";50
"35";"Ille-et-Vilaine";53;"Bretagne";2;"H2";2012;"2010-2014";"Gel";52
"35";"Ille-et-Vilaine";53;"Bretagne";2;"H2";2012;"2010-2014";"Inondation";2
"35";"Ille-et-Vilaine";53;"Bretagne";2;"H2";2012;"2010-2014";"Sécheresse";38
"35";"Ille-et-Vilaine";53;"Bretagne";2;"H2";2013;"2010-2014";"Gel";59
"35";"Ille-et-Vilaine";53;"Bretagne";2;"H2";2013;"2010-2014";"Inondation";6
"35";"Ille-et-Vilaine";53;"Bretagne";2;"H2";2013;"2010-2014";"Sécheresse";67
"35";"Ille-et-Vilaine";53;"Bretagne";2;"H2";2014;"2010-2014";"Gel";17
"35";"Ille-et-Vilaine";53;"Bretagne";2;"H2";2014;"2010-2014";"Inondation";4
"35";"Ille-et-Vilaine";53;"Bretagne";2;"H2";2014;"2010-2014";"Sécheresse";53
"35";"Ille-et-Vilaine";53;"Bretagne";2;"H2";2015;"2015-2019";"Gel";35
"35";"Ille-et-Vilaine";53;"Bretagne";2;"H2";2015;"2015-2019";"Inondation";1
"35";"Ille-et-Vilaine";53;"Bretagne";2;"H2";2015;"2015-2019";"Sécheresse";53
"35";"Ille-et-Vilaine";53;"Bretagne";2;"H2";2016;"2015-2019";"Gel";54
"35";"Ille-et-Vilaine";53;"Bretagne";2;"H2";2016;"2015-2019";"Sécheresse";59
"35";"Ille-et-Vilaine";53;"Bretagne";2;"H2";2017;"2015-2019";"Gel";56
"35";"Ille-et-Vilaine";53;"Bretagne";2;"H2";2017;"2015-2019";"Sécheresse";57
"35";"Ille-et-Vilaine";53;"Bretagne";2;"H2";2018;"2015-2019";"Gel";44
"35";"Ille-et-Vilaine";53;"Bretagne";2;"H2";2018;"2015-2019";"Inondation";8
"35";"Ille-et-Vilaine";53;"Bretagne";2;"H2";2018;"2015-2019";"Sécheresse";93
"35";"Ille-et-Vilaine";53;"Bretagne";2;"H2";2019;"2015-2019";"Gel";42
"35";"Ille-et-Vilaine";53;"Bretagne";2;"H2";2019;"2015-2019";"Inondation";3
"35";"Ille-et-Vilaine";53;"Bretagne";2;"H2";2019;"2015-2019";"Sécheresse";65
"35";"Ille-et-Vilaine";53;"Bretagne";2;"H2";2020;"2020-2024";"Gel";30
"35";"Ille-et-Vilaine";53;"Bretagne";2;"H2";2020;"2020-2024";"Inondation";5
"35";"Ille-et-Vilaine";53;"Bretagne";2;"H2";2020;"2020-2024";"Sécheresse";66
"35";"Ille-et-Vilaine";53;"Bretagne";2;"H2";2021;"2020-2024";"Gel";71
"35";"Ille-et-Vilaine";53;"Bretagne";2;"H2";2021;"2020-2024";"Inondation";2
"35";"Ille-et-Vilaine";53;"Bretagne";2;"H2";2021;"2020-2024";"Sécheresse";41
"35";"Ille-et-Vilaine";53;"Bretagne";2;"H2";2022;"2020-2024";"Gel";42
"35";"Ille-et-Vilaine";53;"Bretagne";2;"H2";2022;"2020-2024";"Inondation";4
"35";"Ille-et-Vilaine";53;"Bretagne";2;"H2";2022;"2020-2024";"Sécheresse";86
"35";"Ille-et-Vilaine";53;"Bretagne";2;"H2";2023;"2020-2024";"Gel";41
"35";"Ille-et-Vilaine";53;"Bretagne";2;"H2";2023;"2020-2024";"Inondation";2
"35";"Ille-et-Vilaine";53;"Bretagne";2;"H2";2023;"2020-2024";"Sécheresse";88
"35";"Ille-et-Vilaine";53;"Bretagne";2;"H2";2024;"2020-2024";"Gel";35
"35";"Ille-et-Vilaine";53;"Bretagne";2;"H2";2024;"2020-2024";"Inondation";2
"35";"Ille-et-Vilaine";53;"Bretagne";2;"H2";2024;"2020-2024";"Sécheresse";48
"36";"Indre";24;"Centre-Val de Loire";2;"H2";2010;"2010-2014";"Gel";107
"36";"Indre";24;"Centre-Val de Loire";2;"H2";2010;"2010-2014";"Inondation";3
"36";"Indre";24;"Centre-Val de Loire";2;"H2";2010;"2010-2014";"Sécheresse";95
"36";"Indre";24;"Centre-Val de Loire";2;"H2";2011;"2010-2014";"Gel";72
"36";"Indre";24;"Centre-Val de Loire";2;"H2";2011;"2010-2014";"Inondation";3
"36";"Indre";24;"Centre-Val de Loire";2;"H2";2011;"2010-2014";"Sécheresse";109
"36";"Indre";24;"Centre-Val de Loire";2;"H2";2012;"2010-2014";"Gel";77
"36";"Indre";24;"Centre-Val de Loire";2;"H2";2012;"2010-2014";"Inondation";4
"36";"Indre";24;"Centre-Val de Loire";2;"H2";2012;"2010-2014";"Sécheresse";93
"36";"Indre";24;"Centre-Val de Loire";2;"H2";2013;"2010-2014";"Gel";93
"36";"Indre";24;"Centre-Val de Loire";2;"H2";2013;"2010-2014";"Inondation";6
"36";"Indre";24;"Centre-Val de Loire";2;"H2";2013;"2010-2014";"Sécheresse";86
"36";"Indre";24;"Centre-Val de Loire";2;"H2";2014;"2010-2014";"Gel";42
"36";"Indre";24;"Centre-Val de Loire";2;"H2";2014;"2010-2014";"Inondation";9
"36";"Indre";24;"Centre-Val de Loire";2;"H2";2014;"2010-2014";"Sécheresse";93
"36";"Indre";24;"Centre-Val de Loire";2;"H2";2015;"2015-2019";"Gel";76
"36";"Indre";24;"Centre-Val de Loire";2;"H2";2015;"2015-2019";"Inondation";4
"36";"Indre";24;"Centre-Val de Loire";2;"H2";2015;"2015-2019";"Sécheresse";105
"36";"Indre";24;"Centre-Val de Loire";2;"H2";2016;"2015-2019";"Gel";93
"36";"Indre";24;"Centre-Val de Loire";2;"H2";2016;"2015-2019";"Inondation";6
"36";"Indre";24;"Centre-Val de Loire";2;"H2";2016;"2015-2019";"Sécheresse";88
"36";"Indre";24;"Centre-Val de Loire";2;"H2";2017;"2015-2019";"Gel";84
"36";"Indre";24;"Centre-Val de Loire";2;"H2";2017;"2015-2019";"Inondation";3
"36";"Indre";24;"Centre-Val de Loire";2;"H2";2017;"2015-2019";"Sécheresse";103
"36";"Indre";24;"Centre-Val de Loire";2;"H2";2018;"2015-2019";"Gel";63
"36";"Indre";24;"Centre-Val de Loire";2;"H2";2018;"2015-2019";"Inondation";3
"36";"Indre";24;"Centre-Val de Loire";2;"H2";2018;"2015-2019";"Sécheresse";145
"36";"Indre";24;"Centre-Val de Loire";2;"H2";2019;"2015-2019";"Gel";78
"36";"Indre";24;"Centre-Val de Loire";2;"H2";2019;"2015-2019";"Sécheresse";109
"36";"Indre";24;"Centre-Val de Loire";2;"H2";2020;"2020-2024";"Gel";56
"36";"Indre";24;"Centre-Val de Loire";2;"H2";2020;"2020-2024";"Inondation";4
"36";"Indre";24;"Centre-Val de Loire";2;"H2";2020;"2020-2024";"Sécheresse";123
"36";"Indre";24;"Centre-Val de Loire";2;"H2";2021;"2020-2024";"Gel";103
"36";"Indre";24;"Centre-Val de Loire";2;"H2";2021;"2020-2024";"Inondation";3
"36";"Indre";24;"Centre-Val de Loire";2;"H2";2021;"2020-2024";"Sécheresse";98
"36";"Indre";24;"Centre-Val de Loire";2;"H2";2022;"2020-2024";"Gel";72
"36";"Indre";24;"Centre-Val de Loire";2;"H2";2022;"2020-2024";"Inondation";1
"36";"Indre";24;"Centre-Val de Loire";2;"H2";2022;"2020-2024";"Sécheresse";134
"36";"Indre";24;"Centre-Val de Loire";2;"H2";2023;"2020-2024";"Gel";59
"36";"Indre";24;"Centre-Val de Loire";2;"H2";2023;"2020-2024";"Inondation";3
"36";"Indre";24;"Centre-Val de Loire";2;"H2";2023;"2020-2024";"Sécheresse";128
"36";"Indre";24;"Centre-Val de Loire";2;"H2";2024;"2020-2024";"Gel";45
"36";"Indre";24;"Centre-Val de Loire";2;"H2";2024;"2020-2024";"Inondation";6
"36";"Indre";24;"Centre-Val de Loire";2;"H2";2024;"2020-2024";"Sécheresse";91
"37";"Indre-et-Loire";24;"Centre-Val de Loire";2;"H2";2010;"2010-2014";"Gel";100
"37";"Indre-et-Loire";24;"Centre-Val de Loire";2;"H2";2010;"2010-2014";"Inondation";2
"37";"Indre-et-Loire";24;"Centre-Val de Loire";2;"H2";2010;"2010-2014";"Sécheresse";85
"37";"Indre-et-Loire";24;"Centre-Val de Loire";2;"H2";2011;"2010-2014";"Gel";47
"37";"Indre-et-Loire";24;"Centre-Val de Loire";2;"H2";2011;"2010-2014";"Inondation";7
"37";"Indre-et-Loire";24;"Centre-Val de Loire";2;"H2";2011;"2010-2014";"Sécheresse";87
"37";"Indre-et-Loire";24;"Centre-Val de Loire";2;"H2";2012;"2010-2014";"Gel";63
"37";"Indre-et-Loire";24;"Centre-Val de Loire";2;"H2";2012;"2010-2014";"Inondation";4
"37";"Indre-et-Loire";24;"Centre-Val de Loire";2;"H2";2012;"2010-2014";"Sécheresse";69
"37";"Indre-et-Loire";24;"Centre-Val de Loire";2;"H2";2013;"2010-2014";"Gel";74
"37";"Indre-et-Loire";24;"Centre-Val de Loire";2;"H2";2013;"2010-2014";"Inondation";3
"37";"Indre-et-Loire";24;"Centre-Val de Loire";2;"H2";2013;"2010-2014";"Sécheresse";77
"37";"Indre-et-Loire";24;"Centre-Val de Loire";2;"H2";2014;"2010-2014";"Gel";28
"37";"Indre-et-Loire";24;"Centre-Val de Loire";2;"H2";2014;"2010-2014";"Inondation";2
"37";"Indre-et-Loire";24;"Centre-Val de Loire";2;"H2";2014;"2010-2014";"Sécheresse";79
"37";"Indre-et-Loire";24;"Centre-Val de Loire";2;"H2";2015;"2015-2019";"Gel";57
"37";"Indre-et-Loire";24;"Centre-Val de Loire";2;"H2";2015;"2015-2019";"Inondation";6
"37";"Indre-et-Loire";24;"Centre-Val de Loire";2;"H2";2015;"2015-2019";"Sécheresse";74
"37";"Indre-et-Loire";24;"Centre-Val de Loire";2;"H2";2016;"2015-2019";"Gel";80
"37";"Indre-et-Loire";24;"Centre-Val de Loire";2;"H2";2016;"2015-2019";"Inondation";2
"37";"Indre-et-Loire";24;"Centre-Val de Loire";2;"H2";2016;"2015-2019";"Sécheresse";84
"37";"Indre-et-Loire";24;"Centre-Val de Loire";2;"H2";2017;"2015-2019";"Gel";65
"37";"Indre-et-Loire";24;"Centre-Val de Loire";2;"H2";2017;"2015-2019";"Sécheresse";97
"37";"Indre-et-Loire";24;"Centre-Val de Loire";2;"H2";2018;"2015-2019";"Gel";53
"37";"Indre-et-Loire";24;"Centre-Val de Loire";2;"H2";2018;"2015-2019";"Inondation";5
"37";"Indre-et-Loire";24;"Centre-Val de Loire";2;"H2";2018;"2015-2019";"Sécheresse";125
"37";"Indre-et-Loire";24;"Centre-Val de Loire";2;"H2";2019;"2015-2019";"Gel";68
"37";"Indre-et-Loire";24;"Centre-Val de Loire";2;"H2";2019;"2015-2019";"Inondation";1
"37";"Indre-et-Loire";24;"Centre-Val de Loire";2;"H2";2019;"2015-2019";"Sécheresse";99
"37";"Indre-et-Loire";24;"Centre-Val de Loire";2;"H2";2020;"2020-2024";"Gel";46
"37";"Indre-et-Loire";24;"Centre-Val de Loire";2;"H2";2020;"2020-2024";"Sécheresse";106
"37";"Indre-et-Loire";24;"Centre-Val de Loire";2;"H2";2021;"2020-2024";"Gel";78
"37";"Indre-et-Loire";24;"Centre-Val de Loire";2;"H2";2021;"2020-2024";"Inondation";4
"37";"Indre-et-Loire";24;"Centre-Val de Loire";2;"H2";2021;"2020-2024";"Sécheresse";83
"37";"Indre-et-Loire";24;"Centre-Val de Loire";2;"H2";2022;"2020-2024";"Gel";57
"37";"Indre-et-Loire";24;"Centre-Val de Loire";2;"H2";2022;"2020-2024";"Inondation";1
"37";"Indre-et-Loire";24;"Centre-Val de Loire";2;"H2";2022;"2020-2024";"Sécheresse";114
"37";"Indre-et-Loire";24;"Centre-Val de Loire";2;"H2";2023;"2020-2024";"Gel";46
"37";"Indre-et-Loire";24;"Centre-Val de Loire";2;"H2";2023;"2020-2024";"Sécheresse";116
"37";"Indre-et-Loire";24;"Centre-Val de Loire";2;"H2";2024;"2020-2024";"Gel";35
"37";"Indre-et-Loire";24;"Centre-Val de Loire";2;"H2";2024;"2020-2024";"Inondation";4
"37";"Indre-et-Loire";24;"Centre-Val de Loire";2;"H2";2024;"2020-2024";"Sécheresse";71
"38";"Isère";84;"Auvergne-Rhône-Alpes";1;"H1";2010;"2010-2014";"Gel";275
"38";"Isère";84;"Auvergne-Rhône-Alpes";1;"H1";2010;"2010-2014";"Inondation";20
"38";"Isère";84;"Auvergne-Rhône-Alpes";1;"H1";2010;"2010-2014";"Sécheresse";108
"38";"Isère";84;"Auvergne-Rhône-Alpes";1;"H1";2011;"2010-2014";"Gel";265
"38";"Isère";84;"Auvergne-Rhône-Alpes";1;"H1";2011;"2010-2014";"Inondation";23
"38";"Isère";84;"Auvergne-Rhône-Alpes";1;"H1";2011;"2010-2014";"Sécheresse";134
"38";"Isère";84;"Auvergne-Rhône-Alpes";1;"H1";2012;"2010-2014";"Gel";249
"38";"Isère";84;"Auvergne-Rhône-Alpes";1;"H1";2012;"2010-2014";"Inondation";28
"38";"Isère";84;"Auvergne-Rhône-Alpes";1;"H1";2012;"2010-2014";"Sécheresse";113
"38";"Isère";84;"Auvergne-Rhône-Alpes";1;"H1";2013;"2010-2014";"Gel";262
"38";"Isère";84;"Auvergne-Rhône-Alpes";1;"H1";2013;"2010-2014";"Inondation";30
"38";"Isère";84;"Auvergne-Rhône-Alpes";1;"H1";2013;"2010-2014";"Sécheresse";109
"38";"Isère";84;"Auvergne-Rhône-Alpes";1;"H1";2014;"2010-2014";"Gel";268
"38";"Isère";84;"Auvergne-Rhône-Alpes";1;"H1";2014;"2010-2014";"Inondation";33
"38";"Isère";84;"Auvergne-Rhône-Alpes";1;"H1";2014;"2010-2014";"Sécheresse";115
"38";"Isère";84;"Auvergne-Rhône-Alpes";1;"H1";2015;"2015-2019";"Gel";263
"38";"Isère";84;"Auvergne-Rhône-Alpes";1;"H1";2015;"2015-2019";"Inondation";24
"38";"Isère";84;"Auvergne-Rhône-Alpes";1;"H1";2015;"2015-2019";"Sécheresse";123
"38";"Isère";84;"Auvergne-Rhône-Alpes";1;"H1";2016;"2015-2019";"Gel";275
"38";"Isère";84;"Auvergne-Rhône-Alpes";1;"H1";2016;"2015-2019";"Inondation";24
"38";"Isère";84;"Auvergne-Rhône-Alpes";1;"H1";2016;"2015-2019";"Sécheresse";112
"38";"Isère";84;"Auvergne-Rhône-Alpes";1;"H1";2017;"2015-2019";"Gel";253
"38";"Isère";84;"Auvergne-Rhône-Alpes";1;"H1";2017;"2015-2019";"Inondation";18
"38";"Isère";84;"Auvergne-Rhône-Alpes";1;"H1";2017;"2015-2019";"Sécheresse";129
"38";"Isère";84;"Auvergne-Rhône-Alpes";1;"H1";2018;"2015-2019";"Gel";224
"38";"Isère";84;"Auvergne-Rhône-Alpes";1;"H1";2018;"2015-2019";"Inondation";22
"38";"Isère";84;"Auvergne-Rhône-Alpes";1;"H1";2018;"2015-2019";"Sécheresse";150
"38";"Isère";84;"Auvergne-Rhône-Alpes";1;"H1";2019;"2015-2019";"Gel";248
"38";"Isère";84;"Auvergne-Rhône-Alpes";1;"H1";2019;"2015-2019";"Inondation";35
"38";"Isère";84;"Auvergne-Rhône-Alpes";1;"H1";2019;"2015-2019";"Sécheresse";124
"38";"Isère";84;"Auvergne-Rhône-Alpes";1;"H1";2020;"2020-2024";"Gel";251
"38";"Isère";84;"Auvergne-Rhône-Alpes";1;"H1";2020;"2020-2024";"Inondation";22
"38";"Isère";84;"Auvergne-Rhône-Alpes";1;"H1";2020;"2020-2024";"Sécheresse";139
"38";"Isère";84;"Auvergne-Rhône-Alpes";1;"H1";2021;"2020-2024";"Gel";254
"38";"Isère";84;"Auvergne-Rhône-Alpes";1;"H1";2021;"2020-2024";"Inondation";22
"38";"Isère";84;"Auvergne-Rhône-Alpes";1;"H1";2021;"2020-2024";"Sécheresse";121
"38";"Isère";84;"Auvergne-Rhône-Alpes";1;"H1";2022;"2020-2024";"Gel";225
"38";"Isère";84;"Auvergne-Rhône-Alpes";1;"H1";2022;"2020-2024";"Inondation";17
"38";"Isère";84;"Auvergne-Rhône-Alpes";1;"H1";2022;"2020-2024";"Sécheresse";152
"38";"Isère";84;"Auvergne-Rhône-Alpes";1;"H1";2023;"2020-2024";"Gel";239
"38";"Isère";84;"Auvergne-Rhône-Alpes";1;"H1";2023;"2020-2024";"Inondation";31
"38";"Isère";84;"Auvergne-Rhône-Alpes";1;"H1";2023;"2020-2024";"Sécheresse";143
"38";"Isère";84;"Auvergne-Rhône-Alpes";1;"H1";2024;"2020-2024";"Gel";250
"38";"Isère";84;"Auvergne-Rhône-Alpes";1;"H1";2024;"2020-2024";"Inondation";33
"38";"Isère";84;"Auvergne-Rhône-Alpes";1;"H1";2024;"2020-2024";"Sécheresse";116
"39";"Jura";27;"Bourgogne-Franche-Comté";1;"H1";2010;"2010-2014";"Gel";162
"39";"Jura";27;"Bourgogne-Franche-Comté";1;"H1";2010;"2010-2014";"Inondation";13
"39";"Jura";27;"Bourgogne-Franche-Comté";1;"H1";2010;"2010-2014";"Sécheresse";81
"39";"Jura";27;"Bourgogne-Franche-Comté";1;"H1";2011;"2010-2014";"Gel";140
"39";"Jura";27;"Bourgogne-Franche-Comté";1;"H1";2011;"2010-2014";"Inondation";12
"39";"Jura";27;"Bourgogne-Franche-Comté";1;"H1";2011;"2010-2014";"Sécheresse";106
"39";"Jura";27;"Bourgogne-Franche-Comté";1;"H1";2012;"2010-2014";"Gel";157
"39";"Jura";27;"Bourgogne-Franche-Comté";1;"H1";2012;"2010-2014";"Inondation";19
"39";"Jura";27;"Bourgogne-Franche-Comté";1;"H1";2012;"2010-2014";"Sécheresse";88
"39";"Jura";27;"Bourgogne-Franche-Comté";1;"H1";2013;"2010-2014";"Gel";159
"39";"Jura";27;"Bourgogne-Franche-Comté";1;"H1";2013;"2010-2014";"Inondation";17
"39";"Jura";27;"Bourgogne-Franche-Comté";1;"H1";2013;"2010-2014";"Sécheresse";81
"39";"Jura";27;"Bourgogne-Franche-Comté";1;"H1";2014;"2010-2014";"Gel";151
"39";"Jura";27;"Bourgogne-Franche-Comté";1;"H1";2014;"2010-2014";"Inondation";15
"39";"Jura";27;"Bourgogne-Franche-Comté";1;"H1";2014;"2010-2014";"Sécheresse";77
"39";"Jura";27;"Bourgogne-Franche-Comté";1;"H1";2015;"2015-2019";"Gel";189
"39";"Jura";27;"Bourgogne-Franche-Comté";1;"H1";2015;"2015-2019";"Inondation";13
"39";"Jura";27;"Bourgogne-Franche-Comté";1;"H1";2015;"2015-2019";"Sécheresse";88
"39";"Jura";27;"Bourgogne-Franche-Comté";1;"H1";2016;"2015-2019";"Gel";177
"39";"Jura";27;"Bourgogne-Franche-Comté";1;"H1";2016;"2015-2019";"Inondation";16
"39";"Jura";27;"Bourgogne-Franche-Comté";1;"H1";2016;"2015-2019";"Sécheresse";86
"39";"Jura";27;"Bourgogne-Franche-Comté";1;"H1";2017;"2015-2019";"Gel";183
"39";"Jura";27;"Bourgogne-Franche-Comté";1;"H1";2017;"2015-2019";"Inondation";12
"39";"Jura";27;"Bourgogne-Franche-Comté";1;"H1";2017;"2015-2019";"Sécheresse";105
"39";"Jura";27;"Bourgogne-Franche-Comté";1;"H1";2018;"2015-2019";"Gel";146
"39";"Jura";27;"Bourgogne-Franche-Comté";1;"H1";2018;"2015-2019";"Inondation";18
"39";"Jura";27;"Bourgogne-Franche-Comté";1;"H1";2018;"2015-2019";"Sécheresse";138
"39";"Jura";27;"Bourgogne-Franche-Comté";1;"H1";2019;"2015-2019";"Gel";168
"39";"Jura";27;"Bourgogne-Franche-Comté";1;"H1";2019;"2015-2019";"Inondation";15
"39";"Jura";27;"Bourgogne-Franche-Comté";1;"H1";2019;"2015-2019";"Sécheresse";101
"39";"Jura";27;"Bourgogne-Franche-Comté";1;"H1";2020;"2020-2024";"Gel";161
"39";"Jura";27;"Bourgogne-Franche-Comté";1;"H1";2020;"2020-2024";"Inondation";10
"39";"Jura";27;"Bourgogne-Franche-Comté";1;"H1";2020;"2020-2024";"Sécheresse";118
"39";"Jura";27;"Bourgogne-Franche-Comté";1;"H1";2021;"2020-2024";"Gel";176
"39";"Jura";27;"Bourgogne-Franche-Comté";1;"H1";2021;"2020-2024";"Inondation";14
"39";"Jura";27;"Bourgogne-Franche-Comté";1;"H1";2021;"2020-2024";"Sécheresse";85
"39";"Jura";27;"Bourgogne-Franche-Comté";1;"H1";2022;"2020-2024";"Gel";150
"39";"Jura";27;"Bourgogne-Franche-Comté";1;"H1";2022;"2020-2024";"Inondation";9
"39";"Jura";27;"Bourgogne-Franche-Comté";1;"H1";2022;"2020-2024";"Sécheresse";117
"39";"Jura";27;"Bourgogne-Franche-Comté";1;"H1";2023;"2020-2024";"Gel";136
"39";"Jura";27;"Bourgogne-Franche-Comté";1;"H1";2023;"2020-2024";"Inondation";11
"39";"Jura";27;"Bourgogne-Franche-Comté";1;"H1";2023;"2020-2024";"Sécheresse";118
"39";"Jura";27;"Bourgogne-Franche-Comté";1;"H1";2024;"2020-2024";"Gel";148
"39";"Jura";27;"Bourgogne-Franche-Comté";1;"H1";2024;"2020-2024";"Inondation";10
"39";"Jura";27;"Bourgogne-Franche-Comté";1;"H1";2024;"2020-2024";"Sécheresse";88
"40";"Landes";75;"Nouvelle-Aquitaine";2;"H2";2010;"2010-2014";"Gel";89
"40";"Landes";75;"Nouvelle-Aquitaine";2;"H2";2010;"2010-2014";"Inondation";10
"40";"Landes";75;"Nouvelle-Aquitaine";2;"H2";2010;"2010-2014";"Sécheresse";126
"40";"Landes";75;"Nouvelle-Aquitaine";2;"H2";2011;"2010-2014";"Gel";60
"40";"Landes";75;"Nouvelle-Aquitaine";2;"H2";2011;"2010-2014";"Inondation";5
"40";"Landes";75;"Nouvelle-Aquitaine";2;"H2";2011;"2010-2014";"Sécheresse";149
"40";"Landes";75;"Nouvelle-Aquitaine";2;"H2";2012;"2010-2014";"Gel";77
"40";"Landes";75;"Nouvelle-Aquitaine";2;"H2";2012;"2010-2014";"Inondation";8
"40";"Landes";75;"Nouvelle-Aquitaine";2;"H2";2012;"2010-2014";"Sécheresse";128
"40";"Landes";75;"Nouvelle-Aquitaine";2;"H2";2013;"2010-2014";"Gel";71
"40";"Landes";75;"Nouvelle-Aquitaine";2;"H2";2013;"2010-2014";"Inondation";10
"40";"Landes";75;"Nouvelle-Aquitaine";2;"H2";2013;"2010-2014";"Sécheresse";107
"40";"Landes";75;"Nouvelle-Aquitaine";2;"H2";2014;"2010-2014";"Gel";32
"40";"Landes";75;"Nouvelle-Aquitaine";2;"H2";2014;"2010-2014";"Inondation";12
"40";"Landes";75;"Nouvelle-Aquitaine";2;"H2";2014;"2010-2014";"Sécheresse";142
"40";"Landes";75;"Nouvelle-Aquitaine";2;"H2";2015;"2015-2019";"Gel";59
"40";"Landes";75;"Nouvelle-Aquitaine";2;"H2";2015;"2015-2019";"Inondation";8
"40";"Landes";75;"Nouvelle-Aquitaine";2;"H2";2015;"2015-2019";"Sécheresse";138
"40";"Landes";75;"Nouvelle-Aquitaine";2;"H2";2016;"2015-2019";"Gel";70
"40";"Landes";75;"Nouvelle-Aquitaine";2;"H2";2016;"2015-2019";"Inondation";15
"40";"Landes";75;"Nouvelle-Aquitaine";2;"H2";2016;"2015-2019";"Sécheresse";122
"40";"Landes";75;"Nouvelle-Aquitaine";2;"H2";2017;"2015-2019";"Gel";76
"40";"Landes";75;"Nouvelle-Aquitaine";2;"H2";2017;"2015-2019";"Inondation";12
"40";"Landes";75;"Nouvelle-Aquitaine";2;"H2";2017;"2015-2019";"Sécheresse";143
"40";"Landes";75;"Nouvelle-Aquitaine";2;"H2";2018;"2015-2019";"Gel";43
"40";"Landes";75;"Nouvelle-Aquitaine";2;"H2";2018;"2015-2019";"Inondation";11
"40";"Landes";75;"Nouvelle-Aquitaine";2;"H2";2018;"2015-2019";"Sécheresse";142
"40";"Landes";75;"Nouvelle-Aquitaine";2;"H2";2019;"2015-2019";"Gel";54
"40";"Landes";75;"Nouvelle-Aquitaine";2;"H2";2019;"2015-2019";"Inondation";15
"40";"Landes";75;"Nouvelle-Aquitaine";2;"H2";2019;"2015-2019";"Sécheresse";130
"40";"Landes";75;"Nouvelle-Aquitaine";2;"H2";2020;"2020-2024";"Gel";48
"40";"Landes";75;"Nouvelle-Aquitaine";2;"H2";2020;"2020-2024";"Inondation";17
"40";"Landes";75;"Nouvelle-Aquitaine";2;"H2";2020;"2020-2024";"Sécheresse";135
"40";"Landes";75;"Nouvelle-Aquitaine";2;"H2";2021;"2020-2024";"Gel";65
"40";"Landes";75;"Nouvelle-Aquitaine";2;"H2";2021;"2020-2024";"Inondation";4
"40";"Landes";75;"Nouvelle-Aquitaine";2;"H2";2021;"2020-2024";"Sécheresse";106
"40";"Landes";75;"Nouvelle-Aquitaine";2;"H2";2022;"2020-2024";"Gel";55
"40";"Landes";75;"Nouvelle-Aquitaine";2;"H2";2022;"2020-2024";"Inondation";5
"40";"Landes";75;"Nouvelle-Aquitaine";2;"H2";2022;"2020-2024";"Sécheresse";154
"40";"Landes";75;"Nouvelle-Aquitaine";2;"H2";2023;"2020-2024";"Gel";59
"40";"Landes";75;"Nouvelle-Aquitaine";2;"H2";2023;"2020-2024";"Inondation";13
"40";"Landes";75;"Nouvelle-Aquitaine";2;"H2";2023;"2020-2024";"Sécheresse";151
"40";"Landes";75;"Nouvelle-Aquitaine";2;"H2";2024;"2020-2024";"Gel";37
"40";"Landes";75;"Nouvelle-Aquitaine";2;"H2";2024;"2020-2024";"Inondation";12
"40";"Landes";75;"Nouvelle-Aquitaine";2;"H2";2024;"2020-2024";"Sécheresse";111
"41";"Loir-et-Cher";24;"Centre-Val de Loire";2;"H2";2010;"2010-2014";"Gel";117
"41";"Loir-et-Cher";24;"Centre-Val de Loire";2;"H2";2010;"2010-2014";"Inondation";4
"41";"Loir-et-Cher";24;"Centre-Val de Loire";2;"H2";2010;"2010-2014";"Sécheresse";83
"41";"Loir-et-Cher";24;"Centre-Val de Loire";2;"H2";2011;"2010-2014";"Gel";68
"41";"Loir-et-Cher";24;"Centre-Val de Loire";2;"H2";2011;"2010-2014";"Inondation";4
"41";"Loir-et-Cher";24;"Centre-Val de Loire";2;"H2";2011;"2010-2014";"Sécheresse";95
"41";"Loir-et-Cher";24;"Centre-Val de Loire";2;"H2";2012;"2010-2014";"Gel";82
"41";"Loir-et-Cher";24;"Centre-Val de Loire";2;"H2";2012;"2010-2014";"Inondation";6
"41";"Loir-et-Cher";24;"Centre-Val de Loire";2;"H2";2012;"2010-2014";"Sécheresse";72
"41";"Loir-et-Cher";24;"Centre-Val de Loire";2;"H2";2013;"2010-2014";"Gel";91
"41";"Loir-et-Cher";24;"Centre-Val de Loire";2;"H2";2013;"2010-2014";"Inondation";5
"41";"Loir-et-Cher";24;"Centre-Val de Loire";2;"H2";2013;"2010-2014";"Sécheresse";78
"41";"Loir-et-Cher";24;"Centre-Val de Loire";2;"H2";2014;"2010-2014";"Gel";48
"41";"Loir-et-Cher";24;"Centre-Val de Loire";2;"H2";2014;"2010-2014";"Inondation";5
"41";"Loir-et-Cher";24;"Centre-Val de Loire";2;"H2";2014;"2010-2014";"Sécheresse";74
"41";"Loir-et-Cher";24;"Centre-Val de Loire";2;"H2";2015;"2015-2019";"Gel";79
"41";"Loir-et-Cher";24;"Centre-Val de Loire";2;"H2";2015;"2015-2019";"Inondation";5
"41";"Loir-et-Cher";24;"Centre-Val de Loire";2;"H2";2015;"2015-2019";"Sécheresse";78
"41";"Loir-et-Cher";24;"Centre-Val de Loire";2;"H2";2016;"2015-2019";"Gel";91
"41";"Loir-et-Cher";24;"Centre-Val de Loire";2;"H2";2016;"2015-2019";"Inondation";3
"41";"Loir-et-Cher";24;"Centre-Val de Loire";2;"H2";2016;"2015-2019";"Sécheresse";78
"41";"Loir-et-Cher";24;"Centre-Val de Loire";2;"H2";2017;"2015-2019";"Gel";83
"41";"Loir-et-Cher";24;"Centre-Val de Loire";2;"H2";2017;"2015-2019";"Inondation";2
"41";"Loir-et-Cher";24;"Centre-Val de Loire";2;"H2";2017;"2015-2019";"Sécheresse";90
"41";"Loir-et-Cher";24;"Centre-Val de Loire";2;"H2";2018;"2015-2019";"Gel";68
"41";"Loir-et-Cher";24;"Centre-Val de Loire";2;"H2";2018;"2015-2019";"Inondation";2
"41";"Loir-et-Cher";24;"Centre-Val de Loire";2;"H2";2018;"2015-2019";"Sécheresse";124
"41";"Loir-et-Cher";24;"Centre-Val de Loire";2;"H2";2019;"2015-2019";"Gel";86
"41";"Loir-et-Cher";24;"Centre-Val de Loire";2;"H2";2019;"2015-2019";"Sécheresse";91
"41";"Loir-et-Cher";24;"Centre-Val de Loire";2;"H2";2020;"2020-2024";"Gel";59
"41";"Loir-et-Cher";24;"Centre-Val de Loire";2;"H2";2020;"2020-2024";"Inondation";2
"41";"Loir-et-Cher";24;"Centre-Val de Loire";2;"H2";2020;"2020-2024";"Sécheresse";94
"41";"Loir-et-Cher";24;"Centre-Val de Loire";2;"H2";2021;"2020-2024";"Gel";90
"41";"Loir-et-Cher";24;"Centre-Val de Loire";2;"H2";2021;"2020-2024";"Inondation";1
"41";"Loir-et-Cher";24;"Centre-Val de Loire";2;"H2";2021;"2020-2024";"Sécheresse";64
"41";"Loir-et-Cher";24;"Centre-Val de Loire";2;"H2";2022;"2020-2024";"Gel";61
"41";"Loir-et-Cher";24;"Centre-Val de Loire";2;"H2";2022;"2020-2024";"Inondation";1
"41";"Loir-et-Cher";24;"Centre-Val de Loire";2;"H2";2022;"2020-2024";"Sécheresse";105
"41";"Loir-et-Cher";24;"Centre-Val de Loire";2;"H2";2023;"2020-2024";"Gel";56
"41";"Loir-et-Cher";24;"Centre-Val de Loire";2;"H2";2023;"2020-2024";"Sécheresse";110
"41";"Loir-et-Cher";24;"Centre-Val de Loire";2;"H2";2024;"2020-2024";"Gel";45
"41";"Loir-et-Cher";24;"Centre-Val de Loire";2;"H2";2024;"2020-2024";"Inondation";4
"41";"Loir-et-Cher";24;"Centre-Val de Loire";2;"H2";2024;"2020-2024";"Sécheresse";68
"42";"Loire";84;"Auvergne-Rhône-Alpes";1;"H1";2010;"2010-2014";"Gel";167
"42";"Loire";84;"Auvergne-Rhône-Alpes";1;"H1";2010;"2010-2014";"Inondation";9
"42";"Loire";84;"Auvergne-Rhône-Alpes";1;"H1";2010;"2010-2014";"Sécheresse";107
"42";"Loire";84;"Auvergne-Rhône-Alpes";1;"H1";2011;"2010-2014";"Gel";139
"42";"Loire";84;"Auvergne-Rhône-Alpes";1;"H1";2011;"2010-2014";"Inondation";8
"42";"Loire";84;"Auvergne-Rhône-Alpes";1;"H1";2011;"2010-2014";"Sécheresse";142
"42";"Loire";84;"Auvergne-Rhône-Alpes";1;"H1";2012;"2010-2014";"Gel";163
"42";"Loire";84;"Auvergne-Rhône-Alpes";1;"H1";2012;"2010-2014";"Inondation";14
"42";"Loire";84;"Auvergne-Rhône-Alpes";1;"H1";2012;"2010-2014";"Sécheresse";110
"42";"Loire";84;"Auvergne-Rhône-Alpes";1;"H1";2013;"2010-2014";"Gel";157
"42";"Loire";84;"Auvergne-Rhône-Alpes";1;"H1";2013;"2010-2014";"Inondation";15
"42";"Loire";84;"Auvergne-Rhône-Alpes";1;"H1";2013;"2010-2014";"Sécheresse";102
"42";"Loire";84;"Auvergne-Rhône-Alpes";1;"H1";2014;"2010-2014";"Gel";135
"42";"Loire";84;"Auvergne-Rhône-Alpes";1;"H1";2014;"2010-2014";"Inondation";18
"42";"Loire";84;"Auvergne-Rhône-Alpes";1;"H1";2014;"2010-2014";"Sécheresse";104
"42";"Loire";84;"Auvergne-Rhône-Alpes";1;"H1";2015;"2015-2019";"Gel";151
"42";"Loire";84;"Auvergne-Rhône-Alpes";1;"H1";2015;"2015-2019";"Inondation";12
"42";"Loire";84;"Auvergne-Rhône-Alpes";1;"H1";2015;"2015-2019";"Sécheresse";112
"42";"Loire";84;"Auvergne-Rhône-Alpes";1;"H1";2016;"2015-2019";"Gel";163
"42";"Loire";84;"Auvergne-Rhône-Alpes";1;"H1";2016;"2015-2019";"Inondation";10
"42";"Loire";84;"Auvergne-Rhône-Alpes";1;"H1";2016;"2015-2019";"Sécheresse";102
"42";"Loire";84;"Auvergne-Rhône-Alpes";1;"H1";2017;"2015-2019";"Gel";154
"42";"Loire";84;"Auvergne-Rhône-Alpes";1;"H1";2017;"2015-2019";"Inondation";6
"42";"Loire";84;"Auvergne-Rhône-Alpes";1;"H1";2017;"2015-2019";"Sécheresse";110
"42";"Loire";84;"Auvergne-Rhône-Alpes";1;"H1";2018;"2015-2019";"Gel";124
"42";"Loire";84;"Auvergne-Rhône-Alpes";1;"H1";2018;"2015-2019";"Inondation";10
"42";"Loire";84;"Auvergne-Rhône-Alpes";1;"H1";2018;"2015-2019";"Sécheresse";131
"42";"Loire";84;"Auvergne-Rhône-Alpes";1;"H1";2019;"2015-2019";"Gel";153
"42";"Loire";84;"Auvergne-Rhône-Alpes";1;"H1";2019;"2015-2019";"Inondation";11
"42";"Loire";84;"Auvergne-Rhône-Alpes";1;"H1";2019;"2015-2019";"Sécheresse";104
"42";"Loire";84;"Auvergne-Rhône-Alpes";1;"H1";2020;"2020-2024";"Gel";122
"42";"Loire";84;"Auvergne-Rhône-Alpes";1;"H1";2020;"2020-2024";"Inondation";7
"42";"Loire";84;"Auvergne-Rhône-Alpes";1;"H1";2020;"2020-2024";"Sécheresse";117
"42";"Loire";84;"Auvergne-Rhône-Alpes";1;"H1";2021;"2020-2024";"Gel";156
"42";"Loire";84;"Auvergne-Rhône-Alpes";1;"H1";2021;"2020-2024";"Inondation";14
"42";"Loire";84;"Auvergne-Rhône-Alpes";1;"H1";2021;"2020-2024";"Sécheresse";93
"42";"Loire";84;"Auvergne-Rhône-Alpes";1;"H1";2022;"2020-2024";"Gel";129
"42";"Loire";84;"Auvergne-Rhône-Alpes";1;"H1";2022;"2020-2024";"Inondation";2
"42";"Loire";84;"Auvergne-Rhône-Alpes";1;"H1";2022;"2020-2024";"Sécheresse";137
"42";"Loire";84;"Auvergne-Rhône-Alpes";1;"H1";2023;"2020-2024";"Gel";123
"42";"Loire";84;"Auvergne-Rhône-Alpes";1;"H1";2023;"2020-2024";"Inondation";8
"42";"Loire";84;"Auvergne-Rhône-Alpes";1;"H1";2023;"2020-2024";"Sécheresse";132
"42";"Loire";84;"Auvergne-Rhône-Alpes";1;"H1";2024;"2020-2024";"Gel";120
"42";"Loire";84;"Auvergne-Rhône-Alpes";1;"H1";2024;"2020-2024";"Inondation";13
"42";"Loire";84;"Auvergne-Rhône-Alpes";1;"H1";2024;"2020-2024";"Sécheresse";93
"43";"Haute-Loire";84;"Auvergne-Rhône-Alpes";1;"H1";2010;"2010-2014";"Gel";179
"43";"Haute-Loire";84;"Auvergne-Rhône-Alpes";1;"H1";2010;"2010-2014";"Inondation";10
"43";"Haute-Loire";84;"Auvergne-Rhône-Alpes";1;"H1";2010;"2010-2014";"Sécheresse";80
"43";"Haute-Loire";84;"Auvergne-Rhône-Alpes";1;"H1";2011;"2010-2014";"Gel";156
"43";"Haute-Loire";84;"Auvergne-Rhône-Alpes";1;"H1";2011;"2010-2014";"Inondation";9
"43";"Haute-Loire";84;"Auvergne-Rhône-Alpes";1;"H1";2011;"2010-2014";"Sécheresse";112
"43";"Haute-Loire";84;"Auvergne-Rhône-Alpes";1;"H1";2012;"2010-2014";"Gel";173
"43";"Haute-Loire";84;"Auvergne-Rhône-Alpes";1;"H1";2012;"2010-2014";"Inondation";15
"43";"Haute-Loire";84;"Auvergne-Rhône-Alpes";1;"H1";2012;"2010-2014";"Sécheresse";95
"43";"Haute-Loire";84;"Auvergne-Rhône-Alpes";1;"H1";2013;"2010-2014";"Gel";170
"43";"Haute-Loire";84;"Auvergne-Rhône-Alpes";1;"H1";2013;"2010-2014";"Inondation";13
"43";"Haute-Loire";84;"Auvergne-Rhône-Alpes";1;"H1";2013;"2010-2014";"Sécheresse";90
"43";"Haute-Loire";84;"Auvergne-Rhône-Alpes";1;"H1";2014;"2010-2014";"Gel";150
"43";"Haute-Loire";84;"Auvergne-Rhône-Alpes";1;"H1";2014;"2010-2014";"Inondation";20
"43";"Haute-Loire";84;"Auvergne-Rhône-Alpes";1;"H1";2014;"2010-2014";"Sécheresse";87
"43";"Haute-Loire";84;"Auvergne-Rhône-Alpes";1;"H1";2015;"2015-2019";"Gel";173
"43";"Haute-Loire";84;"Auvergne-Rhône-Alpes";1;"H1";2015;"2015-2019";"Inondation";7
"43";"Haute-Loire";84;"Auvergne-Rhône-Alpes";1;"H1";2015;"2015-2019";"Sécheresse";100
"43";"Haute-Loire";84;"Auvergne-Rhône-Alpes";1;"H1";2016;"2015-2019";"Gel";177
"43";"Haute-Loire";84;"Auvergne-Rhône-Alpes";1;"H1";2016;"2015-2019";"Inondation";12
"43";"Haute-Loire";84;"Auvergne-Rhône-Alpes";1;"H1";2016;"2015-2019";"Sécheresse";89
"43";"Haute-Loire";84;"Auvergne-Rhône-Alpes";1;"H1";2017;"2015-2019";"Gel";175
"43";"Haute-Loire";84;"Auvergne-Rhône-Alpes";1;"H1";2017;"2015-2019";"Inondation";7
"43";"Haute-Loire";84;"Auvergne-Rhône-Alpes";1;"H1";2017;"2015-2019";"Sécheresse";112
"43";"Haute-Loire";84;"Auvergne-Rhône-Alpes";1;"H1";2018;"2015-2019";"Gel";140
"43";"Haute-Loire";84;"Auvergne-Rhône-Alpes";1;"H1";2018;"2015-2019";"Inondation";22
"43";"Haute-Loire";84;"Auvergne-Rhône-Alpes";1;"H1";2018;"2015-2019";"Sécheresse";120
"43";"Haute-Loire";84;"Auvergne-Rhône-Alpes";1;"H1";2019;"2015-2019";"Gel";169
"43";"Haute-Loire";84;"Auvergne-Rhône-Alpes";1;"H1";2019;"2015-2019";"Inondation";12
"43";"Haute-Loire";84;"Auvergne-Rhône-Alpes";1;"H1";2019;"2015-2019";"Sécheresse";97
"43";"Haute-Loire";84;"Auvergne-Rhône-Alpes";1;"H1";2020;"2020-2024";"Gel";144
"43";"Haute-Loire";84;"Auvergne-Rhône-Alpes";1;"H1";2020;"2020-2024";"Inondation";8
"43";"Haute-Loire";84;"Auvergne-Rhône-Alpes";1;"H1";2020;"2020-2024";"Sécheresse";102
"43";"Haute-Loire";84;"Auvergne-Rhône-Alpes";1;"H1";2021;"2020-2024";"Gel";176
"43";"Haute-Loire";84;"Auvergne-Rhône-Alpes";1;"H1";2021;"2020-2024";"Inondation";4
"43";"Haute-Loire";84;"Auvergne-Rhône-Alpes";1;"H1";2021;"2020-2024";"Sécheresse";94
"43";"Haute-Loire";84;"Auvergne-Rhône-Alpes";1;"H1";2022;"2020-2024";"Gel";147
"43";"Haute-Loire";84;"Auvergne-Rhône-Alpes";1;"H1";2022;"2020-2024";"Inondation";3
"43";"Haute-Loire";84;"Auvergne-Rhône-Alpes";1;"H1";2022;"2020-2024";"Sécheresse";132
"43";"Haute-Loire";84;"Auvergne-Rhône-Alpes";1;"H1";2023;"2020-2024";"Gel";136
"43";"Haute-Loire";84;"Auvergne-Rhône-Alpes";1;"H1";2023;"2020-2024";"Inondation";7
"43";"Haute-Loire";84;"Auvergne-Rhône-Alpes";1;"H1";2023;"2020-2024";"Sécheresse";129
"43";"Haute-Loire";84;"Auvergne-Rhône-Alpes";1;"H1";2024;"2020-2024";"Gel";141
"43";"Haute-Loire";84;"Auvergne-Rhône-Alpes";1;"H1";2024;"2020-2024";"Inondation";13
"43";"Haute-Loire";84;"Auvergne-Rhône-Alpes";1;"H1";2024;"2020-2024";"Sécheresse";87
"44";"Loire-Atlantique";52;"Pays de la Loire";2;"H2";2010;"2010-2014";"Gel";81
"44";"Loire-Atlantique";52;"Pays de la Loire";2;"H2";2010;"2010-2014";"Inondation";3
"44";"Loire-Atlantique";52;"Pays de la Loire";2;"H2";2010;"2010-2014";"Sécheresse";76
"44";"Loire-Atlantique";52;"Pays de la Loire";2;"H2";2011;"2010-2014";"Gel";29
"44";"Loire-Atlantique";52;"Pays de la Loire";2;"H2";2011;"2010-2014";"Inondation";2
"44";"Loire-Atlantique";52;"Pays de la Loire";2;"H2";2011;"2010-2014";"Sécheresse";64
"44";"Loire-Atlantique";52;"Pays de la Loire";2;"H2";2012;"2010-2014";"Gel";48
"44";"Loire-Atlantique";52;"Pays de la Loire";2;"H2";2012;"2010-2014";"Inondation";4
"44";"Loire-Atlantique";52;"Pays de la Loire";2;"H2";2012;"2010-2014";"Sécheresse";63
"44";"Loire-Atlantique";52;"Pays de la Loire";2;"H2";2013;"2010-2014";"Gel";53
"44";"Loire-Atlantique";52;"Pays de la Loire";2;"H2";2013;"2010-2014";"Inondation";5
"44";"Loire-Atlantique";52;"Pays de la Loire";2;"H2";2013;"2010-2014";"Sécheresse";77
"44";"Loire-Atlantique";52;"Pays de la Loire";2;"H2";2014;"2010-2014";"Gel";20
"44";"Loire-Atlantique";52;"Pays de la Loire";2;"H2";2014;"2010-2014";"Inondation";4
"44";"Loire-Atlantique";52;"Pays de la Loire";2;"H2";2014;"2010-2014";"Sécheresse";74
"44";"Loire-Atlantique";52;"Pays de la Loire";2;"H2";2015;"2015-2019";"Gel";41
"44";"Loire-Atlantique";52;"Pays de la Loire";2;"H2";2015;"2015-2019";"Inondation";1
"44";"Loire-Atlantique";52;"Pays de la Loire";2;"H2";2015;"2015-2019";"Sécheresse";65
"44";"Loire-Atlantique";52;"Pays de la Loire";2;"H2";2016;"2015-2019";"Gel";48
"44";"Loire-Atlantique";52;"Pays de la Loire";2;"H2";2016;"2015-2019";"Inondation";1
"44";"Loire-Atlantique";52;"Pays de la Loire";2;"H2";2016;"2015-2019";"Sécheresse";67
"44";"Loire-Atlantique";52;"Pays de la Loire";2;"H2";2017;"2015-2019";"Gel";54
"44";"Loire-Atlantique";52;"Pays de la Loire";2;"H2";2017;"2015-2019";"Inondation";2
"44";"Loire-Atlantique";52;"Pays de la Loire";2;"H2";2017;"2015-2019";"Sécheresse";76
"44";"Loire-Atlantique";52;"Pays de la Loire";2;"H2";2018;"2015-2019";"Gel";38
"44";"Loire-Atlantique";52;"Pays de la Loire";2;"H2";2018;"2015-2019";"Inondation";5
"44";"Loire-Atlantique";52;"Pays de la Loire";2;"H2";2018;"2015-2019";"Sécheresse";111
"44";"Loire-Atlantique";52;"Pays de la Loire";2;"H2";2019;"2015-2019";"Gel";39
"44";"Loire-Atlantique";52;"Pays de la Loire";2;"H2";2019;"2015-2019";"Inondation";1
"44";"Loire-Atlantique";52;"Pays de la Loire";2;"H2";2019;"2015-2019";"Sécheresse";72
"44";"Loire-Atlantique";52;"Pays de la Loire";2;"H2";2020;"2020-2024";"Gel";31
"44";"Loire-Atlantique";52;"Pays de la Loire";2;"H2";2020;"2020-2024";"Inondation";6
"44";"Loire-Atlantique";52;"Pays de la Loire";2;"H2";2020;"2020-2024";"Sécheresse";85
"44";"Loire-Atlantique";52;"Pays de la Loire";2;"H2";2021;"2020-2024";"Gel";70
"44";"Loire-Atlantique";52;"Pays de la Loire";2;"H2";2021;"2020-2024";"Inondation";4
"44";"Loire-Atlantique";52;"Pays de la Loire";2;"H2";2021;"2020-2024";"Sécheresse";67
"44";"Loire-Atlantique";52;"Pays de la Loire";2;"H2";2022;"2020-2024";"Gel";47
"44";"Loire-Atlantique";52;"Pays de la Loire";2;"H2";2022;"2020-2024";"Inondation";2
"44";"Loire-Atlantique";52;"Pays de la Loire";2;"H2";2022;"2020-2024";"Sécheresse";102
"44";"Loire-Atlantique";52;"Pays de la Loire";2;"H2";2023;"2020-2024";"Gel";41
"44";"Loire-Atlantique";52;"Pays de la Loire";2;"H2";2023;"2020-2024";"Inondation";3
"44";"Loire-Atlantique";52;"Pays de la Loire";2;"H2";2023;"2020-2024";"Sécheresse";98
"44";"Loire-Atlantique";52;"Pays de la Loire";2;"H2";2024;"2020-2024";"Gel";29
"44";"Loire-Atlantique";52;"Pays de la Loire";2;"H2";2024;"2020-2024";"Inondation";3
"44";"Loire-Atlantique";52;"Pays de la Loire";2;"H2";2024;"2020-2024";"Sécheresse";57
"45";"Loiret";24;"Centre-Val de Loire";1;"H1";2010;"2010-2014";"Gel";102
"45";"Loiret";24;"Centre-Val de Loire";1;"H1";2010;"2010-2014";"Inondation";6
"45";"Loiret";24;"Centre-Val de Loire";1;"H1";2010;"2010-2014";"Sécheresse";79
"45";"Loiret";24;"Centre-Val de Loire";1;"H1";2011;"2010-2014";"Gel";67
"45";"Loiret";24;"Centre-Val de Loire";1;"H1";2011;"2010-2014";"Inondation";3
"45";"Loiret";24;"Centre-Val de Loire";1;"H1";2011;"2010-2014";"Sécheresse";89
"45";"Loiret";24;"Centre-Val de Loire";1;"H1";2012;"2010-2014";"Gel";69
"45";"Loiret";24;"Centre-Val de Loire";1;"H1";2012;"2010-2014";"Inondation";2
"45";"Loiret";24;"Centre-Val de Loire";1;"H1";2012;"2010-2014";"Sécheresse";72
"45";"Loiret";24;"Centre-Val de Loire";1;"H1";2013;"2010-2014";"Gel";85
"45";"Loiret";24;"Centre-Val de Loire";1;"H1";2013;"2010-2014";"Inondation";5
"45";"Loiret";24;"Centre-Val de Loire";1;"H1";2013;"2010-2014";"Sécheresse";78
"45";"Loiret";24;"Centre-Val de Loire";1;"H1";2014;"2010-2014";"Gel";41
"45";"Loiret";24;"Centre-Val de Loire";1;"H1";2014;"2010-2014";"Inondation";5
"45";"Loiret";24;"Centre-Val de Loire";1;"H1";2014;"2010-2014";"Sécheresse";76
"45";"Loiret";24;"Centre-Val de Loire";1;"H1";2015;"2015-2019";"Gel";75
"45";"Loiret";24;"Centre-Val de Loire";1;"H1";2015;"2015-2019";"Inondation";7
"45";"Loiret";24;"Centre-Val de Loire";1;"H1";2015;"2015-2019";"Sécheresse";78
"45";"Loiret";24;"Centre-Val de Loire";1;"H1";2016;"2015-2019";"Gel";84
"45";"Loiret";24;"Centre-Val de Loire";1;"H1";2016;"2015-2019";"Inondation";4
"45";"Loiret";24;"Centre-Val de Loire";1;"H1";2016;"2015-2019";"Sécheresse";84
"45";"Loiret";24;"Centre-Val de Loire";1;"H1";2017;"2015-2019";"Gel";75
"45";"Loiret";24;"Centre-Val de Loire";1;"H1";2017;"2015-2019";"Inondation";2
"45";"Loiret";24;"Centre-Val de Loire";1;"H1";2017;"2015-2019";"Sécheresse";92
"45";"Loiret";24;"Centre-Val de Loire";1;"H1";2018;"2015-2019";"Gel";60
"45";"Loiret";24;"Centre-Val de Loire";1;"H1";2018;"2015-2019";"Inondation";6
"45";"Loiret";24;"Centre-Val de Loire";1;"H1";2018;"2015-2019";"Sécheresse";129
"45";"Loiret";24;"Centre-Val de Loire";1;"H1";2019;"2015-2019";"Gel";72
"45";"Loiret";24;"Centre-Val de Loire";1;"H1";2019;"2015-2019";"Inondation";1
"45";"Loiret";24;"Centre-Val de Loire";1;"H1";2019;"2015-2019";"Sécheresse";99
"45";"Loiret";24;"Centre-Val de Loire";1;"H1";2020;"2020-2024";"Gel";55
"45";"Loiret";24;"Centre-Val de Loire";1;"H1";2020;"2020-2024";"Inondation";1
"45";"Loiret";24;"Centre-Val de Loire";1;"H1";2020;"2020-2024";"Sécheresse";109
"45";"Loiret";24;"Centre-Val de Loire";1;"H1";2021;"2020-2024";"Gel";83
"45";"Loiret";24;"Centre-Val de Loire";1;"H1";2021;"2020-2024";"Inondation";4
"45";"Loiret";24;"Centre-Val de Loire";1;"H1";2021;"2020-2024";"Sécheresse";68
"45";"Loiret";24;"Centre-Val de Loire";1;"H1";2022;"2020-2024";"Gel";62
"45";"Loiret";24;"Centre-Val de Loire";1;"H1";2022;"2020-2024";"Inondation";1
"45";"Loiret";24;"Centre-Val de Loire";1;"H1";2022;"2020-2024";"Sécheresse";107
"45";"Loiret";24;"Centre-Val de Loire";1;"H1";2023;"2020-2024";"Gel";55
"45";"Loiret";24;"Centre-Val de Loire";1;"H1";2023;"2020-2024";"Inondation";1
"45";"Loiret";24;"Centre-Val de Loire";1;"H1";2023;"2020-2024";"Sécheresse";113
"45";"Loiret";24;"Centre-Val de Loire";1;"H1";2024;"2020-2024";"Gel";44
"45";"Loiret";24;"Centre-Val de Loire";1;"H1";2024;"2020-2024";"Inondation";1
"45";"Loiret";24;"Centre-Val de Loire";1;"H1";2024;"2020-2024";"Sécheresse";75
"46";"Lot";76;"Occitanie";2;"H2";2010;"2010-2014";"Gel";104
"46";"Lot";76;"Occitanie";2;"H2";2010;"2010-2014";"Inondation";9
"46";"Lot";76;"Occitanie";2;"H2";2010;"2010-2014";"Sécheresse";117
"46";"Lot";76;"Occitanie";2;"H2";2011;"2010-2014";"Gel";71
"46";"Lot";76;"Occitanie";2;"H2";2011;"2010-2014";"Inondation";6
"46";"Lot";76;"Occitanie";2;"H2";2011;"2010-2014";"Sécheresse";144
"46";"Lot";76;"Occitanie";2;"H2";2012;"2010-2014";"Gel";79
"46";"Lot";76;"Occitanie";2;"H2";2012;"2010-2014";"Inondation";4
"46";"Lot";76;"Occitanie";2;"H2";2012;"2010-2014";"Sécheresse";132
"46";"Lot";76;"Occitanie";2;"H2";2013;"2010-2014";"Gel";101
"46";"Lot";76;"Occitanie";2;"H2";2013;"2010-2014";"Inondation";9
"46";"Lot";76;"Occitanie";2;"H2";2013;"2010-2014";"Sécheresse";103
"46";"Lot";76;"Occitanie";2;"H2";2014;"2010-2014";"Gel";49
"46";"Lot";76;"Occitanie";2;"H2";2014;"2010-2014";"Inondation";6
"46";"Lot";76;"Occitanie";2;"H2";2014;"2010-2014";"Sécheresse";128
"46";"Lot";76;"Occitanie";2;"H2";2015;"2015-2019";"Gel";77
"46";"Lot";76;"Occitanie";2;"H2";2015;"2015-2019";"Inondation";8
"46";"Lot";76;"Occitanie";2;"H2";2015;"2015-2019";"Sécheresse";130
"46";"Lot";76;"Occitanie";2;"H2";2016;"2015-2019";"Gel";71
"46";"Lot";76;"Occitanie";2;"H2";2016;"2015-2019";"Inondation";6
"46";"Lot";76;"Occitanie";2;"H2";2016;"2015-2019";"Sécheresse";106
"46";"Lot";76;"Occitanie";2;"H2";2017;"2015-2019";"Gel";76
"46";"Lot";76;"Occitanie";2;"H2";2017;"2015-2019";"Inondation";5
"46";"Lot";76;"Occitanie";2;"H2";2017;"2015-2019";"Sécheresse";115
"46";"Lot";76;"Occitanie";2;"H2";2018;"2015-2019";"Gel";56
"46";"Lot";76;"Occitanie";2;"H2";2018;"2015-2019";"Inondation";13
"46";"Lot";76;"Occitanie";2;"H2";2018;"2015-2019";"Sécheresse";139
"46";"Lot";76;"Occitanie";2;"H2";2019;"2015-2019";"Gel";87
"46";"Lot";76;"Occitanie";2;"H2";2019;"2015-2019";"Inondation";5
"46";"Lot";76;"Occitanie";2;"H2";2019;"2015-2019";"Sécheresse";110
"46";"Lot";76;"Occitanie";2;"H2";2020;"2020-2024";"Gel";71
"46";"Lot";76;"Occitanie";2;"H2";2020;"2020-2024";"Inondation";9
"46";"Lot";76;"Occitanie";2;"H2";2020;"2020-2024";"Sécheresse";112
"46";"Lot";76;"Occitanie";2;"H2";2021;"2020-2024";"Gel";91
"46";"Lot";76;"Occitanie";2;"H2";2021;"2020-2024";"Inondation";9
"46";"Lot";76;"Occitanie";2;"H2";2021;"2020-2024";"Sécheresse";103
"46";"Lot";76;"Occitanie";2;"H2";2022;"2020-2024";"Gel";75
"46";"Lot";76;"Occitanie";2;"H2";2022;"2020-2024";"Inondation";4
"46";"Lot";76;"Occitanie";2;"H2";2022;"2020-2024";"Sécheresse";156
"46";"Lot";76;"Occitanie";2;"H2";2023;"2020-2024";"Gel";80
"46";"Lot";76;"Occitanie";2;"H2";2023;"2020-2024";"Inondation";3
"46";"Lot";76;"Occitanie";2;"H2";2023;"2020-2024";"Sécheresse";139
"46";"Lot";76;"Occitanie";2;"H2";2024;"2020-2024";"Gel";62
"46";"Lot";76;"Occitanie";2;"H2";2024;"2020-2024";"Inondation";5
"46";"Lot";76;"Occitanie";2;"H2";2024;"2020-2024";"Sécheresse";109
"47";"Lot-et-Garonne";75;"Nouvelle-Aquitaine";2;"H2";2010;"2010-2014";"Gel";101
"47";"Lot-et-Garonne";75;"Nouvelle-Aquitaine";2;"H2";2010;"2010-2014";"Inondation";2
"47";"Lot-et-Garonne";75;"Nouvelle-Aquitaine";2;"H2";2010;"2010-2014";"Sécheresse";112
"47";"Lot-et-Garonne";75;"Nouvelle-Aquitaine";2;"H2";2011;"2010-2014";"Gel";62
"47";"Lot-et-Garonne";75;"Nouvelle-Aquitaine";2;"H2";2011;"2010-2014";"Inondation";2
"47";"Lot-et-Garonne";75;"Nouvelle-Aquitaine";2;"H2";2011;"2010-2014";"Sécheresse";136
"47";"Lot-et-Garonne";75;"Nouvelle-Aquitaine";2;"H2";2012;"2010-2014";"Gel";64
"47";"Lot-et-Garonne";75;"Nouvelle-Aquitaine";2;"H2";2012;"2010-2014";"Inondation";1
"47";"Lot-et-Garonne";75;"Nouvelle-Aquitaine";2;"H2";2012;"2010-2014";"Sécheresse";120
"47";"Lot-et-Garonne";75;"Nouvelle-Aquitaine";2;"H2";2013;"2010-2014";"Gel";59
"47";"Lot-et-Garonne";75;"Nouvelle-Aquitaine";2;"H2";2013;"2010-2014";"Inondation";4
"47";"Lot-et-Garonne";75;"Nouvelle-Aquitaine";2;"H2";2013;"2010-2014";"Sécheresse";101
"47";"Lot-et-Garonne";75;"Nouvelle-Aquitaine";2;"H2";2014;"2010-2014";"Gel";26
"47";"Lot-et-Garonne";75;"Nouvelle-Aquitaine";2;"H2";2014;"2010-2014";"Inondation";3
"47";"Lot-et-Garonne";75;"Nouvelle-Aquitaine";2;"H2";2014;"2010-2014";"Sécheresse";123
"47";"Lot-et-Garonne";75;"Nouvelle-Aquitaine";2;"H2";2015;"2015-2019";"Gel";57
"47";"Lot-et-Garonne";75;"Nouvelle-Aquitaine";2;"H2";2015;"2015-2019";"Inondation";6
"47";"Lot-et-Garonne";75;"Nouvelle-Aquitaine";2;"H2";2015;"2015-2019";"Sécheresse";116
"47";"Lot-et-Garonne";75;"Nouvelle-Aquitaine";2;"H2";2016;"2015-2019";"Gel";58
"47";"Lot-et-Garonne";75;"Nouvelle-Aquitaine";2;"H2";2016;"2015-2019";"Inondation";1
"47";"Lot-et-Garonne";75;"Nouvelle-Aquitaine";2;"H2";2016;"2015-2019";"Sécheresse";109
"47";"Lot-et-Garonne";75;"Nouvelle-Aquitaine";2;"H2";2017;"2015-2019";"Gel";77
"47";"Lot-et-Garonne";75;"Nouvelle-Aquitaine";2;"H2";2017;"2015-2019";"Inondation";3
"47";"Lot-et-Garonne";75;"Nouvelle-Aquitaine";2;"H2";2017;"2015-2019";"Sécheresse";125
"47";"Lot-et-Garonne";75;"Nouvelle-Aquitaine";2;"H2";2018;"2015-2019";"Gel";45
"47";"Lot-et-Garonne";75;"Nouvelle-Aquitaine";2;"H2";2018;"2015-2019";"Inondation";6
"47";"Lot-et-Garonne";75;"Nouvelle-Aquitaine";2;"H2";2018;"2015-2019";"Sécheresse";146
"47";"Lot-et-Garonne";75;"Nouvelle-Aquitaine";2;"H2";2019;"2015-2019";"Gel";52
"47";"Lot-et-Garonne";75;"Nouvelle-Aquitaine";2;"H2";2019;"2015-2019";"Inondation";2
"47";"Lot-et-Garonne";75;"Nouvelle-Aquitaine";2;"H2";2019;"2015-2019";"Sécheresse";110
"47";"Lot-et-Garonne";75;"Nouvelle-Aquitaine";2;"H2";2020;"2020-2024";"Gel";38
"47";"Lot-et-Garonne";75;"Nouvelle-Aquitaine";2;"H2";2020;"2020-2024";"Inondation";8
"47";"Lot-et-Garonne";75;"Nouvelle-Aquitaine";2;"H2";2020;"2020-2024";"Sécheresse";121
"47";"Lot-et-Garonne";75;"Nouvelle-Aquitaine";2;"H2";2021;"2020-2024";"Gel";65
"47";"Lot-et-Garonne";75;"Nouvelle-Aquitaine";2;"H2";2021;"2020-2024";"Inondation";2
"47";"Lot-et-Garonne";75;"Nouvelle-Aquitaine";2;"H2";2021;"2020-2024";"Sécheresse";107
"47";"Lot-et-Garonne";75;"Nouvelle-Aquitaine";2;"H2";2022;"2020-2024";"Gel";52
"47";"Lot-et-Garonne";75;"Nouvelle-Aquitaine";2;"H2";2022;"2020-2024";"Sécheresse";147
"47";"Lot-et-Garonne";75;"Nouvelle-Aquitaine";2;"H2";2023;"2020-2024";"Gel";56
"47";"Lot-et-Garonne";75;"Nouvelle-Aquitaine";2;"H2";2023;"2020-2024";"Inondation";1
"47";"Lot-et-Garonne";75;"Nouvelle-Aquitaine";2;"H2";2023;"2020-2024";"Sécheresse";143
"47";"Lot-et-Garonne";75;"Nouvelle-Aquitaine";2;"H2";2024;"2020-2024";"Gel";31
"47";"Lot-et-Garonne";75;"Nouvelle-Aquitaine";2;"H2";2024;"2020-2024";"Inondation";2
"47";"Lot-et-Garonne";75;"Nouvelle-Aquitaine";2;"H2";2024;"2020-2024";"Sécheresse";99
"48";"Lozère";76;"Occitanie";2;"H2";2010;"2010-2014";"Gel";185
"48";"Lozère";76;"Occitanie";2;"H2";2010;"2010-2014";"Inondation";24
"48";"Lozère";76;"Occitanie";2;"H2";2010;"2010-2014";"Sécheresse";98
"48";"Lozère";76;"Occitanie";2;"H2";2011;"2010-2014";"Gel";164
"48";"Lozère";76;"Occitanie";2;"H2";2011;"2010-2014";"Inondation";20
"48";"Lozère";76;"Occitanie";2;"H2";2011;"2010-2014";"Sécheresse";118
"48";"Lozère";76;"Occitanie";2;"H2";2012;"2010-2014";"Gel";183
"48";"Lozère";76;"Occitanie";2;"H2";2012;"2010-2014";"Inondation";17
"48";"Lozère";76;"Occitanie";2;"H2";2012;"2010-2014";"Sécheresse";114
"48";"Lozère";76;"Occitanie";2;"H2";2013;"2010-2014";"Gel";186
"48";"Lozère";76;"Occitanie";2;"H2";2013;"2010-2014";"Inondation";27
"48";"Lozère";76;"Occitanie";2;"H2";2013;"2010-2014";"Sécheresse";89
"48";"Lozère";76;"Occitanie";2;"H2";2014;"2010-2014";"Gel";164
"48";"Lozère";76;"Occitanie";2;"H2";2014;"2010-2014";"Inondation";35
"48";"Lozère";76;"Occitanie";2;"H2";2014;"2010-2014";"Sécheresse";104
"48";"Lozère";76;"Occitanie";2;"H2";2015;"2015-2019";"Gel";159
"48";"Lozère";76;"Occitanie";2;"H2";2015;"2015-2019";"Inondation";17
"48";"Lozère";76;"Occitanie";2;"H2";2015;"2015-2019";"Sécheresse";114
"48";"Lozère";76;"Occitanie";2;"H2";2016;"2015-2019";"Gel";178
"48";"Lozère";76;"Occitanie";2;"H2";2016;"2015-2019";"Inondation";22
"48";"Lozère";76;"Occitanie";2;"H2";2016;"2015-2019";"Sécheresse";98
"48";"Lozère";76;"Occitanie";2;"H2";2017;"2015-2019";"Gel";175
"48";"Lozère";76;"Occitanie";2;"H2";2017;"2015-2019";"Inondation";19
"48";"Lozère";76;"Occitanie";2;"H2";2017;"2015-2019";"Sécheresse";130
"48";"Lozère";76;"Occitanie";2;"H2";2018;"2015-2019";"Gel";150
"48";"Lozère";76;"Occitanie";2;"H2";2018;"2015-2019";"Inondation";41
"48";"Lozère";76;"Occitanie";2;"H2";2018;"2015-2019";"Sécheresse";130
"48";"Lozère";76;"Occitanie";2;"H2";2019;"2015-2019";"Gel";174
"48";"Lozère";76;"Occitanie";2;"H2";2019;"2015-2019";"Inondation";26
"48";"Lozère";76;"Occitanie";2;"H2";2019;"2015-2019";"Sécheresse";112
"48";"Lozère";76;"Occitanie";2;"H2";2020;"2020-2024";"Gel";156
"48";"Lozère";76;"Occitanie";2;"H2";2020;"2020-2024";"Inondation";22
"48";"Lozère";76;"Occitanie";2;"H2";2020;"2020-2024";"Sécheresse";113
"48";"Lozère";76;"Occitanie";2;"H2";2021;"2020-2024";"Gel";181
"48";"Lozère";76;"Occitanie";2;"H2";2021;"2020-2024";"Inondation";14
"48";"Lozère";76;"Occitanie";2;"H2";2021;"2020-2024";"Sécheresse";103
"48";"Lozère";76;"Occitanie";2;"H2";2022;"2020-2024";"Gel";139
"48";"Lozère";76;"Occitanie";2;"H2";2022;"2020-2024";"Inondation";18
"48";"Lozère";76;"Occitanie";2;"H2";2022;"2020-2024";"Sécheresse";127
"48";"Lozère";76;"Occitanie";2;"H2";2023;"2020-2024";"Gel";144
"48";"Lozère";76;"Occitanie";2;"H2";2023;"2020-2024";"Inondation";16
"48";"Lozère";76;"Occitanie";2;"H2";2023;"2020-2024";"Sécheresse";126
"48";"Lozère";76;"Occitanie";2;"H2";2024;"2020-2024";"Gel";154
"48";"Lozère";76;"Occitanie";2;"H2";2024;"2020-2024";"Inondation";32
"48";"Lozère";76;"Occitanie";2;"H2";2024;"2020-2024";"Sécheresse";90
"49";"Maine-et-Loire";52;"Pays de la Loire";2;"H2";2010;"2010-2014";"Gel";90
"49";"Maine-et-Loire";52;"Pays de la Loire";2;"H2";2010;"2010-2014";"Inondation";3
"49";"Maine-et-Loire";52;"Pays de la Loire";2;"H2";2010;"2010-2014";"Sécheresse";84
"49";"Maine-et-Loire";52;"Pays de la Loire";2;"H2";2011;"2010-2014";"Gel";38
"49";"Maine-et-Loire";52;"Pays de la Loire";2;"H2";2011;"2010-2014";"Inondation";4
"49";"Maine-et-Loire";52;"Pays de la Loire";2;"H2";2011;"2010-2014";"Sécheresse";77
"49";"Maine-et-Loire";52;"Pays de la Loire";2;"H2";2012;"2010-2014";"Gel";51
"49";"Maine-et-Loire";52;"Pays de la Loire";2;"H2";2012;"2010-2014";"Inondation";2
"49";"Maine-et-Loire";52;"Pays de la Loire";2;"H2";2012;"2010-2014";"Sécheresse";64
"49";"Maine-et-Loire";52;"Pays de la Loire";2;"H2";2013;"2010-2014";"Gel";67
"49";"Maine-et-Loire";52;"Pays de la Loire";2;"H2";2013;"2010-2014";"Inondation";2
"49";"Maine-et-Loire";52;"Pays de la Loire";2;"H2";2013;"2010-2014";"Sécheresse";76
"49";"Maine-et-Loire";52;"Pays de la Loire";2;"H2";2014;"2010-2014";"Gel";26
"49";"Maine-et-Loire";52;"Pays de la Loire";2;"H2";2014;"2010-2014";"Inondation";6
"49";"Maine-et-Loire";52;"Pays de la Loire";2;"H2";2014;"2010-2014";"Sécheresse";71
"49";"Maine-et-Loire";52;"Pays de la Loire";2;"H2";2015;"2015-2019";"Gel";49
"49";"Maine-et-Loire";52;"Pays de la Loire";2;"H2";2015;"2015-2019";"Inondation";2
"49";"Maine-et-Loire";52;"Pays de la Loire";2;"H2";2015;"2015-2019";"Sécheresse";71
"49";"Maine-et-Loire";52;"Pays de la Loire";2;"H2";2016;"2015-2019";"Gel";61
"49";"Maine-et-Loire";52;"Pays de la Loire";2;"H2";2016;"2015-2019";"Inondation";2
"49";"Maine-et-Loire";52;"Pays de la Loire";2;"H2";2016;"2015-2019";"Sécheresse";74
"49";"Maine-et-Loire";52;"Pays de la Loire";2;"H2";2017;"2015-2019";"Gel";55
"49";"Maine-et-Loire";52;"Pays de la Loire";2;"H2";2017;"2015-2019";"Inondation";2
"49";"Maine-et-Loire";52;"Pays de la Loire";2;"H2";2017;"2015-2019";"Sécheresse";87
"49";"Maine-et-Loire";52;"Pays de la Loire";2;"H2";2018;"2015-2019";"Gel";45
"49";"Maine-et-Loire";52;"Pays de la Loire";2;"H2";2018;"2015-2019";"Inondation";6
"49";"Maine-et-Loire";52;"Pays de la Loire";2;"H2";2018;"2015-2019";"Sécheresse";116
"49";"Maine-et-Loire";52;"Pays de la Loire";2;"H2";2019;"2015-2019";"Gel";50
"49";"Maine-et-Loire";52;"Pays de la Loire";2;"H2";2019;"2015-2019";"Sécheresse";88
"49";"Maine-et-Loire";52;"Pays de la Loire";2;"H2";2020;"2020-2024";"Gel";37
"49";"Maine-et-Loire";52;"Pays de la Loire";2;"H2";2020;"2020-2024";"Inondation";6
"49";"Maine-et-Loire";52;"Pays de la Loire";2;"H2";2020;"2020-2024";"Sécheresse";101
"49";"Maine-et-Loire";52;"Pays de la Loire";2;"H2";2021;"2020-2024";"Gel";71
"49";"Maine-et-Loire";52;"Pays de la Loire";2;"H2";2021;"2020-2024";"Inondation";4
"49";"Maine-et-Loire";52;"Pays de la Loire";2;"H2";2021;"2020-2024";"Sécheresse";77
"49";"Maine-et-Loire";52;"Pays de la Loire";2;"H2";2022;"2020-2024";"Gel";50
"49";"Maine-et-Loire";52;"Pays de la Loire";2;"H2";2022;"2020-2024";"Inondation";1
"49";"Maine-et-Loire";52;"Pays de la Loire";2;"H2";2022;"2020-2024";"Sécheresse";108
"49";"Maine-et-Loire";52;"Pays de la Loire";2;"H2";2023;"2020-2024";"Gel";45
"49";"Maine-et-Loire";52;"Pays de la Loire";2;"H2";2023;"2020-2024";"Inondation";2
"49";"Maine-et-Loire";52;"Pays de la Loire";2;"H2";2023;"2020-2024";"Sécheresse";115
"49";"Maine-et-Loire";52;"Pays de la Loire";2;"H2";2024;"2020-2024";"Gel";36
"49";"Maine-et-Loire";52;"Pays de la Loire";2;"H2";2024;"2020-2024";"Inondation";3
"49";"Maine-et-Loire";52;"Pays de la Loire";2;"H2";2024;"2020-2024";"Sécheresse";71
"50";"Manche";28;"Normandie";2;"H2";2010;"2010-2014";"Gel";95
"50";"Manche";28;"Normandie";2;"H2";2010;"2010-2014";"Inondation";7
"50";"Manche";28;"Normandie";2;"H2";2010;"2010-2014";"Sécheresse";43
"50";"Manche";28;"Normandie";2;"H2";2011;"2010-2014";"Gel";44
"50";"Manche";28;"Normandie";2;"H2";2011;"2010-2014";"Inondation";5
"50";"Manche";28;"Normandie";2;"H2";2011;"2010-2014";"Sécheresse";38
"50";"Manche";28;"Normandie";2;"H2";2012;"2010-2014";"Gel";64
"50";"Manche";28;"Normandie";2;"H2";2012;"2010-2014";"Inondation";3
"50";"Manche";28;"Normandie";2;"H2";2012;"2010-2014";"Sécheresse";33
"50";"Manche";28;"Normandie";2;"H2";2013;"2010-2014";"Gel";71
"50";"Manche";28;"Normandie";2;"H2";2013;"2010-2014";"Inondation";6
"50";"Manche";28;"Normandie";2;"H2";2013;"2010-2014";"Sécheresse";48
"50";"Manche";28;"Normandie";2;"H2";2014;"2010-2014";"Gel";23
"50";"Manche";28;"Normandie";2;"H2";2014;"2010-2014";"Inondation";7
"50";"Manche";28;"Normandie";2;"H2";2014;"2010-2014";"Sécheresse";35
"50";"Manche";28;"Normandie";2;"H2";2015;"2015-2019";"Gel";38
"50";"Manche";28;"Normandie";2;"H2";2015;"2015-2019";"Inondation";2
"50";"Manche";28;"Normandie";2;"H2";2015;"2015-2019";"Sécheresse";34
"50";"Manche";28;"Normandie";2;"H2";2016;"2015-2019";"Gel";67
"50";"Manche";28;"Normandie";2;"H2";2016;"2015-2019";"Inondation";3
"50";"Manche";28;"Normandie";2;"H2";2016;"2015-2019";"Sécheresse";36
"50";"Manche";28;"Normandie";2;"H2";2017;"2015-2019";"Gel";55
"50";"Manche";28;"Normandie";2;"H2";2017;"2015-2019";"Inondation";5
"50";"Manche";28;"Normandie";2;"H2";2017;"2015-2019";"Sécheresse";41
"50";"Manche";28;"Normandie";2;"H2";2018;"2015-2019";"Gel";47
"50";"Manche";28;"Normandie";2;"H2";2018;"2015-2019";"Inondation";6
"50";"Manche";28;"Normandie";2;"H2";2018;"2015-2019";"Sécheresse";71
"50";"Manche";28;"Normandie";2;"H2";2019;"2015-2019";"Gel";57
"50";"Manche";28;"Normandie";2;"H2";2019;"2015-2019";"Inondation";4
"50";"Manche";28;"Normandie";2;"H2";2019;"2015-2019";"Sécheresse";52
"50";"Manche";28;"Normandie";2;"H2";2020;"2020-2024";"Gel";42
"50";"Manche";28;"Normandie";2;"H2";2020;"2020-2024";"Inondation";7
"50";"Manche";28;"Normandie";2;"H2";2020;"2020-2024";"Sécheresse";63
"50";"Manche";28;"Normandie";2;"H2";2021;"2020-2024";"Gel";90
"50";"Manche";28;"Normandie";2;"H2";2021;"2020-2024";"Inondation";5
"50";"Manche";28;"Normandie";2;"H2";2021;"2020-2024";"Sécheresse";35
"50";"Manche";28;"Normandie";2;"H2";2022;"2020-2024";"Gel";57
"50";"Manche";28;"Normandie";2;"H2";2022;"2020-2024";"Inondation";4
"50";"Manche";28;"Normandie";2;"H2";2022;"2020-2024";"Sécheresse";72
"50";"Manche";28;"Normandie";2;"H2";2023;"2020-2024";"Gel";47
"50";"Manche";28;"Normandie";2;"H2";2023;"2020-2024";"Inondation";5
"50";"Manche";28;"Normandie";2;"H2";2023;"2020-2024";"Sécheresse";59
"50";"Manche";28;"Normandie";2;"H2";2024;"2020-2024";"Gel";37
"50";"Manche";28;"Normandie";2;"H2";2024;"2020-2024";"Inondation";5
"50";"Manche";28;"Normandie";2;"H2";2024;"2020-2024";"Sécheresse";30
"51";"Marne";44;"Grand Est";1;"H1";2010;"2010-2014";"Gel";130
"51";"Marne";44;"Grand Est";1;"H1";2010;"2010-2014";"Inondation";3
"51";"Marne";44;"Grand Est";1;"H1";2010;"2010-2014";"Sécheresse";64
"51";"Marne";44;"Grand Est";1;"H1";2011;"2010-2014";"Gel";95
"51";"Marne";44;"Grand Est";1;"H1";2011;"2010-2014";"Inondation";1
"51";"Marne";44;"Grand Est";1;"H1";2011;"2010-2014";"Sécheresse";78
"51";"Marne";44;"Grand Est";1;"H1";2012;"2010-2014";"Gel";96
"51";"Marne";44;"Grand Est";1;"H1";2012;"2010-2014";"Inondation";2
"51";"Marne";44;"Grand Est";1;"H1";2012;"2010-2014";"Sécheresse";67
"51";"Marne";44;"Grand Est";1;"H1";2013;"2010-2014";"Gel";115
"51";"Marne";44;"Grand Est";1;"H1";2013;"2010-2014";"Inondation";3
"51";"Marne";44;"Grand Est";1;"H1";2013;"2010-2014";"Sécheresse";72
"51";"Marne";44;"Grand Est";1;"H1";2014;"2010-2014";"Gel";71
"51";"Marne";44;"Grand Est";1;"H1";2014;"2010-2014";"Inondation";2
"51";"Marne";44;"Grand Est";1;"H1";2014;"2010-2014";"Sécheresse";61
"51";"Marne";44;"Grand Est";1;"H1";2015;"2015-2019";"Gel";104
"51";"Marne";44;"Grand Est";1;"H1";2015;"2015-2019";"Inondation";1
"51";"Marne";44;"Grand Est";1;"H1";2015;"2015-2019";"Sécheresse";69
"51";"Marne";44;"Grand Est";1;"H1";2016;"2015-2019";"Gel";102
"51";"Marne";44;"Grand Est";1;"H1";2016;"2015-2019";"Inondation";5
"51";"Marne";44;"Grand Est";1;"H1";2016;"2015-2019";"Sécheresse";77
"51";"Marne";44;"Grand Est";1;"H1";2017;"2015-2019";"Gel";110
"51";"Marne";44;"Grand Est";1;"H1";2017;"2015-2019";"Inondation";4
"51";"Marne";44;"Grand Est";1;"H1";2017;"2015-2019";"Sécheresse";79
"51";"Marne";44;"Grand Est";1;"H1";2018;"2015-2019";"Gel";92
"51";"Marne";44;"Grand Est";1;"H1";2018;"2015-2019";"Inondation";5
"51";"Marne";44;"Grand Est";1;"H1";2018;"2015-2019";"Sécheresse";117
"51";"Marne";44;"Grand Est";1;"H1";2019;"2015-2019";"Gel";97
"51";"Marne";44;"Grand Est";1;"H1";2019;"2015-2019";"Inondation";1
"51";"Marne";44;"Grand Est";1;"H1";2019;"2015-2019";"Sécheresse";90
"51";"Marne";44;"Grand Est";1;"H1";2020;"2020-2024";"Gel";79
"51";"Marne";44;"Grand Est";1;"H1";2020;"2020-2024";"Inondation";2
"51";"Marne";44;"Grand Est";1;"H1";2020;"2020-2024";"Sécheresse";104
"51";"Marne";44;"Grand Est";1;"H1";2021;"2020-2024";"Gel";103
"51";"Marne";44;"Grand Est";1;"H1";2021;"2020-2024";"Inondation";3
"51";"Marne";44;"Grand Est";1;"H1";2021;"2020-2024";"Sécheresse";67
"51";"Marne";44;"Grand Est";1;"H1";2022;"2020-2024";"Gel";84
"51";"Marne";44;"Grand Est";1;"H1";2022;"2020-2024";"Inondation";4
"51";"Marne";44;"Grand Est";1;"H1";2022;"2020-2024";"Sécheresse";102
"51";"Marne";44;"Grand Est";1;"H1";2023;"2020-2024";"Gel";62
"51";"Marne";44;"Grand Est";1;"H1";2023;"2020-2024";"Inondation";2
"51";"Marne";44;"Grand Est";1;"H1";2023;"2020-2024";"Sécheresse";105
"51";"Marne";44;"Grand Est";1;"H1";2024;"2020-2024";"Gel";58
"51";"Marne";44;"Grand Est";1;"H1";2024;"2020-2024";"Inondation";2
"51";"Marne";44;"Grand Est";1;"H1";2024;"2020-2024";"Sécheresse";74
"52";"Haute-Marne";44;"Grand Est";1;"H1";2010;"2010-2014";"Gel";141
"52";"Haute-Marne";44;"Grand Est";1;"H1";2010;"2010-2014";"Inondation";3
"52";"Haute-Marne";44;"Grand Est";1;"H1";2010;"2010-2014";"Sécheresse";68
"52";"Haute-Marne";44;"Grand Est";1;"H1";2011;"2010-2014";"Gel";104
"52";"Haute-Marne";44;"Grand Est";1;"H1";2011;"2010-2014";"Inondation";3
"52";"Haute-Marne";44;"Grand Est";1;"H1";2011;"2010-2014";"Sécheresse";81
"52";"Haute-Marne";44;"Grand Est";1;"H1";2012;"2010-2014";"Gel";106
"52";"Haute-Marne";44;"Grand Est";1;"H1";2012;"2010-2014";"Inondation";1
"52";"Haute-Marne";44;"Grand Est";1;"H1";2012;"2010-2014";"Sécheresse";74
"52";"Haute-Marne";44;"Grand Est";1;"H1";2013;"2010-2014";"Gel";113
"52";"Haute-Marne";44;"Grand Est";1;"H1";2013;"2010-2014";"Inondation";9
"52";"Haute-Marne";44;"Grand Est";1;"H1";2013;"2010-2014";"Sécheresse";69
"52";"Haute-Marne";44;"Grand Est";1;"H1";2014;"2010-2014";"Gel";92
"52";"Haute-Marne";44;"Grand Est";1;"H1";2014;"2010-2014";"Inondation";4
"52";"Haute-Marne";44;"Grand Est";1;"H1";2014;"2010-2014";"Sécheresse";67
"52";"Haute-Marne";44;"Grand Est";1;"H1";2015;"2015-2019";"Gel";120
"52";"Haute-Marne";44;"Grand Est";1;"H1";2015;"2015-2019";"Inondation";4
"52";"Haute-Marne";44;"Grand Est";1;"H1";2015;"2015-2019";"Sécheresse";77
"52";"Haute-Marne";44;"Grand Est";1;"H1";2016;"2015-2019";"Gel";116
"52";"Haute-Marne";44;"Grand Est";1;"H1";2016;"2015-2019";"Inondation";6
"52";"Haute-Marne";44;"Grand Est";1;"H1";2016;"2015-2019";"Sécheresse";75
"52";"Haute-Marne";44;"Grand Est";1;"H1";2017;"2015-2019";"Gel";112
"52";"Haute-Marne";44;"Grand Est";1;"H1";2017;"2015-2019";"Inondation";3
"52";"Haute-Marne";44;"Grand Est";1;"H1";2017;"2015-2019";"Sécheresse";82
"52";"Haute-Marne";44;"Grand Est";1;"H1";2018;"2015-2019";"Gel";95
"52";"Haute-Marne";44;"Grand Est";1;"H1";2018;"2015-2019";"Inondation";9
"52";"Haute-Marne";44;"Grand Est";1;"H1";2018;"2015-2019";"Sécheresse";120
"52";"Haute-Marne";44;"Grand Est";1;"H1";2019;"2015-2019";"Gel";109
"52";"Haute-Marne";44;"Grand Est";1;"H1";2019;"2015-2019";"Inondation";2
"52";"Haute-Marne";44;"Grand Est";1;"H1";2019;"2015-2019";"Sécheresse";93
"52";"Haute-Marne";44;"Grand Est";1;"H1";2020;"2020-2024";"Gel";91
"52";"Haute-Marne";44;"Grand Est";1;"H1";2020;"2020-2024";"Inondation";2
"52";"Haute-Marne";44;"Grand Est";1;"H1";2020;"2020-2024";"Sécheresse";104
"52";"Haute-Marne";44;"Grand Est";1;"H1";2021;"2020-2024";"Gel";133
"52";"Haute-Marne";44;"Grand Est";1;"H1";2021;"2020-2024";"Inondation";3
"52";"Haute-Marne";44;"Grand Est";1;"H1";2021;"2020-2024";"Sécheresse";67
"52";"Haute-Marne";44;"Grand Est";1;"H1";2022;"2020-2024";"Gel";106
"52";"Haute-Marne";44;"Grand Est";1;"H1";2022;"2020-2024";"Inondation";1
"52";"Haute-Marne";44;"Grand Est";1;"H1";2022;"2020-2024";"Sécheresse";106
"52";"Haute-Marne";44;"Grand Est";1;"H1";2023;"2020-2024";"Gel";87
"52";"Haute-Marne";44;"Grand Est";1;"H1";2023;"2020-2024";"Inondation";3
"52";"Haute-Marne";44;"Grand Est";1;"H1";2023;"2020-2024";"Sécheresse";112
"52";"Haute-Marne";44;"Grand Est";1;"H1";2024;"2020-2024";"Gel";70
"52";"Haute-Marne";44;"Grand Est";1;"H1";2024;"2020-2024";"Inondation";6
"52";"Haute-Marne";44;"Grand Est";1;"H1";2024;"2020-2024";"Sécheresse";68
"53";"Mayenne";52;"Pays de la Loire";2;"H2";2010;"2010-2014";"Gel";107
"53";"Mayenne";52;"Pays de la Loire";2;"H2";2010;"2010-2014";"Inondation";1
"53";"Mayenne";52;"Pays de la Loire";2;"H2";2010;"2010-2014";"Sécheresse";72
"53";"Mayenne";52;"Pays de la Loire";2;"H2";2011;"2010-2014";"Gel";54
"53";"Mayenne";52;"Pays de la Loire";2;"H2";2011;"2010-2014";"Inondation";3
"53";"Mayenne";52;"Pays de la Loire";2;"H2";2011;"2010-2014";"Sécheresse";70
"53";"Mayenne";52;"Pays de la Loire";2;"H2";2012;"2010-2014";"Gel";66
"53";"Mayenne";52;"Pays de la Loire";2;"H2";2012;"2010-2014";"Inondation";4
"53";"Mayenne";52;"Pays de la Loire";2;"H2";2012;"2010-2014";"Sécheresse";53
"53";"Mayenne";52;"Pays de la Loire";2;"H2";2013;"2010-2014";"Gel";84
"53";"Mayenne";52;"Pays de la Loire";2;"H2";2013;"2010-2014";"Inondation";3
"53";"Mayenne";52;"Pays de la Loire";2;"H2";2013;"2010-2014";"Sécheresse";76
"53";"Mayenne";52;"Pays de la Loire";2;"H2";2014;"2010-2014";"Gel";42
"53";"Mayenne";52;"Pays de la Loire";2;"H2";2014;"2010-2014";"Inondation";4
"53";"Mayenne";52;"Pays de la Loire";2;"H2";2014;"2010-2014";"Sécheresse";61
"53";"Mayenne";52;"Pays de la Loire";2;"H2";2015;"2015-2019";"Gel";58
"53";"Mayenne";52;"Pays de la Loire";2;"H2";2015;"2015-2019";"Inondation";1
"53";"Mayenne";52;"Pays de la Loire";2;"H2";2015;"2015-2019";"Sécheresse";60
"53";"Mayenne";52;"Pays de la Loire";2;"H2";2016;"2015-2019";"Gel";81
"53";"Mayenne";52;"Pays de la Loire";2;"H2";2016;"2015-2019";"Sécheresse";65
"53";"Mayenne";52;"Pays de la Loire";2;"H2";2017;"2015-2019";"Gel";75
"53";"Mayenne";52;"Pays de la Loire";2;"H2";2017;"2015-2019";"Sécheresse";67
"53";"Mayenne";52;"Pays de la Loire";2;"H2";2018;"2015-2019";"Gel";62
"53";"Mayenne";52;"Pays de la Loire";2;"H2";2018;"2015-2019";"Inondation";7
"53";"Mayenne";52;"Pays de la Loire";2;"H2";2018;"2015-2019";"Sécheresse";112
"53";"Mayenne";52;"Pays de la Loire";2;"H2";2019;"2015-2019";"Gel";65
"53";"Mayenne";52;"Pays de la Loire";2;"H2";2019;"2015-2019";"Inondation";3
"53";"Mayenne";52;"Pays de la Loire";2;"H2";2019;"2015-2019";"Sécheresse";73
"53";"Mayenne";52;"Pays de la Loire";2;"H2";2020;"2020-2024";"Gel";52
"53";"Mayenne";52;"Pays de la Loire";2;"H2";2020;"2020-2024";"Inondation";4
"53";"Mayenne";52;"Pays de la Loire";2;"H2";2020;"2020-2024";"Sécheresse";94
"53";"Mayenne";52;"Pays de la Loire";2;"H2";2021;"2020-2024";"Gel";83
"53";"Mayenne";52;"Pays de la Loire";2;"H2";2021;"2020-2024";"Inondation";2
"53";"Mayenne";52;"Pays de la Loire";2;"H2";2021;"2020-2024";"Sécheresse";45
"53";"Mayenne";52;"Pays de la Loire";2;"H2";2022;"2020-2024";"Gel";53
"53";"Mayenne";52;"Pays de la Loire";2;"H2";2022;"2020-2024";"Inondation";1
"53";"Mayenne";52;"Pays de la Loire";2;"H2";2022;"2020-2024";"Sécheresse";95
"53";"Mayenne";52;"Pays de la Loire";2;"H2";2023;"2020-2024";"Gel";45
"53";"Mayenne";52;"Pays de la Loire";2;"H2";2023;"2020-2024";"Inondation";1
"53";"Mayenne";52;"Pays de la Loire";2;"H2";2023;"2020-2024";"Sécheresse";82
"53";"Mayenne";52;"Pays de la Loire";2;"H2";2024;"2020-2024";"Gel";40
"53";"Mayenne";52;"Pays de la Loire";2;"H2";2024;"2020-2024";"Inondation";5
"53";"Mayenne";52;"Pays de la Loire";2;"H2";2024;"2020-2024";"Sécheresse";43
"54";"Meurthe-et-Moselle";44;"Grand Est";1;"H1";2010;"2010-2014";"Gel";128
"54";"Meurthe-et-Moselle";44;"Grand Est";1;"H1";2010;"2010-2014";"Inondation";3
"54";"Meurthe-et-Moselle";44;"Grand Est";1;"H1";2010;"2010-2014";"Sécheresse";49
"54";"Meurthe-et-Moselle";44;"Grand Est";1;"H1";2011;"2010-2014";"Gel";91
"54";"Meurthe-et-Moselle";44;"Grand Est";1;"H1";2011;"2010-2014";"Inondation";2
"54";"Meurthe-et-Moselle";44;"Grand Est";1;"H1";2011;"2010-2014";"Sécheresse";66
"54";"Meurthe-et-Moselle";44;"Grand Est";1;"H1";2012;"2010-2014";"Gel";85
"54";"Meurthe-et-Moselle";44;"Grand Est";1;"H1";2012;"2010-2014";"Inondation";3
"54";"Meurthe-et-Moselle";44;"Grand Est";1;"H1";2012;"2010-2014";"Sécheresse";60
"54";"Meurthe-et-Moselle";44;"Grand Est";1;"H1";2013;"2010-2014";"Gel";105
"54";"Meurthe-et-Moselle";44;"Grand Est";1;"H1";2013;"2010-2014";"Inondation";5
"54";"Meurthe-et-Moselle";44;"Grand Est";1;"H1";2013;"2010-2014";"Sécheresse";59
"54";"Meurthe-et-Moselle";44;"Grand Est";1;"H1";2014;"2010-2014";"Gel";71
"54";"Meurthe-et-Moselle";44;"Grand Est";1;"H1";2014;"2010-2014";"Inondation";5
"54";"Meurthe-et-Moselle";44;"Grand Est";1;"H1";2014;"2010-2014";"Sécheresse";58
"54";"Meurthe-et-Moselle";44;"Grand Est";1;"H1";2015;"2015-2019";"Gel";101
"54";"Meurthe-et-Moselle";44;"Grand Est";1;"H1";2015;"2015-2019";"Inondation";3
"54";"Meurthe-et-Moselle";44;"Grand Est";1;"H1";2015;"2015-2019";"Sécheresse";64
"54";"Meurthe-et-Moselle";44;"Grand Est";1;"H1";2016;"2015-2019";"Gel";106
"54";"Meurthe-et-Moselle";44;"Grand Est";1;"H1";2016;"2015-2019";"Inondation";1
"54";"Meurthe-et-Moselle";44;"Grand Est";1;"H1";2016;"2015-2019";"Sécheresse";67
"54";"Meurthe-et-Moselle";44;"Grand Est";1;"H1";2017;"2015-2019";"Gel";100
"54";"Meurthe-et-Moselle";44;"Grand Est";1;"H1";2017;"2015-2019";"Inondation";1
"54";"Meurthe-et-Moselle";44;"Grand Est";1;"H1";2017;"2015-2019";"Sécheresse";73
"54";"Meurthe-et-Moselle";44;"Grand Est";1;"H1";2018;"2015-2019";"Gel";86
"54";"Meurthe-et-Moselle";44;"Grand Est";1;"H1";2018;"2015-2019";"Inondation";3
"54";"Meurthe-et-Moselle";44;"Grand Est";1;"H1";2018;"2015-2019";"Sécheresse";108
"54";"Meurthe-et-Moselle";44;"Grand Est";1;"H1";2019;"2015-2019";"Gel";92
"54";"Meurthe-et-Moselle";44;"Grand Est";1;"H1";2019;"2015-2019";"Inondation";1
"54";"Meurthe-et-Moselle";44;"Grand Est";1;"H1";2019;"2015-2019";"Sécheresse";81
"54";"Meurthe-et-Moselle";44;"Grand Est";1;"H1";2020;"2020-2024";"Gel";76
"54";"Meurthe-et-Moselle";44;"Grand Est";1;"H1";2020;"2020-2024";"Inondation";2
"54";"Meurthe-et-Moselle";44;"Grand Est";1;"H1";2020;"2020-2024";"Sécheresse";94
"54";"Meurthe-et-Moselle";44;"Grand Est";1;"H1";2021;"2020-2024";"Gel";114
"54";"Meurthe-et-Moselle";44;"Grand Est";1;"H1";2021;"2020-2024";"Inondation";4
"54";"Meurthe-et-Moselle";44;"Grand Est";1;"H1";2021;"2020-2024";"Sécheresse";61
"54";"Meurthe-et-Moselle";44;"Grand Est";1;"H1";2022;"2020-2024";"Gel";86
"54";"Meurthe-et-Moselle";44;"Grand Est";1;"H1";2022;"2020-2024";"Inondation";1
"54";"Meurthe-et-Moselle";44;"Grand Est";1;"H1";2022;"2020-2024";"Sécheresse";105
"54";"Meurthe-et-Moselle";44;"Grand Est";1;"H1";2023;"2020-2024";"Gel";75
"54";"Meurthe-et-Moselle";44;"Grand Est";1;"H1";2023;"2020-2024";"Inondation";1
"54";"Meurthe-et-Moselle";44;"Grand Est";1;"H1";2023;"2020-2024";"Sécheresse";103
"54";"Meurthe-et-Moselle";44;"Grand Est";1;"H1";2024;"2020-2024";"Gel";54
"54";"Meurthe-et-Moselle";44;"Grand Est";1;"H1";2024;"2020-2024";"Inondation";4
"54";"Meurthe-et-Moselle";44;"Grand Est";1;"H1";2024;"2020-2024";"Sécheresse";73
"55";"Meuse";44;"Grand Est";1;"H1";2010;"2010-2014";"Gel";126
"55";"Meuse";44;"Grand Est";1;"H1";2010;"2010-2014";"Inondation";4
"55";"Meuse";44;"Grand Est";1;"H1";2010;"2010-2014";"Sécheresse";57
"55";"Meuse";44;"Grand Est";1;"H1";2011;"2010-2014";"Gel";91
"55";"Meuse";44;"Grand Est";1;"H1";2011;"2010-2014";"Inondation";2
"55";"Meuse";44;"Grand Est";1;"H1";2011;"2010-2014";"Sécheresse";73
"55";"Meuse";44;"Grand Est";1;"H1";2012;"2010-2014";"Gel";84
"55";"Meuse";44;"Grand Est";1;"H1";2012;"2010-2014";"Inondation";3
"55";"Meuse";44;"Grand Est";1;"H1";2012;"2010-2014";"Sécheresse";60
"55";"Meuse";44;"Grand Est";1;"H1";2013;"2010-2014";"Gel";104
"55";"Meuse";44;"Grand Est";1;"H1";2013;"2010-2014";"Inondation";7
"55";"Meuse";44;"Grand Est";1;"H1";2013;"2010-2014";"Sécheresse";58
"55";"Meuse";44;"Grand Est";1;"H1";2014;"2010-2014";"Gel";62
"55";"Meuse";44;"Grand Est";1;"H1";2014;"2010-2014";"Inondation";3
"55";"Meuse";44;"Grand Est";1;"H1";2014;"2010-2014";"Sécheresse";54
"55";"Meuse";44;"Grand Est";1;"H1";2015;"2015-2019";"Gel";93
"55";"Meuse";44;"Grand Est";1;"H1";2015;"2015-2019";"Inondation";4
"55";"Meuse";44;"Grand Est";1;"H1";2015;"2015-2019";"Sécheresse";61
"55";"Meuse";44;"Grand Est";1;"H1";2016;"2015-2019";"Gel";99
"55";"Meuse";44;"Grand Est";1;"H1";2016;"2015-2019";"Inondation";2
"55";"Meuse";44;"Grand Est";1;"H1";2016;"2015-2019";"Sécheresse";61
"55";"Meuse";44;"Grand Est";1;"H1";2017;"2015-2019";"Gel";97
"55";"Meuse";44;"Grand Est";1;"H1";2017;"2015-2019";"Inondation";5
"55";"Meuse";44;"Grand Est";1;"H1";2017;"2015-2019";"Sécheresse";70
"55";"Meuse";44;"Grand Est";1;"H1";2018;"2015-2019";"Gel";84
"55";"Meuse";44;"Grand Est";1;"H1";2018;"2015-2019";"Inondation";6
"55";"Meuse";44;"Grand Est";1;"H1";2018;"2015-2019";"Sécheresse";103
"55";"Meuse";44;"Grand Est";1;"H1";2019;"2015-2019";"Gel";92
"55";"Meuse";44;"Grand Est";1;"H1";2019;"2015-2019";"Sécheresse";80
"55";"Meuse";44;"Grand Est";1;"H1";2020;"2020-2024";"Gel";75
"55";"Meuse";44;"Grand Est";1;"H1";2020;"2020-2024";"Inondation";3
"55";"Meuse";44;"Grand Est";1;"H1";2020;"2020-2024";"Sécheresse";95
"55";"Meuse";44;"Grand Est";1;"H1";2021;"2020-2024";"Gel";112
"55";"Meuse";44;"Grand Est";1;"H1";2021;"2020-2024";"Inondation";3
"55";"Meuse";44;"Grand Est";1;"H1";2021;"2020-2024";"Sécheresse";60
"55";"Meuse";44;"Grand Est";1;"H1";2022;"2020-2024";"Gel";86
"55";"Meuse";44;"Grand Est";1;"H1";2022;"2020-2024";"Inondation";4
"55";"Meuse";44;"Grand Est";1;"H1";2022;"2020-2024";"Sécheresse";101
"55";"Meuse";44;"Grand Est";1;"H1";2023;"2020-2024";"Gel";72
"55";"Meuse";44;"Grand Est";1;"H1";2023;"2020-2024";"Inondation";3
"55";"Meuse";44;"Grand Est";1;"H1";2023;"2020-2024";"Sécheresse";100
"55";"Meuse";44;"Grand Est";1;"H1";2024;"2020-2024";"Gel";51
"55";"Meuse";44;"Grand Est";1;"H1";2024;"2020-2024";"Inondation";3
"55";"Meuse";44;"Grand Est";1;"H1";2024;"2020-2024";"Sécheresse";74
"56";"Morbihan";53;"Bretagne";2;"H2";2010;"2010-2014";"Gel";103
"56";"Morbihan";53;"Bretagne";2;"H2";2010;"2010-2014";"Inondation";9
"56";"Morbihan";53;"Bretagne";2;"H2";2010;"2010-2014";"Sécheresse";61
"56";"Morbihan";53;"Bretagne";2;"H2";2011;"2010-2014";"Gel";54
"56";"Morbihan";53;"Bretagne";2;"H2";2011;"2010-2014";"Inondation";9
"56";"Morbihan";53;"Bretagne";2;"H2";2011;"2010-2014";"Sécheresse";54
"56";"Morbihan";53;"Bretagne";2;"H2";2012;"2010-2014";"Gel";71
"56";"Morbihan";53;"Bretagne";2;"H2";2012;"2010-2014";"Inondation";5
"56";"Morbihan";53;"Bretagne";2;"H2";2012;"2010-2014";"Sécheresse";42
"56";"Morbihan";53;"Bretagne";2;"H2";2013;"2010-2014";"Gel";79
"56";"Morbihan";53;"Bretagne";2;"H2";2013;"2010-2014";"Inondation";6
"56";"Morbihan";53;"Bretagne";2;"H2";2013;"2010-2014";"Sécheresse";73
"56";"Morbihan";53;"Bretagne";2;"H2";2014;"2010-2014";"Gel";38
"56";"Morbihan";53;"Bretagne";2;"H2";2014;"2010-2014";"Inondation";10
"56";"Morbihan";53;"Bretagne";2;"H2";2014;"2010-2014";"Sécheresse";69
"56";"Morbihan";53;"Bretagne";2;"H2";2015;"2015-2019";"Gel";60
"56";"Morbihan";53;"Bretagne";2;"H2";2015;"2015-2019";"Inondation";5
"56";"Morbihan";53;"Bretagne";2;"H2";2015;"2015-2019";"Sécheresse";55
"56";"Morbihan";53;"Bretagne";2;"H2";2016;"2015-2019";"Gel";63
"56";"Morbihan";53;"Bretagne";2;"H2";2016;"2015-2019";"Inondation";7
"56";"Morbihan";53;"Bretagne";2;"H2";2016;"2015-2019";"Sécheresse";60
"56";"Morbihan";53;"Bretagne";2;"H2";2017;"2015-2019";"Gel";58
"56";"Morbihan";53;"Bretagne";2;"H2";2017;"2015-2019";"Inondation";2
"56";"Morbihan";53;"Bretagne";2;"H2";2017;"2015-2019";"Sécheresse";65
"56";"Morbihan";53;"Bretagne";2;"H2";2018;"2015-2019";"Gel";46
"56";"Morbihan";53;"Bretagne";2;"H2";2018;"2015-2019";"Inondation";10
"56";"Morbihan";53;"Bretagne";2;"H2";2018;"2015-2019";"Sécheresse";88
"56";"Morbihan";53;"Bretagne";2;"H2";2019;"2015-2019";"Gel";50
"56";"Morbihan";53;"Bretagne";2;"H2";2019;"2015-2019";"Inondation";8
"56";"Morbihan";53;"Bretagne";2;"H2";2019;"2015-2019";"Sécheresse";70
"56";"Morbihan";53;"Bretagne";2;"H2";2020;"2020-2024";"Gel";35
"56";"Morbihan";53;"Bretagne";2;"H2";2020;"2020-2024";"Inondation";10
"56";"Morbihan";53;"Bretagne";2;"H2";2020;"2020-2024";"Sécheresse";74
"56";"Morbihan";53;"Bretagne";2;"H2";2021;"2020-2024";"Gel";74
"56";"Morbihan";53;"Bretagne";2;"H2";2021;"2020-2024";"Inondation";3
"56";"Morbihan";53;"Bretagne";2;"H2";2021;"2020-2024";"Sécheresse";35
"56";"Morbihan";53;"Bretagne";2;"H2";2022;"2020-2024";"Gel";44
"56";"Morbihan";53;"Bretagne";2;"H2";2022;"2020-2024";"Inondation";4
"56";"Morbihan";53;"Bretagne";2;"H2";2022;"2020-2024";"Sécheresse";80
"56";"Morbihan";53;"Bretagne";2;"H2";2023;"2020-2024";"Gel";42
"56";"Morbihan";53;"Bretagne";2;"H2";2023;"2020-2024";"Inondation";3
"56";"Morbihan";53;"Bretagne";2;"H2";2023;"2020-2024";"Sécheresse";68
"56";"Morbihan";53;"Bretagne";2;"H2";2024;"2020-2024";"Gel";34
"56";"Morbihan";53;"Bretagne";2;"H2";2024;"2020-2024";"Inondation";5
"56";"Morbihan";53;"Bretagne";2;"H2";2024;"2020-2024";"Sécheresse";30
"57";"Moselle";44;"Grand Est";1;"H1";2010;"2010-2014";"Gel";133
"57";"Moselle";44;"Grand Est";1;"H1";2010;"2010-2014";"Inondation";4
"57";"Moselle";44;"Grand Est";1;"H1";2010;"2010-2014";"Sécheresse";61
"57";"Moselle";44;"Grand Est";1;"H1";2011;"2010-2014";"Gel";106
"57";"Moselle";44;"Grand Est";1;"H1";2011;"2010-2014";"Inondation";3
"57";"Moselle";44;"Grand Est";1;"H1";2011;"2010-2014";"Sécheresse";80
"57";"Moselle";44;"Grand Est";1;"H1";2012;"2010-2014";"Gel";107
"57";"Moselle";44;"Grand Est";1;"H1";2012;"2010-2014";"Inondation";2
"57";"Moselle";44;"Grand Est";1;"H1";2012;"2010-2014";"Sécheresse";77
"57";"Moselle";44;"Grand Est";1;"H1";2013;"2010-2014";"Gel";121
"57";"Moselle";44;"Grand Est";1;"H1";2013;"2010-2014";"Inondation";12
"57";"Moselle";44;"Grand Est";1;"H1";2013;"2010-2014";"Sécheresse";61
"57";"Moselle";44;"Grand Est";1;"H1";2014;"2010-2014";"Gel";84
"57";"Moselle";44;"Grand Est";1;"H1";2014;"2010-2014";"Inondation";5
"57";"Moselle";44;"Grand Est";1;"H1";2014;"2010-2014";"Sécheresse";65
"57";"Moselle";44;"Grand Est";1;"H1";2015;"2015-2019";"Gel";115
"57";"Moselle";44;"Grand Est";1;"H1";2015;"2015-2019";"Inondation";1
"57";"Moselle";44;"Grand Est";1;"H1";2015;"2015-2019";"Sécheresse";67
"57";"Moselle";44;"Grand Est";1;"H1";2016;"2015-2019";"Gel";113
"57";"Moselle";44;"Grand Est";1;"H1";2016;"2015-2019";"Inondation";3
"57";"Moselle";44;"Grand Est";1;"H1";2016;"2015-2019";"Sécheresse";73
"57";"Moselle";44;"Grand Est";1;"H1";2017;"2015-2019";"Gel";109
"57";"Moselle";44;"Grand Est";1;"H1";2017;"2015-2019";"Inondation";4
"57";"Moselle";44;"Grand Est";1;"H1";2017;"2015-2019";"Sécheresse";77
"57";"Moselle";44;"Grand Est";1;"H1";2018;"2015-2019";"Gel";93
"57";"Moselle";44;"Grand Est";1;"H1";2018;"2015-2019";"Inondation";6
"57";"Moselle";44;"Grand Est";1;"H1";2018;"2015-2019";"Sécheresse";113
"57";"Moselle";44;"Grand Est";1;"H1";2019;"2015-2019";"Gel";109
"57";"Moselle";44;"Grand Est";1;"H1";2019;"2015-2019";"Inondation";1
"57";"Moselle";44;"Grand Est";1;"H1";2019;"2015-2019";"Sécheresse";89
"57";"Moselle";44;"Grand Est";1;"H1";2020;"2020-2024";"Gel";101
"57";"Moselle";44;"Grand Est";1;"H1";2020;"2020-2024";"Inondation";4
"57";"Moselle";44;"Grand Est";1;"H1";2020;"2020-2024";"Sécheresse";92
"57";"Moselle";44;"Grand Est";1;"H1";2021;"2020-2024";"Gel";132
"57";"Moselle";44;"Grand Est";1;"H1";2021;"2020-2024";"Inondation";4
"57";"Moselle";44;"Grand Est";1;"H1";2021;"2020-2024";"Sécheresse";62
"57";"Moselle";44;"Grand Est";1;"H1";2022;"2020-2024";"Gel";100
"57";"Moselle";44;"Grand Est";1;"H1";2022;"2020-2024";"Inondation";2
"57";"Moselle";44;"Grand Est";1;"H1";2022;"2020-2024";"Sécheresse";102
"57";"Moselle";44;"Grand Est";1;"H1";2023;"2020-2024";"Gel";79
"57";"Moselle";44;"Grand Est";1;"H1";2023;"2020-2024";"Inondation";4
"57";"Moselle";44;"Grand Est";1;"H1";2023;"2020-2024";"Sécheresse";102
"57";"Moselle";44;"Grand Est";1;"H1";2024;"2020-2024";"Gel";68
"57";"Moselle";44;"Grand Est";1;"H1";2024;"2020-2024";"Inondation";4
"57";"Moselle";44;"Grand Est";1;"H1";2024;"2020-2024";"Sécheresse";74
"58";"Nièvre";27;"Bourgogne-Franche-Comté";1;"H1";2010;"2010-2014";"Gel";127
"58";"Nièvre";27;"Bourgogne-Franche-Comté";1;"H1";2010;"2010-2014";"Inondation";7
"58";"Nièvre";27;"Bourgogne-Franche-Comté";1;"H1";2010;"2010-2014";"Sécheresse";88
"58";"Nièvre";27;"Bourgogne-Franche-Comté";1;"H1";2011;"2010-2014";"Gel";94
"58";"Nièvre";27;"Bourgogne-Franche-Comté";1;"H1";2011;"2010-2014";"Inondation";10
"58";"Nièvre";27;"Bourgogne-Franche-Comté";1;"H1";2011;"2010-2014";"Sécheresse";104
"58";"Nièvre";27;"Bourgogne-Franche-Comté";1;"H1";2012;"2010-2014";"Gel";110
"58";"Nièvre";27;"Bourgogne-Franche-Comté";1;"H1";2012;"2010-2014";"Inondation";6
"58";"Nièvre";27;"Bourgogne-Franche-Comté";1;"H1";2012;"2010-2014";"Sécheresse";96
"58";"Nièvre";27;"Bourgogne-Franche-Comté";1;"H1";2013;"2010-2014";"Gel";125
"58";"Nièvre";27;"Bourgogne-Franche-Comté";1;"H1";2013;"2010-2014";"Inondation";12
"58";"Nièvre";27;"Bourgogne-Franche-Comté";1;"H1";2013;"2010-2014";"Sécheresse";89
"58";"Nièvre";27;"Bourgogne-Franche-Comté";1;"H1";2014;"2010-2014";"Gel";98
"58";"Nièvre";27;"Bourgogne-Franche-Comté";1;"H1";2014;"2010-2014";"Inondation";8
"58";"Nièvre";27;"Bourgogne-Franche-Comté";1;"H1";2014;"2010-2014";"Sécheresse";89
"58";"Nièvre";27;"Bourgogne-Franche-Comté";1;"H1";2015;"2015-2019";"Gel";133
"58";"Nièvre";27;"Bourgogne-Franche-Comté";1;"H1";2015;"2015-2019";"Inondation";11
"58";"Nièvre";27;"Bourgogne-Franche-Comté";1;"H1";2015;"2015-2019";"Sécheresse";90
"58";"Nièvre";27;"Bourgogne-Franche-Comté";1;"H1";2016;"2015-2019";"Gel";122
"58";"Nièvre";27;"Bourgogne-Franche-Comté";1;"H1";2016;"2015-2019";"Inondation";7
"58";"Nièvre";27;"Bourgogne-Franche-Comté";1;"H1";2016;"2015-2019";"Sécheresse";88
"58";"Nièvre";27;"Bourgogne-Franche-Comté";1;"H1";2017;"2015-2019";"Gel";118
"58";"Nièvre";27;"Bourgogne-Franche-Comté";1;"H1";2017;"2015-2019";"Inondation";6
"58";"Nièvre";27;"Bourgogne-Franche-Comté";1;"H1";2017;"2015-2019";"Sécheresse";92
"58";"Nièvre";27;"Bourgogne-Franche-Comté";1;"H1";2018;"2015-2019";"Gel";87
"58";"Nièvre";27;"Bourgogne-Franche-Comté";1;"H1";2018;"2015-2019";"Inondation";12
"58";"Nièvre";27;"Bourgogne-Franche-Comté";1;"H1";2018;"2015-2019";"Sécheresse";128
"58";"Nièvre";27;"Bourgogne-Franche-Comté";1;"H1";2019;"2015-2019";"Gel";106
"58";"Nièvre";27;"Bourgogne-Franche-Comté";1;"H1";2019;"2015-2019";"Inondation";3
"58";"Nièvre";27;"Bourgogne-Franche-Comté";1;"H1";2019;"2015-2019";"Sécheresse";95
"58";"Nièvre";27;"Bourgogne-Franche-Comté";1;"H1";2020;"2020-2024";"Gel";80
"58";"Nièvre";27;"Bourgogne-Franche-Comté";1;"H1";2020;"2020-2024";"Inondation";5
"58";"Nièvre";27;"Bourgogne-Franche-Comté";1;"H1";2020;"2020-2024";"Sécheresse";105
"58";"Nièvre";27;"Bourgogne-Franche-Comté";1;"H1";2021;"2020-2024";"Gel";122
"58";"Nièvre";27;"Bourgogne-Franche-Comté";1;"H1";2021;"2020-2024";"Inondation";4
"58";"Nièvre";27;"Bourgogne-Franche-Comté";1;"H1";2021;"2020-2024";"Sécheresse";76
"58";"Nièvre";27;"Bourgogne-Franche-Comté";1;"H1";2022;"2020-2024";"Gel";88
"58";"Nièvre";27;"Bourgogne-Franche-Comté";1;"H1";2022;"2020-2024";"Inondation";3
"58";"Nièvre";27;"Bourgogne-Franche-Comté";1;"H1";2022;"2020-2024";"Sécheresse";113
"58";"Nièvre";27;"Bourgogne-Franche-Comté";1;"H1";2023;"2020-2024";"Gel";71
"58";"Nièvre";27;"Bourgogne-Franche-Comté";1;"H1";2023;"2020-2024";"Inondation";2
"58";"Nièvre";27;"Bourgogne-Franche-Comté";1;"H1";2023;"2020-2024";"Sécheresse";121
"58";"Nièvre";27;"Bourgogne-Franche-Comté";1;"H1";2024;"2020-2024";"Gel";68
"58";"Nièvre";27;"Bourgogne-Franche-Comté";1;"H1";2024;"2020-2024";"Inondation";8
"58";"Nièvre";27;"Bourgogne-Franche-Comté";1;"H1";2024;"2020-2024";"Sécheresse";77
"59";"Nord";32;"Hauts-de-France";1;"H1";2010;"2010-2014";"Gel";94
"59";"Nord";32;"Hauts-de-France";1;"H1";2010;"2010-2014";"Inondation";4
"59";"Nord";32;"Hauts-de-France";1;"H1";2010;"2010-2014";"Sécheresse";47
"59";"Nord";32;"Hauts-de-France";1;"H1";2011;"2010-2014";"Gel";48
"59";"Nord";32;"Hauts-de-France";1;"H1";2011;"2010-2014";"Inondation";3
"59";"Nord";32;"Hauts-de-France";1;"H1";2011;"2010-2014";"Sécheresse";48
"59";"Nord";32;"Hauts-de-France";1;"H1";2012;"2010-2014";"Gel";58
"59";"Nord";32;"Hauts-de-France";1;"H1";2012;"2010-2014";"Inondation";3
"59";"Nord";32;"Hauts-de-France";1;"H1";2012;"2010-2014";"Sécheresse";43
"59";"Nord";32;"Hauts-de-France";1;"H1";2013;"2010-2014";"Gel";84
"59";"Nord";32;"Hauts-de-France";1;"H1";2013;"2010-2014";"Inondation";6
"59";"Nord";32;"Hauts-de-France";1;"H1";2013;"2010-2014";"Sécheresse";46
"59";"Nord";32;"Hauts-de-France";1;"H1";2014;"2010-2014";"Gel";37
"59";"Nord";32;"Hauts-de-France";1;"H1";2014;"2010-2014";"Inondation";2
"59";"Nord";32;"Hauts-de-France";1;"H1";2014;"2010-2014";"Sécheresse";36
"59";"Nord";32;"Hauts-de-France";1;"H1";2015;"2015-2019";"Gel";59
"59";"Nord";32;"Hauts-de-France";1;"H1";2015;"2015-2019";"Inondation";3
"59";"Nord";32;"Hauts-de-France";1;"H1";2015;"2015-2019";"Sécheresse";44
"59";"Nord";32;"Hauts-de-France";1;"H1";2016;"2015-2019";"Gel";63
"59";"Nord";32;"Hauts-de-France";1;"H1";2016;"2015-2019";"Inondation";7
"59";"Nord";32;"Hauts-de-France";1;"H1";2016;"2015-2019";"Sécheresse";50
"59";"Nord";32;"Hauts-de-France";1;"H1";2017;"2015-2019";"Gel";64
"59";"Nord";32;"Hauts-de-France";1;"H1";2017;"2015-2019";"Inondation";1
"59";"Nord";32;"Hauts-de-France";1;"H1";2017;"2015-2019";"Sécheresse";51
"59";"Nord";32;"Hauts-de-France";1;"H1";2018;"2015-2019";"Gel";61
"59";"Nord";32;"Hauts-de-France";1;"H1";2018;"2015-2019";"Inondation";3
"59";"Nord";32;"Hauts-de-France";1;"H1";2018;"2015-2019";"Sécheresse";83
"59";"Nord";32;"Hauts-de-France";1;"H1";2019;"2015-2019";"Gel";51
"59";"Nord";32;"Hauts-de-France";1;"H1";2019;"2015-2019";"Inondation";3
"59";"Nord";32;"Hauts-de-France";1;"H1";2019;"2015-2019";"Sécheresse";56
"59";"Nord";32;"Hauts-de-France";1;"H1";2020;"2020-2024";"Gel";39
"59";"Nord";32;"Hauts-de-France";1;"H1";2020;"2020-2024";"Inondation";4
"59";"Nord";32;"Hauts-de-France";1;"H1";2020;"2020-2024";"Sécheresse";63
"59";"Nord";32;"Hauts-de-France";1;"H1";2021;"2020-2024";"Gel";61
"59";"Nord";32;"Hauts-de-France";1;"H1";2021;"2020-2024";"Inondation";6
"59";"Nord";32;"Hauts-de-France";1;"H1";2021;"2020-2024";"Sécheresse";44
"59";"Nord";32;"Hauts-de-France";1;"H1";2022;"2020-2024";"Gel";50
"59";"Nord";32;"Hauts-de-France";1;"H1";2022;"2020-2024";"Sécheresse";81
"59";"Nord";32;"Hauts-de-France";1;"H1";2023;"2020-2024";"Gel";41
"59";"Nord";32;"Hauts-de-France";1;"H1";2023;"2020-2024";"Inondation";2
"59";"Nord";32;"Hauts-de-France";1;"H1";2023;"2020-2024";"Sécheresse";75
"59";"Nord";32;"Hauts-de-France";1;"H1";2024;"2020-2024";"Gel";32
"59";"Nord";32;"Hauts-de-France";1;"H1";2024;"2020-2024";"Inondation";1
"59";"Nord";32;"Hauts-de-France";1;"H1";2024;"2020-2024";"Sécheresse";54
"60";"Oise";32;"Hauts-de-France";1;"H1";2010;"2010-2014";"Gel";113
"60";"Oise";32;"Hauts-de-France";1;"H1";2010;"2010-2014";"Inondation";4
"60";"Oise";32;"Hauts-de-France";1;"H1";2010;"2010-2014";"Sécheresse";52
"60";"Oise";32;"Hauts-de-France";1;"H1";2011;"2010-2014";"Gel";57
"60";"Oise";32;"Hauts-de-France";1;"H1";2011;"2010-2014";"Inondation";1
"60";"Oise";32;"Hauts-de-France";1;"H1";2011;"2010-2014";"Sécheresse";60
"60";"Oise";32;"Hauts-de-France";1;"H1";2012;"2010-2014";"Gel";66
"60";"Oise";32;"Hauts-de-France";1;"H1";2012;"2010-2014";"Inondation";2
"60";"Oise";32;"Hauts-de-France";1;"H1";2012;"2010-2014";"Sécheresse";52
"60";"Oise";32;"Hauts-de-France";1;"H1";2013;"2010-2014";"Gel";86
"60";"Oise";32;"Hauts-de-France";1;"H1";2013;"2010-2014";"Inondation";5
"60";"Oise";32;"Hauts-de-France";1;"H1";2013;"2010-2014";"Sécheresse";53
"60";"Oise";32;"Hauts-de-France";1;"H1";2014;"2010-2014";"Gel";39
"60";"Oise";32;"Hauts-de-France";1;"H1";2014;"2010-2014";"Inondation";4
"60";"Oise";32;"Hauts-de-France";1;"H1";2014;"2010-2014";"Sécheresse";53
"60";"Oise";32;"Hauts-de-France";1;"H1";2015;"2015-2019";"Gel";58
"60";"Oise";32;"Hauts-de-France";1;"H1";2015;"2015-2019";"Sécheresse";60
"60";"Oise";32;"Hauts-de-France";1;"H1";2016;"2015-2019";"Gel";78
"60";"Oise";32;"Hauts-de-France";1;"H1";2016;"2015-2019";"Inondation";2
"60";"Oise";32;"Hauts-de-France";1;"H1";2016;"2015-2019";"Sécheresse";61
"60";"Oise";32;"Hauts-de-France";1;"H1";2017;"2015-2019";"Gel";68
"60";"Oise";32;"Hauts-de-France";1;"H1";2017;"2015-2019";"Inondation";3
"60";"Oise";32;"Hauts-de-France";1;"H1";2017;"2015-2019";"Sécheresse";62
"60";"Oise";32;"Hauts-de-France";1;"H1";2018;"2015-2019";"Gel";65
"60";"Oise";32;"Hauts-de-France";1;"H1";2018;"2015-2019";"Inondation";4
"60";"Oise";32;"Hauts-de-France";1;"H1";2018;"2015-2019";"Sécheresse";96
"60";"Oise";32;"Hauts-de-France";1;"H1";2019;"2015-2019";"Gel";66
"60";"Oise";32;"Hauts-de-France";1;"H1";2019;"2015-2019";"Inondation";1
"60";"Oise";32;"Hauts-de-France";1;"H1";2019;"2015-2019";"Sécheresse";72
"60";"Oise";32;"Hauts-de-France";1;"H1";2020;"2020-2024";"Gel";56
"60";"Oise";32;"Hauts-de-France";1;"H1";2020;"2020-2024";"Inondation";1
"60";"Oise";32;"Hauts-de-France";1;"H1";2020;"2020-2024";"Sécheresse";88
"60";"Oise";32;"Hauts-de-France";1;"H1";2021;"2020-2024";"Gel";82
"60";"Oise";32;"Hauts-de-France";1;"H1";2021;"2020-2024";"Inondation";4
"60";"Oise";32;"Hauts-de-France";1;"H1";2021;"2020-2024";"Sécheresse";54
"60";"Oise";32;"Hauts-de-France";1;"H1";2022;"2020-2024";"Gel";70
"60";"Oise";32;"Hauts-de-France";1;"H1";2022;"2020-2024";"Sécheresse";88
"60";"Oise";32;"Hauts-de-France";1;"H1";2023;"2020-2024";"Gel";57
"60";"Oise";32;"Hauts-de-France";1;"H1";2023;"2020-2024";"Sécheresse";86
"60";"Oise";32;"Hauts-de-France";1;"H1";2024;"2020-2024";"Gel";41
"60";"Oise";32;"Hauts-de-France";1;"H1";2024;"2020-2024";"Inondation";3
"60";"Oise";32;"Hauts-de-France";1;"H1";2024;"2020-2024";"Sécheresse";55
"61";"Orne";28;"Normandie";1;"H1";2010;"2010-2014";"Gel";125
"61";"Orne";28;"Normandie";1;"H1";2010;"2010-2014";"Inondation";3
"61";"Orne";28;"Normandie";1;"H1";2010;"2010-2014";"Sécheresse";59
"61";"Orne";28;"Normandie";1;"H1";2011;"2010-2014";"Gel";74
"61";"Orne";28;"Normandie";1;"H1";2011;"2010-2014";"Inondation";4
"61";"Orne";28;"Normandie";1;"H1";2011;"2010-2014";"Sécheresse";49
"61";"Orne";28;"Normandie";1;"H1";2012;"2010-2014";"Gel";76
"61";"Orne";28;"Normandie";1;"H1";2012;"2010-2014";"Inondation";3
"61";"Orne";28;"Normandie";1;"H1";2012;"2010-2014";"Sécheresse";42
"61";"Orne";28;"Normandie";1;"H1";2013;"2010-2014";"Gel";94
"61";"Orne";28;"Normandie";1;"H1";2013;"2010-2014";"Inondation";3
"61";"Orne";28;"Normandie";1;"H1";2013;"2010-2014";"Sécheresse";58
"61";"Orne";28;"Normandie";1;"H1";2014;"2010-2014";"Gel";42
"61";"Orne";28;"Normandie";1;"H1";2014;"2010-2014";"Inondation";6
"61";"Orne";28;"Normandie";1;"H1";2014;"2010-2014";"Sécheresse";40
"61";"Orne";28;"Normandie";1;"H1";2015;"2015-2019";"Gel";60
"61";"Orne";28;"Normandie";1;"H1";2015;"2015-2019";"Inondation";2
"61";"Orne";28;"Normandie";1;"H1";2015;"2015-2019";"Sécheresse";55
"61";"Orne";28;"Normandie";1;"H1";2016;"2015-2019";"Gel";87
"61";"Orne";28;"Normandie";1;"H1";2016;"2015-2019";"Sécheresse";55
"61";"Orne";28;"Normandie";1;"H1";2017;"2015-2019";"Gel";70
"61";"Orne";28;"Normandie";1;"H1";2017;"2015-2019";"Inondation";1
"61";"Orne";28;"Normandie";1;"H1";2017;"2015-2019";"Sécheresse";57
"61";"Orne";28;"Normandie";1;"H1";2018;"2015-2019";"Gel";66
"61";"Orne";28;"Normandie";1;"H1";2018;"2015-2019";"Inondation";8
"61";"Orne";28;"Normandie";1;"H1";2018;"2015-2019";"Sécheresse";89
"61";"Orne";28;"Normandie";1;"H1";2019;"2015-2019";"Gel";69
"61";"Orne";28;"Normandie";1;"H1";2019;"2015-2019";"Inondation";2
"61";"Orne";28;"Normandie";1;"H1";2019;"2015-2019";"Sécheresse";68
"61";"Orne";28;"Normandie";1;"H1";2020;"2020-2024";"Gel";53
"61";"Orne";28;"Normandie";1;"H1";2020;"2020-2024";"Inondation";1
"61";"Orne";28;"Normandie";1;"H1";2020;"2020-2024";"Sécheresse";80
"61";"Orne";28;"Normandie";1;"H1";2021;"2020-2024";"Gel";96
"61";"Orne";28;"Normandie";1;"H1";2021;"2020-2024";"Inondation";3
"61";"Orne";28;"Normandie";1;"H1";2021;"2020-2024";"Sécheresse";38
"61";"Orne";28;"Normandie";1;"H1";2022;"2020-2024";"Gel";63
"61";"Orne";28;"Normandie";1;"H1";2022;"2020-2024";"Inondation";1
"61";"Orne";28;"Normandie";1;"H1";2022;"2020-2024";"Sécheresse";83
"61";"Orne";28;"Normandie";1;"H1";2023;"2020-2024";"Gel";54
"61";"Orne";28;"Normandie";1;"H1";2023;"2020-2024";"Inondation";2
"61";"Orne";28;"Normandie";1;"H1";2023;"2020-2024";"Sécheresse";70
"61";"Orne";28;"Normandie";1;"H1";2024;"2020-2024";"Gel";49
"61";"Orne";28;"Normandie";1;"H1";2024;"2020-2024";"Inondation";5
"61";"Orne";28;"Normandie";1;"H1";2024;"2020-2024";"Sécheresse";36
"62";"Pas-de-Calais";32;"Hauts-de-France";1;"H1";2010;"2010-2014";"Gel";92
"62";"Pas-de-Calais";32;"Hauts-de-France";1;"H1";2010;"2010-2014";"Inondation";2
"62";"Pas-de-Calais";32;"Hauts-de-France";1;"H1";2010;"2010-2014";"Sécheresse";41
"62";"Pas-de-Calais";32;"Hauts-de-France";1;"H1";2011;"2010-2014";"Gel";44
"62";"Pas-de-Calais";32;"Hauts-de-France";1;"H1";2011;"2010-2014";"Inondation";4
"62";"Pas-de-Calais";32;"Hauts-de-France";1;"H1";2011;"2010-2014";"Sécheresse";33
"62";"Pas-de-Calais";32;"Hauts-de-France";1;"H1";2012;"2010-2014";"Gel";51
"62";"Pas-de-Calais";32;"Hauts-de-France";1;"H1";2012;"2010-2014";"Inondation";7
"62";"Pas-de-Calais";32;"Hauts-de-France";1;"H1";2012;"2010-2014";"Sécheresse";34
"62";"Pas-de-Calais";32;"Hauts-de-France";1;"H1";2013;"2010-2014";"Gel";78
"62";"Pas-de-Calais";32;"Hauts-de-France";1;"H1";2013;"2010-2014";"Inondation";5
"62";"Pas-de-Calais";32;"Hauts-de-France";1;"H1";2013;"2010-2014";"Sécheresse";43
"62";"Pas-de-Calais";32;"Hauts-de-France";1;"H1";2014;"2010-2014";"Gel";32
"62";"Pas-de-Calais";32;"Hauts-de-France";1;"H1";2014;"2010-2014";"Inondation";2
"62";"Pas-de-Calais";32;"Hauts-de-France";1;"H1";2014;"2010-2014";"Sécheresse";30
"62";"Pas-de-Calais";32;"Hauts-de-France";1;"H1";2015;"2015-2019";"Gel";47
"62";"Pas-de-Calais";32;"Hauts-de-France";1;"H1";2015;"2015-2019";"Inondation";4
"62";"Pas-de-Calais";32;"Hauts-de-France";1;"H1";2015;"2015-2019";"Sécheresse";43
"62";"Pas-de-Calais";32;"Hauts-de-France";1;"H1";2016;"2015-2019";"Gel";55
"62";"Pas-de-Calais";32;"Hauts-de-France";1;"H1";2016;"2015-2019";"Inondation";7
"62";"Pas-de-Calais";32;"Hauts-de-France";1;"H1";2016;"2015-2019";"Sécheresse";45
"62";"Pas-de-Calais";32;"Hauts-de-France";1;"H1";2017;"2015-2019";"Gel";53
"62";"Pas-de-Calais";32;"Hauts-de-France";1;"H1";2017;"2015-2019";"Inondation";3
"62";"Pas-de-Calais";32;"Hauts-de-France";1;"H1";2017;"2015-2019";"Sécheresse";47
"62";"Pas-de-Calais";32;"Hauts-de-France";1;"H1";2018;"2015-2019";"Gel";54
"62";"Pas-de-Calais";32;"Hauts-de-France";1;"H1";2018;"2015-2019";"Inondation";2
"62";"Pas-de-Calais";32;"Hauts-de-France";1;"H1";2018;"2015-2019";"Sécheresse";64
"62";"Pas-de-Calais";32;"Hauts-de-France";1;"H1";2019;"2015-2019";"Gel";52
"62";"Pas-de-Calais";32;"Hauts-de-France";1;"H1";2019;"2015-2019";"Inondation";2
"62";"Pas-de-Calais";32;"Hauts-de-France";1;"H1";2019;"2015-2019";"Sécheresse";54
"62";"Pas-de-Calais";32;"Hauts-de-France";1;"H1";2020;"2020-2024";"Gel";44
"62";"Pas-de-Calais";32;"Hauts-de-France";1;"H1";2020;"2020-2024";"Inondation";5
"62";"Pas-de-Calais";32;"Hauts-de-France";1;"H1";2020;"2020-2024";"Sécheresse";54
"62";"Pas-de-Calais";32;"Hauts-de-France";1;"H1";2021;"2020-2024";"Gel";67
"62";"Pas-de-Calais";32;"Hauts-de-France";1;"H1";2021;"2020-2024";"Inondation";3
"62";"Pas-de-Calais";32;"Hauts-de-France";1;"H1";2021;"2020-2024";"Sécheresse";35
"62";"Pas-de-Calais";32;"Hauts-de-France";1;"H1";2022;"2020-2024";"Gel";53
"62";"Pas-de-Calais";32;"Hauts-de-France";1;"H1";2022;"2020-2024";"Inondation";6
"62";"Pas-de-Calais";32;"Hauts-de-France";1;"H1";2022;"2020-2024";"Sécheresse";70
"62";"Pas-de-Calais";32;"Hauts-de-France";1;"H1";2023;"2020-2024";"Gel";40
"62";"Pas-de-Calais";32;"Hauts-de-France";1;"H1";2023;"2020-2024";"Inondation";5
"62";"Pas-de-Calais";32;"Hauts-de-France";1;"H1";2023;"2020-2024";"Sécheresse";61
"62";"Pas-de-Calais";32;"Hauts-de-France";1;"H1";2024;"2020-2024";"Gel";33
"62";"Pas-de-Calais";32;"Hauts-de-France";1;"H1";2024;"2020-2024";"Inondation";4
"62";"Pas-de-Calais";32;"Hauts-de-France";1;"H1";2024;"2020-2024";"Sécheresse";44
"63";"Puy-de-Dôme";84;"Auvergne-Rhône-Alpes";1;"H1";2010;"2010-2014";"Gel";179
"63";"Puy-de-Dôme";84;"Auvergne-Rhône-Alpes";1;"H1";2010;"2010-2014";"Inondation";17
"63";"Puy-de-Dôme";84;"Auvergne-Rhône-Alpes";1;"H1";2010;"2010-2014";"Sécheresse";75
"63";"Puy-de-Dôme";84;"Auvergne-Rhône-Alpes";1;"H1";2011;"2010-2014";"Gel";140
"63";"Puy-de-Dôme";84;"Auvergne-Rhône-Alpes";1;"H1";2011;"2010-2014";"Inondation";17
"63";"Puy-de-Dôme";84;"Auvergne-Rhône-Alpes";1;"H1";2011;"2010-2014";"Sécheresse";101
"63";"Puy-de-Dôme";84;"Auvergne-Rhône-Alpes";1;"H1";2012;"2010-2014";"Gel";175
"63";"Puy-de-Dôme";84;"Auvergne-Rhône-Alpes";1;"H1";2012;"2010-2014";"Inondation";19
"63";"Puy-de-Dôme";84;"Auvergne-Rhône-Alpes";1;"H1";2012;"2010-2014";"Sécheresse";90
"63";"Puy-de-Dôme";84;"Auvergne-Rhône-Alpes";1;"H1";2013;"2010-2014";"Gel";171
"63";"Puy-de-Dôme";84;"Auvergne-Rhône-Alpes";1;"H1";2013;"2010-2014";"Inondation";16
"63";"Puy-de-Dôme";84;"Auvergne-Rhône-Alpes";1;"H1";2013;"2010-2014";"Sécheresse";72
"63";"Puy-de-Dôme";84;"Auvergne-Rhône-Alpes";1;"H1";2014;"2010-2014";"Gel";162
"63";"Puy-de-Dôme";84;"Auvergne-Rhône-Alpes";1;"H1";2014;"2010-2014";"Inondation";19
"63";"Puy-de-Dôme";84;"Auvergne-Rhône-Alpes";1;"H1";2014;"2010-2014";"Sécheresse";67
"63";"Puy-de-Dôme";84;"Auvergne-Rhône-Alpes";1;"H1";2015;"2015-2019";"Gel";172
"63";"Puy-de-Dôme";84;"Auvergne-Rhône-Alpes";1;"H1";2015;"2015-2019";"Inondation";15
"63";"Puy-de-Dôme";84;"Auvergne-Rhône-Alpes";1;"H1";2015;"2015-2019";"Sécheresse";83
"63";"Puy-de-Dôme";84;"Auvergne-Rhône-Alpes";1;"H1";2016;"2015-2019";"Gel";190
"63";"Puy-de-Dôme";84;"Auvergne-Rhône-Alpes";1;"H1";2016;"2015-2019";"Inondation";18
"63";"Puy-de-Dôme";84;"Auvergne-Rhône-Alpes";1;"H1";2016;"2015-2019";"Sécheresse";78
"63";"Puy-de-Dôme";84;"Auvergne-Rhône-Alpes";1;"H1";2017;"2015-2019";"Gel";175
"63";"Puy-de-Dôme";84;"Auvergne-Rhône-Alpes";1;"H1";2017;"2015-2019";"Inondation";15
"63";"Puy-de-Dôme";84;"Auvergne-Rhône-Alpes";1;"H1";2017;"2015-2019";"Sécheresse";95
"63";"Puy-de-Dôme";84;"Auvergne-Rhône-Alpes";1;"H1";2018;"2015-2019";"Gel";151
"63";"Puy-de-Dôme";84;"Auvergne-Rhône-Alpes";1;"H1";2018;"2015-2019";"Inondation";17
"63";"Puy-de-Dôme";84;"Auvergne-Rhône-Alpes";1;"H1";2018;"2015-2019";"Sécheresse";109
"63";"Puy-de-Dôme";84;"Auvergne-Rhône-Alpes";1;"H1";2019;"2015-2019";"Gel";178
"63";"Puy-de-Dôme";84;"Auvergne-Rhône-Alpes";1;"H1";2019;"2015-2019";"Inondation";17
"63";"Puy-de-Dôme";84;"Auvergne-Rhône-Alpes";1;"H1";2019;"2015-2019";"Sécheresse";93
"63";"Puy-de-Dôme";84;"Auvergne-Rhône-Alpes";1;"H1";2020;"2020-2024";"Gel";160
"63";"Puy-de-Dôme";84;"Auvergne-Rhône-Alpes";1;"H1";2020;"2020-2024";"Inondation";15
"63";"Puy-de-Dôme";84;"Auvergne-Rhône-Alpes";1;"H1";2020;"2020-2024";"Sécheresse";99
"63";"Puy-de-Dôme";84;"Auvergne-Rhône-Alpes";1;"H1";2021;"2020-2024";"Gel";197
"63";"Puy-de-Dôme";84;"Auvergne-Rhône-Alpes";1;"H1";2021;"2020-2024";"Inondation";22
"63";"Puy-de-Dôme";84;"Auvergne-Rhône-Alpes";1;"H1";2021;"2020-2024";"Sécheresse";75
"63";"Puy-de-Dôme";84;"Auvergne-Rhône-Alpes";1;"H1";2022;"2020-2024";"Gel";140
"63";"Puy-de-Dôme";84;"Auvergne-Rhône-Alpes";1;"H1";2022;"2020-2024";"Inondation";10
"63";"Puy-de-Dôme";84;"Auvergne-Rhône-Alpes";1;"H1";2022;"2020-2024";"Sécheresse";121
"63";"Puy-de-Dôme";84;"Auvergne-Rhône-Alpes";1;"H1";2023;"2020-2024";"Gel";136
"63";"Puy-de-Dôme";84;"Auvergne-Rhône-Alpes";1;"H1";2023;"2020-2024";"Inondation";18
"63";"Puy-de-Dôme";84;"Auvergne-Rhône-Alpes";1;"H1";2023;"2020-2024";"Sécheresse";126
"63";"Puy-de-Dôme";84;"Auvergne-Rhône-Alpes";1;"H1";2024;"2020-2024";"Gel";133
"63";"Puy-de-Dôme";84;"Auvergne-Rhône-Alpes";1;"H1";2024;"2020-2024";"Inondation";10
"63";"Puy-de-Dôme";84;"Auvergne-Rhône-Alpes";1;"H1";2024;"2020-2024";"Sécheresse";85
"64";"Pyrénées-Atlantiques";75;"Nouvelle-Aquitaine";2;"H2";2010;"2010-2014";"Gel";180
"64";"Pyrénées-Atlantiques";75;"Nouvelle-Aquitaine";2;"H2";2010;"2010-2014";"Inondation";22
"64";"Pyrénées-Atlantiques";75;"Nouvelle-Aquitaine";2;"H2";2010;"2010-2014";"Sécheresse";110
"64";"Pyrénées-Atlantiques";75;"Nouvelle-Aquitaine";2;"H2";2011;"2010-2014";"Gel";151
"64";"Pyrénées-Atlantiques";75;"Nouvelle-Aquitaine";2;"H2";2011;"2010-2014";"Inondation";26
"64";"Pyrénées-Atlantiques";75;"Nouvelle-Aquitaine";2;"H2";2011;"2010-2014";"Sécheresse";128
"64";"Pyrénées-Atlantiques";75;"Nouvelle-Aquitaine";2;"H2";2012;"2010-2014";"Gel";174
"64";"Pyrénées-Atlantiques";75;"Nouvelle-Aquitaine";2;"H2";2012;"2010-2014";"Inondation";18
"64";"Pyrénées-Atlantiques";75;"Nouvelle-Aquitaine";2;"H2";2012;"2010-2014";"Sécheresse";119
"64";"Pyrénées-Atlantiques";75;"Nouvelle-Aquitaine";2;"H2";2013;"2010-2014";"Gel";194
"64";"Pyrénées-Atlantiques";75;"Nouvelle-Aquitaine";2;"H2";2013;"2010-2014";"Inondation";37
"64";"Pyrénées-Atlantiques";75;"Nouvelle-Aquitaine";2;"H2";2013;"2010-2014";"Sécheresse";114
"64";"Pyrénées-Atlantiques";75;"Nouvelle-Aquitaine";2;"H2";2014;"2010-2014";"Gel";161
"64";"Pyrénées-Atlantiques";75;"Nouvelle-Aquitaine";2;"H2";2014;"2010-2014";"Inondation";33
"64";"Pyrénées-Atlantiques";75;"Nouvelle-Aquitaine";2;"H2";2014;"2010-2014";"Sécheresse";130
"64";"Pyrénées-Atlantiques";75;"Nouvelle-Aquitaine";2;"H2";2015;"2015-2019";"Gel";146
"64";"Pyrénées-Atlantiques";75;"Nouvelle-Aquitaine";2;"H2";2015;"2015-2019";"Inondation";27
"64";"Pyrénées-Atlantiques";75;"Nouvelle-Aquitaine";2;"H2";2015;"2015-2019";"Sécheresse";124
"64";"Pyrénées-Atlantiques";75;"Nouvelle-Aquitaine";2;"H2";2016;"2015-2019";"Gel";178
"64";"Pyrénées-Atlantiques";75;"Nouvelle-Aquitaine";2;"H2";2016;"2015-2019";"Inondation";25
"64";"Pyrénées-Atlantiques";75;"Nouvelle-Aquitaine";2;"H2";2016;"2015-2019";"Sécheresse";126
"64";"Pyrénées-Atlantiques";75;"Nouvelle-Aquitaine";2;"H2";2017;"2015-2019";"Gel";165
"64";"Pyrénées-Atlantiques";75;"Nouvelle-Aquitaine";2;"H2";2017;"2015-2019";"Inondation";26
"64";"Pyrénées-Atlantiques";75;"Nouvelle-Aquitaine";2;"H2";2017;"2015-2019";"Sécheresse";126
"64";"Pyrénées-Atlantiques";75;"Nouvelle-Aquitaine";2;"H2";2018;"2015-2019";"Gel";163
"64";"Pyrénées-Atlantiques";75;"Nouvelle-Aquitaine";2;"H2";2018;"2015-2019";"Inondation";30
"64";"Pyrénées-Atlantiques";75;"Nouvelle-Aquitaine";2;"H2";2018;"2015-2019";"Sécheresse";130
"64";"Pyrénées-Atlantiques";75;"Nouvelle-Aquitaine";2;"H2";2019;"2015-2019";"Gel";186
"64";"Pyrénées-Atlantiques";75;"Nouvelle-Aquitaine";2;"H2";2019;"2015-2019";"Inondation";33
"64";"Pyrénées-Atlantiques";75;"Nouvelle-Aquitaine";2;"H2";2019;"2015-2019";"Sécheresse";121
"64";"Pyrénées-Atlantiques";75;"Nouvelle-Aquitaine";2;"H2";2020;"2020-2024";"Gel";150
"64";"Pyrénées-Atlantiques";75;"Nouvelle-Aquitaine";2;"H2";2020;"2020-2024";"Inondation";29
"64";"Pyrénées-Atlantiques";75;"Nouvelle-Aquitaine";2;"H2";2020;"2020-2024";"Sécheresse";130
"64";"Pyrénées-Atlantiques";75;"Nouvelle-Aquitaine";2;"H2";2021;"2020-2024";"Gel";157
"64";"Pyrénées-Atlantiques";75;"Nouvelle-Aquitaine";2;"H2";2021;"2020-2024";"Inondation";19
"64";"Pyrénées-Atlantiques";75;"Nouvelle-Aquitaine";2;"H2";2021;"2020-2024";"Sécheresse";113
"64";"Pyrénées-Atlantiques";75;"Nouvelle-Aquitaine";2;"H2";2022;"2020-2024";"Gel";141
"64";"Pyrénées-Atlantiques";75;"Nouvelle-Aquitaine";2;"H2";2022;"2020-2024";"Inondation";16
"64";"Pyrénées-Atlantiques";75;"Nouvelle-Aquitaine";2;"H2";2022;"2020-2024";"Sécheresse";148
"64";"Pyrénées-Atlantiques";75;"Nouvelle-Aquitaine";2;"H2";2023;"2020-2024";"Gel";154
"64";"Pyrénées-Atlantiques";75;"Nouvelle-Aquitaine";2;"H2";2023;"2020-2024";"Inondation";29
"64";"Pyrénées-Atlantiques";75;"Nouvelle-Aquitaine";2;"H2";2023;"2020-2024";"Sécheresse";147
"64";"Pyrénées-Atlantiques";75;"Nouvelle-Aquitaine";2;"H2";2024;"2020-2024";"Gel";144
"64";"Pyrénées-Atlantiques";75;"Nouvelle-Aquitaine";2;"H2";2024;"2020-2024";"Inondation";26
"64";"Pyrénées-Atlantiques";75;"Nouvelle-Aquitaine";2;"H2";2024;"2020-2024";"Sécheresse";122
"65";"Hautes-Pyrénées";76;"Occitanie";2;"H2";2010;"2010-2014";"Gel";251
"65";"Hautes-Pyrénées";76;"Occitanie";2;"H2";2010;"2010-2014";"Inondation";17
"65";"Hautes-Pyrénées";76;"Occitanie";2;"H2";2010;"2010-2014";"Sécheresse";102
"65";"Hautes-Pyrénées";76;"Occitanie";2;"H2";2011;"2010-2014";"Gel";234
"65";"Hautes-Pyrénées";76;"Occitanie";2;"H2";2011;"2010-2014";"Inondation";18
"65";"Hautes-Pyrénées";76;"Occitanie";2;"H2";2011;"2010-2014";"Sécheresse";125
"65";"Hautes-Pyrénées";76;"Occitanie";2;"H2";2012;"2010-2014";"Gel";237
"65";"Hautes-Pyrénées";76;"Occitanie";2;"H2";2012;"2010-2014";"Inondation";13
"65";"Hautes-Pyrénées";76;"Occitanie";2;"H2";2012;"2010-2014";"Sécheresse";105
"65";"Hautes-Pyrénées";76;"Occitanie";2;"H2";2013;"2010-2014";"Gel";249
"65";"Hautes-Pyrénées";76;"Occitanie";2;"H2";2013;"2010-2014";"Inondation";23
"65";"Hautes-Pyrénées";76;"Occitanie";2;"H2";2013;"2010-2014";"Sécheresse";100
"65";"Hautes-Pyrénées";76;"Occitanie";2;"H2";2014;"2010-2014";"Gel";232
"65";"Hautes-Pyrénées";76;"Occitanie";2;"H2";2014;"2010-2014";"Inondation";21
"65";"Hautes-Pyrénées";76;"Occitanie";2;"H2";2014;"2010-2014";"Sécheresse";122
"65";"Hautes-Pyrénées";76;"Occitanie";2;"H2";2015;"2015-2019";"Gel";230
"65";"Hautes-Pyrénées";76;"Occitanie";2;"H2";2015;"2015-2019";"Inondation";19
"65";"Hautes-Pyrénées";76;"Occitanie";2;"H2";2015;"2015-2019";"Sécheresse";101
"65";"Hautes-Pyrénées";76;"Occitanie";2;"H2";2016;"2015-2019";"Gel";248
"65";"Hautes-Pyrénées";76;"Occitanie";2;"H2";2016;"2015-2019";"Inondation";10
"65";"Hautes-Pyrénées";76;"Occitanie";2;"H2";2016;"2015-2019";"Sécheresse";100
"65";"Hautes-Pyrénées";76;"Occitanie";2;"H2";2017;"2015-2019";"Gel";232
"65";"Hautes-Pyrénées";76;"Occitanie";2;"H2";2017;"2015-2019";"Inondation";14
"65";"Hautes-Pyrénées";76;"Occitanie";2;"H2";2017;"2015-2019";"Sécheresse";115
"65";"Hautes-Pyrénées";76;"Occitanie";2;"H2";2018;"2015-2019";"Gel";221
"65";"Hautes-Pyrénées";76;"Occitanie";2;"H2";2018;"2015-2019";"Inondation";21
"65";"Hautes-Pyrénées";76;"Occitanie";2;"H2";2018;"2015-2019";"Sécheresse";120
"65";"Hautes-Pyrénées";76;"Occitanie";2;"H2";2019;"2015-2019";"Gel";240
"65";"Hautes-Pyrénées";76;"Occitanie";2;"H2";2019;"2015-2019";"Inondation";17
"65";"Hautes-Pyrénées";76;"Occitanie";2;"H2";2019;"2015-2019";"Sécheresse";108
"65";"Hautes-Pyrénées";76;"Occitanie";2;"H2";2020;"2020-2024";"Gel";241
"65";"Hautes-Pyrénées";76;"Occitanie";2;"H2";2020;"2020-2024";"Inondation";12
"65";"Hautes-Pyrénées";76;"Occitanie";2;"H2";2020;"2020-2024";"Sécheresse";113
"65";"Hautes-Pyrénées";76;"Occitanie";2;"H2";2021;"2020-2024";"Gel";239
"65";"Hautes-Pyrénées";76;"Occitanie";2;"H2";2021;"2020-2024";"Inondation";8
"65";"Hautes-Pyrénées";76;"Occitanie";2;"H2";2021;"2020-2024";"Sécheresse";101
"65";"Hautes-Pyrénées";76;"Occitanie";2;"H2";2022;"2020-2024";"Gel";205
"65";"Hautes-Pyrénées";76;"Occitanie";2;"H2";2022;"2020-2024";"Inondation";11
"65";"Hautes-Pyrénées";76;"Occitanie";2;"H2";2022;"2020-2024";"Sécheresse";149
"65";"Hautes-Pyrénées";76;"Occitanie";2;"H2";2023;"2020-2024";"Gel";225
"65";"Hautes-Pyrénées";76;"Occitanie";2;"H2";2023;"2020-2024";"Inondation";17
"65";"Hautes-Pyrénées";76;"Occitanie";2;"H2";2023;"2020-2024";"Sécheresse";143
"65";"Hautes-Pyrénées";76;"Occitanie";2;"H2";2024;"2020-2024";"Gel";228
"65";"Hautes-Pyrénées";76;"Occitanie";2;"H2";2024;"2020-2024";"Inondation";12
"65";"Hautes-Pyrénées";76;"Occitanie";2;"H2";2024;"2020-2024";"Sécheresse";108
"66";"Pyrénées-Orientales";76;"Occitanie";3;"H3";2010;"2010-2014";"Gel";215
"66";"Pyrénées-Orientales";76;"Occitanie";3;"H3";2010;"2010-2014";"Inondation";19
"66";"Pyrénées-Orientales";76;"Occitanie";3;"H3";2010;"2010-2014";"Sécheresse";148
"66";"Pyrénées-Orientales";76;"Occitanie";3;"H3";2011;"2010-2014";"Gel";191
"66";"Pyrénées-Orientales";76;"Occitanie";3;"H3";2011;"2010-2014";"Inondation";22
"66";"Pyrénées-Orientales";76;"Occitanie";3;"H3";2011;"2010-2014";"Sécheresse";156
"66";"Pyrénées-Orientales";76;"Occitanie";3;"H3";2012;"2010-2014";"Gel";210
"66";"Pyrénées-Orientales";76;"Occitanie";3;"H3";2012;"2010-2014";"Inondation";9
"66";"Pyrénées-Orientales";76;"Occitanie";3;"H3";2012;"2010-2014";"Sécheresse";148
"66";"Pyrénées-Orientales";76;"Occitanie";3;"H3";2013;"2010-2014";"Gel";209
"66";"Pyrénées-Orientales";76;"Occitanie";3;"H3";2013;"2010-2014";"Inondation";12
"66";"Pyrénées-Orientales";76;"Occitanie";3;"H3";2013;"2010-2014";"Sécheresse";142
"66";"Pyrénées-Orientales";76;"Occitanie";3;"H3";2014;"2010-2014";"Gel";186
"66";"Pyrénées-Orientales";76;"Occitanie";3;"H3";2014;"2010-2014";"Inondation";13
"66";"Pyrénées-Orientales";76;"Occitanie";3;"H3";2014;"2010-2014";"Sécheresse";155
"66";"Pyrénées-Orientales";76;"Occitanie";3;"H3";2015;"2015-2019";"Gel";178
"66";"Pyrénées-Orientales";76;"Occitanie";3;"H3";2015;"2015-2019";"Inondation";14
"66";"Pyrénées-Orientales";76;"Occitanie";3;"H3";2015;"2015-2019";"Sécheresse";151
"66";"Pyrénées-Orientales";76;"Occitanie";3;"H3";2016;"2015-2019";"Gel";212
"66";"Pyrénées-Orientales";76;"Occitanie";3;"H3";2016;"2015-2019";"Inondation";7
"66";"Pyrénées-Orientales";76;"Occitanie";3;"H3";2016;"2015-2019";"Sécheresse";140
"66";"Pyrénées-Orientales";76;"Occitanie";3;"H3";2017;"2015-2019";"Gel";193
"66";"Pyrénées-Orientales";76;"Occitanie";3;"H3";2017;"2015-2019";"Inondation";12
"66";"Pyrénées-Orientales";76;"Occitanie";3;"H3";2017;"2015-2019";"Sécheresse";172
"66";"Pyrénées-Orientales";76;"Occitanie";3;"H3";2018;"2015-2019";"Gel";176
"66";"Pyrénées-Orientales";76;"Occitanie";3;"H3";2018;"2015-2019";"Inondation";24
"66";"Pyrénées-Orientales";76;"Occitanie";3;"H3";2018;"2015-2019";"Sécheresse";151
"66";"Pyrénées-Orientales";76;"Occitanie";3;"H3";2019;"2015-2019";"Gel";208
"66";"Pyrénées-Orientales";76;"Occitanie";3;"H3";2019;"2015-2019";"Inondation";10
"66";"Pyrénées-Orientales";76;"Occitanie";3;"H3";2019;"2015-2019";"Sécheresse";142
"66";"Pyrénées-Orientales";76;"Occitanie";3;"H3";2020;"2020-2024";"Gel";179
"66";"Pyrénées-Orientales";76;"Occitanie";3;"H3";2020;"2020-2024";"Inondation";17
"66";"Pyrénées-Orientales";76;"Occitanie";3;"H3";2020;"2020-2024";"Sécheresse";138
"66";"Pyrénées-Orientales";76;"Occitanie";3;"H3";2021;"2020-2024";"Gel";199
"66";"Pyrénées-Orientales";76;"Occitanie";3;"H3";2021;"2020-2024";"Inondation";10
"66";"Pyrénées-Orientales";76;"Occitanie";3;"H3";2021;"2020-2024";"Sécheresse";146
"66";"Pyrénées-Orientales";76;"Occitanie";3;"H3";2022;"2020-2024";"Gel";166
"66";"Pyrénées-Orientales";76;"Occitanie";3;"H3";2022;"2020-2024";"Inondation";7
"66";"Pyrénées-Orientales";76;"Occitanie";3;"H3";2022;"2020-2024";"Sécheresse";166
"66";"Pyrénées-Orientales";76;"Occitanie";3;"H3";2023;"2020-2024";"Gel";174
"66";"Pyrénées-Orientales";76;"Occitanie";3;"H3";2023;"2020-2024";"Inondation";3
"66";"Pyrénées-Orientales";76;"Occitanie";3;"H3";2023;"2020-2024";"Sécheresse";170
"66";"Pyrénées-Orientales";76;"Occitanie";3;"H3";2024;"2020-2024";"Gel";175
"66";"Pyrénées-Orientales";76;"Occitanie";3;"H3";2024;"2020-2024";"Inondation";7
"66";"Pyrénées-Orientales";76;"Occitanie";3;"H3";2024;"2020-2024";"Sécheresse";148
"67";"Bas-Rhin";44;"Grand Est";1;"H1";2010;"2010-2014";"Gel";145
"67";"Bas-Rhin";44;"Grand Est";1;"H1";2010;"2010-2014";"Inondation";5
"67";"Bas-Rhin";44;"Grand Est";1;"H1";2010;"2010-2014";"Sécheresse";64
"67";"Bas-Rhin";44;"Grand Est";1;"H1";2011;"2010-2014";"Gel";125
"67";"Bas-Rhin";44;"Grand Est";1;"H1";2011;"2010-2014";"Inondation";7
"67";"Bas-Rhin";44;"Grand Est";1;"H1";2011;"2010-2014";"Sécheresse";97
"67";"Bas-Rhin";44;"Grand Est";1;"H1";2012;"2010-2014";"Gel";128
"67";"Bas-Rhin";44;"Grand Est";1;"H1";2012;"2010-2014";"Inondation";3
"67";"Bas-Rhin";44;"Grand Est";1;"H1";2012;"2010-2014";"Sécheresse";90
"67";"Bas-Rhin";44;"Grand Est";1;"H1";2013;"2010-2014";"Gel";149
"67";"Bas-Rhin";44;"Grand Est";1;"H1";2013;"2010-2014";"Inondation";8
"67";"Bas-Rhin";44;"Grand Est";1;"H1";2013;"2010-2014";"Sécheresse";80
"67";"Bas-Rhin";44;"Grand Est";1;"H1";2014;"2010-2014";"Gel";104
"67";"Bas-Rhin";44;"Grand Est";1;"H1";2014;"2010-2014";"Inondation";7
"67";"Bas-Rhin";44;"Grand Est";1;"H1";2014;"2010-2014";"Sécheresse";84
"67";"Bas-Rhin";44;"Grand Est";1;"H1";2015;"2015-2019";"Gel";126
"67";"Bas-Rhin";44;"Grand Est";1;"H1";2015;"2015-2019";"Inondation";3
"67";"Bas-Rhin";44;"Grand Est";1;"H1";2015;"2015-2019";"Sécheresse";77
"67";"Bas-Rhin";44;"Grand Est";1;"H1";2016;"2015-2019";"Gel";149
"67";"Bas-Rhin";44;"Grand Est";1;"H1";2016;"2015-2019";"Inondation";5
"67";"Bas-Rhin";44;"Grand Est";1;"H1";2016;"2015-2019";"Sécheresse";88
"67";"Bas-Rhin";44;"Grand Est";1;"H1";2017;"2015-2019";"Gel";138
"67";"Bas-Rhin";44;"Grand Est";1;"H1";2017;"2015-2019";"Inondation";3
"67";"Bas-Rhin";44;"Grand Est";1;"H1";2017;"2015-2019";"Sécheresse";91
"67";"Bas-Rhin";44;"Grand Est";1;"H1";2018;"2015-2019";"Gel";124
"67";"Bas-Rhin";44;"Grand Est";1;"H1";2018;"2015-2019";"Inondation";11
"67";"Bas-Rhin";44;"Grand Est";1;"H1";2018;"2015-2019";"Sécheresse";122
"67";"Bas-Rhin";44;"Grand Est";1;"H1";2019;"2015-2019";"Gel";139
"67";"Bas-Rhin";44;"Grand Est";1;"H1";2019;"2015-2019";"Inondation";3
"67";"Bas-Rhin";44;"Grand Est";1;"H1";2019;"2015-2019";"Sécheresse";96
"67";"Bas-Rhin";44;"Grand Est";1;"H1";2020;"2020-2024";"Gel";127
"67";"Bas-Rhin";44;"Grand Est";1;"H1";2020;"2020-2024";"Inondation";5
"67";"Bas-Rhin";44;"Grand Est";1;"H1";2020;"2020-2024";"Sécheresse";109
"67";"Bas-Rhin";44;"Grand Est";1;"H1";2021;"2020-2024";"Gel";157
"67";"Bas-Rhin";44;"Grand Est";1;"H1";2021;"2020-2024";"Inondation";7
"67";"Bas-Rhin";44;"Grand Est";1;"H1";2021;"2020-2024";"Sécheresse";74
"67";"Bas-Rhin";44;"Grand Est";1;"H1";2022;"2020-2024";"Gel";119
"67";"Bas-Rhin";44;"Grand Est";1;"H1";2022;"2020-2024";"Inondation";4
"67";"Bas-Rhin";44;"Grand Est";1;"H1";2022;"2020-2024";"Sécheresse";118
"67";"Bas-Rhin";44;"Grand Est";1;"H1";2023;"2020-2024";"Gel";106
"67";"Bas-Rhin";44;"Grand Est";1;"H1";2023;"2020-2024";"Inondation";3
"67";"Bas-Rhin";44;"Grand Est";1;"H1";2023;"2020-2024";"Sécheresse";120
"67";"Bas-Rhin";44;"Grand Est";1;"H1";2024;"2020-2024";"Gel";97
"67";"Bas-Rhin";44;"Grand Est";1;"H1";2024;"2020-2024";"Inondation";4
"67";"Bas-Rhin";44;"Grand Est";1;"H1";2024;"2020-2024";"Sécheresse";91
"68";"Haut-Rhin";44;"Grand Est";1;"H1";2010;"2010-2014";"Gel";156
"68";"Haut-Rhin";44;"Grand Est";1;"H1";2010;"2010-2014";"Inondation";14
"68";"Haut-Rhin";44;"Grand Est";1;"H1";2010;"2010-2014";"Sécheresse";74
"68";"Haut-Rhin";44;"Grand Est";1;"H1";2011;"2010-2014";"Gel";132
"68";"Haut-Rhin";44;"Grand Est";1;"H1";2011;"2010-2014";"Inondation";13
"68";"Haut-Rhin";44;"Grand Est";1;"H1";2011;"2010-2014";"Sécheresse";99
"68";"Haut-Rhin";44;"Grand Est";1;"H1";2012;"2010-2014";"Gel";149
"68";"Haut-Rhin";44;"Grand Est";1;"H1";2012;"2010-2014";"Inondation";22
"68";"Haut-Rhin";44;"Grand Est";1;"H1";2012;"2010-2014";"Sécheresse";86
"68";"Haut-Rhin";44;"Grand Est";1;"H1";2013;"2010-2014";"Gel";158
"68";"Haut-Rhin";44;"Grand Est";1;"H1";2013;"2010-2014";"Inondation";20
"68";"Haut-Rhin";44;"Grand Est";1;"H1";2013;"2010-2014";"Sécheresse";83
"68";"Haut-Rhin";44;"Grand Est";1;"H1";2014;"2010-2014";"Gel";116
"68";"Haut-Rhin";44;"Grand Est";1;"H1";2014;"2010-2014";"Inondation";11
"68";"Haut-Rhin";44;"Grand Est";1;"H1";2014;"2010-2014";"Sécheresse";74
"68";"Haut-Rhin";44;"Grand Est";1;"H1";2015;"2015-2019";"Gel";132
"68";"Haut-Rhin";44;"Grand Est";1;"H1";2015;"2015-2019";"Inondation";11
"68";"Haut-Rhin";44;"Grand Est";1;"H1";2015;"2015-2019";"Sécheresse";83
"68";"Haut-Rhin";44;"Grand Est";1;"H1";2016;"2015-2019";"Gel";149
"68";"Haut-Rhin";44;"Grand Est";1;"H1";2016;"2015-2019";"Inondation";15
"68";"Haut-Rhin";44;"Grand Est";1;"H1";2016;"2015-2019";"Sécheresse";90
"68";"Haut-Rhin";44;"Grand Est";1;"H1";2017;"2015-2019";"Gel";144
"68";"Haut-Rhin";44;"Grand Est";1;"H1";2017;"2015-2019";"Inondation";12
"68";"Haut-Rhin";44;"Grand Est";1;"H1";2017;"2015-2019";"Sécheresse";94
"68";"Haut-Rhin";44;"Grand Est";1;"H1";2018;"2015-2019";"Gel";123
"68";"Haut-Rhin";44;"Grand Est";1;"H1";2018;"2015-2019";"Inondation";29
"68";"Haut-Rhin";44;"Grand Est";1;"H1";2018;"2015-2019";"Sécheresse";129
"68";"Haut-Rhin";44;"Grand Est";1;"H1";2019;"2015-2019";"Gel";141
"68";"Haut-Rhin";44;"Grand Est";1;"H1";2019;"2015-2019";"Inondation";16
"68";"Haut-Rhin";44;"Grand Est";1;"H1";2019;"2015-2019";"Sécheresse";94
"68";"Haut-Rhin";44;"Grand Est";1;"H1";2020;"2020-2024";"Gel";120
"68";"Haut-Rhin";44;"Grand Est";1;"H1";2020;"2020-2024";"Inondation";17
"68";"Haut-Rhin";44;"Grand Est";1;"H1";2020;"2020-2024";"Sécheresse";110
"68";"Haut-Rhin";44;"Grand Est";1;"H1";2021;"2020-2024";"Gel";157
"68";"Haut-Rhin";44;"Grand Est";1;"H1";2021;"2020-2024";"Inondation";20
"68";"Haut-Rhin";44;"Grand Est";1;"H1";2021;"2020-2024";"Sécheresse";72
"68";"Haut-Rhin";44;"Grand Est";1;"H1";2022;"2020-2024";"Gel";118
"68";"Haut-Rhin";44;"Grand Est";1;"H1";2022;"2020-2024";"Inondation";13
"68";"Haut-Rhin";44;"Grand Est";1;"H1";2022;"2020-2024";"Sécheresse";118
"68";"Haut-Rhin";44;"Grand Est";1;"H1";2023;"2020-2024";"Gel";110
"68";"Haut-Rhin";44;"Grand Est";1;"H1";2023;"2020-2024";"Inondation";13
"68";"Haut-Rhin";44;"Grand Est";1;"H1";2023;"2020-2024";"Sécheresse";120
"68";"Haut-Rhin";44;"Grand Est";1;"H1";2024;"2020-2024";"Gel";109
"68";"Haut-Rhin";44;"Grand Est";1;"H1";2024;"2020-2024";"Inondation";12
"68";"Haut-Rhin";44;"Grand Est";1;"H1";2024;"2020-2024";"Sécheresse";88
"69";"Rhône";84;"Auvergne-Rhône-Alpes";1;"H1";2010;"2010-2014";"Gel";121
"69";"Rhône";84;"Auvergne-Rhône-Alpes";1;"H1";2010;"2010-2014";"Inondation";6
"69";"Rhône";84;"Auvergne-Rhône-Alpes";1;"H1";2010;"2010-2014";"Sécheresse";101
"69";"Rhône";84;"Auvergne-Rhône-Alpes";1;"H1";2011;"2010-2014";"Gel";102
"69";"Rhône";84;"Auvergne-Rhône-Alpes";1;"H1";2011;"2010-2014";"Inondation";8
"69";"Rhône";84;"Auvergne-Rhône-Alpes";1;"H1";2011;"2010-2014";"Sécheresse";134
"69";"Rhône";84;"Auvergne-Rhône-Alpes";1;"H1";2012;"2010-2014";"Gel";105
"69";"Rhône";84;"Auvergne-Rhône-Alpes";1;"H1";2012;"2010-2014";"Inondation";9
"69";"Rhône";84;"Auvergne-Rhône-Alpes";1;"H1";2012;"2010-2014";"Sécheresse";109
"69";"Rhône";84;"Auvergne-Rhône-Alpes";1;"H1";2013;"2010-2014";"Gel";131
"69";"Rhône";84;"Auvergne-Rhône-Alpes";1;"H1";2013;"2010-2014";"Inondation";9
"69";"Rhône";84;"Auvergne-Rhône-Alpes";1;"H1";2013;"2010-2014";"Sécheresse";102
"69";"Rhône";84;"Auvergne-Rhône-Alpes";1;"H1";2014;"2010-2014";"Gel";87
"69";"Rhône";84;"Auvergne-Rhône-Alpes";1;"H1";2014;"2010-2014";"Inondation";12
"69";"Rhône";84;"Auvergne-Rhône-Alpes";1;"H1";2014;"2010-2014";"Sécheresse";109
"69";"Rhône";84;"Auvergne-Rhône-Alpes";1;"H1";2015;"2015-2019";"Gel";115
"69";"Rhône";84;"Auvergne-Rhône-Alpes";1;"H1";2015;"2015-2019";"Inondation";7
"69";"Rhône";84;"Auvergne-Rhône-Alpes";1;"H1";2015;"2015-2019";"Sécheresse";116
"69";"Rhône";84;"Auvergne-Rhône-Alpes";1;"H1";2016;"2015-2019";"Gel";115
"69";"Rhône";84;"Auvergne-Rhône-Alpes";1;"H1";2016;"2015-2019";"Inondation";4
"69";"Rhône";84;"Auvergne-Rhône-Alpes";1;"H1";2016;"2015-2019";"Sécheresse";107
"69";"Rhône";84;"Auvergne-Rhône-Alpes";1;"H1";2017;"2015-2019";"Gel";121
"69";"Rhône";84;"Auvergne-Rhône-Alpes";1;"H1";2017;"2015-2019";"Inondation";3
"69";"Rhône";84;"Auvergne-Rhône-Alpes";1;"H1";2017;"2015-2019";"Sécheresse";120
"69";"Rhône";84;"Auvergne-Rhône-Alpes";1;"H1";2018;"2015-2019";"Gel";80
"69";"Rhône";84;"Auvergne-Rhône-Alpes";1;"H1";2018;"2015-2019";"Inondation";8
"69";"Rhône";84;"Auvergne-Rhône-Alpes";1;"H1";2018;"2015-2019";"Sécheresse";148
"69";"Rhône";84;"Auvergne-Rhône-Alpes";1;"H1";2019;"2015-2019";"Gel";112
"69";"Rhône";84;"Auvergne-Rhône-Alpes";1;"H1";2019;"2015-2019";"Inondation";10
"69";"Rhône";84;"Auvergne-Rhône-Alpes";1;"H1";2019;"2015-2019";"Sécheresse";116
"69";"Rhône";84;"Auvergne-Rhône-Alpes";1;"H1";2020;"2020-2024";"Gel";89
"69";"Rhône";84;"Auvergne-Rhône-Alpes";1;"H1";2020;"2020-2024";"Inondation";6
"69";"Rhône";84;"Auvergne-Rhône-Alpes";1;"H1";2020;"2020-2024";"Sécheresse";131
"69";"Rhône";84;"Auvergne-Rhône-Alpes";1;"H1";2021;"2020-2024";"Gel";121
"69";"Rhône";84;"Auvergne-Rhône-Alpes";1;"H1";2021;"2020-2024";"Inondation";7
"69";"Rhône";84;"Auvergne-Rhône-Alpes";1;"H1";2021;"2020-2024";"Sécheresse";103
"69";"Rhône";84;"Auvergne-Rhône-Alpes";1;"H1";2022;"2020-2024";"Gel";88
"69";"Rhône";84;"Auvergne-Rhône-Alpes";1;"H1";2022;"2020-2024";"Inondation";3
"69";"Rhône";84;"Auvergne-Rhône-Alpes";1;"H1";2022;"2020-2024";"Sécheresse";137
"69";"Rhône";84;"Auvergne-Rhône-Alpes";1;"H1";2023;"2020-2024";"Gel";78
"69";"Rhône";84;"Auvergne-Rhône-Alpes";1;"H1";2023;"2020-2024";"Inondation";4
"69";"Rhône";84;"Auvergne-Rhône-Alpes";1;"H1";2023;"2020-2024";"Sécheresse";133
"69";"Rhône";84;"Auvergne-Rhône-Alpes";1;"H1";2024;"2020-2024";"Gel";80
"69";"Rhône";84;"Auvergne-Rhône-Alpes";1;"H1";2024;"2020-2024";"Inondation";9
"69";"Rhône";84;"Auvergne-Rhône-Alpes";1;"H1";2024;"2020-2024";"Sécheresse";105
"70";"Haute-Saône";27;"Bourgogne-Franche-Comté";1;"H1";2010;"2010-2014";"Gel";159
"70";"Haute-Saône";27;"Bourgogne-Franche-Comté";1;"H1";2010;"2010-2014";"Inondation";9
"70";"Haute-Saône";27;"Bourgogne-Franche-Comté";1;"H1";2010;"2010-2014";"Sécheresse";72
"70";"Haute-Saône";27;"Bourgogne-Franche-Comté";1;"H1";2011;"2010-2014";"Gel";128
"70";"Haute-Saône";27;"Bourgogne-Franche-Comté";1;"H1";2011;"2010-2014";"Inondation";12
"70";"Haute-Saône";27;"Bourgogne-Franche-Comté";1;"H1";2011;"2010-2014";"Sécheresse";92
"70";"Haute-Saône";27;"Bourgogne-Franche-Comté";1;"H1";2012;"2010-2014";"Gel";152
"70";"Haute-Saône";27;"Bourgogne-Franche-Comté";1;"H1";2012;"2010-2014";"Inondation";9
"70";"Haute-Saône";27;"Bourgogne-Franche-Comté";1;"H1";2012;"2010-2014";"Sécheresse";86
"70";"Haute-Saône";27;"Bourgogne-Franche-Comté";1;"H1";2013;"2010-2014";"Gel";153
"70";"Haute-Saône";27;"Bourgogne-Franche-Comté";1;"H1";2013;"2010-2014";"Inondation";16
"70";"Haute-Saône";27;"Bourgogne-Franche-Comté";1;"H1";2013;"2010-2014";"Sécheresse";77
"70";"Haute-Saône";27;"Bourgogne-Franche-Comté";1;"H1";2014;"2010-2014";"Gel";119
"70";"Haute-Saône";27;"Bourgogne-Franche-Comté";1;"H1";2014;"2010-2014";"Inondation";10
"70";"Haute-Saône";27;"Bourgogne-Franche-Comté";1;"H1";2014;"2010-2014";"Sécheresse";79
"70";"Haute-Saône";27;"Bourgogne-Franche-Comté";1;"H1";2015;"2015-2019";"Gel";138
"70";"Haute-Saône";27;"Bourgogne-Franche-Comté";1;"H1";2015;"2015-2019";"Inondation";12
"70";"Haute-Saône";27;"Bourgogne-Franche-Comté";1;"H1";2015;"2015-2019";"Sécheresse";89
"70";"Haute-Saône";27;"Bourgogne-Franche-Comté";1;"H1";2016;"2015-2019";"Gel";155
"70";"Haute-Saône";27;"Bourgogne-Franche-Comté";1;"H1";2016;"2015-2019";"Inondation";13
"70";"Haute-Saône";27;"Bourgogne-Franche-Comté";1;"H1";2016;"2015-2019";"Sécheresse";87
"70";"Haute-Saône";27;"Bourgogne-Franche-Comté";1;"H1";2017;"2015-2019";"Gel";142
"70";"Haute-Saône";27;"Bourgogne-Franche-Comté";1;"H1";2017;"2015-2019";"Inondation";13
"70";"Haute-Saône";27;"Bourgogne-Franche-Comté";1;"H1";2017;"2015-2019";"Sécheresse";98
"70";"Haute-Saône";27;"Bourgogne-Franche-Comté";1;"H1";2018;"2015-2019";"Gel";124
"70";"Haute-Saône";27;"Bourgogne-Franche-Comté";1;"H1";2018;"2015-2019";"Inondation";17
"70";"Haute-Saône";27;"Bourgogne-Franche-Comté";1;"H1";2018;"2015-2019";"Sécheresse";136
"70";"Haute-Saône";27;"Bourgogne-Franche-Comté";1;"H1";2019;"2015-2019";"Gel";138
"70";"Haute-Saône";27;"Bourgogne-Franche-Comté";1;"H1";2019;"2015-2019";"Inondation";9
"70";"Haute-Saône";27;"Bourgogne-Franche-Comté";1;"H1";2019;"2015-2019";"Sécheresse";100
"70";"Haute-Saône";27;"Bourgogne-Franche-Comté";1;"H1";2020;"2020-2024";"Gel";118
"70";"Haute-Saône";27;"Bourgogne-Franche-Comté";1;"H1";2020;"2020-2024";"Inondation";13
"70";"Haute-Saône";27;"Bourgogne-Franche-Comté";1;"H1";2020;"2020-2024";"Sécheresse";112
"70";"Haute-Saône";27;"Bourgogne-Franche-Comté";1;"H1";2021;"2020-2024";"Gel";153
"70";"Haute-Saône";27;"Bourgogne-Franche-Comté";1;"H1";2021;"2020-2024";"Inondation";15
"70";"Haute-Saône";27;"Bourgogne-Franche-Comté";1;"H1";2021;"2020-2024";"Sécheresse";73
"70";"Haute-Saône";27;"Bourgogne-Franche-Comté";1;"H1";2022;"2020-2024";"Gel";114
"70";"Haute-Saône";27;"Bourgogne-Franche-Comté";1;"H1";2022;"2020-2024";"Inondation";9
"70";"Haute-Saône";27;"Bourgogne-Franche-Comté";1;"H1";2022;"2020-2024";"Sécheresse";111
"70";"Haute-Saône";27;"Bourgogne-Franche-Comté";1;"H1";2023;"2020-2024";"Gel";108
"70";"Haute-Saône";27;"Bourgogne-Franche-Comté";1;"H1";2023;"2020-2024";"Inondation";9
"70";"Haute-Saône";27;"Bourgogne-Franche-Comté";1;"H1";2023;"2020-2024";"Sécheresse";114
"70";"Haute-Saône";27;"Bourgogne-Franche-Comté";1;"H1";2024;"2020-2024";"Gel";115
"70";"Haute-Saône";27;"Bourgogne-Franche-Comté";1;"H1";2024;"2020-2024";"Inondation";15
"70";"Haute-Saône";27;"Bourgogne-Franche-Comté";1;"H1";2024;"2020-2024";"Sécheresse";82
"71";"Saône-et-Loire";27;"Bourgogne-Franche-Comté";1;"H1";2010;"2010-2014";"Gel";128
"71";"Saône-et-Loire";27;"Bourgogne-Franche-Comté";1;"H1";2010;"2010-2014";"Inondation";10
"71";"Saône-et-Loire";27;"Bourgogne-Franche-Comté";1;"H1";2010;"2010-2014";"Sécheresse";92
"71";"Saône-et-Loire";27;"Bourgogne-Franche-Comté";1;"H1";2011;"2010-2014";"Gel";101
"71";"Saône-et-Loire";27;"Bourgogne-Franche-Comté";1;"H1";2011;"2010-2014";"Inondation";13
"71";"Saône-et-Loire";27;"Bourgogne-Franche-Comté";1;"H1";2011;"2010-2014";"Sécheresse";125
"71";"Saône-et-Loire";27;"Bourgogne-Franche-Comté";1;"H1";2012;"2010-2014";"Gel";112
"71";"Saône-et-Loire";27;"Bourgogne-Franche-Comté";1;"H1";2012;"2010-2014";"Inondation";15
"71";"Saône-et-Loire";27;"Bourgogne-Franche-Comté";1;"H1";2012;"2010-2014";"Sécheresse";104
"71";"Saône-et-Loire";27;"Bourgogne-Franche-Comté";1;"H1";2013;"2010-2014";"Gel";127
"71";"Saône-et-Loire";27;"Bourgogne-Franche-Comté";1;"H1";2013;"2010-2014";"Inondation";17
"71";"Saône-et-Loire";27;"Bourgogne-Franche-Comté";1;"H1";2013;"2010-2014";"Sécheresse";90
"71";"Saône-et-Loire";27;"Bourgogne-Franche-Comté";1;"H1";2014;"2010-2014";"Gel";86
"71";"Saône-et-Loire";27;"Bourgogne-Franche-Comté";1;"H1";2014;"2010-2014";"Inondation";13
"71";"Saône-et-Loire";27;"Bourgogne-Franche-Comté";1;"H1";2014;"2010-2014";"Sécheresse";90
"71";"Saône-et-Loire";27;"Bourgogne-Franche-Comté";1;"H1";2015;"2015-2019";"Gel";122
"71";"Saône-et-Loire";27;"Bourgogne-Franche-Comté";1;"H1";2015;"2015-2019";"Inondation";11
"71";"Saône-et-Loire";27;"Bourgogne-Franche-Comté";1;"H1";2015;"2015-2019";"Sécheresse";101
"71";"Saône-et-Loire";27;"Bourgogne-Franche-Comté";1;"H1";2016;"2015-2019";"Gel";117
"71";"Saône-et-Loire";27;"Bourgogne-Franche-Comté";1;"H1";2016;"2015-2019";"Inondation";14
"71";"Saône-et-Loire";27;"Bourgogne-Franche-Comté";1;"H1";2016;"2015-2019";"Sécheresse";94
"71";"Saône-et-Loire";27;"Bourgogne-Franche-Comté";1;"H1";2017;"2015-2019";"Gel";118
"71";"Saône-et-Loire";27;"Bourgogne-Franche-Comté";1;"H1";2017;"2015-2019";"Inondation";8
"71";"Saône-et-Loire";27;"Bourgogne-Franche-Comté";1;"H1";2017;"2015-2019";"Sécheresse";108
"71";"Saône-et-Loire";27;"Bourgogne-Franche-Comté";1;"H1";2018;"2015-2019";"Gel";81
"71";"Saône-et-Loire";27;"Bourgogne-Franche-Comté";1;"H1";2018;"2015-2019";"Inondation";20
"71";"Saône-et-Loire";27;"Bourgogne-Franche-Comté";1;"H1";2018;"2015-2019";"Sécheresse";142
"71";"Saône-et-Loire";27;"Bourgogne-Franche-Comté";1;"H1";2019;"2015-2019";"Gel";104
"71";"Saône-et-Loire";27;"Bourgogne-Franche-Comté";1;"H1";2019;"2015-2019";"Inondation";8
"71";"Saône-et-Loire";27;"Bourgogne-Franche-Comté";1;"H1";2019;"2015-2019";"Sécheresse";107
"71";"Saône-et-Loire";27;"Bourgogne-Franche-Comté";1;"H1";2020;"2020-2024";"Gel";85
"71";"Saône-et-Loire";27;"Bourgogne-Franche-Comté";1;"H1";2020;"2020-2024";"Inondation";7
"71";"Saône-et-Loire";27;"Bourgogne-Franche-Comté";1;"H1";2020;"2020-2024";"Sécheresse";121
"71";"Saône-et-Loire";27;"Bourgogne-Franche-Comté";1;"H1";2021;"2020-2024";"Gel";120
"71";"Saône-et-Loire";27;"Bourgogne-Franche-Comté";1;"H1";2021;"2020-2024";"Inondation";6
"71";"Saône-et-Loire";27;"Bourgogne-Franche-Comté";1;"H1";2021;"2020-2024";"Sécheresse";82
"71";"Saône-et-Loire";27;"Bourgogne-Franche-Comté";1;"H1";2022;"2020-2024";"Gel";97
"71";"Saône-et-Loire";27;"Bourgogne-Franche-Comté";1;"H1";2022;"2020-2024";"Inondation";1
"71";"Saône-et-Loire";27;"Bourgogne-Franche-Comté";1;"H1";2022;"2020-2024";"Sécheresse";125
"71";"Saône-et-Loire";27;"Bourgogne-Franche-Comté";1;"H1";2023;"2020-2024";"Gel";78
"71";"Saône-et-Loire";27;"Bourgogne-Franche-Comté";1;"H1";2023;"2020-2024";"Inondation";4
"71";"Saône-et-Loire";27;"Bourgogne-Franche-Comté";1;"H1";2023;"2020-2024";"Sécheresse";126
"71";"Saône-et-Loire";27;"Bourgogne-Franche-Comté";1;"H1";2024;"2020-2024";"Gel";74
"71";"Saône-et-Loire";27;"Bourgogne-Franche-Comté";1;"H1";2024;"2020-2024";"Inondation";8
"71";"Saône-et-Loire";27;"Bourgogne-Franche-Comté";1;"H1";2024;"2020-2024";"Sécheresse";87
"72";"Sarthe";52;"Pays de la Loire";2;"H2";2010;"2010-2014";"Gel";97
"72";"Sarthe";52;"Pays de la Loire";2;"H2";2010;"2010-2014";"Inondation";3
"72";"Sarthe";52;"Pays de la Loire";2;"H2";2010;"2010-2014";"Sécheresse";82
"72";"Sarthe";52;"Pays de la Loire";2;"H2";2011;"2010-2014";"Gel";53
"72";"Sarthe";52;"Pays de la Loire";2;"H2";2011;"2010-2014";"Inondation";1
"72";"Sarthe";52;"Pays de la Loire";2;"H2";2011;"2010-2014";"Sécheresse";76
"72";"Sarthe";52;"Pays de la Loire";2;"H2";2012;"2010-2014";"Gel";65
"72";"Sarthe";52;"Pays de la Loire";2;"H2";2012;"2010-2014";"Inondation";2
"72";"Sarthe";52;"Pays de la Loire";2;"H2";2012;"2010-2014";"Sécheresse";57
"72";"Sarthe";52;"Pays de la Loire";2;"H2";2013;"2010-2014";"Gel";82
"72";"Sarthe";52;"Pays de la Loire";2;"H2";2013;"2010-2014";"Inondation";2
"72";"Sarthe";52;"Pays de la Loire";2;"H2";2013;"2010-2014";"Sécheresse";75
"72";"Sarthe";52;"Pays de la Loire";2;"H2";2014;"2010-2014";"Gel";34
"72";"Sarthe";52;"Pays de la Loire";2;"H2";2014;"2010-2014";"Inondation";5
"72";"Sarthe";52;"Pays de la Loire";2;"H2";2014;"2010-2014";"Sécheresse";64
"72";"Sarthe";52;"Pays de la Loire";2;"H2";2015;"2015-2019";"Gel";58
"72";"Sarthe";52;"Pays de la Loire";2;"H2";2015;"2015-2019";"Inondation";1
"72";"Sarthe";52;"Pays de la Loire";2;"H2";2015;"2015-2019";"Sécheresse";66
"72";"Sarthe";52;"Pays de la Loire";2;"H2";2016;"2015-2019";"Gel";78
"72";"Sarthe";52;"Pays de la Loire";2;"H2";2016;"2015-2019";"Inondation";1
"72";"Sarthe";52;"Pays de la Loire";2;"H2";2016;"2015-2019";"Sécheresse";77
"72";"Sarthe";52;"Pays de la Loire";2;"H2";2017;"2015-2019";"Gel";68
"72";"Sarthe";52;"Pays de la Loire";2;"H2";2017;"2015-2019";"Inondation";2
"72";"Sarthe";52;"Pays de la Loire";2;"H2";2017;"2015-2019";"Sécheresse";76
"72";"Sarthe";52;"Pays de la Loire";2;"H2";2018;"2015-2019";"Gel";59
"72";"Sarthe";52;"Pays de la Loire";2;"H2";2018;"2015-2019";"Inondation";3
"72";"Sarthe";52;"Pays de la Loire";2;"H2";2018;"2015-2019";"Sécheresse";114
"72";"Sarthe";52;"Pays de la Loire";2;"H2";2019;"2015-2019";"Gel";62
"72";"Sarthe";52;"Pays de la Loire";2;"H2";2019;"2015-2019";"Sécheresse";80
"72";"Sarthe";52;"Pays de la Loire";2;"H2";2020;"2020-2024";"Gel";43
"72";"Sarthe";52;"Pays de la Loire";2;"H2";2020;"2020-2024";"Sécheresse";93
"72";"Sarthe";52;"Pays de la Loire";2;"H2";2021;"2020-2024";"Gel";80
"72";"Sarthe";52;"Pays de la Loire";2;"H2";2021;"2020-2024";"Inondation";3
"72";"Sarthe";52;"Pays de la Loire";2;"H2";2021;"2020-2024";"Sécheresse";58
"72";"Sarthe";52;"Pays de la Loire";2;"H2";2022;"2020-2024";"Gel";53
"72";"Sarthe";52;"Pays de la Loire";2;"H2";2022;"2020-2024";"Inondation";2
"72";"Sarthe";52;"Pays de la Loire";2;"H2";2022;"2020-2024";"Sécheresse";104
"72";"Sarthe";52;"Pays de la Loire";2;"H2";2023;"2020-2024";"Gel";46
"72";"Sarthe";52;"Pays de la Loire";2;"H2";2023;"2020-2024";"Sécheresse";100
"72";"Sarthe";52;"Pays de la Loire";2;"H2";2024;"2020-2024";"Gel";45
"72";"Sarthe";52;"Pays de la Loire";2;"H2";2024;"2020-2024";"Inondation";5
"72";"Sarthe";52;"Pays de la Loire";2;"H2";2024;"2020-2024";"Sécheresse";57
"73";"Savoie";84;"Auvergne-Rhône-Alpes";1;"H1";2010;"2010-2014";"Gel";283
"73";"Savoie";84;"Auvergne-Rhône-Alpes";1;"H1";2010;"2010-2014";"Inondation";14
"73";"Savoie";84;"Auvergne-Rhône-Alpes";1;"H1";2010;"2010-2014";"Sécheresse";94
"73";"Savoie";84;"Auvergne-Rhône-Alpes";1;"H1";2011;"2010-2014";"Gel";267
"73";"Savoie";84;"Auvergne-Rhône-Alpes";1;"H1";2011;"2010-2014";"Inondation";21
"73";"Savoie";84;"Auvergne-Rhône-Alpes";1;"H1";2011;"2010-2014";"Sécheresse";119
"73";"Savoie";84;"Auvergne-Rhône-Alpes";1;"H1";2012;"2010-2014";"Gel";261
"73";"Savoie";84;"Auvergne-Rhône-Alpes";1;"H1";2012;"2010-2014";"Inondation";23
"73";"Savoie";84;"Auvergne-Rhône-Alpes";1;"H1";2012;"2010-2014";"Sécheresse";114
"73";"Savoie";84;"Auvergne-Rhône-Alpes";1;"H1";2013;"2010-2014";"Gel";271
"73";"Savoie";84;"Auvergne-Rhône-Alpes";1;"H1";2013;"2010-2014";"Inondation";25
"73";"Savoie";84;"Auvergne-Rhône-Alpes";1;"H1";2013;"2010-2014";"Sécheresse";97
"73";"Savoie";84;"Auvergne-Rhône-Alpes";1;"H1";2014;"2010-2014";"Gel";275
"73";"Savoie";84;"Auvergne-Rhône-Alpes";1;"H1";2014;"2010-2014";"Inondation";23
"73";"Savoie";84;"Auvergne-Rhône-Alpes";1;"H1";2014;"2010-2014";"Sécheresse";92
"73";"Savoie";84;"Auvergne-Rhône-Alpes";1;"H1";2015;"2015-2019";"Gel";276
"73";"Savoie";84;"Auvergne-Rhône-Alpes";1;"H1";2015;"2015-2019";"Inondation";18
"73";"Savoie";84;"Auvergne-Rhône-Alpes";1;"H1";2015;"2015-2019";"Sécheresse";103
"73";"Savoie";84;"Auvergne-Rhône-Alpes";1;"H1";2016;"2015-2019";"Gel";277
"73";"Savoie";84;"Auvergne-Rhône-Alpes";1;"H1";2016;"2015-2019";"Inondation";21
"73";"Savoie";84;"Auvergne-Rhône-Alpes";1;"H1";2016;"2015-2019";"Sécheresse";100
"73";"Savoie";84;"Auvergne-Rhône-Alpes";1;"H1";2017;"2015-2019";"Gel";272
"73";"Savoie";84;"Auvergne-Rhône-Alpes";1;"H1";2017;"2015-2019";"Inondation";18
"73";"Savoie";84;"Auvergne-Rhône-Alpes";1;"H1";2017;"2015-2019";"Sécheresse";104
"73";"Savoie";84;"Auvergne-Rhône-Alpes";1;"H1";2018;"2015-2019";"Gel";247
"73";"Savoie";84;"Auvergne-Rhône-Alpes";1;"H1";2018;"2015-2019";"Inondation";22
"73";"Savoie";84;"Auvergne-Rhône-Alpes";1;"H1";2018;"2015-2019";"Sécheresse";146
"73";"Savoie";84;"Auvergne-Rhône-Alpes";1;"H1";2019;"2015-2019";"Gel";262
"73";"Savoie";84;"Auvergne-Rhône-Alpes";1;"H1";2019;"2015-2019";"Inondation";24
"73";"Savoie";84;"Auvergne-Rhône-Alpes";1;"H1";2019;"2015-2019";"Sécheresse";115
"73";"Savoie";84;"Auvergne-Rhône-Alpes";1;"H1";2020;"2020-2024";"Gel";270
"73";"Savoie";84;"Auvergne-Rhône-Alpes";1;"H1";2020;"2020-2024";"Inondation";17
"73";"Savoie";84;"Auvergne-Rhône-Alpes";1;"H1";2020;"2020-2024";"Sécheresse";124
"73";"Savoie";84;"Auvergne-Rhône-Alpes";1;"H1";2021;"2020-2024";"Gel";276
"73";"Savoie";84;"Auvergne-Rhône-Alpes";1;"H1";2021;"2020-2024";"Inondation";15
"73";"Savoie";84;"Auvergne-Rhône-Alpes";1;"H1";2021;"2020-2024";"Sécheresse";105
"73";"Savoie";84;"Auvergne-Rhône-Alpes";1;"H1";2022;"2020-2024";"Gel";232
"73";"Savoie";84;"Auvergne-Rhône-Alpes";1;"H1";2022;"2020-2024";"Inondation";11
"73";"Savoie";84;"Auvergne-Rhône-Alpes";1;"H1";2022;"2020-2024";"Sécheresse";136
"73";"Savoie";84;"Auvergne-Rhône-Alpes";1;"H1";2023;"2020-2024";"Gel";245
"73";"Savoie";84;"Auvergne-Rhône-Alpes";1;"H1";2023;"2020-2024";"Inondation";27
"73";"Savoie";84;"Auvergne-Rhône-Alpes";1;"H1";2023;"2020-2024";"Sécheresse";128
"73";"Savoie";84;"Auvergne-Rhône-Alpes";1;"H1";2024;"2020-2024";"Gel";263
"73";"Savoie";84;"Auvergne-Rhône-Alpes";1;"H1";2024;"2020-2024";"Inondation";23
"73";"Savoie";84;"Auvergne-Rhône-Alpes";1;"H1";2024;"2020-2024";"Sécheresse";100
"74";"Haute-Savoie";84;"Auvergne-Rhône-Alpes";1;"H1";2010;"2010-2014";"Gel";350
"74";"Haute-Savoie";84;"Auvergne-Rhône-Alpes";1;"H1";2010;"2010-2014";"Inondation";16
"74";"Haute-Savoie";84;"Auvergne-Rhône-Alpes";1;"H1";2010;"2010-2014";"Sécheresse";80
"74";"Haute-Savoie";84;"Auvergne-Rhône-Alpes";1;"H1";2011;"2010-2014";"Gel";350
"74";"Haute-Savoie";84;"Auvergne-Rhône-Alpes";1;"H1";2011;"2010-2014";"Inondation";16
"74";"Haute-Savoie";84;"Auvergne-Rhône-Alpes";1;"H1";2011;"2010-2014";"Sécheresse";112
"74";"Haute-Savoie";84;"Auvergne-Rhône-Alpes";1;"H1";2012;"2010-2014";"Gel";347
"74";"Haute-Savoie";84;"Auvergne-Rhône-Alpes";1;"H1";2012;"2010-2014";"Inondation";21
"74";"Haute-Savoie";84;"Auvergne-Rhône-Alpes";1;"H1";2012;"2010-2014";"Sécheresse";96
"74";"Haute-Savoie";84;"Auvergne-Rhône-Alpes";1;"H1";2013;"2010-2014";"Gel";332
"74";"Haute-Savoie";84;"Auvergne-Rhône-Alpes";1;"H1";2013;"2010-2014";"Inondation";24
"74";"Haute-Savoie";84;"Auvergne-Rhône-Alpes";1;"H1";2013;"2010-2014";"Sécheresse";90
"74";"Haute-Savoie";84;"Auvergne-Rhône-Alpes";1;"H1";2014;"2010-2014";"Gel";354
"74";"Haute-Savoie";84;"Auvergne-Rhône-Alpes";1;"H1";2014;"2010-2014";"Inondation";12
"74";"Haute-Savoie";84;"Auvergne-Rhône-Alpes";1;"H1";2014;"2010-2014";"Sécheresse";78
"74";"Haute-Savoie";84;"Auvergne-Rhône-Alpes";1;"H1";2015;"2015-2019";"Gel";255
"74";"Haute-Savoie";84;"Auvergne-Rhône-Alpes";1;"H1";2015;"2015-2019";"Inondation";23
"74";"Haute-Savoie";84;"Auvergne-Rhône-Alpes";1;"H1";2015;"2015-2019";"Sécheresse";96
"74";"Haute-Savoie";84;"Auvergne-Rhône-Alpes";1;"H1";2016;"2015-2019";"Gel";342
"74";"Haute-Savoie";84;"Auvergne-Rhône-Alpes";1;"H1";2016;"2015-2019";"Inondation";20
"74";"Haute-Savoie";84;"Auvergne-Rhône-Alpes";1;"H1";2016;"2015-2019";"Sécheresse";90
"74";"Haute-Savoie";84;"Auvergne-Rhône-Alpes";1;"H1";2017;"2015-2019";"Gel";339
"74";"Haute-Savoie";84;"Auvergne-Rhône-Alpes";1;"H1";2017;"2015-2019";"Inondation";12
"74";"Haute-Savoie";84;"Auvergne-Rhône-Alpes";1;"H1";2017;"2015-2019";"Sécheresse";101
"74";"Haute-Savoie";84;"Auvergne-Rhône-Alpes";1;"H1";2018;"2015-2019";"Gel";345
"74";"Haute-Savoie";84;"Auvergne-Rhône-Alpes";1;"H1";2018;"2015-2019";"Inondation";19
"74";"Haute-Savoie";84;"Auvergne-Rhône-Alpes";1;"H1";2018;"2015-2019";"Sécheresse";138
"74";"Haute-Savoie";84;"Auvergne-Rhône-Alpes";1;"H1";2019;"2015-2019";"Gel";342
"74";"Haute-Savoie";84;"Auvergne-Rhône-Alpes";1;"H1";2019;"2015-2019";"Inondation";21
"74";"Haute-Savoie";84;"Auvergne-Rhône-Alpes";1;"H1";2019;"2015-2019";"Sécheresse";105
"74";"Haute-Savoie";84;"Auvergne-Rhône-Alpes";1;"H1";2020;"2020-2024";"Gel";226
"74";"Haute-Savoie";84;"Auvergne-Rhône-Alpes";1;"H1";2020;"2020-2024";"Inondation";17
"74";"Haute-Savoie";84;"Auvergne-Rhône-Alpes";1;"H1";2020;"2020-2024";"Sécheresse";112
"74";"Haute-Savoie";84;"Auvergne-Rhône-Alpes";1;"H1";2021;"2020-2024";"Gel";325
"74";"Haute-Savoie";84;"Auvergne-Rhône-Alpes";1;"H1";2021;"2020-2024";"Inondation";21
"74";"Haute-Savoie";84;"Auvergne-Rhône-Alpes";1;"H1";2021;"2020-2024";"Sécheresse";91
"74";"Haute-Savoie";84;"Auvergne-Rhône-Alpes";1;"H1";2022;"2020-2024";"Gel";336
"74";"Haute-Savoie";84;"Auvergne-Rhône-Alpes";1;"H1";2022;"2020-2024";"Inondation";15
"74";"Haute-Savoie";84;"Auvergne-Rhône-Alpes";1;"H1";2022;"2020-2024";"Sécheresse";126
"74";"Haute-Savoie";84;"Auvergne-Rhône-Alpes";1;"H1";2023;"2020-2024";"Gel";325
"74";"Haute-Savoie";84;"Auvergne-Rhône-Alpes";1;"H1";2023;"2020-2024";"Inondation";30
"74";"Haute-Savoie";84;"Auvergne-Rhône-Alpes";1;"H1";2023;"2020-2024";"Sécheresse";123
"74";"Haute-Savoie";84;"Auvergne-Rhône-Alpes";1;"H1";2024;"2020-2024";"Gel";339
"74";"Haute-Savoie";84;"Auvergne-Rhône-Alpes";1;"H1";2024;"2020-2024";"Inondation";21
"74";"Haute-Savoie";84;"Auvergne-Rhône-Alpes";1;"H1";2024;"2020-2024";"Sécheresse";91
"75";"Paris";11;"Île-de-France";1;"H1";2010;"2010-2014";"Gel";84
"75";"Paris";11;"Île-de-France";1;"H1";2010;"2010-2014";"Inondation";3
"75";"Paris";11;"Île-de-France";1;"H1";2010;"2010-2014";"Sécheresse";72
"75";"Paris";11;"Île-de-France";1;"H1";2011;"2010-2014";"Gel";38
"75";"Paris";11;"Île-de-France";1;"H1";2011;"2010-2014";"Sécheresse";80
"75";"Paris";11;"Île-de-France";1;"H1";2012;"2010-2014";"Gel";49
"75";"Paris";11;"Île-de-France";1;"H1";2012;"2010-2014";"Sécheresse";64
"75";"Paris";11;"Île-de-France";1;"H1";2013;"2010-2014";"Gel";73
"75";"Paris";11;"Île-de-France";1;"H1";2013;"2010-2014";"Sécheresse";79
"75";"Paris";11;"Île-de-France";1;"H1";2014;"2010-2014";"Gel";19
"75";"Paris";11;"Île-de-France";1;"H1";2014;"2010-2014";"Sécheresse";67
"75";"Paris";11;"Île-de-France";1;"H1";2015;"2015-2019";"Gel";39
"75";"Paris";11;"Île-de-France";1;"H1";2015;"2015-2019";"Sécheresse";65
"75";"Paris";11;"Île-de-France";1;"H1";2016;"2015-2019";"Gel";49
"75";"Paris";11;"Île-de-France";1;"H1";2016;"2015-2019";"Inondation";1
"75";"Paris";11;"Île-de-France";1;"H1";2016;"2015-2019";"Sécheresse";68
"75";"Paris";11;"Île-de-France";1;"H1";2017;"2015-2019";"Gel";50
"75";"Paris";11;"Île-de-France";1;"H1";2017;"2015-2019";"Inondation";1
"75";"Paris";11;"Île-de-France";1;"H1";2017;"2015-2019";"Sécheresse";71
"75";"Paris";11;"Île-de-France";1;"H1";2018;"2015-2019";"Gel";48
"75";"Paris";11;"Île-de-France";1;"H1";2018;"2015-2019";"Inondation";2
"75";"Paris";11;"Île-de-France";1;"H1";2018;"2015-2019";"Sécheresse";118
"75";"Paris";11;"Île-de-France";1;"H1";2019;"2015-2019";"Gel";42
"75";"Paris";11;"Île-de-France";1;"H1";2019;"2015-2019";"Inondation";1
"75";"Paris";11;"Île-de-France";1;"H1";2019;"2015-2019";"Sécheresse";88
"75";"Paris";11;"Île-de-France";1;"H1";2020;"2020-2024";"Gel";28
"75";"Paris";11;"Île-de-France";1;"H1";2020;"2020-2024";"Inondation";1
"75";"Paris";11;"Île-de-France";1;"H1";2020;"2020-2024";"Sécheresse";99
"75";"Paris";11;"Île-de-France";1;"H1";2021;"2020-2024";"Gel";49
"75";"Paris";11;"Île-de-France";1;"H1";2021;"2020-2024";"Inondation";4
"75";"Paris";11;"Île-de-France";1;"H1";2021;"2020-2024";"Sécheresse";67
"75";"Paris";11;"Île-de-France";1;"H1";2022;"2020-2024";"Gel";46
"75";"Paris";11;"Île-de-France";1;"H1";2022;"2020-2024";"Sécheresse";94
"75";"Paris";11;"Île-de-France";1;"H1";2023;"2020-2024";"Gel";40
"75";"Paris";11;"Île-de-France";1;"H1";2023;"2020-2024";"Inondation";1
"75";"Paris";11;"Île-de-France";1;"H1";2023;"2020-2024";"Sécheresse";100
"75";"Paris";11;"Île-de-France";1;"H1";2024;"2020-2024";"Gel";33
"75";"Paris";11;"Île-de-France";1;"H1";2024;"2020-2024";"Inondation";2
"75";"Paris";11;"Île-de-France";1;"H1";2024;"2020-2024";"Sécheresse";66
"76";"Seine-Maritime";28;"Normandie";1;"H1";2010;"2010-2014";"Gel";92
"76";"Seine-Maritime";28;"Normandie";1;"H1";2010;"2010-2014";"Inondation";4
"76";"Seine-Maritime";28;"Normandie";1;"H1";2010;"2010-2014";"Sécheresse";55
"76";"Seine-Maritime";28;"Normandie";1;"H1";2011;"2010-2014";"Gel";36
"76";"Seine-Maritime";28;"Normandie";1;"H1";2011;"2010-2014";"Inondation";4
"76";"Seine-Maritime";28;"Normandie";1;"H1";2011;"2010-2014";"Sécheresse";63
"76";"Seine-Maritime";28;"Normandie";1;"H1";2012;"2010-2014";"Gel";49
"76";"Seine-Maritime";28;"Normandie";1;"H1";2012;"2010-2014";"Inondation";3
"76";"Seine-Maritime";28;"Normandie";1;"H1";2012;"2010-2014";"Sécheresse";50
"76";"Seine-Maritime";28;"Normandie";1;"H1";2013;"2010-2014";"Gel";75
"76";"Seine-Maritime";28;"Normandie";1;"H1";2013;"2010-2014";"Inondation";5
"76";"Seine-Maritime";28;"Normandie";1;"H1";2013;"2010-2014";"Sécheresse";59
"76";"Seine-Maritime";28;"Normandie";1;"H1";2014;"2010-2014";"Gel";25
"76";"Seine-Maritime";28;"Normandie";1;"H1";2014;"2010-2014";"Inondation";4
"76";"Seine-Maritime";28;"Normandie";1;"H1";2014;"2010-2014";"Sécheresse";50
"76";"Seine-Maritime";28;"Normandie";1;"H1";2015;"2015-2019";"Gel";59
"76";"Seine-Maritime";28;"Normandie";1;"H1";2015;"2015-2019";"Inondation";1
"76";"Seine-Maritime";28;"Normandie";1;"H1";2015;"2015-2019";"Sécheresse";54
"76";"Seine-Maritime";28;"Normandie";1;"H1";2016;"2015-2019";"Gel";71
"76";"Seine-Maritime";28;"Normandie";1;"H1";2016;"2015-2019";"Inondation";5
"76";"Seine-Maritime";28;"Normandie";1;"H1";2016;"2015-2019";"Sécheresse";57
"76";"Seine-Maritime";28;"Normandie";1;"H1";2017;"2015-2019";"Gel";66
"76";"Seine-Maritime";28;"Normandie";1;"H1";2017;"2015-2019";"Inondation";6
"76";"Seine-Maritime";28;"Normandie";1;"H1";2017;"2015-2019";"Sécheresse";70
"76";"Seine-Maritime";28;"Normandie";1;"H1";2018;"2015-2019";"Gel";59
"76";"Seine-Maritime";28;"Normandie";1;"H1";2018;"2015-2019";"Inondation";5
"76";"Seine-Maritime";28;"Normandie";1;"H1";2018;"2015-2019";"Sécheresse";94
"76";"Seine-Maritime";28;"Normandie";1;"H1";2019;"2015-2019";"Gel";55
"76";"Seine-Maritime";28;"Normandie";1;"H1";2019;"2015-2019";"Inondation";7
"76";"Seine-Maritime";28;"Normandie";1;"H1";2019;"2015-2019";"Sécheresse";80
"76";"Seine-Maritime";28;"Normandie";1;"H1";2020;"2020-2024";"Gel";42
"76";"Seine-Maritime";28;"Normandie";1;"H1";2020;"2020-2024";"Inondation";4
"76";"Seine-Maritime";28;"Normandie";1;"H1";2020;"2020-2024";"Sécheresse";90
"76";"Seine-Maritime";28;"Normandie";1;"H1";2021;"2020-2024";"Gel";75
"76";"Seine-Maritime";28;"Normandie";1;"H1";2021;"2020-2024";"Inondation";1
"76";"Seine-Maritime";28;"Normandie";1;"H1";2021;"2020-2024";"Sécheresse";60
"76";"Seine-Maritime";28;"Normandie";1;"H1";2022;"2020-2024";"Gel";58
"76";"Seine-Maritime";28;"Normandie";1;"H1";2022;"2020-2024";"Inondation";2
"76";"Seine-Maritime";28;"Normandie";1;"H1";2022;"2020-2024";"Sécheresse";82
"76";"Seine-Maritime";28;"Normandie";1;"H1";2023;"2020-2024";"Gel";49
"76";"Seine-Maritime";28;"Normandie";1;"H1";2023;"2020-2024";"Inondation";3
"76";"Seine-Maritime";28;"Normandie";1;"H1";2023;"2020-2024";"Sécheresse";78
"76";"Seine-Maritime";28;"Normandie";1;"H1";2024;"2020-2024";"Gel";39
"76";"Seine-Maritime";28;"Normandie";1;"H1";2024;"2020-2024";"Inondation";3
"76";"Seine-Maritime";28;"Normandie";1;"H1";2024;"2020-2024";"Sécheresse";54
"77";"Seine-et-Marne";11;"Île-de-France";1;"H1";2010;"2010-2014";"Gel";106
"77";"Seine-et-Marne";11;"Île-de-France";1;"H1";2010;"2010-2014";"Inondation";4
"77";"Seine-et-Marne";11;"Île-de-France";1;"H1";2010;"2010-2014";"Sécheresse";68
"77";"Seine-et-Marne";11;"Île-de-France";1;"H1";2011;"2010-2014";"Gel";72
"77";"Seine-et-Marne";11;"Île-de-France";1;"H1";2011;"2010-2014";"Inondation";4
"77";"Seine-et-Marne";11;"Île-de-France";1;"H1";2011;"2010-2014";"Sécheresse";85
"77";"Seine-et-Marne";11;"Île-de-France";1;"H1";2012;"2010-2014";"Gel";76
"77";"Seine-et-Marne";11;"Île-de-France";1;"H1";2012;"2010-2014";"Inondation";2
"77";"Seine-et-Marne";11;"Île-de-France";1;"H1";2012;"2010-2014";"Sécheresse";69
"77";"Seine-et-Marne";11;"Île-de-France";1;"H1";2013;"2010-2014";"Gel";97
"77";"Seine-et-Marne";11;"Île-de-France";1;"H1";2013;"2010-2014";"Inondation";6
"77";"Seine-et-Marne";11;"Île-de-France";1;"H1";2013;"2010-2014";"Sécheresse";81
"77";"Seine-et-Marne";11;"Île-de-France";1;"H1";2014;"2010-2014";"Gel";58
"77";"Seine-et-Marne";11;"Île-de-France";1;"H1";2014;"2010-2014";"Inondation";3
"77";"Seine-et-Marne";11;"Île-de-France";1;"H1";2014;"2010-2014";"Sécheresse";69
"77";"Seine-et-Marne";11;"Île-de-France";1;"H1";2015;"2015-2019";"Gel";75
"77";"Seine-et-Marne";11;"Île-de-France";1;"H1";2015;"2015-2019";"Inondation";1
"77";"Seine-et-Marne";11;"Île-de-France";1;"H1";2015;"2015-2019";"Sécheresse";70
"77";"Seine-et-Marne";11;"Île-de-France";1;"H1";2016;"2015-2019";"Gel";88
"77";"Seine-et-Marne";11;"Île-de-France";1;"H1";2016;"2015-2019";"Inondation";3
"77";"Seine-et-Marne";11;"Île-de-France";1;"H1";2016;"2015-2019";"Sécheresse";74
"77";"Seine-et-Marne";11;"Île-de-France";1;"H1";2017;"2015-2019";"Gel";79
"77";"Seine-et-Marne";11;"Île-de-France";1;"H1";2017;"2015-2019";"Inondation";6
"77";"Seine-et-Marne";11;"Île-de-France";1;"H1";2017;"2015-2019";"Sécheresse";82
"77";"Seine-et-Marne";11;"Île-de-France";1;"H1";2018;"2015-2019";"Gel";75
"77";"Seine-et-Marne";11;"Île-de-France";1;"H1";2018;"2015-2019";"Inondation";4
"77";"Seine-et-Marne";11;"Île-de-France";1;"H1";2018;"2015-2019";"Sécheresse";116
"77";"Seine-et-Marne";11;"Île-de-France";1;"H1";2019;"2015-2019";"Gel";79
"77";"Seine-et-Marne";11;"Île-de-France";1;"H1";2019;"2015-2019";"Inondation";3
"77";"Seine-et-Marne";11;"Île-de-France";1;"H1";2019;"2015-2019";"Sécheresse";88
"77";"Seine-et-Marne";11;"Île-de-France";1;"H1";2020;"2020-2024";"Gel";65
"77";"Seine-et-Marne";11;"Île-de-France";1;"H1";2020;"2020-2024";"Inondation";1
"77";"Seine-et-Marne";11;"Île-de-France";1;"H1";2020;"2020-2024";"Sécheresse";106
"77";"Seine-et-Marne";11;"Île-de-France";1;"H1";2021;"2020-2024";"Gel";91
"77";"Seine-et-Marne";11;"Île-de-France";1;"H1";2021;"2020-2024";"Inondation";3
"77";"Seine-et-Marne";11;"Île-de-France";1;"H1";2021;"2020-2024";"Sécheresse";71
"77";"Seine-et-Marne";11;"Île-de-France";1;"H1";2022;"2020-2024";"Gel";77
"77";"Seine-et-Marne";11;"Île-de-France";1;"H1";2022;"2020-2024";"Inondation";3
"77";"Seine-et-Marne";11;"Île-de-France";1;"H1";2022;"2020-2024";"Sécheresse";105
"77";"Seine-et-Marne";11;"Île-de-France";1;"H1";2023;"2020-2024";"Gel";61
"77";"Seine-et-Marne";11;"Île-de-France";1;"H1";2023;"2020-2024";"Inondation";2
"77";"Seine-et-Marne";11;"Île-de-France";1;"H1";2023;"2020-2024";"Sécheresse";114
"77";"Seine-et-Marne";11;"Île-de-France";1;"H1";2024;"2020-2024";"Gel";50
"77";"Seine-et-Marne";11;"Île-de-France";1;"H1";2024;"2020-2024";"Inondation";6
"77";"Seine-et-Marne";11;"Île-de-France";1;"H1";2024;"2020-2024";"Sécheresse";73
"78";"Yvelines";11;"Île-de-France";1;"H1";2010;"2010-2014";"Gel";99
"78";"Yvelines";11;"Île-de-France";1;"H1";2010;"2010-2014";"Inondation";3
"78";"Yvelines";11;"Île-de-France";1;"H1";2010;"2010-2014";"Sécheresse";67
"78";"Yvelines";11;"Île-de-France";1;"H1";2011;"2010-2014";"Gel";61
"78";"Yvelines";11;"Île-de-France";1;"H1";2011;"2010-2014";"Inondation";1
"78";"Yvelines";11;"Île-de-France";1;"H1";2011;"2010-2014";"Sécheresse";66
"78";"Yvelines";11;"Île-de-France";1;"H1";2012;"2010-2014";"Gel";61
"78";"Yvelines";11;"Île-de-France";1;"H1";2012;"2010-2014";"Inondation";2
"78";"Yvelines";11;"Île-de-France";1;"H1";2012;"2010-2014";"Sécheresse";59
"78";"Yvelines";11;"Île-de-France";1;"H1";2013;"2010-2014";"Gel";78
"78";"Yvelines";11;"Île-de-France";1;"H1";2013;"2010-2014";"Inondation";3
"78";"Yvelines";11;"Île-de-France";1;"H1";2013;"2010-2014";"Sécheresse";70
"78";"Yvelines";11;"Île-de-France";1;"H1";2014;"2010-2014";"Gel";37
"78";"Yvelines";11;"Île-de-France";1;"H1";2014;"2010-2014";"Inondation";4
"78";"Yvelines";11;"Île-de-France";1;"H1";2014;"2010-2014";"Sécheresse";63
"78";"Yvelines";11;"Île-de-France";1;"H1";2015;"2015-2019";"Gel";58
"78";"Yvelines";11;"Île-de-France";1;"H1";2015;"2015-2019";"Inondation";2
"78";"Yvelines";11;"Île-de-France";1;"H1";2015;"2015-2019";"Sécheresse";66
"78";"Yvelines";11;"Île-de-France";1;"H1";2016;"2015-2019";"Gel";73
"78";"Yvelines";11;"Île-de-France";1;"H1";2016;"2015-2019";"Inondation";2
"78";"Yvelines";11;"Île-de-France";1;"H1";2016;"2015-2019";"Sécheresse";76
"78";"Yvelines";11;"Île-de-France";1;"H1";2017;"2015-2019";"Gel";61
"78";"Yvelines";11;"Île-de-France";1;"H1";2017;"2015-2019";"Inondation";2
"78";"Yvelines";11;"Île-de-France";1;"H1";2017;"2015-2019";"Sécheresse";88
"78";"Yvelines";11;"Île-de-France";1;"H1";2018;"2015-2019";"Gel";62
"78";"Yvelines";11;"Île-de-France";1;"H1";2018;"2015-2019";"Inondation";3
"78";"Yvelines";11;"Île-de-France";1;"H1";2018;"2015-2019";"Sécheresse";115
"78";"Yvelines";11;"Île-de-France";1;"H1";2019;"2015-2019";"Gel";56
"78";"Yvelines";11;"Île-de-France";1;"H1";2019;"2015-2019";"Inondation";1
"78";"Yvelines";11;"Île-de-France";1;"H1";2019;"2015-2019";"Sécheresse";84
"78";"Yvelines";11;"Île-de-France";1;"H1";2020;"2020-2024";"Gel";45
"78";"Yvelines";11;"Île-de-France";1;"H1";2020;"2020-2024";"Inondation";1
"78";"Yvelines";11;"Île-de-France";1;"H1";2020;"2020-2024";"Sécheresse";94
"78";"Yvelines";11;"Île-de-France";1;"H1";2021;"2020-2024";"Gel";67
"78";"Yvelines";11;"Île-de-France";1;"H1";2021;"2020-2024";"Inondation";2
"78";"Yvelines";11;"Île-de-France";1;"H1";2021;"2020-2024";"Sécheresse";57
"78";"Yvelines";11;"Île-de-France";1;"H1";2022;"2020-2024";"Gel";54
"78";"Yvelines";11;"Île-de-France";1;"H1";2022;"2020-2024";"Inondation";2
"78";"Yvelines";11;"Île-de-France";1;"H1";2022;"2020-2024";"Sécheresse";94
"78";"Yvelines";11;"Île-de-France";1;"H1";2023;"2020-2024";"Gel";50
"78";"Yvelines";11;"Île-de-France";1;"H1";2023;"2020-2024";"Sécheresse";99
"78";"Yvelines";11;"Île-de-France";1;"H1";2024;"2020-2024";"Gel";43
"78";"Yvelines";11;"Île-de-France";1;"H1";2024;"2020-2024";"Inondation";2
"78";"Yvelines";11;"Île-de-France";1;"H1";2024;"2020-2024";"Sécheresse";64
"79";"Deux-Sèvres";75;"Nouvelle-Aquitaine";2;"H2";2010;"2010-2014";"Gel";95
"79";"Deux-Sèvres";75;"Nouvelle-Aquitaine";2;"H2";2010;"2010-2014";"Inondation";1
"79";"Deux-Sèvres";75;"Nouvelle-Aquitaine";2;"H2";2010;"2010-2014";"Sécheresse";94
"79";"Deux-Sèvres";75;"Nouvelle-Aquitaine";2;"H2";2011;"2010-2014";"Gel";58
"79";"Deux-Sèvres";75;"Nouvelle-Aquitaine";2;"H2";2011;"2010-2014";"Inondation";5
"79";"Deux-Sèvres";75;"Nouvelle-Aquitaine";2;"H2";2011;"2010-2014";"Sécheresse";105
"79";"Deux-Sèvres";75;"Nouvelle-Aquitaine";2;"H2";2012;"2010-2014";"Gel";75
"79";"Deux-Sèvres";75;"Nouvelle-Aquitaine";2;"H2";2012;"2010-2014";"Inondation";9
"79";"Deux-Sèvres";75;"Nouvelle-Aquitaine";2;"H2";2012;"2010-2014";"Sécheresse";88
"79";"Deux-Sèvres";75;"Nouvelle-Aquitaine";2;"H2";2013;"2010-2014";"Gel";84
"79";"Deux-Sèvres";75;"Nouvelle-Aquitaine";2;"H2";2013;"2010-2014";"Inondation";7
"79";"Deux-Sèvres";75;"Nouvelle-Aquitaine";2;"H2";2013;"2010-2014";"Sécheresse";84
"79";"Deux-Sèvres";75;"Nouvelle-Aquitaine";2;"H2";2014;"2010-2014";"Gel";34
"79";"Deux-Sèvres";75;"Nouvelle-Aquitaine";2;"H2";2014;"2010-2014";"Inondation";7
"79";"Deux-Sèvres";75;"Nouvelle-Aquitaine";2;"H2";2014;"2010-2014";"Sécheresse";85
"79";"Deux-Sèvres";75;"Nouvelle-Aquitaine";2;"H2";2015;"2015-2019";"Gel";63
"79";"Deux-Sèvres";75;"Nouvelle-Aquitaine";2;"H2";2015;"2015-2019";"Inondation";5
"79";"Deux-Sèvres";75;"Nouvelle-Aquitaine";2;"H2";2015;"2015-2019";"Sécheresse";81
"79";"Deux-Sèvres";75;"Nouvelle-Aquitaine";2;"H2";2016;"2015-2019";"Gel";71
"79";"Deux-Sèvres";75;"Nouvelle-Aquitaine";2;"H2";2016;"2015-2019";"Inondation";1
"79";"Deux-Sèvres";75;"Nouvelle-Aquitaine";2;"H2";2016;"2015-2019";"Sécheresse";83
"79";"Deux-Sèvres";75;"Nouvelle-Aquitaine";2;"H2";2017;"2015-2019";"Gel";61
"79";"Deux-Sèvres";75;"Nouvelle-Aquitaine";2;"H2";2017;"2015-2019";"Inondation";1
"79";"Deux-Sèvres";75;"Nouvelle-Aquitaine";2;"H2";2017;"2015-2019";"Sécheresse";89
"79";"Deux-Sèvres";75;"Nouvelle-Aquitaine";2;"H2";2018;"2015-2019";"Gel";41
"79";"Deux-Sèvres";75;"Nouvelle-Aquitaine";2;"H2";2018;"2015-2019";"Inondation";6
"79";"Deux-Sèvres";75;"Nouvelle-Aquitaine";2;"H2";2018;"2015-2019";"Sécheresse";121
"79";"Deux-Sèvres";75;"Nouvelle-Aquitaine";2;"H2";2019;"2015-2019";"Gel";54
"79";"Deux-Sèvres";75;"Nouvelle-Aquitaine";2;"H2";2019;"2015-2019";"Inondation";7
"79";"Deux-Sèvres";75;"Nouvelle-Aquitaine";2;"H2";2019;"2015-2019";"Sécheresse";88
"79";"Deux-Sèvres";75;"Nouvelle-Aquitaine";2;"H2";2020;"2020-2024";"Gel";53
"79";"Deux-Sèvres";75;"Nouvelle-Aquitaine";2;"H2";2020;"2020-2024";"Inondation";1
"79";"Deux-Sèvres";75;"Nouvelle-Aquitaine";2;"H2";2020;"2020-2024";"Sécheresse";95
"79";"Deux-Sèvres";75;"Nouvelle-Aquitaine";2;"H2";2021;"2020-2024";"Gel";83
"79";"Deux-Sèvres";75;"Nouvelle-Aquitaine";2;"H2";2021;"2020-2024";"Inondation";3
"79";"Deux-Sèvres";75;"Nouvelle-Aquitaine";2;"H2";2021;"2020-2024";"Sécheresse";86
"79";"Deux-Sèvres";75;"Nouvelle-Aquitaine";2;"H2";2022;"2020-2024";"Gel";63
"79";"Deux-Sèvres";75;"Nouvelle-Aquitaine";2;"H2";2022;"2020-2024";"Inondation";1
"79";"Deux-Sèvres";75;"Nouvelle-Aquitaine";2;"H2";2022;"2020-2024";"Sécheresse";114
"79";"Deux-Sèvres";75;"Nouvelle-Aquitaine";2;"H2";2023;"2020-2024";"Gel";47
"79";"Deux-Sèvres";75;"Nouvelle-Aquitaine";2;"H2";2023;"2020-2024";"Inondation";5
"79";"Deux-Sèvres";75;"Nouvelle-Aquitaine";2;"H2";2023;"2020-2024";"Sécheresse";121
"79";"Deux-Sèvres";75;"Nouvelle-Aquitaine";2;"H2";2024;"2020-2024";"Gel";35
"79";"Deux-Sèvres";75;"Nouvelle-Aquitaine";2;"H2";2024;"2020-2024";"Inondation";4
"79";"Deux-Sèvres";75;"Nouvelle-Aquitaine";2;"H2";2024;"2020-2024";"Sécheresse";72
"80";"Somme";32;"Hauts-de-France";1;"H1";2010;"2010-2014";"Gel";109
"80";"Somme";32;"Hauts-de-France";1;"H1";2010;"2010-2014";"Inondation";5
"80";"Somme";32;"Hauts-de-France";1;"H1";2010;"2010-2014";"Sécheresse";48
"80";"Somme";32;"Hauts-de-France";1;"H1";2011;"2010-2014";"Gel";51
"80";"Somme";32;"Hauts-de-France";1;"H1";2011;"2010-2014";"Inondation";3
"80";"Somme";32;"Hauts-de-France";1;"H1";2011;"2010-2014";"Sécheresse";47
"80";"Somme";32;"Hauts-de-France";1;"H1";2012;"2010-2014";"Gel";62
"80";"Somme";32;"Hauts-de-France";1;"H1";2012;"2010-2014";"Inondation";2
"80";"Somme";32;"Hauts-de-France";1;"H1";2012;"2010-2014";"Sécheresse";44
"80";"Somme";32;"Hauts-de-France";1;"H1";2013;"2010-2014";"Gel";80
"80";"Somme";32;"Hauts-de-France";1;"H1";2013;"2010-2014";"Inondation";7
"80";"Somme";32;"Hauts-de-France";1;"H1";2013;"2010-2014";"Sécheresse";48
"80";"Somme";32;"Hauts-de-France";1;"H1";2014;"2010-2014";"Gel";27
"80";"Somme";32;"Hauts-de-France";1;"H1";2014;"2010-2014";"Inondation";3
"80";"Somme";32;"Hauts-de-France";1;"H1";2014;"2010-2014";"Sécheresse";38
"80";"Somme";32;"Hauts-de-France";1;"H1";2015;"2015-2019";"Gel";50
"80";"Somme";32;"Hauts-de-France";1;"H1";2015;"2015-2019";"Inondation";2
"80";"Somme";32;"Hauts-de-France";1;"H1";2015;"2015-2019";"Sécheresse";46
"80";"Somme";32;"Hauts-de-France";1;"H1";2016;"2015-2019";"Gel";62
"80";"Somme";32;"Hauts-de-France";1;"H1";2016;"2015-2019";"Inondation";1
"80";"Somme";32;"Hauts-de-France";1;"H1";2016;"2015-2019";"Sécheresse";45
"80";"Somme";32;"Hauts-de-France";1;"H1";2017;"2015-2019";"Gel";56
"80";"Somme";32;"Hauts-de-France";1;"H1";2017;"2015-2019";"Inondation";4
"80";"Somme";32;"Hauts-de-France";1;"H1";2017;"2015-2019";"Sécheresse";61
"80";"Somme";32;"Hauts-de-France";1;"H1";2018;"2015-2019";"Gel";53
"80";"Somme";32;"Hauts-de-France";1;"H1";2018;"2015-2019";"Inondation";2
"80";"Somme";32;"Hauts-de-France";1;"H1";2018;"2015-2019";"Sécheresse";75
"80";"Somme";32;"Hauts-de-France";1;"H1";2019;"2015-2019";"Gel";49
"80";"Somme";32;"Hauts-de-France";1;"H1";2019;"2015-2019";"Inondation";1
"80";"Somme";32;"Hauts-de-France";1;"H1";2019;"2015-2019";"Sécheresse";63
"80";"Somme";32;"Hauts-de-France";1;"H1";2020;"2020-2024";"Gel";50
"80";"Somme";32;"Hauts-de-France";1;"H1";2020;"2020-2024";"Inondation";2
"80";"Somme";32;"Hauts-de-France";1;"H1";2020;"2020-2024";"Sécheresse";75
"80";"Somme";32;"Hauts-de-France";1;"H1";2021;"2020-2024";"Gel";85
"80";"Somme";32;"Hauts-de-France";1;"H1";2021;"2020-2024";"Inondation";6
"80";"Somme";32;"Hauts-de-France";1;"H1";2021;"2020-2024";"Sécheresse";45
"80";"Somme";32;"Hauts-de-France";1;"H1";2022;"2020-2024";"Gel";67
"80";"Somme";32;"Hauts-de-France";1;"H1";2022;"2020-2024";"Inondation";2
"80";"Somme";32;"Hauts-de-France";1;"H1";2022;"2020-2024";"Sécheresse";81
"80";"Somme";32;"Hauts-de-France";1;"H1";2023;"2020-2024";"Gel";53
"80";"Somme";32;"Hauts-de-France";1;"H1";2023;"2020-2024";"Inondation";4
"80";"Somme";32;"Hauts-de-France";1;"H1";2023;"2020-2024";"Sécheresse";74
"80";"Somme";32;"Hauts-de-France";1;"H1";2024;"2020-2024";"Gel";41
"80";"Somme";32;"Hauts-de-France";1;"H1";2024;"2020-2024";"Inondation";1
"80";"Somme";32;"Hauts-de-France";1;"H1";2024;"2020-2024";"Sécheresse";50
"81";"Tarn";76;"Occitanie";2;"H2";2010;"2010-2014";"Gel";117
"81";"Tarn";76;"Occitanie";2;"H2";2010;"2010-2014";"Inondation";12
"81";"Tarn";76;"Occitanie";2;"H2";2010;"2010-2014";"Sécheresse";116
"81";"Tarn";76;"Occitanie";2;"H2";2011;"2010-2014";"Gel";73
"81";"Tarn";76;"Occitanie";2;"H2";2011;"2010-2014";"Inondation";25
"81";"Tarn";76;"Occitanie";2;"H2";2011;"2010-2014";"Sécheresse";129
"81";"Tarn";76;"Occitanie";2;"H2";2012;"2010-2014";"Gel";87
"81";"Tarn";76;"Occitanie";2;"H2";2012;"2010-2014";"Inondation";16
"81";"Tarn";76;"Occitanie";2;"H2";2012;"2010-2014";"Sécheresse";128
"81";"Tarn";76;"Occitanie";2;"H2";2013;"2010-2014";"Gel";118
"81";"Tarn";76;"Occitanie";2;"H2";2013;"2010-2014";"Inondation";18
"81";"Tarn";76;"Occitanie";2;"H2";2013;"2010-2014";"Sécheresse";105
"81";"Tarn";76;"Occitanie";2;"H2";2014;"2010-2014";"Gel";70
"81";"Tarn";76;"Occitanie";2;"H2";2014;"2010-2014";"Inondation";19
"81";"Tarn";76;"Occitanie";2;"H2";2014;"2010-2014";"Sécheresse";125
"81";"Tarn";76;"Occitanie";2;"H2";2015;"2015-2019";"Gel";93
"81";"Tarn";76;"Occitanie";2;"H2";2015;"2015-2019";"Inondation";14
"81";"Tarn";76;"Occitanie";2;"H2";2015;"2015-2019";"Sécheresse";118
"81";"Tarn";76;"Occitanie";2;"H2";2016;"2015-2019";"Gel";86
"81";"Tarn";76;"Occitanie";2;"H2";2016;"2015-2019";"Inondation";19
"81";"Tarn";76;"Occitanie";2;"H2";2016;"2015-2019";"Sécheresse";116
"81";"Tarn";76;"Occitanie";2;"H2";2017;"2015-2019";"Gel";110
"81";"Tarn";76;"Occitanie";2;"H2";2017;"2015-2019";"Inondation";13
"81";"Tarn";76;"Occitanie";2;"H2";2017;"2015-2019";"Sécheresse";121
"81";"Tarn";76;"Occitanie";2;"H2";2018;"2015-2019";"Gel";77
"81";"Tarn";76;"Occitanie";2;"H2";2018;"2015-2019";"Inondation";26
"81";"Tarn";76;"Occitanie";2;"H2";2018;"2015-2019";"Sécheresse";133
"81";"Tarn";76;"Occitanie";2;"H2";2019;"2015-2019";"Gel";107
"81";"Tarn";76;"Occitanie";2;"H2";2019;"2015-2019";"Inondation";10
"81";"Tarn";76;"Occitanie";2;"H2";2019;"2015-2019";"Sécheresse";111
"81";"Tarn";76;"Occitanie";2;"H2";2020;"2020-2024";"Gel";81
"81";"Tarn";76;"Occitanie";2;"H2";2020;"2020-2024";"Inondation";15
"81";"Tarn";76;"Occitanie";2;"H2";2020;"2020-2024";"Sécheresse";117
"81";"Tarn";76;"Occitanie";2;"H2";2021;"2020-2024";"Gel";103
"81";"Tarn";76;"Occitanie";2;"H2";2021;"2020-2024";"Inondation";9
"81";"Tarn";76;"Occitanie";2;"H2";2021;"2020-2024";"Sécheresse";104
"81";"Tarn";76;"Occitanie";2;"H2";2022;"2020-2024";"Gel";75
"81";"Tarn";76;"Occitanie";2;"H2";2022;"2020-2024";"Inondation";8
"81";"Tarn";76;"Occitanie";2;"H2";2022;"2020-2024";"Sécheresse";148
"81";"Tarn";76;"Occitanie";2;"H2";2023;"2020-2024";"Gel";84
"81";"Tarn";76;"Occitanie";2;"H2";2023;"2020-2024";"Inondation";7
"81";"Tarn";76;"Occitanie";2;"H2";2023;"2020-2024";"Sécheresse";141
"81";"Tarn";76;"Occitanie";2;"H2";2024;"2020-2024";"Gel";74
"81";"Tarn";76;"Occitanie";2;"H2";2024;"2020-2024";"Inondation";8
"81";"Tarn";76;"Occitanie";2;"H2";2024;"2020-2024";"Sécheresse";91
"82";"Tarn-et-Garonne";76;"Occitanie";2;"H2";2010;"2010-2014";"Gel";92
"82";"Tarn-et-Garonne";76;"Occitanie";2;"H2";2010;"2010-2014";"Inondation";5
"82";"Tarn-et-Garonne";76;"Occitanie";2;"H2";2010;"2010-2014";"Sécheresse";117
"82";"Tarn-et-Garonne";76;"Occitanie";2;"H2";2011;"2010-2014";"Gel";45
"82";"Tarn-et-Garonne";76;"Occitanie";2;"H2";2011;"2010-2014";"Inondation";4
"82";"Tarn-et-Garonne";76;"Occitanie";2;"H2";2011;"2010-2014";"Sécheresse";151
"82";"Tarn-et-Garonne";76;"Occitanie";2;"H2";2012;"2010-2014";"Gel";70
"82";"Tarn-et-Garonne";76;"Occitanie";2;"H2";2012;"2010-2014";"Inondation";2
"82";"Tarn-et-Garonne";76;"Occitanie";2;"H2";2012;"2010-2014";"Sécheresse";132
"82";"Tarn-et-Garonne";76;"Occitanie";2;"H2";2013;"2010-2014";"Gel";71
"82";"Tarn-et-Garonne";76;"Occitanie";2;"H2";2013;"2010-2014";"Inondation";4
"82";"Tarn-et-Garonne";76;"Occitanie";2;"H2";2013;"2010-2014";"Sécheresse";111
"82";"Tarn-et-Garonne";76;"Occitanie";2;"H2";2014;"2010-2014";"Gel";34
"82";"Tarn-et-Garonne";76;"Occitanie";2;"H2";2014;"2010-2014";"Inondation";4
"82";"Tarn-et-Garonne";76;"Occitanie";2;"H2";2014;"2010-2014";"Sécheresse";135
"82";"Tarn-et-Garonne";76;"Occitanie";2;"H2";2015;"2015-2019";"Gel";66
"82";"Tarn-et-Garonne";76;"Occitanie";2;"H2";2015;"2015-2019";"Inondation";7
"82";"Tarn-et-Garonne";76;"Occitanie";2;"H2";2015;"2015-2019";"Sécheresse";125
"82";"Tarn-et-Garonne";76;"Occitanie";2;"H2";2016;"2015-2019";"Gel";57
"82";"Tarn-et-Garonne";76;"Occitanie";2;"H2";2016;"2015-2019";"Inondation";1
"82";"Tarn-et-Garonne";76;"Occitanie";2;"H2";2016;"2015-2019";"Sécheresse";115
"82";"Tarn-et-Garonne";76;"Occitanie";2;"H2";2017;"2015-2019";"Gel";80
"82";"Tarn-et-Garonne";76;"Occitanie";2;"H2";2017;"2015-2019";"Inondation";6
"82";"Tarn-et-Garonne";76;"Occitanie";2;"H2";2017;"2015-2019";"Sécheresse";125
"82";"Tarn-et-Garonne";76;"Occitanie";2;"H2";2018;"2015-2019";"Gel";40
"82";"Tarn-et-Garonne";76;"Occitanie";2;"H2";2018;"2015-2019";"Inondation";9
"82";"Tarn-et-Garonne";76;"Occitanie";2;"H2";2018;"2015-2019";"Sécheresse";143
"82";"Tarn-et-Garonne";76;"Occitanie";2;"H2";2019;"2015-2019";"Gel";71
"82";"Tarn-et-Garonne";76;"Occitanie";2;"H2";2019;"2015-2019";"Inondation";4
"82";"Tarn-et-Garonne";76;"Occitanie";2;"H2";2019;"2015-2019";"Sécheresse";121
"82";"Tarn-et-Garonne";76;"Occitanie";2;"H2";2020;"2020-2024";"Gel";44
"82";"Tarn-et-Garonne";76;"Occitanie";2;"H2";2020;"2020-2024";"Inondation";4
"82";"Tarn-et-Garonne";76;"Occitanie";2;"H2";2020;"2020-2024";"Sécheresse";123
"82";"Tarn-et-Garonne";76;"Occitanie";2;"H2";2021;"2020-2024";"Gel";67
"82";"Tarn-et-Garonne";76;"Occitanie";2;"H2";2021;"2020-2024";"Inondation";3
"82";"Tarn-et-Garonne";76;"Occitanie";2;"H2";2021;"2020-2024";"Sécheresse";114
"82";"Tarn-et-Garonne";76;"Occitanie";2;"H2";2022;"2020-2024";"Gel";53
"82";"Tarn-et-Garonne";76;"Occitanie";2;"H2";2022;"2020-2024";"Inondation";1
"82";"Tarn-et-Garonne";76;"Occitanie";2;"H2";2022;"2020-2024";"Sécheresse";150
"82";"Tarn-et-Garonne";76;"Occitanie";2;"H2";2023;"2020-2024";"Gel";57
"82";"Tarn-et-Garonne";76;"Occitanie";2;"H2";2023;"2020-2024";"Sécheresse";144
"82";"Tarn-et-Garonne";76;"Occitanie";2;"H2";2024;"2020-2024";"Gel";30
"82";"Tarn-et-Garonne";76;"Occitanie";2;"H2";2024;"2020-2024";"Inondation";3
"82";"Tarn-et-Garonne";76;"Occitanie";2;"H2";2024;"2020-2024";"Sécheresse";96
"83";"Var";93;"Provence-Alpes-Côte d'Azur";3;"H3";2010;"2010-2014";"Gel";120
"83";"Var";93;"Provence-Alpes-Côte d'Azur";3;"H3";2010;"2010-2014";"Inondation";21
"83";"Var";93;"Provence-Alpes-Côte d'Azur";3;"H3";2010;"2010-2014";"Sécheresse";144
"83";"Var";93;"Provence-Alpes-Côte d'Azur";3;"H3";2011;"2010-2014";"Gel";101
"83";"Var";93;"Provence-Alpes-Côte d'Azur";3;"H3";2011;"2010-2014";"Inondation";26
"83";"Var";93;"Provence-Alpes-Côte d'Azur";3;"H3";2011;"2010-2014";"Sécheresse";166
"83";"Var";93;"Provence-Alpes-Côte d'Azur";3;"H3";2012;"2010-2014";"Gel";115
"83";"Var";93;"Provence-Alpes-Côte d'Azur";3;"H3";2012;"2010-2014";"Inondation";20
"83";"Var";93;"Provence-Alpes-Côte d'Azur";3;"H3";2012;"2010-2014";"Sécheresse";160
"83";"Var";93;"Provence-Alpes-Côte d'Azur";3;"H3";2013;"2010-2014";"Gel";103
"83";"Var";93;"Provence-Alpes-Côte d'Azur";3;"H3";2013;"2010-2014";"Inondation";19
"83";"Var";93;"Provence-Alpes-Côte d'Azur";3;"H3";2013;"2010-2014";"Sécheresse";151
"83";"Var";93;"Provence-Alpes-Côte d'Azur";3;"H3";2014;"2010-2014";"Gel";58
"83";"Var";93;"Provence-Alpes-Côte d'Azur";3;"H3";2014;"2010-2014";"Inondation";37
"83";"Var";93;"Provence-Alpes-Côte d'Azur";3;"H3";2014;"2010-2014";"Sécheresse";174
"83";"Var";93;"Provence-Alpes-Côte d'Azur";3;"H3";2015;"2015-2019";"Gel";84
"83";"Var";93;"Provence-Alpes-Côte d'Azur";3;"H3";2015;"2015-2019";"Inondation";20
"83";"Var";93;"Provence-Alpes-Côte d'Azur";3;"H3";2015;"2015-2019";"Sécheresse";165
"83";"Var";93;"Provence-Alpes-Côte d'Azur";3;"H3";2016;"2015-2019";"Gel";90
"83";"Var";93;"Provence-Alpes-Côte d'Azur";3;"H3";2016;"2015-2019";"Inondation";14
"83";"Var";93;"Provence-Alpes-Côte d'Azur";3;"H3";2016;"2015-2019";"Sécheresse";156
"83";"Var";93;"Provence-Alpes-Côte d'Azur";3;"H3";2017;"2015-2019";"Gel";99
"83";"Var";93;"Provence-Alpes-Côte d'Azur";3;"H3";2017;"2015-2019";"Inondation";7
"83";"Var";93;"Provence-Alpes-Côte d'Azur";3;"H3";2017;"2015-2019";"Sécheresse";180
"83";"Var";93;"Provence-Alpes-Côte d'Azur";3;"H3";2018;"2015-2019";"Gel";70
"83";"Var";93;"Provence-Alpes-Côte d'Azur";3;"H3";2018;"2015-2019";"Inondation";33
"83";"Var";93;"Provence-Alpes-Côte d'Azur";3;"H3";2018;"2015-2019";"Sécheresse";169
"83";"Var";93;"Provence-Alpes-Côte d'Azur";3;"H3";2019;"2015-2019";"Gel";114
"83";"Var";93;"Provence-Alpes-Côte d'Azur";3;"H3";2019;"2015-2019";"Inondation";18
"83";"Var";93;"Provence-Alpes-Côte d'Azur";3;"H3";2019;"2015-2019";"Sécheresse";153
"83";"Var";93;"Provence-Alpes-Côte d'Azur";3;"H3";2020;"2020-2024";"Gel";137
"83";"Var";93;"Provence-Alpes-Côte d'Azur";3;"H3";2020;"2020-2024";"Inondation";13
"83";"Var";93;"Provence-Alpes-Côte d'Azur";3;"H3";2020;"2020-2024";"Sécheresse";147
"83";"Var";93;"Provence-Alpes-Côte d'Azur";3;"H3";2021;"2020-2024";"Gel";147
"83";"Var";93;"Provence-Alpes-Côte d'Azur";3;"H3";2021;"2020-2024";"Inondation";13
"83";"Var";93;"Provence-Alpes-Côte d'Azur";3;"H3";2021;"2020-2024";"Sécheresse";146
"83";"Var";93;"Provence-Alpes-Côte d'Azur";3;"H3";2022;"2020-2024";"Gel";121
"83";"Var";93;"Provence-Alpes-Côte d'Azur";3;"H3";2022;"2020-2024";"Inondation";12
"83";"Var";93;"Provence-Alpes-Côte d'Azur";3;"H3";2022;"2020-2024";"Sécheresse";175
"83";"Var";93;"Provence-Alpes-Côte d'Azur";3;"H3";2023;"2020-2024";"Gel";121
"83";"Var";93;"Provence-Alpes-Côte d'Azur";3;"H3";2023;"2020-2024";"Inondation";14
"83";"Var";93;"Provence-Alpes-Côte d'Azur";3;"H3";2023;"2020-2024";"Sécheresse";175
"83";"Var";93;"Provence-Alpes-Côte d'Azur";3;"H3";2024;"2020-2024";"Gel";114
"83";"Var";93;"Provence-Alpes-Côte d'Azur";3;"H3";2024;"2020-2024";"Inondation";24
"83";"Var";93;"Provence-Alpes-Côte d'Azur";3;"H3";2024;"2020-2024";"Sécheresse";156
"84";"Vaucluse";93;"Provence-Alpes-Côte d'Azur";2;"H2";2010;"2010-2014";"Gel";159
"84";"Vaucluse";93;"Provence-Alpes-Côte d'Azur";2;"H2";2010;"2010-2014";"Inondation";17
"84";"Vaucluse";93;"Provence-Alpes-Côte d'Azur";2;"H2";2010;"2010-2014";"Sécheresse";137
"84";"Vaucluse";93;"Provence-Alpes-Côte d'Azur";2;"H2";2011;"2010-2014";"Gel";130
"84";"Vaucluse";93;"Provence-Alpes-Côte d'Azur";2;"H2";2011;"2010-2014";"Inondation";11
"84";"Vaucluse";93;"Provence-Alpes-Côte d'Azur";2;"H2";2011;"2010-2014";"Sécheresse";160
"84";"Vaucluse";93;"Provence-Alpes-Côte d'Azur";2;"H2";2012;"2010-2014";"Gel";161
"84";"Vaucluse";93;"Provence-Alpes-Côte d'Azur";2;"H2";2012;"2010-2014";"Inondation";19
"84";"Vaucluse";93;"Provence-Alpes-Côte d'Azur";2;"H2";2012;"2010-2014";"Sécheresse";144
"84";"Vaucluse";93;"Provence-Alpes-Côte d'Azur";2;"H2";2013;"2010-2014";"Gel";162
"84";"Vaucluse";93;"Provence-Alpes-Côte d'Azur";2;"H2";2013;"2010-2014";"Inondation";19
"84";"Vaucluse";93;"Provence-Alpes-Côte d'Azur";2;"H2";2013;"2010-2014";"Sécheresse";131
"84";"Vaucluse";93;"Provence-Alpes-Côte d'Azur";2;"H2";2014;"2010-2014";"Gel";123
"84";"Vaucluse";93;"Provence-Alpes-Côte d'Azur";2;"H2";2014;"2010-2014";"Inondation";27
"84";"Vaucluse";93;"Provence-Alpes-Côte d'Azur";2;"H2";2014;"2010-2014";"Sécheresse";154
"84";"Vaucluse";93;"Provence-Alpes-Côte d'Azur";2;"H2";2015;"2015-2019";"Gel";130
"84";"Vaucluse";93;"Provence-Alpes-Côte d'Azur";2;"H2";2015;"2015-2019";"Inondation";17
"84";"Vaucluse";93;"Provence-Alpes-Côte d'Azur";2;"H2";2015;"2015-2019";"Sécheresse";147
"84";"Vaucluse";93;"Provence-Alpes-Côte d'Azur";2;"H2";2016;"2015-2019";"Gel";130
"84";"Vaucluse";93;"Provence-Alpes-Côte d'Azur";2;"H2";2016;"2015-2019";"Inondation";14
"84";"Vaucluse";93;"Provence-Alpes-Côte d'Azur";2;"H2";2016;"2015-2019";"Sécheresse";136
"84";"Vaucluse";93;"Provence-Alpes-Côte d'Azur";2;"H2";2017;"2015-2019";"Gel";125
"84";"Vaucluse";93;"Provence-Alpes-Côte d'Azur";2;"H2";2017;"2015-2019";"Inondation";6
"84";"Vaucluse";93;"Provence-Alpes-Côte d'Azur";2;"H2";2017;"2015-2019";"Sécheresse";156
"84";"Vaucluse";93;"Provence-Alpes-Côte d'Azur";2;"H2";2018;"2015-2019";"Gel";97
"84";"Vaucluse";93;"Provence-Alpes-Côte d'Azur";2;"H2";2018;"2015-2019";"Inondation";27
"84";"Vaucluse";93;"Provence-Alpes-Côte d'Azur";2;"H2";2018;"2015-2019";"Sécheresse";163
"84";"Vaucluse";93;"Provence-Alpes-Côte d'Azur";2;"H2";2019;"2015-2019";"Gel";150
"84";"Vaucluse";93;"Provence-Alpes-Côte d'Azur";2;"H2";2019;"2015-2019";"Inondation";13
"84";"Vaucluse";93;"Provence-Alpes-Côte d'Azur";2;"H2";2019;"2015-2019";"Sécheresse";140
"84";"Vaucluse";93;"Provence-Alpes-Côte d'Azur";2;"H2";2020;"2020-2024";"Gel";135
"84";"Vaucluse";93;"Provence-Alpes-Côte d'Azur";2;"H2";2020;"2020-2024";"Inondation";10
"84";"Vaucluse";93;"Provence-Alpes-Côte d'Azur";2;"H2";2020;"2020-2024";"Sécheresse";135
"84";"Vaucluse";93;"Provence-Alpes-Côte d'Azur";2;"H2";2021;"2020-2024";"Gel";157
"84";"Vaucluse";93;"Provence-Alpes-Côte d'Azur";2;"H2";2021;"2020-2024";"Inondation";11
"84";"Vaucluse";93;"Provence-Alpes-Côte d'Azur";2;"H2";2021;"2020-2024";"Sécheresse";137
"84";"Vaucluse";93;"Provence-Alpes-Côte d'Azur";2;"H2";2022;"2020-2024";"Gel";123
"84";"Vaucluse";93;"Provence-Alpes-Côte d'Azur";2;"H2";2022;"2020-2024";"Inondation";12
"84";"Vaucluse";93;"Provence-Alpes-Côte d'Azur";2;"H2";2022;"2020-2024";"Sécheresse";176
"84";"Vaucluse";93;"Provence-Alpes-Côte d'Azur";2;"H2";2023;"2020-2024";"Gel";131
"84";"Vaucluse";93;"Provence-Alpes-Côte d'Azur";2;"H2";2023;"2020-2024";"Inondation";5
"84";"Vaucluse";93;"Provence-Alpes-Côte d'Azur";2;"H2";2023;"2020-2024";"Sécheresse";158
"84";"Vaucluse";93;"Provence-Alpes-Côte d'Azur";2;"H2";2024;"2020-2024";"Gel";120
"84";"Vaucluse";93;"Provence-Alpes-Côte d'Azur";2;"H2";2024;"2020-2024";"Inondation";13
"84";"Vaucluse";93;"Provence-Alpes-Côte d'Azur";2;"H2";2024;"2020-2024";"Sécheresse";153
"85";"Vendée";52;"Pays de la Loire";2;"H2";2010;"2010-2014";"Gel";83
"85";"Vendée";52;"Pays de la Loire";2;"H2";2010;"2010-2014";"Inondation";2
"85";"Vendée";52;"Pays de la Loire";2;"H2";2010;"2010-2014";"Sécheresse";82
"85";"Vendée";52;"Pays de la Loire";2;"H2";2011;"2010-2014";"Gel";41
"85";"Vendée";52;"Pays de la Loire";2;"H2";2011;"2010-2014";"Inondation";2
"85";"Vendée";52;"Pays de la Loire";2;"H2";2011;"2010-2014";"Sécheresse";82
"85";"Vendée";52;"Pays de la Loire";2;"H2";2012;"2010-2014";"Gel";61
"85";"Vendée";52;"Pays de la Loire";2;"H2";2012;"2010-2014";"Inondation";5
"85";"Vendée";52;"Pays de la Loire";2;"H2";2012;"2010-2014";"Sécheresse";69
"85";"Vendée";52;"Pays de la Loire";2;"H2";2013;"2010-2014";"Gel";67
"85";"Vendée";52;"Pays de la Loire";2;"H2";2013;"2010-2014";"Inondation";4
"85";"Vendée";52;"Pays de la Loire";2;"H2";2013;"2010-2014";"Sécheresse";81
"85";"Vendée";52;"Pays de la Loire";2;"H2";2014;"2010-2014";"Gel";25
"85";"Vendée";52;"Pays de la Loire";2;"H2";2014;"2010-2014";"Inondation";5
"85";"Vendée";52;"Pays de la Loire";2;"H2";2014;"2010-2014";"Sécheresse";77
"85";"Vendée";52;"Pays de la Loire";2;"H2";2015;"2015-2019";"Gel";46
"85";"Vendée";52;"Pays de la Loire";2;"H2";2015;"2015-2019";"Inondation";3
"85";"Vendée";52;"Pays de la Loire";2;"H2";2015;"2015-2019";"Sécheresse";71
"85";"Vendée";52;"Pays de la Loire";2;"H2";2016;"2015-2019";"Gel";52
"85";"Vendée";52;"Pays de la Loire";2;"H2";2016;"2015-2019";"Inondation";3
"85";"Vendée";52;"Pays de la Loire";2;"H2";2016;"2015-2019";"Sécheresse";74
"85";"Vendée";52;"Pays de la Loire";2;"H2";2017;"2015-2019";"Gel";59
"85";"Vendée";52;"Pays de la Loire";2;"H2";2017;"2015-2019";"Sécheresse";88
"85";"Vendée";52;"Pays de la Loire";2;"H2";2018;"2015-2019";"Gel";43
"85";"Vendée";52;"Pays de la Loire";2;"H2";2018;"2015-2019";"Inondation";4
"85";"Vendée";52;"Pays de la Loire";2;"H2";2018;"2015-2019";"Sécheresse";115
"85";"Vendée";52;"Pays de la Loire";2;"H2";2019;"2015-2019";"Gel";48
"85";"Vendée";52;"Pays de la Loire";2;"H2";2019;"2015-2019";"Inondation";2
"85";"Vendée";52;"Pays de la Loire";2;"H2";2019;"2015-2019";"Sécheresse";79
"85";"Vendée";52;"Pays de la Loire";2;"H2";2020;"2020-2024";"Gel";32
"85";"Vendée";52;"Pays de la Loire";2;"H2";2020;"2020-2024";"Inondation";7
"85";"Vendée";52;"Pays de la Loire";2;"H2";2020;"2020-2024";"Sécheresse";96
"85";"Vendée";52;"Pays de la Loire";2;"H2";2021;"2020-2024";"Gel";68
"85";"Vendée";52;"Pays de la Loire";2;"H2";2021;"2020-2024";"Inondation";3
"85";"Vendée";52;"Pays de la Loire";2;"H2";2021;"2020-2024";"Sécheresse";75
"85";"Vendée";52;"Pays de la Loire";2;"H2";2022;"2020-2024";"Gel";48
"85";"Vendée";52;"Pays de la Loire";2;"H2";2022;"2020-2024";"Inondation";1
"85";"Vendée";52;"Pays de la Loire";2;"H2";2022;"2020-2024";"Sécheresse";107
"85";"Vendée";52;"Pays de la Loire";2;"H2";2023;"2020-2024";"Gel";43
"85";"Vendée";52;"Pays de la Loire";2;"H2";2023;"2020-2024";"Inondation";2
"85";"Vendée";52;"Pays de la Loire";2;"H2";2023;"2020-2024";"Sécheresse";114
"85";"Vendée";52;"Pays de la Loire";2;"H2";2024;"2020-2024";"Gel";30
"85";"Vendée";52;"Pays de la Loire";2;"H2";2024;"2020-2024";"Inondation";4
"85";"Vendée";52;"Pays de la Loire";2;"H2";2024;"2020-2024";"Sécheresse";70
"86";"Vienne";75;"Nouvelle-Aquitaine";2;"H2";2010;"2010-2014";"Gel";101
"86";"Vienne";75;"Nouvelle-Aquitaine";2;"H2";2010;"2010-2014";"Inondation";2
"86";"Vienne";75;"Nouvelle-Aquitaine";2;"H2";2010;"2010-2014";"Sécheresse";87
"86";"Vienne";75;"Nouvelle-Aquitaine";2;"H2";2011;"2010-2014";"Gel";65
"86";"Vienne";75;"Nouvelle-Aquitaine";2;"H2";2011;"2010-2014";"Inondation";5
"86";"Vienne";75;"Nouvelle-Aquitaine";2;"H2";2011;"2010-2014";"Sécheresse";99
"86";"Vienne";75;"Nouvelle-Aquitaine";2;"H2";2012;"2010-2014";"Gel";76
"86";"Vienne";75;"Nouvelle-Aquitaine";2;"H2";2012;"2010-2014";"Inondation";4
"86";"Vienne";75;"Nouvelle-Aquitaine";2;"H2";2012;"2010-2014";"Sécheresse";82
"86";"Vienne";75;"Nouvelle-Aquitaine";2;"H2";2013;"2010-2014";"Gel";78
"86";"Vienne";75;"Nouvelle-Aquitaine";2;"H2";2013;"2010-2014";"Inondation";5
"86";"Vienne";75;"Nouvelle-Aquitaine";2;"H2";2013;"2010-2014";"Sécheresse";79
"86";"Vienne";75;"Nouvelle-Aquitaine";2;"H2";2014;"2010-2014";"Gel";26
"86";"Vienne";75;"Nouvelle-Aquitaine";2;"H2";2014;"2010-2014";"Inondation";4
"86";"Vienne";75;"Nouvelle-Aquitaine";2;"H2";2014;"2010-2014";"Sécheresse";86
"86";"Vienne";75;"Nouvelle-Aquitaine";2;"H2";2015;"2015-2019";"Gel";61
"86";"Vienne";75;"Nouvelle-Aquitaine";2;"H2";2015;"2015-2019";"Inondation";3
"86";"Vienne";75;"Nouvelle-Aquitaine";2;"H2";2015;"2015-2019";"Sécheresse";79
"86";"Vienne";75;"Nouvelle-Aquitaine";2;"H2";2016;"2015-2019";"Gel";72
"86";"Vienne";75;"Nouvelle-Aquitaine";2;"H2";2016;"2015-2019";"Inondation";2
"86";"Vienne";75;"Nouvelle-Aquitaine";2;"H2";2016;"2015-2019";"Sécheresse";79
"86";"Vienne";75;"Nouvelle-Aquitaine";2;"H2";2017;"2015-2019";"Gel";59
"86";"Vienne";75;"Nouvelle-Aquitaine";2;"H2";2017;"2015-2019";"Inondation";2
"86";"Vienne";75;"Nouvelle-Aquitaine";2;"H2";2017;"2015-2019";"Sécheresse";87
"86";"Vienne";75;"Nouvelle-Aquitaine";2;"H2";2018;"2015-2019";"Gel";45
"86";"Vienne";75;"Nouvelle-Aquitaine";2;"H2";2018;"2015-2019";"Inondation";4
"86";"Vienne";75;"Nouvelle-Aquitaine";2;"H2";2018;"2015-2019";"Sécheresse";113
"86";"Vienne";75;"Nouvelle-Aquitaine";2;"H2";2019;"2015-2019";"Gel";63
"86";"Vienne";75;"Nouvelle-Aquitaine";2;"H2";2019;"2015-2019";"Inondation";6
"86";"Vienne";75;"Nouvelle-Aquitaine";2;"H2";2019;"2015-2019";"Sécheresse";90
"86";"Vienne";75;"Nouvelle-Aquitaine";2;"H2";2020;"2020-2024";"Gel";39
"86";"Vienne";75;"Nouvelle-Aquitaine";2;"H2";2020;"2020-2024";"Inondation";2
"86";"Vienne";75;"Nouvelle-Aquitaine";2;"H2";2020;"2020-2024";"Sécheresse";95
"86";"Vienne";75;"Nouvelle-Aquitaine";2;"H2";2021;"2020-2024";"Gel";79
"86";"Vienne";75;"Nouvelle-Aquitaine";2;"H2";2021;"2020-2024";"Inondation";4
"86";"Vienne";75;"Nouvelle-Aquitaine";2;"H2";2021;"2020-2024";"Sécheresse";83
"86";"Vienne";75;"Nouvelle-Aquitaine";2;"H2";2022;"2020-2024";"Gel";65
"86";"Vienne";75;"Nouvelle-Aquitaine";2;"H2";2022;"2020-2024";"Inondation";1
"86";"Vienne";75;"Nouvelle-Aquitaine";2;"H2";2022;"2020-2024";"Sécheresse";120
"86";"Vienne";75;"Nouvelle-Aquitaine";2;"H2";2023;"2020-2024";"Gel";52
"86";"Vienne";75;"Nouvelle-Aquitaine";2;"H2";2023;"2020-2024";"Inondation";2
"86";"Vienne";75;"Nouvelle-Aquitaine";2;"H2";2023;"2020-2024";"Sécheresse";124
"86";"Vienne";75;"Nouvelle-Aquitaine";2;"H2";2024;"2020-2024";"Gel";40
"86";"Vienne";75;"Nouvelle-Aquitaine";2;"H2";2024;"2020-2024";"Inondation";2
"86";"Vienne";75;"Nouvelle-Aquitaine";2;"H2";2024;"2020-2024";"Sécheresse";78
"87";"Haute-Vienne";75;"Nouvelle-Aquitaine";1;"H1";2010;"2010-2014";"Gel";116
"87";"Haute-Vienne";75;"Nouvelle-Aquitaine";1;"H1";2010;"2010-2014";"Inondation";8
"87";"Haute-Vienne";75;"Nouvelle-Aquitaine";1;"H1";2010;"2010-2014";"Sécheresse";78
"87";"Haute-Vienne";75;"Nouvelle-Aquitaine";1;"H1";2011;"2010-2014";"Gel";78
"87";"Haute-Vienne";75;"Nouvelle-Aquitaine";1;"H1";2011;"2010-2014";"Inondation";7
"87";"Haute-Vienne";75;"Nouvelle-Aquitaine";1;"H1";2011;"2010-2014";"Sécheresse";96
"87";"Haute-Vienne";75;"Nouvelle-Aquitaine";1;"H1";2012;"2010-2014";"Gel";85
"87";"Haute-Vienne";75;"Nouvelle-Aquitaine";1;"H1";2012;"2010-2014";"Inondation";5
"87";"Haute-Vienne";75;"Nouvelle-Aquitaine";1;"H1";2012;"2010-2014";"Sécheresse";78
"87";"Haute-Vienne";75;"Nouvelle-Aquitaine";1;"H1";2013;"2010-2014";"Gel";113
"87";"Haute-Vienne";75;"Nouvelle-Aquitaine";1;"H1";2013;"2010-2014";"Inondation";6
"87";"Haute-Vienne";75;"Nouvelle-Aquitaine";1;"H1";2013;"2010-2014";"Sécheresse";80
"87";"Haute-Vienne";75;"Nouvelle-Aquitaine";1;"H1";2014;"2010-2014";"Gel";59
"87";"Haute-Vienne";75;"Nouvelle-Aquitaine";1;"H1";2014;"2010-2014";"Inondation";9
"87";"Haute-Vienne";75;"Nouvelle-Aquitaine";1;"H1";2014;"2010-2014";"Sécheresse";80
"87";"Haute-Vienne";75;"Nouvelle-Aquitaine";1;"H1";2015;"2015-2019";"Gel";87
"87";"Haute-Vienne";75;"Nouvelle-Aquitaine";1;"H1";2015;"2015-2019";"Inondation";10
"87";"Haute-Vienne";75;"Nouvelle-Aquitaine";1;"H1";2015;"2015-2019";"Sécheresse";82
"87";"Haute-Vienne";75;"Nouvelle-Aquitaine";1;"H1";2016;"2015-2019";"Gel";106
"87";"Haute-Vienne";75;"Nouvelle-Aquitaine";1;"H1";2016;"2015-2019";"Inondation";7
"87";"Haute-Vienne";75;"Nouvelle-Aquitaine";1;"H1";2016;"2015-2019";"Sécheresse";89
"87";"Haute-Vienne";75;"Nouvelle-Aquitaine";1;"H1";2017;"2015-2019";"Gel";86
"87";"Haute-Vienne";75;"Nouvelle-Aquitaine";1;"H1";2017;"2015-2019";"Inondation";7
"87";"Haute-Vienne";75;"Nouvelle-Aquitaine";1;"H1";2017;"2015-2019";"Sécheresse";87
"87";"Haute-Vienne";75;"Nouvelle-Aquitaine";1;"H1";2018;"2015-2019";"Gel";63
"87";"Haute-Vienne";75;"Nouvelle-Aquitaine";1;"H1";2018;"2015-2019";"Inondation";10
"87";"Haute-Vienne";75;"Nouvelle-Aquitaine";1;"H1";2018;"2015-2019";"Sécheresse";121
"87";"Haute-Vienne";75;"Nouvelle-Aquitaine";1;"H1";2019;"2015-2019";"Gel";92
"87";"Haute-Vienne";75;"Nouvelle-Aquitaine";1;"H1";2019;"2015-2019";"Inondation";7
"87";"Haute-Vienne";75;"Nouvelle-Aquitaine";1;"H1";2019;"2015-2019";"Sécheresse";91
"87";"Haute-Vienne";75;"Nouvelle-Aquitaine";1;"H1";2020;"2020-2024";"Gel";64
"87";"Haute-Vienne";75;"Nouvelle-Aquitaine";1;"H1";2020;"2020-2024";"Inondation";7
"87";"Haute-Vienne";75;"Nouvelle-Aquitaine";1;"H1";2020;"2020-2024";"Sécheresse";93
"87";"Haute-Vienne";75;"Nouvelle-Aquitaine";1;"H1";2021;"2020-2024";"Gel";98
"87";"Haute-Vienne";75;"Nouvelle-Aquitaine";1;"H1";2021;"2020-2024";"Inondation";6
"87";"Haute-Vienne";75;"Nouvelle-Aquitaine";1;"H1";2021;"2020-2024";"Sécheresse";61
"87";"Haute-Vienne";75;"Nouvelle-Aquitaine";1;"H1";2022;"2020-2024";"Gel";68
"87";"Haute-Vienne";75;"Nouvelle-Aquitaine";1;"H1";2022;"2020-2024";"Inondation";1
"87";"Haute-Vienne";75;"Nouvelle-Aquitaine";1;"H1";2022;"2020-2024";"Sécheresse";117
"87";"Haute-Vienne";75;"Nouvelle-Aquitaine";1;"H1";2023;"2020-2024";"Gel";68
"87";"Haute-Vienne";75;"Nouvelle-Aquitaine";1;"H1";2023;"2020-2024";"Inondation";7
"87";"Haute-Vienne";75;"Nouvelle-Aquitaine";1;"H1";2023;"2020-2024";"Sécheresse";113
"87";"Haute-Vienne";75;"Nouvelle-Aquitaine";1;"H1";2024;"2020-2024";"Gel";58
"87";"Haute-Vienne";75;"Nouvelle-Aquitaine";1;"H1";2024;"2020-2024";"Inondation";7
"87";"Haute-Vienne";75;"Nouvelle-Aquitaine";1;"H1";2024;"2020-2024";"Sécheresse";74
"88";"Vosges";44;"Grand Est";1;"H1";2010;"2010-2014";"Gel";145
"88";"Vosges";44;"Grand Est";1;"H1";2010;"2010-2014";"Inondation";11
"88";"Vosges";44;"Grand Est";1;"H1";2010;"2010-2014";"Sécheresse";69
"88";"Vosges";44;"Grand Est";1;"H1";2011;"2010-2014";"Gel";119
"88";"Vosges";44;"Grand Est";1;"H1";2011;"2010-2014";"Inondation";13
"88";"Vosges";44;"Grand Est";1;"H1";2011;"2010-2014";"Sécheresse";79
"88";"Vosges";44;"Grand Est";1;"H1";2012;"2010-2014";"Gel";129
"88";"Vosges";44;"Grand Est";1;"H1";2012;"2010-2014";"Inondation";13
"88";"Vosges";44;"Grand Est";1;"H1";2012;"2010-2014";"Sécheresse";79
"88";"Vosges";44;"Grand Est";1;"H1";2013;"2010-2014";"Gel";133
"88";"Vosges";44;"Grand Est";1;"H1";2013;"2010-2014";"Inondation";21
"88";"Vosges";44;"Grand Est";1;"H1";2013;"2010-2014";"Sécheresse";73
"88";"Vosges";44;"Grand Est";1;"H1";2014;"2010-2014";"Gel";96
"88";"Vosges";44;"Grand Est";1;"H1";2014;"2010-2014";"Inondation";7
"88";"Vosges";44;"Grand Est";1;"H1";2014;"2010-2014";"Sécheresse";69
"88";"Vosges";44;"Grand Est";1;"H1";2015;"2015-2019";"Gel";125
"88";"Vosges";44;"Grand Est";1;"H1";2015;"2015-2019";"Inondation";10
"88";"Vosges";44;"Grand Est";1;"H1";2015;"2015-2019";"Sécheresse";77
"88";"Vosges";44;"Grand Est";1;"H1";2016;"2015-2019";"Gel";128
"88";"Vosges";44;"Grand Est";1;"H1";2016;"2015-2019";"Inondation";17
"88";"Vosges";44;"Grand Est";1;"H1";2016;"2015-2019";"Sécheresse";74
"88";"Vosges";44;"Grand Est";1;"H1";2017;"2015-2019";"Gel";133
"88";"Vosges";44;"Grand Est";1;"H1";2017;"2015-2019";"Inondation";11
"88";"Vosges";44;"Grand Est";1;"H1";2017;"2015-2019";"Sécheresse";82
"88";"Vosges";44;"Grand Est";1;"H1";2018;"2015-2019";"Gel";105
"88";"Vosges";44;"Grand Est";1;"H1";2018;"2015-2019";"Inondation";15
"88";"Vosges";44;"Grand Est";1;"H1";2018;"2015-2019";"Sécheresse";122
"88";"Vosges";44;"Grand Est";1;"H1";2019;"2015-2019";"Gel";117
"88";"Vosges";44;"Grand Est";1;"H1";2019;"2015-2019";"Inondation";9
"88";"Vosges";44;"Grand Est";1;"H1";2019;"2015-2019";"Sécheresse";90
"88";"Vosges";44;"Grand Est";1;"H1";2020;"2020-2024";"Gel";110
"88";"Vosges";44;"Grand Est";1;"H1";2020;"2020-2024";"Inondation";9
"88";"Vosges";44;"Grand Est";1;"H1";2020;"2020-2024";"Sécheresse";93
"88";"Vosges";44;"Grand Est";1;"H1";2021;"2020-2024";"Gel";146
"88";"Vosges";44;"Grand Est";1;"H1";2021;"2020-2024";"Inondation";16
"88";"Vosges";44;"Grand Est";1;"H1";2021;"2020-2024";"Sécheresse";59
"88";"Vosges";44;"Grand Est";1;"H1";2022;"2020-2024";"Gel";112
"88";"Vosges";44;"Grand Est";1;"H1";2022;"2020-2024";"Inondation";14
"88";"Vosges";44;"Grand Est";1;"H1";2022;"2020-2024";"Sécheresse";98
"88";"Vosges";44;"Grand Est";1;"H1";2023;"2020-2024";"Gel";91
"88";"Vosges";44;"Grand Est";1;"H1";2023;"2020-2024";"Inondation";12
"88";"Vosges";44;"Grand Est";1;"H1";2023;"2020-2024";"Sécheresse";105
"88";"Vosges";44;"Grand Est";1;"H1";2024;"2020-2024";"Gel";94
"88";"Vosges";44;"Grand Est";1;"H1";2024;"2020-2024";"Inondation";11
"88";"Vosges";44;"Grand Est";1;"H1";2024;"2020-2024";"Sécheresse";75
"89";"Yonne";27;"Bourgogne-Franche-Comté";1;"H1";2010;"2010-2014";"Gel";117
"89";"Yonne";27;"Bourgogne-Franche-Comté";1;"H1";2010;"2010-2014";"Inondation";4
"89";"Yonne";27;"Bourgogne-Franche-Comté";1;"H1";2010;"2010-2014";"Sécheresse";87
"89";"Yonne";27;"Bourgogne-Franche-Comté";1;"H1";2011;"2010-2014";"Gel";85
"89";"Yonne";27;"Bourgogne-Franche-Comté";1;"H1";2011;"2010-2014";"Inondation";6
"89";"Yonne";27;"Bourgogne-Franche-Comté";1;"H1";2011;"2010-2014";"Sécheresse";101
"89";"Yonne";27;"Bourgogne-Franche-Comté";1;"H1";2012;"2010-2014";"Gel";93
"89";"Yonne";27;"Bourgogne-Franche-Comté";1;"H1";2012;"2010-2014";"Inondation";3
"89";"Yonne";27;"Bourgogne-Franche-Comté";1;"H1";2012;"2010-2014";"Sécheresse";83
"89";"Yonne";27;"Bourgogne-Franche-Comté";1;"H1";2013;"2010-2014";"Gel";107
"89";"Yonne";27;"Bourgogne-Franche-Comté";1;"H1";2013;"2010-2014";"Inondation";10
"89";"Yonne";27;"Bourgogne-Franche-Comté";1;"H1";2013;"2010-2014";"Sécheresse";82
"89";"Yonne";27;"Bourgogne-Franche-Comté";1;"H1";2014;"2010-2014";"Gel";58
"89";"Yonne";27;"Bourgogne-Franche-Comté";1;"H1";2014;"2010-2014";"Inondation";3
"89";"Yonne";27;"Bourgogne-Franche-Comté";1;"H1";2014;"2010-2014";"Sécheresse";76
"89";"Yonne";27;"Bourgogne-Franche-Comté";1;"H1";2015;"2015-2019";"Gel";93
"89";"Yonne";27;"Bourgogne-Franche-Comté";1;"H1";2015;"2015-2019";"Inondation";5
"89";"Yonne";27;"Bourgogne-Franche-Comté";1;"H1";2015;"2015-2019";"Sécheresse";85
"89";"Yonne";27;"Bourgogne-Franche-Comté";1;"H1";2016;"2015-2019";"Gel";103
"89";"Yonne";27;"Bourgogne-Franche-Comté";1;"H1";2016;"2015-2019";"Inondation";6
"89";"Yonne";27;"Bourgogne-Franche-Comté";1;"H1";2016;"2015-2019";"Sécheresse";82
"89";"Yonne";27;"Bourgogne-Franche-Comté";1;"H1";2017;"2015-2019";"Gel";92
"89";"Yonne";27;"Bourgogne-Franche-Comté";1;"H1";2017;"2015-2019";"Inondation";6
"89";"Yonne";27;"Bourgogne-Franche-Comté";1;"H1";2017;"2015-2019";"Sécheresse";87
"89";"Yonne";27;"Bourgogne-Franche-Comté";1;"H1";2018;"2015-2019";"Gel";74
"89";"Yonne";27;"Bourgogne-Franche-Comté";1;"H1";2018;"2015-2019";"Inondation";3
"89";"Yonne";27;"Bourgogne-Franche-Comté";1;"H1";2018;"2015-2019";"Sécheresse";131
"89";"Yonne";27;"Bourgogne-Franche-Comté";1;"H1";2019;"2015-2019";"Gel";91
"89";"Yonne";27;"Bourgogne-Franche-Comté";1;"H1";2019;"2015-2019";"Inondation";1
"89";"Yonne";27;"Bourgogne-Franche-Comté";1;"H1";2019;"2015-2019";"Sécheresse";100
"89";"Yonne";27;"Bourgogne-Franche-Comté";1;"H1";2020;"2020-2024";"Gel";69
"89";"Yonne";27;"Bourgogne-Franche-Comté";1;"H1";2020;"2020-2024";"Inondation";2
"89";"Yonne";27;"Bourgogne-Franche-Comté";1;"H1";2020;"2020-2024";"Sécheresse";116
"89";"Yonne";27;"Bourgogne-Franche-Comté";1;"H1";2021;"2020-2024";"Gel";107
"89";"Yonne";27;"Bourgogne-Franche-Comté";1;"H1";2021;"2020-2024";"Inondation";2
"89";"Yonne";27;"Bourgogne-Franche-Comté";1;"H1";2021;"2020-2024";"Sécheresse";68
"89";"Yonne";27;"Bourgogne-Franche-Comté";1;"H1";2022;"2020-2024";"Gel";74
"89";"Yonne";27;"Bourgogne-Franche-Comté";1;"H1";2022;"2020-2024";"Inondation";1
"89";"Yonne";27;"Bourgogne-Franche-Comté";1;"H1";2022;"2020-2024";"Sécheresse";109
"89";"Yonne";27;"Bourgogne-Franche-Comté";1;"H1";2023;"2020-2024";"Gel";64
"89";"Yonne";27;"Bourgogne-Franche-Comté";1;"H1";2023;"2020-2024";"Sécheresse";112
"89";"Yonne";27;"Bourgogne-Franche-Comté";1;"H1";2024;"2020-2024";"Gel";54
"89";"Yonne";27;"Bourgogne-Franche-Comté";1;"H1";2024;"2020-2024";"Inondation";5
"89";"Yonne";27;"Bourgogne-Franche-Comté";1;"H1";2024;"2020-2024";"Sécheresse";73
"90";"Territoire de Belfort";27;"Bourgogne-Franche-Comté";1;"H1";2010;"2010-2014";"Gel";148
"90";"Territoire de Belfort";27;"Bourgogne-Franche-Comté";1;"H1";2010;"2010-2014";"Inondation";7
"90";"Territoire de Belfort";27;"Bourgogne-Franche-Comté";1;"H1";2010;"2010-2014";"Sécheresse";51
"90";"Territoire de Belfort";27;"Bourgogne-Franche-Comté";1;"H1";2011;"2010-2014";"Gel";123
"90";"Territoire de Belfort";27;"Bourgogne-Franche-Comté";1;"H1";2011;"2010-2014";"Inondation";5
"90";"Territoire de Belfort";27;"Bourgogne-Franche-Comté";1;"H1";2011;"2010-2014";"Sécheresse";70
"90";"Territoire de Belfort";27;"Bourgogne-Franche-Comté";1;"H1";2012;"2010-2014";"Gel";132
"90";"Territoire de Belfort";27;"Bourgogne-Franche-Comté";1;"H1";2012;"2010-2014";"Inondation";11
"90";"Territoire de Belfort";27;"Bourgogne-Franche-Comté";1;"H1";2012;"2010-2014";"Sécheresse";63
"90";"Territoire de Belfort";27;"Bourgogne-Franche-Comté";1;"H1";2013;"2010-2014";"Gel";152
"90";"Territoire de Belfort";27;"Bourgogne-Franche-Comté";1;"H1";2013;"2010-2014";"Inondation";10
"90";"Territoire de Belfort";27;"Bourgogne-Franche-Comté";1;"H1";2013;"2010-2014";"Sécheresse";63
"90";"Territoire de Belfort";27;"Bourgogne-Franche-Comté";1;"H1";2014;"2010-2014";"Gel";111
"90";"Territoire de Belfort";27;"Bourgogne-Franche-Comté";1;"H1";2014;"2010-2014";"Inondation";1
"90";"Territoire de Belfort";27;"Bourgogne-Franche-Comté";1;"H1";2014;"2010-2014";"Sécheresse";56
"90";"Territoire de Belfort";27;"Bourgogne-Franche-Comté";1;"H1";2015;"2015-2019";"Gel";126
"90";"Territoire de Belfort";27;"Bourgogne-Franche-Comté";1;"H1";2015;"2015-2019";"Inondation";8
"90";"Territoire de Belfort";27;"Bourgogne-Franche-Comté";1;"H1";2015;"2015-2019";"Sécheresse";64
"90";"Territoire de Belfort";27;"Bourgogne-Franche-Comté";1;"H1";2016;"2015-2019";"Gel";145
"90";"Territoire de Belfort";27;"Bourgogne-Franche-Comté";1;"H1";2016;"2015-2019";"Inondation";7
"90";"Territoire de Belfort";27;"Bourgogne-Franche-Comté";1;"H1";2016;"2015-2019";"Sécheresse";77
"90";"Territoire de Belfort";27;"Bourgogne-Franche-Comté";1;"H1";2017;"2015-2019";"Gel";141
"90";"Territoire de Belfort";27;"Bourgogne-Franche-Comté";1;"H1";2017;"2015-2019";"Inondation";10
"90";"Territoire de Belfort";27;"Bourgogne-Franche-Comté";1;"H1";2017;"2015-2019";"Sécheresse";83
"90";"Territoire de Belfort";27;"Bourgogne-Franche-Comté";1;"H1";2018;"2015-2019";"Gel";120
"90";"Territoire de Belfort";27;"Bourgogne-Franche-Comté";1;"H1";2018;"2015-2019";"Inondation";10
"90";"Territoire de Belfort";27;"Bourgogne-Franche-Comté";1;"H1";2018;"2015-2019";"Sécheresse";117
"90";"Territoire de Belfort";27;"Bourgogne-Franche-Comté";1;"H1";2019;"2015-2019";"Gel";141
"90";"Territoire de Belfort";27;"Bourgogne-Franche-Comté";1;"H1";2019;"2015-2019";"Inondation";8
"90";"Territoire de Belfort";27;"Bourgogne-Franche-Comté";1;"H1";2019;"2015-2019";"Sécheresse";81
"90";"Territoire de Belfort";27;"Bourgogne-Franche-Comté";1;"H1";2020;"2020-2024";"Gel";121
"90";"Territoire de Belfort";27;"Bourgogne-Franche-Comté";1;"H1";2020;"2020-2024";"Inondation";9
"90";"Territoire de Belfort";27;"Bourgogne-Franche-Comté";1;"H1";2020;"2020-2024";"Sécheresse";95
"90";"Territoire de Belfort";27;"Bourgogne-Franche-Comté";1;"H1";2021;"2020-2024";"Gel";156
"90";"Territoire de Belfort";27;"Bourgogne-Franche-Comté";1;"H1";2021;"2020-2024";"Inondation";10
"90";"Territoire de Belfort";27;"Bourgogne-Franche-Comté";1;"H1";2021;"2020-2024";"Sécheresse";67
"90";"Territoire de Belfort";27;"Bourgogne-Franche-Comté";1;"H1";2022;"2020-2024";"Gel";113
"90";"Territoire de Belfort";27;"Bourgogne-Franche-Comté";1;"H1";2022;"2020-2024";"Inondation";9
"90";"Territoire de Belfort";27;"Bourgogne-Franche-Comté";1;"H1";2022;"2020-2024";"Sécheresse";105
"90";"Territoire de Belfort";27;"Bourgogne-Franche-Comté";1;"H1";2023;"2020-2024";"Gel";112
"90";"Territoire de Belfort";27;"Bourgogne-Franche-Comté";1;"H1";2023;"2020-2024";"Inondation";10
"90";"Territoire de Belfort";27;"Bourgogne-Franche-Comté";1;"H1";2023;"2020-2024";"Sécheresse";108
"90";"Territoire de Belfort";27;"Bourgogne-Franche-Comté";1;"H1";2024;"2020-2024";"Gel";108
"90";"Territoire de Belfort";27;"Bourgogne-Franche-Comté";1;"H1";2024;"2020-2024";"Inondation";12
"90";"Territoire de Belfort";27;"Bourgogne-Franche-Comté";1;"H1";2024;"2020-2024";"Sécheresse";76
"91";"Essonne";11;"Île-de-France";1;"H1";2010;"2010-2014";"Gel";96
"91";"Essonne";11;"Île-de-France";1;"H1";2010;"2010-2014";"Inondation";1
"91";"Essonne";11;"Île-de-France";1;"H1";2010;"2010-2014";"Sécheresse";66
"91";"Essonne";11;"Île-de-France";1;"H1";2011;"2010-2014";"Gel";54
"91";"Essonne";11;"Île-de-France";1;"H1";2011;"2010-2014";"Inondation";2
"91";"Essonne";11;"Île-de-France";1;"H1";2011;"2010-2014";"Sécheresse";65
"91";"Essonne";11;"Île-de-France";1;"H1";2012;"2010-2014";"Gel";59
"91";"Essonne";11;"Île-de-France";1;"H1";2012;"2010-2014";"Inondation";3
"91";"Essonne";11;"Île-de-France";1;"H1";2012;"2010-2014";"Sécheresse";57
"91";"Essonne";11;"Île-de-France";1;"H1";2013;"2010-2014";"Gel";77
"91";"Essonne";11;"Île-de-France";1;"H1";2013;"2010-2014";"Inondation";1
"91";"Essonne";11;"Île-de-France";1;"H1";2013;"2010-2014";"Sécheresse";68
"91";"Essonne";11;"Île-de-France";1;"H1";2014;"2010-2014";"Gel";32
"91";"Essonne";11;"Île-de-France";1;"H1";2014;"2010-2014";"Inondation";1
"91";"Essonne";11;"Île-de-France";1;"H1";2014;"2010-2014";"Sécheresse";52
"91";"Essonne";11;"Île-de-France";1;"H1";2015;"2015-2019";"Gel";61
"91";"Essonne";11;"Île-de-France";1;"H1";2015;"2015-2019";"Inondation";2
"91";"Essonne";11;"Île-de-France";1;"H1";2015;"2015-2019";"Sécheresse";62
"91";"Essonne";11;"Île-de-France";1;"H1";2016;"2015-2019";"Gel";73
"91";"Essonne";11;"Île-de-France";1;"H1";2016;"2015-2019";"Inondation";3
"91";"Essonne";11;"Île-de-France";1;"H1";2016;"2015-2019";"Sécheresse";61
"91";"Essonne";11;"Île-de-France";1;"H1";2017;"2015-2019";"Gel";62
"91";"Essonne";11;"Île-de-France";1;"H1";2017;"2015-2019";"Inondation";4
"91";"Essonne";11;"Île-de-France";1;"H1";2017;"2015-2019";"Sécheresse";74
"91";"Essonne";11;"Île-de-France";1;"H1";2018;"2015-2019";"Gel";57
"91";"Essonne";11;"Île-de-France";1;"H1";2018;"2015-2019";"Inondation";2
"91";"Essonne";11;"Île-de-France";1;"H1";2018;"2015-2019";"Sécheresse";111
"91";"Essonne";11;"Île-de-France";1;"H1";2019;"2015-2019";"Gel";60
"91";"Essonne";11;"Île-de-France";1;"H1";2019;"2015-2019";"Inondation";1
"91";"Essonne";11;"Île-de-France";1;"H1";2019;"2015-2019";"Sécheresse";82
"91";"Essonne";11;"Île-de-France";1;"H1";2020;"2020-2024";"Gel";43
"91";"Essonne";11;"Île-de-France";1;"H1";2020;"2020-2024";"Inondation";3
"91";"Essonne";11;"Île-de-France";1;"H1";2020;"2020-2024";"Sécheresse";87
"91";"Essonne";11;"Île-de-France";1;"H1";2021;"2020-2024";"Gel";71
"91";"Essonne";11;"Île-de-France";1;"H1";2021;"2020-2024";"Inondation";3
"91";"Essonne";11;"Île-de-France";1;"H1";2021;"2020-2024";"Sécheresse";55
"91";"Essonne";11;"Île-de-France";1;"H1";2022;"2020-2024";"Gel";48
"91";"Essonne";11;"Île-de-France";1;"H1";2022;"2020-2024";"Inondation";1
"91";"Essonne";11;"Île-de-France";1;"H1";2022;"2020-2024";"Sécheresse";95
"91";"Essonne";11;"Île-de-France";1;"H1";2023;"2020-2024";"Gel";48
"91";"Essonne";11;"Île-de-France";1;"H1";2023;"2020-2024";"Sécheresse";103
"91";"Essonne";11;"Île-de-France";1;"H1";2024;"2020-2024";"Gel";38
"91";"Essonne";11;"Île-de-France";1;"H1";2024;"2020-2024";"Inondation";3
"91";"Essonne";11;"Île-de-France";1;"H1";2024;"2020-2024";"Sécheresse";62
"92";"Hauts-de-Seine";11;"Île-de-France";1;"H1";2010;"2010-2014";"Gel";62
"92";"Hauts-de-Seine";11;"Île-de-France";1;"H1";2010;"2010-2014";"Inondation";1
"92";"Hauts-de-Seine";11;"Île-de-France";1;"H1";2010;"2010-2014";"Sécheresse";69
"92";"Hauts-de-Seine";11;"Île-de-France";1;"H1";2011;"2010-2014";"Gel";19
"92";"Hauts-de-Seine";11;"Île-de-France";1;"H1";2011;"2010-2014";"Sécheresse";71
"92";"Hauts-de-Seine";11;"Île-de-France";1;"H1";2012;"2010-2014";"Gel";31
"92";"Hauts-de-Seine";11;"Île-de-France";1;"H1";2012;"2010-2014";"Sécheresse";61
"92";"Hauts-de-Seine";11;"Île-de-France";1;"H1";2013;"2010-2014";"Gel";43
"92";"Hauts-de-Seine";11;"Île-de-France";1;"H1";2013;"2010-2014";"Sécheresse";69
"92";"Hauts-de-Seine";11;"Île-de-France";1;"H1";2014;"2010-2014";"Gel";9
"92";"Hauts-de-Seine";11;"Île-de-France";1;"H1";2014;"2010-2014";"Sécheresse";60
"92";"Hauts-de-Seine";11;"Île-de-France";1;"H1";2015;"2015-2019";"Gel";22
"92";"Hauts-de-Seine";11;"Île-de-France";1;"H1";2015;"2015-2019";"Sécheresse";69
"92";"Hauts-de-Seine";11;"Île-de-France";1;"H1";2016;"2015-2019";"Gel";25
"92";"Hauts-de-Seine";11;"Île-de-France";1;"H1";2016;"2015-2019";"Inondation";1
"92";"Hauts-de-Seine";11;"Île-de-France";1;"H1";2016;"2015-2019";"Sécheresse";67
"92";"Hauts-de-Seine";11;"Île-de-France";1;"H1";2017;"2015-2019";"Gel";28
"92";"Hauts-de-Seine";11;"Île-de-France";1;"H1";2017;"2015-2019";"Inondation";1
"92";"Hauts-de-Seine";11;"Île-de-France";1;"H1";2017;"2015-2019";"Sécheresse";74
"92";"Hauts-de-Seine";11;"Île-de-France";1;"H1";2018;"2015-2019";"Gel";34
"92";"Hauts-de-Seine";11;"Île-de-France";1;"H1";2018;"2015-2019";"Inondation";1
"92";"Hauts-de-Seine";11;"Île-de-France";1;"H1";2018;"2015-2019";"Sécheresse";110
"92";"Hauts-de-Seine";11;"Île-de-France";1;"H1";2019;"2015-2019";"Gel";15
"92";"Hauts-de-Seine";11;"Île-de-France";1;"H1";2020;"2020-2024";"Gel";5
"92";"Hauts-de-Seine";11;"Île-de-France";1;"H1";2020;"2020-2024";"Inondation";1
"92";"Hauts-de-Seine";11;"Île-de-France";1;"H1";2020;"2020-2024";"Sécheresse";85
"92";"Hauts-de-Seine";11;"Île-de-France";1;"H1";2021;"2020-2024";"Gel";19
"92";"Hauts-de-Seine";11;"Île-de-France";1;"H1";2021;"2020-2024";"Inondation";1
"92";"Hauts-de-Seine";11;"Île-de-France";1;"H1";2021;"2020-2024";"Sécheresse";55
"92";"Hauts-de-Seine";11;"Île-de-France";1;"H1";2022;"2020-2024";"Gel";21
"92";"Hauts-de-Seine";11;"Île-de-France";1;"H1";2022;"2020-2024";"Sécheresse";90
"92";"Hauts-de-Seine";11;"Île-de-France";1;"H1";2023;"2020-2024";"Gel";15
"92";"Hauts-de-Seine";11;"Île-de-France";1;"H1";2023;"2020-2024";"Sécheresse";88
"92";"Hauts-de-Seine";11;"Île-de-France";1;"H1";2024;"2020-2024";"Gel";14
"92";"Hauts-de-Seine";11;"Île-de-France";1;"H1";2024;"2020-2024";"Inondation";1
"92";"Hauts-de-Seine";11;"Île-de-France";1;"H1";2024;"2020-2024";"Sécheresse";55
"93";"Seine-Saint-Denis";11;"Île-de-France";1;"H1";2010;"2010-2014";"Gel";72
"93";"Seine-Saint-Denis";11;"Île-de-France";1;"H1";2010;"2010-2014";"Inondation";2
"93";"Seine-Saint-Denis";11;"Île-de-France";1;"H1";2010;"2010-2014";"Sécheresse";65
"93";"Seine-Saint-Denis";11;"Île-de-France";1;"H1";2011;"2010-2014";"Gel";31
"93";"Seine-Saint-Denis";11;"Île-de-France";1;"H1";2011;"2010-2014";"Sécheresse";75
"93";"Seine-Saint-Denis";11;"Île-de-France";1;"H1";2012;"2010-2014";"Gel";37
"93";"Seine-Saint-Denis";11;"Île-de-France";1;"H1";2012;"2010-2014";"Sécheresse";60
"93";"Seine-Saint-Denis";11;"Île-de-France";1;"H1";2013;"2010-2014";"Gel";58
"93";"Seine-Saint-Denis";11;"Île-de-France";1;"H1";2013;"2010-2014";"Inondation";1
"93";"Seine-Saint-Denis";11;"Île-de-France";1;"H1";2013;"2010-2014";"Sécheresse";39
"93";"Seine-Saint-Denis";11;"Île-de-France";1;"H1";2014;"2010-2014";"Gel";19
"93";"Seine-Saint-Denis";11;"Île-de-France";1;"H1";2014;"2010-2014";"Sécheresse";48
"93";"Seine-Saint-Denis";11;"Île-de-France";1;"H1";2015;"2015-2019";"Gel";40
"93";"Seine-Saint-Denis";11;"Île-de-France";1;"H1";2015;"2015-2019";"Sécheresse";61
"93";"Seine-Saint-Denis";11;"Île-de-France";1;"H1";2016;"2015-2019";"Gel";46
"93";"Seine-Saint-Denis";11;"Île-de-France";1;"H1";2016;"2015-2019";"Inondation";1
"93";"Seine-Saint-Denis";11;"Île-de-France";1;"H1";2016;"2015-2019";"Sécheresse";60
"93";"Seine-Saint-Denis";11;"Île-de-France";1;"H1";2017;"2015-2019";"Gel";44
"93";"Seine-Saint-Denis";11;"Île-de-France";1;"H1";2017;"2015-2019";"Inondation";1
"93";"Seine-Saint-Denis";11;"Île-de-France";1;"H1";2017;"2015-2019";"Sécheresse";66
"93";"Seine-Saint-Denis";11;"Île-de-France";1;"H1";2018;"2015-2019";"Gel";44
"93";"Seine-Saint-Denis";11;"Île-de-France";1;"H1";2018;"2015-2019";"Inondation";1
"93";"Seine-Saint-Denis";11;"Île-de-France";1;"H1";2018;"2015-2019";"Sécheresse";101
"93";"Seine-Saint-Denis";11;"Île-de-France";1;"H1";2019;"2015-2019";"Gel";45
"93";"Seine-Saint-Denis";11;"Île-de-France";1;"H1";2019;"2015-2019";"Inondation";1
"93";"Seine-Saint-Denis";11;"Île-de-France";1;"H1";2019;"2015-2019";"Sécheresse";76
"93";"Seine-Saint-Denis";11;"Île-de-France";1;"H1";2020;"2020-2024";"Gel";27
"93";"Seine-Saint-Denis";11;"Île-de-France";1;"H1";2020;"2020-2024";"Inondation";1
"93";"Seine-Saint-Denis";11;"Île-de-France";1;"H1";2020;"2020-2024";"Sécheresse";83
"93";"Seine-Saint-Denis";11;"Île-de-France";1;"H1";2021;"2020-2024";"Gel";48
"93";"Seine-Saint-Denis";11;"Île-de-France";1;"H1";2021;"2020-2024";"Inondation";1
"93";"Seine-Saint-Denis";11;"Île-de-France";1;"H1";2021;"2020-2024";"Sécheresse";50
"93";"Seine-Saint-Denis";11;"Île-de-France";1;"H1";2022;"2020-2024";"Gel";35
"93";"Seine-Saint-Denis";11;"Île-de-France";1;"H1";2022;"2020-2024";"Inondation";1
"93";"Seine-Saint-Denis";11;"Île-de-France";1;"H1";2022;"2020-2024";"Sécheresse";93
"93";"Seine-Saint-Denis";11;"Île-de-France";1;"H1";2023;"2020-2024";"Gel";32
"93";"Seine-Saint-Denis";11;"Île-de-France";1;"H1";2023;"2020-2024";"Inondation";1
"93";"Seine-Saint-Denis";11;"Île-de-France";1;"H1";2023;"2020-2024";"Sécheresse";97
"93";"Seine-Saint-Denis";11;"Île-de-France";1;"H1";2024;"2020-2024";"Gel";26
"93";"Seine-Saint-Denis";11;"Île-de-France";1;"H1";2024;"2020-2024";"Inondation";2
"93";"Seine-Saint-Denis";11;"Île-de-France";1;"H1";2024;"2020-2024";"Sécheresse";60
"94";"Val-de-Marne";11;"Île-de-France";1;"H1";2010;"2010-2014";"Gel";69
"94";"Val-de-Marne";11;"Île-de-France";1;"H1";2010;"2010-2014";"Inondation";3
"94";"Val-de-Marne";11;"Île-de-France";1;"H1";2010;"2010-2014";"Sécheresse";74
"94";"Val-de-Marne";11;"Île-de-France";1;"H1";2011;"2010-2014";"Gel";36
"94";"Val-de-Marne";11;"Île-de-France";1;"H1";2011;"2010-2014";"Inondation";1
"94";"Val-de-Marne";11;"Île-de-France";1;"H1";2011;"2010-2014";"Sécheresse";79
"94";"Val-de-Marne";11;"Île-de-France";1;"H1";2012;"2010-2014";"Gel";40
"94";"Val-de-Marne";11;"Île-de-France";1;"H1";2012;"2010-2014";"Sécheresse";66
"94";"Val-de-Marne";11;"Île-de-France";1;"H1";2013;"2010-2014";"Gel";58
"94";"Val-de-Marne";11;"Île-de-France";1;"H1";2013;"2010-2014";"Sécheresse";81
"94";"Val-de-Marne";11;"Île-de-France";1;"H1";2014;"2010-2014";"Gel";11
"94";"Val-de-Marne";11;"Île-de-France";1;"H1";2014;"2010-2014";"Sécheresse";63
"94";"Val-de-Marne";11;"Île-de-France";1;"H1";2015;"2015-2019";"Gel";30
"94";"Val-de-Marne";11;"Île-de-France";1;"H1";2015;"2015-2019";"Sécheresse";71
"94";"Val-de-Marne";11;"Île-de-France";1;"H1";2016;"2015-2019";"Gel";44
"94";"Val-de-Marne";11;"Île-de-France";1;"H1";2016;"2015-2019";"Inondation";3
"94";"Val-de-Marne";11;"Île-de-France";1;"H1";2016;"2015-2019";"Sécheresse";75
"94";"Val-de-Marne";11;"Île-de-France";1;"H1";2017;"2015-2019";"Gel";35
"94";"Val-de-Marne";11;"Île-de-France";1;"H1";2017;"2015-2019";"Inondation";1
"94";"Val-de-Marne";11;"Île-de-France";1;"H1";2017;"2015-2019";"Sécheresse";84
"94";"Val-de-Marne";11;"Île-de-France";1;"H1";2018;"2015-2019";"Gel";38
"94";"Val-de-Marne";11;"Île-de-France";1;"H1";2018;"2015-2019";"Inondation";1
"94";"Val-de-Marne";11;"Île-de-France";1;"H1";2018;"2015-2019";"Sécheresse";117
"94";"Val-de-Marne";11;"Île-de-France";1;"H1";2019;"2015-2019";"Gel";34
"94";"Val-de-Marne";11;"Île-de-France";1;"H1";2019;"2015-2019";"Inondation";1
"94";"Val-de-Marne";11;"Île-de-France";1;"H1";2019;"2015-2019";"Sécheresse";87
"94";"Val-de-Marne";11;"Île-de-France";1;"H1";2020;"2020-2024";"Gel";22
"94";"Val-de-Marne";11;"Île-de-France";1;"H1";2020;"2020-2024";"Sécheresse";107
"94";"Val-de-Marne";11;"Île-de-France";1;"H1";2021;"2020-2024";"Gel";42
"94";"Val-de-Marne";11;"Île-de-France";1;"H1";2021;"2020-2024";"Inondation";2
"94";"Val-de-Marne";11;"Île-de-France";1;"H1";2021;"2020-2024";"Sécheresse";65
"94";"Val-de-Marne";11;"Île-de-France";1;"H1";2022;"2020-2024";"Gel";27
"94";"Val-de-Marne";11;"Île-de-France";1;"H1";2022;"2020-2024";"Sécheresse";94
"94";"Val-de-Marne";11;"Île-de-France";1;"H1";2023;"2020-2024";"Gel";23
"94";"Val-de-Marne";11;"Île-de-France";1;"H1";2023;"2020-2024";"Sécheresse";101
"94";"Val-de-Marne";11;"Île-de-France";1;"H1";2024;"2020-2024";"Gel";22
"94";"Val-de-Marne";11;"Île-de-France";1;"H1";2024;"2020-2024";"Inondation";2
"94";"Val-de-Marne";11;"Île-de-France";1;"H1";2024;"2020-2024";"Sécheresse";60
"95";"Val-d'Oise";11;"Île-de-France";1;"H1";2010;"2010-2014";"Gel";91
"95";"Val-d'Oise";11;"Île-de-France";1;"H1";2010;"2010-2014";"Inondation";2
"95";"Val-d'Oise";11;"Île-de-France";1;"H1";2010;"2010-2014";"Sécheresse";81
"95";"Val-d'Oise";11;"Île-de-France";1;"H1";2011;"2010-2014";"Gel";42
"95";"Val-d'Oise";11;"Île-de-France";1;"H1";2011;"2010-2014";"Sécheresse";86
"95";"Val-d'Oise";11;"Île-de-France";1;"H1";2012;"2010-2014";"Gel";48
"95";"Val-d'Oise";11;"Île-de-France";1;"H1";2012;"2010-2014";"Sécheresse";63
"95";"Val-d'Oise";11;"Île-de-France";1;"H1";2013;"2010-2014";"Gel";62
"95";"Val-d'Oise";11;"Île-de-France";1;"H1";2013;"2010-2014";"Inondation";1
"95";"Val-d'Oise";11;"Île-de-France";1;"H1";2013;"2010-2014";"Sécheresse";72
"95";"Val-d'Oise";11;"Île-de-France";1;"H1";2014;"2010-2014";"Gel";18
"95";"Val-d'Oise";11;"Île-de-France";1;"H1";2014;"2010-2014";"Sécheresse";68
"95";"Val-d'Oise";11;"Île-de-France";1;"H1";2015;"2015-2019";"Gel";45
"95";"Val-d'Oise";11;"Île-de-France";1;"H1";2015;"2015-2019";"Sécheresse";61
"95";"Val-d'Oise";11;"Île-de-France";1;"H1";2016;"2015-2019";"Gel";59
"95";"Val-d'Oise";11;"Île-de-France";1;"H1";2016;"2015-2019";"Inondation";2
"95";"Val-d'Oise";11;"Île-de-France";1;"H1";2016;"2015-2019";"Sécheresse";60
"95";"Val-d'Oise";11;"Île-de-France";1;"H1";2017;"2015-2019";"Gel";47
"95";"Val-d'Oise";11;"Île-de-France";1;"H1";2017;"2015-2019";"Sécheresse";65
"95";"Val-d'Oise";11;"Île-de-France";1;"H1";2018;"2015-2019";"Gel";48
"95";"Val-d'Oise";11;"Île-de-France";1;"H1";2018;"2015-2019";"Inondation";3
"95";"Val-d'Oise";11;"Île-de-France";1;"H1";2018;"2015-2019";"Sécheresse";99
"95";"Val-d'Oise";11;"Île-de-France";1;"H1";2019;"2015-2019";"Gel";43
"95";"Val-d'Oise";11;"Île-de-France";1;"H1";2019;"2015-2019";"Sécheresse";74
"95";"Val-d'Oise";11;"Île-de-France";1;"H1";2020;"2020-2024";"Gel";29
"95";"Val-d'Oise";11;"Île-de-France";1;"H1";2020;"2020-2024";"Inondation";2
"95";"Val-d'Oise";11;"Île-de-France";1;"H1";2020;"2020-2024";"Sécheresse";81
"95";"Val-d'Oise";11;"Île-de-France";1;"H1";2021;"2020-2024";"Gel";58
"95";"Val-d'Oise";11;"Île-de-France";1;"H1";2021;"2020-2024";"Inondation";2
"95";"Val-d'Oise";11;"Île-de-France";1;"H1";2021;"2020-2024";"Sécheresse";46
"95";"Val-d'Oise";11;"Île-de-France";1;"H1";2022;"2020-2024";"Gel";42
"95";"Val-d'Oise";11;"Île-de-France";1;"H1";2022;"2020-2024";"Sécheresse";83
"95";"Val-d'Oise";11;"Île-de-France";1;"H1";2023;"2020-2024";"Gel";39
"95";"Val-d'Oise";11;"Île-de-France";1;"H1";2023;"2020-2024";"Sécheresse";82
"95";"Val-d'Oise";11;"Île-de-France";1;"H1";2024;"2020-2024";"Gel";34
"95";"Val-d'Oise";11;"Île-de-France";1;"H1";2024;"2020-2024";"Inondation";2
"95";"Val-d'Oise";11;"Île-de-France";1;"H1";2024;"2020-2024";"Sécheresse";53
