"code_departement","annee","type_alerte","nb_alertes"
"01",2010,"Gel",151
"02",2010,"Gel",120
"03",2010,"Gel",134
"04",2010,"Gel",236
"05",2010,"Gel",269
"06",2010,"Gel",226
"07",2010,"Gel",161
"08",2010,"Gel",131
"09",2010,"Gel",203
"10",2010,"Gel",115
"12",2010,"Gel",168
"14",2010,"Gel",112
"15",2010,"Gel",167
"16",2010,"Gel",103
"17",2010,"Gel",95
"18",2010,"Gel",114
"19",2010,"Gel",140
"21",2010,"Gel",125
"22",2010,"Gel",97
"23",2010,"Gel",139
"24",2010,"Gel",97
"25",2010,"Gel",179
"26",2010,"Gel",161
"27",2010,"Gel",110
"28",2010,"Gel",127
"29",2010,"Gel",93
"2A",2010,"Gel",150
"2A",2010,"Inondation",31
"2B",2010,"Gel",144
"2B",2010,"Inondation",22
"30",2010,"Gel",171
"31",2010,"Gel",196
"33",2010,"Gel",108
"35",2010,"Gel",97
"36",2010,"Gel",107
"37",2010,"Gel",100
"38",2010,"Gel",275
"39",2010,"Gel",162
"41",2010,"Gel",117
"42",2010,"Gel",167
"43",2010,"Gel",179
"45",2010,"Gel",102
"48",2010,"Gel",185
"49",2010,"Gel",90
"50",2010,"Gel",95
"51",2010,"Gel",130
"52",2010,"Gel",141
"53",2010,"Gel",107
"54",2010,"Gel",128
"55",2010,"Gel",126
"56",2010,"Gel",103
"57",2010,"Gel",133
"58",2010,"Gel",127
"59",2010,"Gel",94
"60",2010,"Gel",113
"61",2010,"Gel",125
"62",2010,"Gel",92
"63",2010,"Gel",179
"64",2010,"Gel",180
"65",2010,"Gel",251
"66",2010,"Gel",215
"67",2010,"Gel",145
"68",2010,"Gel",156
"69",2010,"Gel",121
"70",2010,"Gel",159
"71",2010,"Gel",128
"72",2010,"Gel",97
"73",2010,"Gel",283
"73",2010,"Inondation",14
"74",2010,"Gel",350
"75",2010,"Gel",84
"76",2010,"Gel",92
"77",2010,"Gel",106
"78",2010,"Gel",99
"79",2010,"Gel",95
"80",2010,"Gel",109
"81",2010,"Gel",117
"84",2010,"Gel",159
"86",2010,"Gel",101
"87",2010,"Gel",116
"88",2010,"Gel",145
"89",2010,"Gel",117
"90",2010,"Gel",148
"91",2010,"Gel",96
"95",2010,"Gel",91
"05",2010,"Inondation",16
"11",2010,"Gel",119
"13",2010,"Gel",95
"32",2010,"Gel",87
"34",2010,"Gel",108
"40",2010,"Gel",89
"44",2010,"Gel",81
"46",2010,"Gel",104
"47",2010,"Gel",101
"82",2010,"Gel",92
"83",2010,"Gel",120
"85",2010,"Gel",83
"92",2010,"Gel",62
"93",2010,"Gel",72
"94",2010,"Gel",69
"11",2010,"Inondation",14
"13",2010,"Inondation",7
"66",2010,"Inondation",19
"83",2010,"Inondation",21
"84",2010,"Inondation",17
"30",2010,"Inondation",30
"50",2010,"Inondation",7
"07",2010,"Inondation",26
"09",2010,"Inondation",12
"12",2010,"Inondation",11
"31",2010,"Inondation",11
"34",2010,"Inondation",22
"40",2010,"Inondation",10
"48",2010,"Inondation",24
"64",2010,"Inondation",22
"65",2010,"Inondation",17
"01",2010,"Inondation",13
"15",2010,"Inondation",19
"38",2010,"Inondation",20
"81",2010,"Inondation",12
"06",2010,"Inondation",22
"29",2010,"Inondation",12
"68",2010,"Inondation",14
"74",2010,"Inondation",16
"90",2010,"Inondation",7
"22",2010,"Inondation",7
"56",2010,"Inondation",9
"64",2010,"Sécheresse",110
"2A",2010,"Sécheresse",147
"04",2010,"Inondation",14
"40",2010,"Sécheresse",126
"09",2010,"Sécheresse",113
"31",2010,"Sécheresse",107
"65",2010,"Sécheresse",102
"07",2010,"Sécheresse",133
"23",2010,"Inondation",11
"87",2010,"Inondation",8
"46",2010,"Sécheresse",117
"26",2010,"Inondation",14
"11",2010,"Sécheresse",138
"26",2010,"Sécheresse",129
"30",2010,"Sécheresse",147
"34",2010,"Sécheresse",142
"66",2010,"Sécheresse",148
"83",2010,"Sécheresse",144
"16",2010,"Sécheresse",100
"24",2010,"Sécheresse",115
"33",2010,"Sécheresse",119
"47",2010,"Sécheresse",112
"13",2010,"Sécheresse",133
"36",2010,"Sécheresse",95
"81",2010,"Sécheresse",116
"82",2010,"Sécheresse",117
"84",2010,"Sécheresse",137
"04",2010,"Sécheresse",123
"12",2010,"Sécheresse",108
"17",2010,"Sécheresse",94
"19",2010,"Sécheresse",98
"32",2010,"Sécheresse",112
"38",2010,"Sécheresse",108
"42",2010,"Sécheresse",107
"48",2010,"Sécheresse",98
"15",2010,"Sécheresse",99
"43",2010,"Sécheresse",80
"69",2010,"Sécheresse",101
"03",2010,"Sécheresse",91
"08",2010,"Sécheresse",67
"18",2010,"Sécheresse",88
"25",2010,"Sécheresse",75
"27",2010,"Sécheresse",72
"39",2010,"Sécheresse",81
"41",2010,"Sécheresse",83
"45",2010,"Sécheresse",79
"51",2010,"Sécheresse",64
"52",2010,"Sécheresse",68
"58",2010,"Sécheresse",88
"68",2010,"Sécheresse",74
"70",2010,"Sécheresse",72
"71",2010,"Sécheresse",92
"72",2010,"Sécheresse",82
"73",2010,"Sécheresse",94
"75",2010,"Sécheresse",72
"88",2010,"Sécheresse",69
"89",2010,"Sécheresse",87
"92",2010,"Sécheresse",69
"94",2010,"Sécheresse",74
"95",2010,"Sécheresse",81
"01",2010,"Sécheresse",92
"02",2010,"Sécheresse",57
"05",2010,"Sécheresse",109
"21",2010,"Sécheresse",67
"55",2010,"Sécheresse",57
"57",2010,"Sécheresse",61
"67",2010,"Sécheresse",64
"74",2010,"Sécheresse",80
"90",2010,"Sécheresse",51
"06",2010,"Sécheresse",125
"2B",2010,"Sécheresse",135
"10",2010,"Sécheresse",71
"14",2010,"Sécheresse",57
"22",2010,"Sécheresse",56
"23",2010,"Sécheresse",67
"28",2010,"Sécheresse",75
"29",2010,"Sécheresse",44
"35",2010,"Sécheresse",60
"37",2010,"Sécheresse",85
"44",2010,"Sécheresse",76
"49",2010,"Sécheresse",84
"50",2010,"Sécheresse",43
"53",2010,"Sécheresse",72
"56",2010,"Sécheresse",61
"59",2010,"Sécheresse",47
"60",2010,"Sécheresse",52
"61",2010,"Sécheresse",59
"62",2010,"Sécheresse",41
"63",2010,"Sécheresse",75
"76",2010,"Sécheresse",55
"77",2010,"Sécheresse",68
"78",2010,"Sécheresse",67
"79",2010,"Sécheresse",94
"80",2010,"Sécheresse",48
"85",2010,"Sécheresse",82
"86",2010,"Sécheresse",87
"87",2010,"Sécheresse",78
"91",2010,"Sécheresse",66
"93",2010,"Sécheresse",65
"54",2010,"Sécheresse",49
"42",2010,"Inondation",9
"32",2010,"Inondation",7
"63",2010,"Inondation",17
"02",2010,"Inondation",7
"60",2010,"Inondation",4
"76",2010,"Inondation",4
"10",2010,"Inondation",3
"19",2010,"Inondation",9
"57",2010,"Inondation",4
"70",2010,"Inondation",9
"39",2010,"Inondation",13
"21",2010,"Inondation",7
"25",2010,"Inondation",11
"43",2010,"Inondation",10
"69",2010,"Inondation",6
"03",2010,"Inondation",7
"24",2010,"Inondation",5
"46",2010,"Inondation",9
"47",2010,"Inondation",2
"58",2010,"Inondation",7
"71",2010,"Inondation",10
"82",2010,"Inondation",5
"88",2010,"Inondation",11
"14",2010,"Inondation",5
"27",2010,"Inondation",3
"28",2010,"Inondation",3
"41",2010,"Inondation",4
"54",2010,"Inondation",3
"61",2010,"Inondation",3
"85",2010,"Inondation",2
"86",2010,"Inondation",2
"36",2010,"Inondation",3
"75",2010,"Inondation",3
"78",2010,"Inondation",3
"94",2010,"Inondation",3
"16",2010,"Inondation",2
"17",2010,"Inondation",3
"33",2010,"Inondation",3
"67",2010,"Inondation",5
"18",2010,"Inondation",1
"77",2010,"Inondation",4
"89",2010,"Inondation",4
"59",2010,"Inondation",4
"91",2010,"Inondation",1
"92",2010,"Inondation",1
"93",2010,"Inondation",2
"95",2010,"Inondation",2
"45",2010,"Inondation",6
"51",2010,"Inondation",3
"08",2010,"Inondation",3
"52",2010,"Inondation",3
"55",2010,"Inondation",4
"80",2010,"Inondation",5
"35",2010,"Inondation",2
"37",2010,"Inondation",2
"44",2010,"Inondation",3
"49",2010,"Inondation",3
"72",2010,"Inondation",3
"62",2010,"Inondation",2
"79",2010,"Inondation",1
"53",2010,"Inondation",1
"01",2011,"Gel",132
"02",2011,"Gel",68
"03",2011,"Gel",96
"04",2011,"Gel",220
"05",2011,"Gel",266
"06",2011,"Gel",201
"07",2011,"Gel",141
"08",2011,"Gel",98
"09",2011,"Gel",158
"10",2011,"Gel",83
"11",2011,"Gel",87
"12",2011,"Gel",122
"14",2011,"Gel",49
"15",2011,"Gel",138
"16",2011,"Gel",62
"18",2011,"Gel",84
"19",2011,"Gel",119
"21",2011,"Gel",89
"22",2011,"Gel",40
"23",2011,"Gel",105
"25",2011,"Gel",168
"26",2011,"Gel",145
"27",2011,"Gel",57
"28",2011,"Gel",79
"29",2011,"Gel",34
"2A",2011,"Gel",162
"2B",2011,"Gel",111
"30",2011,"Gel",119
"31",2011,"Gel",183
"33",2011,"Gel",65
"34",2011,"Gel",80
"35",2011,"Gel",38
"36",2011,"Gel",72
"37",2011,"Gel",47
"38",2011,"Gel",265
"39",2011,"Gel",140
"40",2011,"Gel",60
"41",2011,"Gel",68
"42",2011,"Gel",139
"43",2011,"Gel",156
"44",2011,"Gel",29
"45",2011,"Gel",67
"47",2011,"Gel",62
"48",2011,"Gel",164
"49",2011,"Gel",38
"50",2011,"Gel",44
"51",2011,"Gel",95
"52",2011,"Gel",104
"53",2011,"Gel",54
"54",2011,"Gel",91
"55",2011,"Gel",91
"56",2011,"Gel",54
"57",2011,"Gel",106
"58",2011,"Gel",94
"59",2011,"Gel",48
"60",2011,"Gel",57
"61",2011,"Gel",74
"63",2011,"Gel",140
"64",2011,"Gel",151
"65",2011,"Gel",234
"66",2011,"Gel",191
"67",2011,"Gel",125
"68",2011,"Gel",132
"69",2011,"Gel",102
"70",2011,"Gel",128
"71",2011,"Gel",101
"72",2011,"Gel",53
"73",2011,"Gel",267
"74",2011,"Gel",350
"75",2011,"Gel",38
"76",2011,"Gel",36
"77",2011,"Gel",72
"78",2011,"Gel",61
"79",2011,"Gel",58
"80",2011,"Gel",51
"83",2011,"Gel",101
"84",2011,"Gel",130
"85",2011,"Gel",41
"86",2011,"Gel",65
"87",2011,"Gel",78
"88",2011,"Gel",119
"89",2011,"Gel",85
"90",2011,"Gel",123
"91",2011,"Gel",54
"92",2011,"Gel",19
"94",2011,"Gel",36
"95",2011,"Gel",42
"13",2011,"Gel",72
"17",2011,"Gel",59
"24",2011,"Gel",58
"32",2011,"Gel",44
"46",2011,"Gel",71
"81",2011,"Gel",73
"62",2011,"Gel",44
"82",2011,"Gel",45
"93",2011,"Gel",31
"68",2011,"Inondation",13
"74",2011,"Inondation",16
"88",2011,"Inondation",13
"90",2011,"Inondation",5
"07",2011,"Inondation",25
"48",2011,"Inondation",20
"01",2011,"Inondation",17
"30",2011,"Inondation",22
"31",2011,"Inondation",12
"38",2011,"Inondation",23
"06",2011,"Inondation",17
"62",2011,"Inondation",4
"2A",2011,"Inondation",25
"2B",2011,"Inondation",17
"11",2011,"Inondation",22
"34",2011,"Inondation",27
"66",2011,"Inondation",22
"81",2011,"Inondation",25
"66",2011,"Sécheresse",156
"13",2011,"Inondation",12
"83",2011,"Inondation",26
"64",2011,"Inondation",26
"65",2011,"Inondation",18
"73",2011,"Inondation",21
"04",2011,"Inondation",18
"09",2011,"Inondation",13
"12",2011,"Inondation",14
"15",2011,"Inondation",21
"05",2011,"Inondation",16
"43",2011,"Inondation",9
"69",2011,"Inondation",8
"26",2011,"Inondation",10
"84",2011,"Inondation",11
"89",2011,"Inondation",6
"71",2011,"Inondation",13
"04",2011,"Sécheresse",146
"05",2011,"Sécheresse",127
"06",2011,"Sécheresse",164
"07",2011,"Sécheresse",156
"09",2011,"Sécheresse",129
"11",2011,"Sécheresse",150
"12",2011,"Sécheresse",129
"15",2011,"Sécheresse",123
"19",2011,"Sécheresse",114
"24",2011,"Sécheresse",141
"30",2011,"Sécheresse",173
"32",2011,"Sécheresse",132
"33",2011,"Sécheresse",148
"34",2011,"Sécheresse",166
"40",2011,"Sécheresse",149
"46",2011,"Sécheresse",144
"47",2011,"Sécheresse",136
"48",2011,"Sécheresse",118
"64",2011,"Sécheresse",128
"65",2011,"Sécheresse",125
"79",2011,"Sécheresse",105
"81",2011,"Sécheresse",129
"82",2011,"Sécheresse",151
"01",2011,"Sécheresse",120
"02",2011,"Sécheresse",69
"03",2011,"Sécheresse",113
"08",2011,"Sécheresse",71
"10",2011,"Sécheresse",87
"16",2011,"Sécheresse",120
"17",2011,"Sécheresse",111
"18",2011,"Sécheresse",115
"21",2011,"Sécheresse",85
"23",2011,"Sécheresse",79
"25",2011,"Sécheresse",106
"26",2011,"Sécheresse",158
"31",2011,"Sécheresse",121
"36",2011,"Sécheresse",109
"37",2011,"Sécheresse",87
"38",2011,"Sécheresse",134
"39",2011,"Sécheresse",106
"41",2011,"Sécheresse",95
"42",2011,"Sécheresse",142
"43",2011,"Sécheresse",112
"45",2011,"Sécheresse",89
"51",2011,"Sécheresse",78
"52",2011,"Sécheresse",81
"54",2011,"Sécheresse",66
"55",2011,"Sécheresse",73
"57",2011,"Sécheresse",80
"58",2011,"Sécheresse",104
"60",2011,"Sécheresse",60
"63",2011,"Sécheresse",101
"67",2011,"Sécheresse",97
"68",2011,"Sécheresse",99
"69",2011,"Sécheresse",134
"70",2011,"Sécheresse",92
"71",2011,"Sécheresse",125
"73",2011,"Sécheresse",119
"74",2011,"Sécheresse",112
"77",2011,"Sécheresse",85
"84",2011,"Sécheresse",160
"87",2011,"Sécheresse",96
"88",2011,"Sécheresse",79
"89",2011,"Sécheresse",101
"92",2011,"Sécheresse",71
"93",2011,"Sécheresse",75
"94",2011,"Sécheresse",79
"95",2011,"Sécheresse",86
"2B",2011,"Sécheresse",160
"83",2011,"Sécheresse",166
"2A",2011,"Sécheresse",168
"13",2011,"Sécheresse",161
"14",2011,"Sécheresse",41
"22",2011,"Sécheresse",48
"27",2011,"Sécheresse",65
"29",2011,"Sécheresse",43
"35",2011,"Sécheresse",50
"44",2011,"Sécheresse",64
"49",2011,"Sécheresse",77
"50",2011,"Sécheresse",38
"53",2011,"Sécheresse",70
"56",2011,"Sécheresse",54
"61",2011,"Sécheresse",49
"72",2011,"Sécheresse",76
"75",2011,"Sécheresse",80
"76",2011,"Sécheresse",63
"78",2011,"Sécheresse",66
"80",2011,"Sécheresse",47
"85",2011,"Sécheresse",82
"86",2011,"Sécheresse",99
"28",2011,"Sécheresse",75
"90",2011,"Sécheresse",70
"91",2011,"Sécheresse",65
"59",2011,"Sécheresse",48
"62",2011,"Sécheresse",33
"39",2011,"Inondation",12
"22",2011,"Inondation",3
"29",2011,"Inondation",7
"56",2011,"Inondation",9
"18",2011,"Inondation",7
"35",2011,"Inondation",6
"49",2011,"Inondation",4
"79",2011,"Inondation",5
"82",2011,"Inondation",4
"86",2011,"Inondation",5
"19",2011,"Inondation",10
"52",2011,"Inondation",3
"63",2011,"Inondation",17
"87",2011,"Inondation",7
"46",2011,"Inondation",6
"10",2011,"Inondation",4
"21",2011,"Inondation",4
"70",2011,"Inondation",12
"32",2011,"Inondation",6
"77",2011,"Inondation",4
"17",2011,"Inondation",6
"37",2011,"Inondation",7
"45",2011,"Inondation",3
"23",2011,"Inondation",7
"41",2011,"Inondation",4
"91",2011,"Inondation",2
"24",2011,"Inondation",2
"40",2011,"Inondation",5
"47",2011,"Inondation",2
"42",2011,"Inondation",8
"58",2011,"Inondation",10
"67",2011,"Inondation",7
"02",2011,"Inondation",3
"08",2011,"Inondation",3
"51",2011,"Inondation",1
"59",2011,"Inondation",3
"03",2011,"Inondation",4
"36",2011,"Inondation",3
"50",2011,"Inondation",5
"61",2011,"Inondation",4
"25",2011,"Inondation",6
"16",2011,"Inondation",4
"33",2011,"Inondation",2
"94",2011,"Inondation",1
"54",2011,"Inondation",2
"55",2011,"Inondation",2
"57",2011,"Inondation",3
"76",2011,"Inondation",4
"80",2011,"Inondation",3
"27",2011,"Inondation",1
"44",2011,"Inondation",2
"72",2011,"Inondation",1
"53",2011,"Inondation",3
"78",2011,"Inondation",1
"14",2011,"Inondation",2
"85",2011,"Inondation",2
"60",2011,"Inondation",1
"04",2012,"Gel",227
"05",2012,"Gel",264
"06",2012,"Gel",209
"09",2012,"Gel",193
"2A",2012,"Gel",140
"2B",2012,"Gel",135
"38",2012,"Gel",249
"64",2012,"Gel",174
"65",2012,"Gel",237
"66",2012,"Gel",210
"73",2012,"Gel",261
"74",2012,"Gel",347
"83",2012,"Gel",115
"01",2012,"Gel",158
"15",2012,"Gel",165
"25",2012,"Gel",170
"26",2012,"Gel",168
"2A",2012,"Inondation",29
"30",2012,"Gel",152
"31",2012,"Gel",153
"38",2012,"Inondation",28
"42",2012,"Gel",163
"43",2012,"Gel",173
"48",2012,"Gel",183
"63",2012,"Gel",175
"68",2012,"Gel",149
"73",2012,"Inondation",23
"84",2012,"Gel",161
"03",2012,"Gel",112
"07",2012,"Gel",162
"12",2012,"Gel",143
"19",2012,"Gel",123
"21",2012,"Gel",98
"23",2012,"Gel",121
"34",2012,"Gel",100
"39",2012,"Gel",157
"52",2012,"Gel",106
"58",2012,"Gel",110
"63",2012,"Inondation",19
"67",2012,"Gel",128
"68",2012,"Inondation",22
"69",2012,"Gel",105
"70",2012,"Gel",152
"71",2012,"Gel",112
"87",2012,"Gel",85
"88",2012,"Gel",129
"88",2012,"Inondation",13
"90",2012,"Gel",132
"13",2012,"Gel",85
"61",2012,"Gel",76
"71",2012,"Inondation",15
"01",2012,"Inondation",24
"25",2012,"Inondation",14
"39",2012,"Inondation",19
"42",2012,"Inondation",14
"64",2012,"Inondation",18
"67",2012,"Inondation",3
"70",2012,"Inondation",9
"74",2012,"Inondation",21
"81",2012,"Inondation",16
"90",2012,"Inondation",11
"51",2012,"Gel",96
"77",2012,"Gel",76
"79",2012,"Gel",75
"10",2012,"Gel",82
"16",2012,"Gel",76
"18",2012,"Gel",89
"24",2012,"Gel",79
"28",2012,"Gel",85
"32",2012,"Gel",60
"33",2012,"Gel",82
"36",2012,"Gel",77
"40",2012,"Gel",77
"41",2012,"Gel",82
"45",2012,"Gel",69
"46",2012,"Gel",79
"47",2012,"Gel",64
"81",2012,"Gel",87
"82",2012,"Gel",70
"86",2012,"Gel",76
"89",2012,"Gel",93
"91",2012,"Gel",59
"11",2012,"Gel",86
"57",2012,"Gel",107
"17",2012,"Gel",72
"27",2012,"Gel",68
"35",2012,"Gel",52
"37",2012,"Gel",63
"44",2012,"Gel",48
"49",2012,"Gel",51
"54",2012,"Gel",85
"55",2012,"Gel",84
"56",2012,"Gel",71
"60",2012,"Gel",66
"72",2012,"Gel",65
"75",2012,"Gel",49
"76",2012,"Gel",49
"78",2012,"Gel",61
"85",2012,"Gel",61
"02",2012,"Gel",68
"08",2012,"Gel",85
"59",2012,"Gel",58
"62",2012,"Gel",51
"80",2012,"Gel",62
"14",2012,"Gel",60
"22",2012,"Gel",53
"29",2012,"Gel",47
"50",2012,"Gel",64
"53",2012,"Gel",66
"93",2012,"Gel",37
"94",2012,"Gel",40
"95",2012,"Gel",48
"92",2012,"Gel",31
"58",2012,"Inondation",6
"2B",2012,"Inondation",15
"40",2012,"Inondation",8
"83",2012,"Inondation",20
"07",2012,"Sécheresse",145
"62",2012,"Inondation",7
"59",2012,"Inondation",3
"30",2012,"Sécheresse",154
"34",2012,"Sécheresse",148
"83",2012,"Sécheresse",160
"04",2012,"Sécheresse",137
"05",2012,"Sécheresse",127
"11",2012,"Sécheresse",144
"12",2012,"Sécheresse",121
"13",2012,"Sécheresse",148
"15",2012,"Sécheresse",114
"16",2012,"Sécheresse",103
"19",2012,"Sécheresse",106
"46",2012,"Sécheresse",132
"48",2012,"Sécheresse",114
"09",2012,"Sécheresse",123
"17",2012,"Sécheresse",90
"24",2012,"Sécheresse",113
"31",2012,"Sécheresse",123
"32",2012,"Sécheresse",118
"33",2012,"Sécheresse",119
"40",2012,"Sécheresse",128
"47",2012,"Sécheresse",120
"64",2012,"Sécheresse",119
"65",2012,"Sécheresse",105
"81",2012,"Sécheresse",128
"82",2012,"Sécheresse",132
"87",2012,"Sécheresse",78
"03",2012,"Sécheresse",98
"10",2012,"Sécheresse",74
"18",2012,"Sécheresse",100
"21",2012,"Sécheresse",82
"23",2012,"Sécheresse",77
"36",2012,"Sécheresse",93
"42",2012,"Sécheresse",110
"45",2012,"Sécheresse",72
"58",2012,"Sécheresse",96
"89",2012,"Sécheresse",83
"41",2012,"Sécheresse",72
"63",2012,"Sécheresse",90
"68",2012,"Sécheresse",86
"71",2012,"Sécheresse",104
"73",2012,"Sécheresse",114
"77",2012,"Sécheresse",69
"94",2012,"Sécheresse",66
"95",2012,"Sécheresse",63
"07",2012,"Inondation",24
"09",2012,"Inondation",10
"31",2012,"Inondation",8
"65",2012,"Inondation",13
"66",2012,"Inondation",9
"2A",2012,"Sécheresse",161
"34",2012,"Inondation",25
"66",2012,"Sécheresse",148
"29",2012,"Sécheresse",26
"26",2012,"Sécheresse",142
"84",2012,"Sécheresse",144
"56",2012,"Sécheresse",42
"06",2012,"Sécheresse",144
"04",2012,"Inondation",16
"06",2012,"Inondation",24
"30",2012,"Inondation",18
"05",2012,"Inondation",18
"15",2012,"Inondation",17
"48",2012,"Inondation",17
"26",2012,"Inondation",22
"03",2012,"Inondation",9
"11",2012,"Inondation",10
"43",2012,"Inondation",15
"69",2012,"Inondation",9
"12",2012,"Inondation",16
"19",2012,"Inondation",4
"33",2012,"Inondation",5
"87",2012,"Inondation",5
"29",2012,"Inondation",7
"56",2012,"Inondation",5
"10",2012,"Inondation",5
"89",2012,"Inondation",3
"2B",2012,"Sécheresse",147
"38",2012,"Sécheresse",113
"74",2012,"Sécheresse",96
"01",2012,"Sécheresse",106
"16",2012,"Inondation",3
"17",2012,"Inondation",4
"24",2012,"Inondation",3
"25",2012,"Sécheresse",90
"39",2012,"Sécheresse",88
"43",2012,"Sécheresse",95
"46",2012,"Inondation",4
"52",2012,"Sécheresse",74
"54",2012,"Sécheresse",60
"55",2012,"Sécheresse",60
"57",2012,"Sécheresse",77
"67",2012,"Sécheresse",90
"69",2012,"Sécheresse",109
"70",2012,"Sécheresse",86
"79",2012,"Inondation",9
"84",2012,"Inondation",19
"85",2012,"Inondation",5
"86",2012,"Inondation",4
"88",2012,"Sécheresse",79
"90",2012,"Sécheresse",63
"21",2012,"Inondation",7
"44",2012,"Sécheresse",63
"79",2012,"Sécheresse",88
"86",2012,"Sécheresse",82
"35",2012,"Inondation",2
"78",2012,"Inondation",2
"91",2012,"Inondation",3
"02",2012,"Sécheresse",45
"08",2012,"Sécheresse",62
"14",2012,"Sécheresse",36
"27",2012,"Sécheresse",57
"28",2012,"Sécheresse",60
"35",2012,"Sécheresse",38
"37",2012,"Sécheresse",69
"49",2012,"Sécheresse",64
"51",2012,"Sécheresse",67
"53",2012,"Sécheresse",53
"59",2012,"Sécheresse",43
"60",2012,"Sécheresse",52
"61",2012,"Sécheresse",42
"72",2012,"Sécheresse",57
"75",2012,"Sécheresse",64
"76",2012,"Sécheresse",50
"78",2012,"Sécheresse",59
"80",2012,"Sécheresse",44
"85",2012,"Sécheresse",69
"91",2012,"Sécheresse",57
"92",2012,"Sécheresse",61
"93",2012,"Sécheresse",60
"32",2012,"Inondation",5
"82",2012,"Inondation",2
"13",2012,"Inondation",10
"55",2012,"Inondation",3
"52",2012,"Inondation",1
"54",2012,"Inondation",3
"57",2012,"Inondation",2
"77",2012,"Inondation",2
"22",2012,"Sécheresse",37
"50",2012,"Sécheresse",33
"62",2012,"Sécheresse",34
"23",2012,"Inondation",5
"27",2012,"Inondation",1
"28",2012,"Inondation",1
"08",2012,"Inondation",5
"41",2012,"Inondation",6
"51",2012,"Inondation",2
"18",2012,"Inondation",1
"60",2012,"Inondation",2
"22",2012,"Inondation",2
"02",2012,"Inondation",1
"37",2012,"Inondation",4
"45",2012,"Inondation",2
"76",2012,"Inondation",3
"80",2012,"Inondation",2
"36",2012,"Inondation",4
"14",2012,"Inondation",2
"53",2012,"Inondation",4
"44",2012,"Inondation",4
"50",2012,"Inondation",3
"61",2012,"Inondation",3
"72",2012,"Inondation",2
"49",2012,"Inondation",2
"47",2012,"Inondation",1
"01",2013,"Gel",157
"04",2013,"Gel",218
"05",2013,"Gel",282
"06",2013,"Gel",193
"07",2013,"Gel",165
"09",2013,"Gel",201
"11",2013,"Gel",114
"15",2013,"Gel",169
"25",2013,"Gel",170
"26",2013,"Gel",159
"2A",2013,"Gel",173
"2A",2013,"Inondation",29
"2B",2013,"Gel",144
"30",2013,"Gel",165
"31",2013,"Gel",212
"38",2013,"Gel",262
"39",2013,"Gel",159
"42",2013,"Gel",157
"43",2013,"Gel",170
"48",2013,"Gel",186
"51",2013,"Gel",115
"58",2013,"Gel",125
"63",2013,"Gel",171
"64",2013,"Gel",194
"65",2013,"Gel",249
"66",2013,"Gel",209
"67",2013,"Gel",149
"68",2013,"Gel",158
"68",2013,"Inondation",20
"69",2013,"Gel",131
"70",2013,"Gel",153
"71",2013,"Gel",127
"73",2013,"Gel",271
"74",2013,"Gel",332
"83",2013,"Gel",103
"84",2013,"Gel",162
"90",2013,"Gel",152
"02",2013,"Gel",94
"03",2013,"Gel",133
"08",2013,"Gel",116
"10",2013,"Gel",98
"12",2013,"Gel",139
"13",2013,"Gel",93
"16",2013,"Gel",83
"17",2013,"Gel",78
"18",2013,"Gel",104
"19",2013,"Gel",143
"21",2013,"Gel",119
"23",2013,"Gel",128
"24",2013,"Gel",85
"27",2013,"Gel",87
"28",2013,"Gel",104
"2B",2013,"Inondation",19
"33",2013,"Gel",80
"34",2013,"Gel",109
"35",2013,"Gel",59
"36",2013,"Gel",93
"37",2013,"Gel",74
"41",2013,"Gel",91
"44",2013,"Gel",53
"45",2013,"Gel",85
"46",2013,"Gel",101
"49",2013,"Gel",67
"50",2013,"Gel",71
"52",2013,"Gel",113
"53",2013,"Gel",84
"54",2013,"Gel",105
"55",2013,"Gel",104
"56",2013,"Gel",79
"57",2013,"Gel",121
"60",2013,"Gel",86
"61",2013,"Gel",94
"72",2013,"Gel",82
"76",2013,"Gel",75
"77",2013,"Gel",97
"78",2013,"Gel",78
"79",2013,"Gel",84
"81",2013,"Gel",118
"82",2013,"Gel",71
"85",2013,"Gel",67
"86",2013,"Gel",78
"87",2013,"Gel",113
"88",2013,"Gel",133
"89",2013,"Gel",107
"91",2013,"Gel",77
"32",2013,"Gel",63
"66",2013,"Sécheresse",142
"01",2013,"Inondation",23
"58",2013,"Inondation",12
"63",2013,"Inondation",16
"71",2013,"Inondation",17
"73",2013,"Inondation",25
"40",2013,"Gel",71
"59",2013,"Gel",84
"80",2013,"Gel",80
"47",2013,"Gel",59
"62",2013,"Gel",78
"75",2013,"Gel",73
"93",2013,"Gel",58
"95",2013,"Gel",62
"14",2013,"Gel",72
"22",2013,"Gel",67
"29",2013,"Gel",60
"31",2013,"Inondation",13
"40",2013,"Inondation",10
"64",2013,"Inondation",37
"65",2013,"Inondation",23
"92",2013,"Gel",43
"94",2013,"Gel",58
"09",2013,"Inondation",16
"04",2013,"Inondation",18
"05",2013,"Inondation",21
"06",2013,"Inondation",26
"07",2013,"Inondation",30
"30",2013,"Inondation",25
"32",2013,"Inondation",6
"34",2013,"Inondation",27
"48",2013,"Inondation",27
"81",2013,"Inondation",18
"83",2013,"Inondation",19
"84",2013,"Inondation",19
"29",2013,"Inondation",6
"70",2013,"Inondation",16
"90",2013,"Inondation",10
"15",2013,"Inondation",20
"18",2013,"Inondation",6
"19",2013,"Inondation",7
"21",2013,"Inondation",11
"23",2013,"Inondation",5
"25",2013,"Inondation",13
"36",2013,"Inondation",6
"38",2013,"Inondation",30
"39",2013,"Inondation",17
"52",2013,"Inondation",9
"55",2013,"Inondation",7
"57",2013,"Inondation",12
"67",2013,"Inondation",8
"74",2013,"Inondation",24
"87",2013,"Inondation",6
"88",2013,"Inondation",21
"89",2013,"Inondation",10
"66",2013,"Inondation",12
"11",2013,"Inondation",16
"12",2013,"Inondation",15
"22",2013,"Inondation",3
"50",2013,"Inondation",6
"38",2013,"Sécheresse",109
"09",2013,"Sécheresse",112
"40",2013,"Sécheresse",107
"64",2013,"Sécheresse",114
"79",2013,"Inondation",7
"33",2013,"Sécheresse",95
"65",2013,"Sécheresse",100
"81",2013,"Sécheresse",105
"01",2013,"Sécheresse",91
"03",2013,"Sécheresse",88
"07",2013,"Sécheresse",125
"08",2013,"Sécheresse",63
"10",2013,"Sécheresse",79
"15",2013,"Sécheresse",89
"16",2013,"Sécheresse",87
"17",2013,"Sécheresse",85
"18",2013,"Sécheresse",88
"19",2013,"Sécheresse",87
"23",2013,"Sécheresse",70
"24",2013,"Sécheresse",95
"25",2013,"Sécheresse",81
"26",2013,"Sécheresse",134
"27",2013,"Sécheresse",66
"28",2013,"Sécheresse",77
"31",2013,"Sécheresse",99
"32",2013,"Sécheresse",102
"36",2013,"Sécheresse",86
"37",2013,"Sécheresse",77
"39",2013,"Sécheresse",81
"41",2013,"Sécheresse",78
"42",2013,"Sécheresse",102
"43",2013,"Sécheresse",90
"45",2013,"Sécheresse",78
"46",2013,"Sécheresse",103
"47",2013,"Sécheresse",101
"51",2013,"Sécheresse",72
"52",2013,"Sécheresse",69
"54",2013,"Sécheresse",59
"58",2013,"Sécheresse",89
"59",2013,"Sécheresse",46
"60",2013,"Sécheresse",53
"63",2013,"Sécheresse",72
"67",2013,"Sécheresse",80
"68",2013,"Sécheresse",83
"69",2013,"Sécheresse",102
"70",2013,"Sécheresse",77
"71",2013,"Sécheresse",90
"72",2013,"Sécheresse",75
"73",2013,"Sécheresse",97
"74",2013,"Sécheresse",90
"75",2013,"Sécheresse",79
"76",2013,"Sécheresse",59
"77",2013,"Sécheresse",81
"78",2013,"Sécheresse",70
"79",2013,"Sécheresse",84
"80",2013,"Sécheresse",48
"82",2013,"Sécheresse",111
"84",2013,"Sécheresse",131
"86",2013,"Sécheresse",79
"87",2013,"Sécheresse",80
"88",2013,"Sécheresse",73
"89",2013,"Sécheresse",82
"91",2013,"Sécheresse",68
"92",2013,"Sécheresse",69
"93",2013,"Sécheresse",39
"94",2013,"Sécheresse",81
"95",2013,"Sécheresse",72
"04",2013,"Sécheresse",120
"05",2013,"Sécheresse",98
"12",2013,"Sécheresse",97
"2A",2013,"Sécheresse",167
"30",2013,"Sécheresse",141
"83",2013,"Sécheresse",151
"11",2013,"Sécheresse",133
"13",2013,"Sécheresse",137
"34",2013,"Sécheresse",144
"48",2013,"Sécheresse",89
"06",2013,"Sécheresse",129
"21",2013,"Sécheresse",73
"44",2013,"Sécheresse",77
"49",2013,"Sécheresse",76
"53",2013,"Sécheresse",76
"55",2013,"Sécheresse",58
"57",2013,"Sécheresse",61
"85",2013,"Sécheresse",81
"90",2013,"Sécheresse",63
"2B",2013,"Sécheresse",143
"56",2013,"Sécheresse",73
"02",2013,"Sécheresse",51
"14",2013,"Sécheresse",52
"22",2013,"Sécheresse",62
"35",2013,"Sécheresse",67
"50",2013,"Sécheresse",48
"61",2013,"Sécheresse",58
"62",2013,"Sécheresse",43
"03",2013,"Inondation",7
"69",2013,"Inondation",9
"42",2013,"Inondation",15
"43",2013,"Inondation",13
"10",2013,"Inondation",8
"59",2013,"Inondation",6
"26",2013,"Inondation",20
"13",2013,"Inondation",7
"08",2013,"Inondation",7
"54",2013,"Inondation",5
"78",2013,"Inondation",3
"24",2013,"Inondation",4
"46",2013,"Inondation",9
"47",2013,"Inondation",4
"82",2013,"Inondation",4
"29",2013,"Sécheresse",57
"35",2013,"Inondation",6
"56",2013,"Inondation",6
"85",2013,"Inondation",4
"33",2013,"Inondation",8
"41",2013,"Inondation",5
"45",2013,"Inondation",5
"77",2013,"Inondation",6
"91",2013,"Inondation",1
"17",2013,"Inondation",6
"28",2013,"Inondation",1
"16",2013,"Inondation",7
"86",2013,"Inondation",5
"37",2013,"Inondation",3
"60",2013,"Inondation",5
"80",2013,"Inondation",7
"93",2013,"Inondation",1
"02",2013,"Inondation",3
"51",2013,"Inondation",3
"72",2013,"Inondation",2
"62",2013,"Inondation",5
"49",2013,"Inondation",2
"27",2013,"Inondation",1
"95",2013,"Inondation",1
"14",2013,"Inondation",1
"44",2013,"Inondation",5
"53",2013,"Inondation",3
"61",2013,"Inondation",3
"76",2013,"Inondation",5
"01",2014,"Gel",122
"03",2014,"Gel",97
"04",2014,"Gel",221
"05",2014,"Gel",274
"06",2014,"Gel",202
"07",2014,"Inondation",43
"09",2014,"Gel",178
"11",2014,"Gel",77
"15",2014,"Gel",146
"22",2014,"Inondation",6
"25",2014,"Gel",153
"26",2014,"Gel",151
"29",2014,"Inondation",10
"2A",2014,"Gel",170
"2B",2014,"Gel",118
"30",2014,"Gel",127
"31",2014,"Gel",183
"38",2014,"Gel",268
"39",2014,"Gel",151
"43",2014,"Gel",150
"48",2014,"Gel",164
"52",2014,"Gel",92
"56",2014,"Inondation",10
"57",2014,"Gel",84
"63",2014,"Gel",162
"64",2014,"Gel",161
"65",2014,"Gel",232
"66",2014,"Gel",186
"68",2014,"Gel",116
"69",2014,"Gel",87
"70",2014,"Gel",119
"73",2014,"Gel",275
"74",2014,"Gel",354
"83",2014,"Gel",58
"84",2014,"Gel",123
"90",2014,"Gel",111
"07",2014,"Gel",129
"42",2014,"Gel",135
"71",2014,"Gel",86
"01",2014,"Inondation",17
"05",2014,"Inondation",10
"06",2014,"Inondation",27
"26",2014,"Inondation",33
"2A",2014,"Inondation",33
"30",2014,"Inondation",42
"38",2014,"Inondation",33
"39",2014,"Inondation",15
"48",2014,"Inondation",35
"73",2014,"Inondation",23
"74",2014,"Inondation",12
"83",2014,"Inondation",37
"84",2014,"Inondation",27
"02",2014,"Gel",45
"12",2014,"Gel",108
"19",2014,"Gel",104
"34",2014,"Gel",75
"67",2014,"Gel",104
"80",2014,"Gel",27
"81",2014,"Gel",70
"13",2014,"Gel",43
"88",2014,"Gel",96
"14",2014,"Gel",30
"22",2014,"Gel",22
"29",2014,"Gel",15
"51",2014,"Gel",71
"56",2014,"Gel",38
"58",2014,"Gel",98
"78",2014,"Gel",37
"89",2014,"Gel",58
"10",2014,"Gel",59
"21",2014,"Gel",75
"54",2014,"Gel",71
"55",2014,"Gel",62
"08",2014,"Gel",70
"23",2014,"Gel",94
"24",2014,"Gel",35
"27",2014,"Gel",43
"28",2014,"Gel",61
"50",2014,"Gel",23
"59",2014,"Gel",37
"60",2014,"Gel",39
"61",2014,"Gel",42
"62",2014,"Gel",32
"72",2014,"Gel",34
"75",2014,"Gel",19
"76",2014,"Gel",25
"77",2014,"Gel",58
"82",2014,"Gel",34
"87",2014,"Gel",59
"91",2014,"Gel",32
"95",2014,"Gel",18
"37",2014,"Gel",28
"44",2014,"Gel",20
"49",2014,"Gel",26
"85",2014,"Gel",25
"16",2014,"Gel",37
"17",2014,"Gel",34
"18",2014,"Gel",52
"33",2014,"Gel",29
"36",2014,"Gel",42
"41",2014,"Gel",48
"45",2014,"Gel",41
"46",2014,"Gel",49
"79",2014,"Gel",34
"86",2014,"Gel",26
"04",2014,"Inondation",18
"13",2014,"Inondation",18
"32",2014,"Gel",32
"40",2014,"Gel",32
"47",2014,"Gel",26
"42",2014,"Inondation",18
"43",2014,"Inondation",20
"35",2014,"Gel",17
"40",2014,"Inondation",12
"53",2014,"Gel",42
"64",2014,"Inondation",33
"09",2014,"Inondation",12
"65",2014,"Inondation",21
"11",2014,"Inondation",18
"31",2014,"Inondation",12
"32",2014,"Inondation",8
"33",2014,"Inondation",6
"66",2014,"Inondation",13
"81",2014,"Inondation",19
"14",2014,"Inondation",5
"50",2014,"Inondation",7
"92",2014,"Gel",9
"93",2014,"Gel",19
"94",2014,"Gel",11
"2B",2014,"Inondation",21
"85",2014,"Inondation",5
"25",2014,"Inondation",14
"68",2014,"Inondation",11
"70",2014,"Inondation",10
"88",2014,"Inondation",7
"15",2014,"Inondation",18
"40",2014,"Sécheresse",142
"64",2014,"Sécheresse",130
"34",2014,"Sécheresse",172
"66",2014,"Sécheresse",155
"13",2014,"Sécheresse",151
"26",2014,"Sécheresse",152
"30",2014,"Sécheresse",165
"83",2014,"Sécheresse",174
"04",2014,"Sécheresse",143
"05",2014,"Sécheresse",110
"07",2014,"Sécheresse",152
"11",2014,"Sécheresse",164
"15",2014,"Sécheresse",103
"46",2014,"Sécheresse",128
"48",2014,"Sécheresse",104
"65",2014,"Sécheresse",122
"82",2014,"Sécheresse",135
"84",2014,"Sécheresse",154
"38",2014,"Sécheresse",115
"42",2014,"Sécheresse",104
"43",2014,"Sécheresse",87
"74",2014,"Sécheresse",78
"03",2014,"Sécheresse",87
"18",2014,"Sécheresse",94
"58",2014,"Sécheresse",89
"09",2014,"Sécheresse",133
"36",2014,"Sécheresse",93
"67",2014,"Sécheresse",84
"16",2014,"Inondation",5
"24",2014,"Inondation",5
"34",2014,"Inondation",29
"47",2014,"Inondation",3
"01",2014,"Sécheresse",98
"12",2014,"Sécheresse",113
"16",2014,"Sécheresse",106
"19",2014,"Sécheresse",103
"24",2014,"Sécheresse",117
"25",2014,"Sécheresse",80
"31",2014,"Sécheresse",116
"32",2014,"Sécheresse",128
"33",2014,"Sécheresse",121
"41",2014,"Sécheresse",74
"45",2014,"Sécheresse",76
"47",2014,"Sécheresse",123
"63",2014,"Sécheresse",67
"69",2014,"Sécheresse",109
"71",2014,"Sécheresse",90
"73",2014,"Sécheresse",92
"81",2014,"Sécheresse",125
"87",2014,"Sécheresse",80
"68",2014,"Sécheresse",74
"17",2014,"Sécheresse",92
"06",2014,"Sécheresse",144
"23",2014,"Inondation",7
"28",2014,"Inondation",2
"2A",2014,"Sécheresse",158
"2B",2014,"Sécheresse",159
"41",2014,"Inondation",5
"57",2014,"Sécheresse",65
"61",2014,"Inondation",6
"45",2014,"Inondation",5
"77",2014,"Inondation",3
"23",2014,"Sécheresse",57
"39",2014,"Sécheresse",77
"79",2014,"Sécheresse",85
"89",2014,"Sécheresse",76
"27",2014,"Sécheresse",63
"29",2014,"Sécheresse",57
"08",2014,"Sécheresse",63
"10",2014,"Sécheresse",67
"14",2014,"Sécheresse",36
"22",2014,"Sécheresse",56
"35",2014,"Sécheresse",53
"37",2014,"Sécheresse",79
"44",2014,"Sécheresse",74
"49",2014,"Sécheresse",71
"51",2014,"Sécheresse",61
"53",2014,"Sécheresse",61
"56",2014,"Sécheresse",69
"59",2014,"Sécheresse",36
"60",2014,"Sécheresse",53
"62",2014,"Sécheresse",30
"70",2014,"Sécheresse",79
"72",2014,"Sécheresse",64
"75",2014,"Sécheresse",67
"76",2014,"Sécheresse",50
"77",2014,"Sécheresse",69
"78",2014,"Sécheresse",63
"85",2014,"Sécheresse",77
"86",2014,"Sécheresse",86
"88",2014,"Sécheresse",69
"91",2014,"Sécheresse",52
"92",2014,"Sécheresse",60
"93",2014,"Sécheresse",48
"94",2014,"Sécheresse",63
"95",2014,"Sécheresse",68
"02",2014,"Sécheresse",39
"17",2014,"Inondation",3
"21",2014,"Sécheresse",67
"28",2014,"Sécheresse",67
"49",2014,"Inondation",6
"50",2014,"Sécheresse",35
"52",2014,"Sécheresse",67
"54",2014,"Sécheresse",58
"55",2014,"Sécheresse",54
"79",2014,"Inondation",7
"80",2014,"Sécheresse",38
"36",2014,"Inondation",9
"86",2014,"Inondation",4
"87",2014,"Inondation",9
"90",2014,"Sécheresse",56
"19",2014,"Inondation",8
"27",2014,"Inondation",4
"37",2014,"Inondation",2
"46",2014,"Inondation",6
"76",2014,"Inondation",4
"78",2014,"Inondation",4
"03",2014,"Inondation",13
"58",2014,"Inondation",8
"63",2014,"Inondation",19
"69",2014,"Inondation",12
"61",2014,"Sécheresse",40
"60",2014,"Inondation",4
"12",2014,"Inondation",18
"52",2014,"Inondation",4
"57",2014,"Inondation",5
"71",2014,"Inondation",13
"35",2014,"Inondation",4
"21",2014,"Inondation",5
"67",2014,"Inondation",7
"10",2014,"Inondation",6
"62",2014,"Inondation",2
"80",2014,"Inondation",3
"54",2014,"Inondation",5
"53",2014,"Inondation",4
"72",2014,"Inondation",5
"82",2014,"Inondation",4
"59",2014,"Inondation",2
"55",2014,"Inondation",3
"91",2014,"Inondation",1
"44",2014,"Inondation",4
"51",2014,"Inondation",2
"18",2014,"Inondation",4
"89",2014,"Inondation",3
"08",2014,"Inondation",2
"90",2014,"Inondation",1
"01",2015,"Gel",151
"02",2015,"Gel",66
"03",2015,"Gel",118
"04",2015,"Gel",228
"05",2015,"Gel",270
"06",2015,"Gel",202
"07",2015,"Gel",142
"08",2015,"Gel",101
"09",2015,"Gel",173
"10",2015,"Gel",89
"11",2015,"Gel",101
"12",2015,"Gel",135
"13",2015,"Gel",62
"14",2015,"Gel",50
"15",2015,"Gel",162
"16",2015,"Gel",66
"17",2015,"Gel",64
"18",2015,"Gel",88
"19",2015,"Gel",129
"21",2015,"Gel",107
"22",2015,"Gel",40
"23",2015,"Gel",128
"24",2015,"Gel",73
"25",2015,"Gel",184
"26",2015,"Gel",167
"27",2015,"Gel",64
"28",2015,"Gel",79
"2A",2015,"Gel",155
"2B",2015,"Gel",140
"30",2015,"Gel",123
"31",2015,"Gel",175
"32",2015,"Gel",60
"33",2015,"Gel",58
"34",2015,"Gel",88
"35",2015,"Gel",35
"36",2015,"Gel",76
"37",2015,"Gel",57
"38",2015,"Gel",263
"39",2015,"Gel",189
"40",2015,"Gel",59
"41",2015,"Gel",79
"42",2015,"Gel",151
"43",2015,"Gel",173
"44",2015,"Gel",41
"45",2015,"Gel",75
"46",2015,"Gel",77
"47",2015,"Gel",57
"48",2015,"Gel",159
"49",2015,"Gel",49
"50",2015,"Gel",38
"51",2015,"Gel",104
"52",2015,"Gel",120
"53",2015,"Gel",58
"54",2015,"Gel",101
"55",2015,"Gel",93
"56",2015,"Gel",60
"57",2015,"Gel",115
"58",2015,"Gel",133
"59",2015,"Gel",59
"60",2015,"Gel",58
"61",2015,"Gel",60
"62",2015,"Gel",47
"63",2015,"Gel",172
"64",2015,"Gel",146
"65",2015,"Gel",230
"66",2015,"Gel",178
"67",2015,"Gel",126
"68",2015,"Gel",132
"69",2015,"Gel",115
"70",2015,"Gel",138
"71",2015,"Gel",122
"72",2015,"Gel",58
"73",2015,"Gel",276
"74",2015,"Gel",255
"75",2015,"Gel",39
"76",2015,"Gel",59
"77",2015,"Gel",75
"78",2015,"Gel",58
"79",2015,"Gel",63
"80",2015,"Gel",50
"81",2015,"Gel",93
"82",2015,"Gel",66
"83",2015,"Gel",84
"84",2015,"Gel",130
"85",2015,"Gel",46
"86",2015,"Gel",61
"87",2015,"Gel",87
"88",2015,"Gel",125
"89",2015,"Gel",93
"90",2015,"Gel",126
"91",2015,"Gel",61
"92",2015,"Gel",22
"93",2015,"Gel",40
"94",2015,"Gel",30
"95",2015,"Gel",45
"01",2015,"Inondation",17
"39",2015,"Inondation",13
"58",2015,"Inondation",11
"68",2015,"Inondation",11
"70",2015,"Inondation",12
"74",2015,"Inondation",23
"88",2015,"Inondation",10
"29",2015,"Gel",36
"62",2015,"Inondation",4
"29",2015,"Inondation",6
"50",2015,"Inondation",2
"56",2015,"Inondation",5
"04",2015,"Inondation",13
"05",2015,"Inondation",13
"06",2015,"Inondation",17
"07",2015,"Inondation",21
"25",2015,"Inondation",11
"26",2015,"Inondation",18
"38",2015,"Inondation",24
"42",2015,"Inondation",12
"43",2015,"Inondation",7
"69",2015,"Inondation",7
"71",2015,"Inondation",11
"73",2015,"Inondation",18
"84",2015,"Inondation",17
"30",2015,"Inondation",20
"13",2015,"Inondation",10
"64",2015,"Inondation",27
"83",2015,"Inondation",20
"09",2015,"Inondation",15
"11",2015,"Inondation",17
"15",2015,"Inondation",17
"19",2015,"Inondation",11
"23",2015,"Inondation",7
"24",2015,"Inondation",5
"2A",2015,"Inondation",25
"34",2015,"Inondation",18
"46",2015,"Inondation",8
"48",2015,"Inondation",17
"63",2015,"Inondation",15
"65",2015,"Inondation",19
"66",2015,"Inondation",14
"81",2015,"Inondation",14
"87",2015,"Inondation",10
"31",2015,"Inondation",16
"2B",2015,"Inondation",19
"12",2015,"Inondation",12
"11",2015,"Sécheresse",149
"34",2015,"Sécheresse",163
"46",2015,"Sécheresse",130
"66",2015,"Sécheresse",151
"48",2015,"Sécheresse",114
"21",2015,"Inondation",7
"55",2015,"Inondation",4
"67",2015,"Inondation",3
"90",2015,"Inondation",8
"06",2015,"Sécheresse",145
"2A",2015,"Sécheresse",160
"83",2015,"Sécheresse",165
"03",2015,"Sécheresse",95
"16",2015,"Sécheresse",104
"24",2015,"Sécheresse",113
"36",2015,"Sécheresse",105
"40",2015,"Sécheresse",138
"42",2015,"Sécheresse",112
"68",2015,"Sécheresse",83
"71",2015,"Sécheresse",101
"76",2015,"Sécheresse",54
"07",2015,"Sécheresse",141
"30",2015,"Sécheresse",151
"09",2015,"Sécheresse",119
"12",2015,"Sécheresse",114
"15",2015,"Sécheresse",107
"26",2015,"Sécheresse",146
"32",2015,"Sécheresse",116
"33",2015,"Sécheresse",119
"38",2015,"Sécheresse",123
"47",2015,"Sécheresse",116
"64",2015,"Sécheresse",124
"65",2015,"Sécheresse",101
"81",2015,"Sécheresse",118
"82",2015,"Sécheresse",125
"04",2015,"Sécheresse",141
"05",2015,"Sécheresse",114
"13",2015,"Sécheresse",142
"17",2015,"Sécheresse",94
"18",2015,"Sécheresse",94
"19",2015,"Sécheresse",101
"31",2015,"Sécheresse",106
"49",2015,"Sécheresse",71
"56",2015,"Sécheresse",55
"69",2015,"Sécheresse",116
"73",2015,"Sécheresse",103
"74",2015,"Sécheresse",96
"79",2015,"Sécheresse",81
"84",2015,"Sécheresse",147
"85",2015,"Sécheresse",71
"87",2015,"Sécheresse",82
"01",2015,"Sécheresse",107
"08",2015,"Sécheresse",66
"10",2015,"Sécheresse",75
"14",2015,"Sécheresse",46
"21",2015,"Sécheresse",78
"22",2015,"Sécheresse",50
"23",2015,"Sécheresse",73
"25",2015,"Sécheresse",86
"27",2015,"Sécheresse",67
"28",2015,"Sécheresse",67
"29",2015,"Sécheresse",35
"2B",2015,"Sécheresse",150
"35",2015,"Sécheresse",53
"37",2015,"Sécheresse",74
"39",2015,"Sécheresse",88
"41",2015,"Sécheresse",78
"43",2015,"Sécheresse",100
"44",2015,"Sécheresse",65
"45",2015,"Sécheresse",78
"51",2015,"Sécheresse",69
"52",2015,"Sécheresse",77
"53",2015,"Sécheresse",60
"58",2015,"Sécheresse",90
"60",2015,"Sécheresse",60
"61",2015,"Sécheresse",55
"63",2015,"Sécheresse",83
"72",2015,"Sécheresse",66
"75",2015,"Sécheresse",65
"77",2015,"Sécheresse",70
"78",2015,"Sécheresse",66
"86",2015,"Sécheresse",79
"88",2015,"Sécheresse",77
"89",2015,"Sécheresse",85
"91",2015,"Sécheresse",62
"92",2015,"Sécheresse",69
"93",2015,"Sécheresse",61
"94",2015,"Sécheresse",71
"95",2015,"Sécheresse",61
"02",2015,"Sécheresse",52
"50",2015,"Sécheresse",34
"54",2015,"Sécheresse",64
"55",2015,"Sécheresse",61
"57",2015,"Sécheresse",67
"59",2015,"Sécheresse",44
"62",2015,"Sécheresse",43
"67",2015,"Sécheresse",77
"70",2015,"Sécheresse",89
"80",2015,"Sécheresse",46
"90",2015,"Sécheresse",64
"54",2015,"Inondation",3
"89",2015,"Inondation",5
"40",2015,"Inondation",8
"47",2015,"Inondation",6
"03",2015,"Inondation",6
"10",2015,"Inondation",4
"36",2015,"Inondation",4
"37",2015,"Inondation",6
"41",2015,"Inondation",5
"45",2015,"Inondation",7
"82",2015,"Inondation",7
"16",2015,"Inondation",6
"17",2015,"Inondation",7
"44",2015,"Inondation",1
"49",2015,"Inondation",2
"79",2015,"Inondation",5
"85",2015,"Inondation",3
"52",2015,"Inondation",4
"02",2015,"Inondation",3
"59",2015,"Inondation",3
"80",2015,"Inondation",2
"32",2015,"Inondation",5
"33",2015,"Inondation",1
"18",2015,"Inondation",4
"35",2015,"Inondation",1
"08",2015,"Inondation",4
"86",2015,"Inondation",3
"53",2015,"Inondation",1
"14",2015,"Inondation",1
"61",2015,"Inondation",2
"76",2015,"Inondation",1
"78",2015,"Inondation",2
"27",2015,"Inondation",1
"28",2015,"Inondation",2
"91",2015,"Inondation",2
"51",2015,"Inondation",1
"72",2015,"Inondation",1
"57",2015,"Inondation",1
"77",2015,"Inondation",1
"01",2016,"Gel",159
"03",2016,"Gel",132
"04",2016,"Gel",246
"05",2016,"Gel",280
"06",2016,"Gel",211
"07",2016,"Gel",167
"08",2016,"Gel",103
"09",2016,"Gel",203
"10",2016,"Gel",99
"15",2016,"Gel",175
"18",2016,"Gel",99
"19",2016,"Gel",131
"21",2016,"Gel",109
"23",2016,"Gel",128
"25",2016,"Gel",175
"26",2016,"Gel",173
"27",2016,"Gel",86
"2A",2016,"Gel",169
"2B",2016,"Gel",137
"31",2016,"Gel",204
"36",2016,"Gel",93
"38",2016,"Gel",275
"39",2016,"Gel",177
"40",2016,"Gel",70
"41",2016,"Gel",91
"42",2016,"Gel",163
"43",2016,"Gel",177
"45",2016,"Gel",84
"48",2016,"Gel",178
"51",2016,"Gel",102
"52",2016,"Gel",116
"54",2016,"Gel",106
"55",2016,"Gel",99
"56",2016,"Gel",63
"57",2016,"Gel",113
"58",2016,"Gel",122
"60",2016,"Gel",78
"62",2016,"Gel",55
"63",2016,"Gel",190
"64",2016,"Gel",178
"65",2016,"Gel",248
"66",2016,"Gel",212
"67",2016,"Gel",149
"68",2016,"Gel",149
"69",2016,"Gel",115
"70",2016,"Gel",155
"71",2016,"Gel",117
"73",2016,"Gel",277
"74",2016,"Gel",342
"76",2016,"Gel",71
"84",2016,"Gel",130
"87",2016,"Gel",106
"88",2016,"Gel",128
"89",2016,"Gel",103
"90",2016,"Gel",145
"2A",2016,"Inondation",29
"30",2016,"Gel",147
"11",2016,"Gel",82
"15",2016,"Inondation",22
"48",2016,"Inondation",22
"56",2016,"Inondation",7
"64",2016,"Inondation",25
"71",2016,"Inondation",14
"12",2016,"Inondation",18
"33",2016,"Inondation",4
"40",2016,"Inondation",15
"12",2016,"Gel",149
"13",2016,"Gel",67
"16",2016,"Inondation",4
"17",2016,"Inondation",4
"19",2016,"Inondation",10
"24",2016,"Inondation",3
"29",2016,"Inondation",5
"81",2016,"Gel",86
"81",2016,"Inondation",19
"83",2016,"Gel",90
"85",2016,"Inondation",3
"38",2016,"Inondation",24
"73",2016,"Inondation",21
"74",2016,"Inondation",20
"01",2016,"Inondation",21
"02",2016,"Gel",69
"25",2016,"Inondation",14
"28",2016,"Gel",87
"39",2016,"Inondation",16
"50",2016,"Gel",67
"61",2016,"Gel",87
"72",2016,"Gel",78
"77",2016,"Gel",88
"78",2016,"Gel",73
"91",2016,"Gel",73
"95",2016,"Gel",59
"63",2016,"Inondation",18
"65",2016,"Inondation",10
"68",2016,"Inondation",15
"88",2016,"Inondation",17
"70",2016,"Inondation",13
"34",2016,"Gel",82
"16",2016,"Gel",73
"17",2016,"Gel",65
"22",2016,"Gel",56
"24",2016,"Gel",74
"35",2016,"Gel",54
"37",2016,"Gel",80
"44",2016,"Gel",48
"46",2016,"Gel",71
"49",2016,"Gel",61
"53",2016,"Gel",81
"79",2016,"Gel",71
"85",2016,"Gel",52
"86",2016,"Gel",72
"14",2016,"Gel",70
"29",2016,"Gel",47
"33",2016,"Gel",58
"47",2016,"Gel",58
"82",2016,"Gel",57
"32",2016,"Gel",49
"59",2016,"Gel",63
"75",2016,"Gel",49
"80",2016,"Gel",62
"92",2016,"Gel",25
"93",2016,"Gel",46
"94",2016,"Gel",44
"32",2016,"Inondation",2
"64",2016,"Sécheresse",126
"21",2016,"Inondation",7
"58",2016,"Inondation",7
"67",2016,"Inondation",5
"89",2016,"Inondation",6
"90",2016,"Inondation",7
"66",2016,"Sécheresse",140
"07",2016,"Inondation",32
"30",2016,"Inondation",28
"34",2016,"Inondation",21
"04",2016,"Inondation",13
"05",2016,"Inondation",13
"06",2016,"Inondation",25
"26",2016,"Inondation",17
"83",2016,"Inondation",14
"84",2016,"Inondation",14
"11",2016,"Inondation",10
"2B",2016,"Inondation",16
"43",2016,"Inondation",12
"45",2016,"Inondation",4
"76",2016,"Inondation",5
"09",2016,"Inondation",7
"31",2016,"Inondation",5
"13",2016,"Inondation",7
"66",2016,"Inondation",7
"50",2016,"Inondation",3
"63",2016,"Sécheresse",78
"40",2016,"Sécheresse",122
"81",2016,"Sécheresse",116
"22",2016,"Inondation",1
"2A",2016,"Sécheresse",160
"2B",2016,"Sécheresse",142
"38",2016,"Sécheresse",112
"73",2016,"Sécheresse",100
"23",2016,"Inondation",5
"06",2016,"Sécheresse",133
"83",2016,"Sécheresse",156
"24",2016,"Sécheresse",104
"68",2016,"Sécheresse",90
"84",2016,"Sécheresse",136
"09",2016,"Sécheresse",111
"32",2016,"Sécheresse",110
"65",2016,"Sécheresse",100
"82",2016,"Sécheresse",115
"26",2016,"Sécheresse",129
"42",2016,"Inondation",10
"34",2016,"Sécheresse",140
"04",2016,"Sécheresse",124
"05",2016,"Sécheresse",110
"07",2016,"Sécheresse",118
"13",2016,"Sécheresse",133
"16",2016,"Sécheresse",99
"19",2016,"Sécheresse",98
"30",2016,"Sécheresse",140
"87",2016,"Sécheresse",89
"08",2016,"Sécheresse",80
"18",2016,"Sécheresse",96
"25",2016,"Sécheresse",85
"58",2016,"Sécheresse",88
"11",2016,"Sécheresse",128
"47",2016,"Sécheresse",109
"12",2016,"Sécheresse",99
"15",2016,"Sécheresse",96
"17",2016,"Sécheresse",90
"29",2016,"Sécheresse",39
"31",2016,"Sécheresse",97
"33",2016,"Sécheresse",109
"37",2016,"Sécheresse",84
"42",2016,"Sécheresse",102
"43",2016,"Sécheresse",89
"44",2016,"Sécheresse",67
"46",2016,"Sécheresse",106
"56",2016,"Sécheresse",60
"69",2016,"Sécheresse",107
"79",2016,"Sécheresse",83
"85",2016,"Sécheresse",74
"86",2016,"Sécheresse",79
"01",2016,"Sécheresse",101
"03",2016,"Sécheresse",94
"10",2016,"Sécheresse",79
"27",2016,"Sécheresse",68
"28",2016,"Sécheresse",71
"39",2016,"Sécheresse",86
"41",2016,"Sécheresse",78
"45",2016,"Sécheresse",84
"51",2016,"Sécheresse",77
"55",2016,"Sécheresse",61
"57",2016,"Sécheresse",73
"59",2016,"Sécheresse",50
"60",2016,"Sécheresse",61
"67",2016,"Sécheresse",88
"70",2016,"Sécheresse",87
"71",2016,"Sécheresse",94
"74",2016,"Sécheresse",90
"75",2016,"Sécheresse",68
"76",2016,"Sécheresse",57
"77",2016,"Sécheresse",74
"78",2016,"Sécheresse",76
"88",2016,"Sécheresse",74
"89",2016,"Sécheresse",82
"91",2016,"Sécheresse",61
"92",2016,"Sécheresse",67
"93",2016,"Sécheresse",60
"94",2016,"Sécheresse",75
"95",2016,"Sécheresse",60
"36",2016,"Sécheresse",88
"49",2016,"Sécheresse",74
"52",2016,"Sécheresse",75
"54",2016,"Sécheresse",67
"62",2016,"Sécheresse",45
"72",2016,"Sécheresse",77
"02",2016,"Sécheresse",53
"21",2016,"Sécheresse",78
"80",2016,"Sécheresse",45
"90",2016,"Sécheresse",77
"02",2016,"Inondation",5
"03",2016,"Inondation",5
"49",2016,"Inondation",2
"51",2016,"Inondation",5
"94",2016,"Inondation",3
"48",2016,"Sécheresse",98
"23",2016,"Sécheresse",70
"87",2016,"Inondation",7
"08",2016,"Inondation",3
"18",2016,"Inondation",3
"27",2016,"Inondation",2
"28",2016,"Inondation",4
"36",2016,"Inondation",6
"46",2016,"Inondation",6
"77",2016,"Inondation",3
"78",2016,"Inondation",2
"95",2016,"Inondation",2
"14",2016,"Sécheresse",47
"53",2016,"Sécheresse",65
"61",2016,"Sécheresse",55
"10",2016,"Inondation",4
"41",2016,"Inondation",3
"72",2016,"Inondation",1
"91",2016,"Inondation",3
"37",2016,"Inondation",2
"44",2016,"Inondation",1
"79",2016,"Inondation",1
"86",2016,"Inondation",2
"52",2016,"Inondation",6
"54",2016,"Inondation",1
"55",2016,"Inondation",2
"57",2016,"Inondation",3
"59",2016,"Inondation",7
"60",2016,"Inondation",2
"62",2016,"Inondation",7
"75",2016,"Inondation",1
"80",2016,"Inondation",1
"92",2016,"Inondation",1
"93",2016,"Inondation",1
"22",2016,"Sécheresse",60
"35",2016,"Sécheresse",59
"50",2016,"Sécheresse",36
"14",2016,"Inondation",2
"47",2016,"Inondation",1
"69",2016,"Inondation",4
"82",2016,"Inondation",1
"01",2017,"Gel",156
"02",2017,"Gel",64
"03",2017,"Gel",125
"04",2017,"Gel",241
"05",2017,"Gel",257
"06",2017,"Gel",203
"07",2017,"Gel",163
"08",2017,"Gel",109
"09",2017,"Gel",183
"10",2017,"Gel",94
"11",2017,"Gel",100
"12",2017,"Gel",150
"13",2017,"Gel",78
"14",2017,"Gel",57
"15",2017,"Gel",174
"16",2017,"Gel",73
"17",2017,"Gel",68
"18",2017,"Gel",88
"19",2017,"Gel",135
"21",2017,"Gel",109
"22",2017,"Gel",53
"23",2017,"Gel",122
"24",2017,"Gel",78
"25",2017,"Gel",179
"26",2017,"Gel",189
"27",2017,"Gel",66
"28",2017,"Gel",77
"2A",2017,"Gel",165
"2B",2017,"Gel",126
"30",2017,"Gel",143
"31",2017,"Gel",189
"32",2017,"Gel",79
"33",2017,"Gel",74
"34",2017,"Gel",98
"35",2017,"Gel",56
"36",2017,"Gel",84
"37",2017,"Gel",65
"38",2017,"Gel",253
"39",2017,"Gel",183
"40",2017,"Gel",76
"41",2017,"Gel",83
"42",2017,"Gel",154
"43",2017,"Gel",175
"44",2017,"Gel",54
"45",2017,"Gel",75
"46",2017,"Gel",76
"48",2017,"Gel",175
"49",2017,"Gel",55
"50",2017,"Gel",55
"51",2017,"Gel",110
"52",2017,"Gel",112
"53",2017,"Gel",75
"54",2017,"Gel",100
"55",2017,"Gel",97
"56",2017,"Gel",58
"57",2017,"Gel",109
"58",2017,"Gel",118
"59",2017,"Gel",64
"60",2017,"Gel",68
"61",2017,"Gel",70
"62",2017,"Gel",53
"63",2017,"Gel",175
"64",2017,"Gel",165
"65",2017,"Gel",232
"66",2017,"Gel",193
"67",2017,"Gel",138
"68",2017,"Gel",144
"69",2017,"Gel",121
"70",2017,"Gel",142
"71",2017,"Gel",118
"72",2017,"Gel",68
"73",2017,"Gel",272
"74",2017,"Gel",339
"75",2017,"Gel",50
"76",2017,"Gel",66
"77",2017,"Gel",79
"78",2017,"Gel",61
"79",2017,"Gel",61
"80",2017,"Gel",56
"81",2017,"Gel",110
"82",2017,"Gel",80
"83",2017,"Gel",99
"84",2017,"Gel",125
"85",2017,"Gel",59
"86",2017,"Gel",59
"87",2017,"Gel",86
"88",2017,"Gel",133
"89",2017,"Gel",92
"90",2017,"Gel",141
"91",2017,"Gel",62
"92",2017,"Gel",28
"93",2017,"Gel",44
"94",2017,"Gel",35
"95",2017,"Gel",47
"29",2017,"Gel",41
"47",2017,"Gel",77
"31",2017,"Inondation",10
"64",2017,"Inondation",26
"65",2017,"Inondation",14
"73",2017,"Inondation",18
"09",2017,"Inondation",14
"2B",2017,"Inondation",14
"66",2017,"Inondation",12
"2A",2017,"Inondation",20
"07",2017,"Inondation",18
"30",2017,"Inondation",13
"34",2017,"Inondation",14
"48",2017,"Inondation",19
"83",2017,"Inondation",7
"11",2017,"Inondation",7
"12",2017,"Inondation",13
"81",2017,"Inondation",13
"58",2017,"Inondation",6
"15",2017,"Inondation",14
"32",2017,"Inondation",6
"40",2017,"Inondation",12
"68",2017,"Inondation",12
"01",2017,"Inondation",16
"26",2017,"Inondation",10
"38",2017,"Inondation",18
"74",2017,"Inondation",12
"70",2017,"Inondation",13
"06",2017,"Inondation",9
"88",2017,"Inondation",11
"90",2017,"Inondation",10
"46",2017,"Inondation",5
"82",2017,"Inondation",6
"13",2017,"Inondation",4
"05",2017,"Inondation",9
"39",2017,"Inondation",12
"66",2017,"Sécheresse",172
"71",2017,"Inondation",8
"34",2017,"Sécheresse",167
"09",2017,"Sécheresse",129
"30",2017,"Sécheresse",170
"40",2017,"Sécheresse",143
"64",2017,"Sécheresse",126
"83",2017,"Sécheresse",180
"12",2017,"Sécheresse",113
"15",2017,"Sécheresse",110
"16",2017,"Sécheresse",99
"19",2017,"Sécheresse",106
"24",2017,"Sécheresse",113
"31",2017,"Sécheresse",113
"33",2017,"Sécheresse",123
"43",2017,"Sécheresse",112
"46",2017,"Sécheresse",115
"65",2017,"Sécheresse",115
"81",2017,"Sécheresse",121
"82",2017,"Sécheresse",125
"48",2017,"Sécheresse",130
"07",2017,"Sécheresse",156
"11",2017,"Sécheresse",154
"26",2017,"Sécheresse",157
"69",2017,"Sécheresse",120
"04",2017,"Inondation",6
"42",2017,"Inondation",6
"43",2017,"Inondation",7
"84",2017,"Inondation",6
"2A",2017,"Sécheresse",170
"2B",2017,"Sécheresse",148
"32",2017,"Sécheresse",120
"47",2017,"Sécheresse",125
"01",2017,"Sécheresse",117
"03",2017,"Sécheresse",109
"06",2017,"Sécheresse",152
"08",2017,"Sécheresse",80
"10",2017,"Sécheresse",91
"17",2017,"Sécheresse",94
"18",2017,"Sécheresse",103
"23",2017,"Sécheresse",72
"36",2017,"Sécheresse",103
"37",2017,"Sécheresse",97
"38",2017,"Sécheresse",129
"39",2017,"Sécheresse",105
"45",2017,"Sécheresse",92
"70",2017,"Sécheresse",98
"71",2017,"Sécheresse",108
"72",2017,"Sécheresse",76
"76",2017,"Sécheresse",70
"79",2017,"Sécheresse",89
"84",2017,"Sécheresse",156
"87",2017,"Sécheresse",87
"92",2017,"Sécheresse",74
"67",2017,"Sécheresse",91
"68",2017,"Sécheresse",94
"04",2017,"Sécheresse",156
"05",2017,"Sécheresse",135
"29",2017,"Sécheresse",43
"41",2017,"Sécheresse",90
"44",2017,"Sécheresse",76
"49",2017,"Sécheresse",87
"56",2017,"Sécheresse",65
"73",2017,"Sécheresse",104
"78",2017,"Sécheresse",88
"85",2017,"Sécheresse",88
"86",2017,"Sécheresse",87
"02",2017,"Sécheresse",61
"14",2017,"Sécheresse",51
"21",2017,"Sécheresse",97
"22",2017,"Sécheresse",53
"25",2017,"Sécheresse",95
"27",2017,"Sécheresse",73
"28",2017,"Sécheresse",75
"35",2017,"Sécheresse",57
"42",2017,"Sécheresse",110
"50",2017,"Sécheresse",41
"51",2017,"Sécheresse",79
"52",2017,"Sécheresse",82
"53",2017,"Sécheresse",67
"55",2017,"Sécheresse",70
"57",2017,"Sécheresse",77
"58",2017,"Sécheresse",92
"59",2017,"Sécheresse",51
"60",2017,"Sécheresse",62
"61",2017,"Sécheresse",57
"63",2017,"Sécheresse",95
"74",2017,"Sécheresse",101
"75",2017,"Sécheresse",71
"77",2017,"Sécheresse",82
"80",2017,"Sécheresse",61
"88",2017,"Sécheresse",82
"89",2017,"Sécheresse",87
"90",2017,"Sécheresse",83
"91",2017,"Sécheresse",74
"93",2017,"Sécheresse",66
"94",2017,"Sécheresse",84
"95",2017,"Sécheresse",65
"13",2017,"Sécheresse",153
"25",2017,"Inondation",8
"63",2017,"Inondation",15
"69",2017,"Inondation",3
"50",2017,"Inondation",5
"02",2017,"Inondation",2
"60",2017,"Inondation",3
"21",2017,"Inondation",5
"54",2017,"Sécheresse",73
"62",2017,"Sécheresse",47
"47",2017,"Inondation",3
"62",2017,"Inondation",3
"76",2017,"Inondation",6
"80",2017,"Inondation",4
"22",2017,"Inondation",3
"56",2017,"Inondation",2
"19",2017,"Inondation",6
"23",2017,"Inondation",8
"87",2017,"Inondation",7
"03",2017,"Inondation",6
"24",2017,"Inondation",4
"57",2017,"Inondation",4
"10",2017,"Inondation",5
"67",2017,"Inondation",3
"89",2017,"Inondation",6
"08",2017,"Inondation",4
"14",2017,"Inondation",3
"33",2017,"Inondation",3
"44",2017,"Inondation",2
"49",2017,"Inondation",2
"52",2017,"Inondation",3
"55",2017,"Inondation",5
"77",2017,"Inondation",6
"16",2017,"Inondation",3
"17",2017,"Inondation",2
"79",2017,"Inondation",1
"36",2017,"Inondation",3
"86",2017,"Inondation",2
"41",2017,"Inondation",2
"72",2017,"Inondation",2
"75",2017,"Inondation",1
"93",2017,"Inondation",1
"45",2017,"Inondation",2
"18",2017,"Inondation",2
"51",2017,"Inondation",4
"29",2017,"Inondation",2
"61",2017,"Inondation",1
"91",2017,"Inondation",4
"28",2017,"Inondation",2
"59",2017,"Inondation",1
"78",2017,"Inondation",2
"27",2017,"Inondation",1
"54",2017,"Inondation",1
"92",2017,"Inondation",1
"94",2017,"Inondation",1
"01",2018,"Gel",118
"01",2018,"Inondation",21
"04",2018,"Gel",198
"05",2018,"Gel",248
"06",2018,"Gel",174
"07",2018,"Gel",128
"09",2018,"Gel",169
"11",2018,"Gel",89
"12",2018,"Gel",112
"15",2018,"Gel",141
"15",2018,"Inondation",16
"17",2018,"Inondation",5
"25",2018,"Gel",152
"26",2018,"Gel",129
"2A",2018,"Gel",161
"2B",2018,"Gel",134
"2B",2018,"Inondation",26
"30",2018,"Gel",134
"31",2018,"Gel",177
"33",2018,"Inondation",7
"38",2018,"Gel",224
"39",2018,"Gel",146
"42",2018,"Gel",124
"43",2018,"Gel",140
"48",2018,"Gel",150
"63",2018,"Gel",151
"64",2018,"Gel",163
"65",2018,"Gel",221
"66",2018,"Gel",176
"67",2018,"Gel",124
"68",2018,"Gel",123
"68",2018,"Inondation",29
"70",2018,"Gel",124
"73",2018,"Gel",247
"73",2018,"Inondation",22
"74",2018,"Gel",345
"90",2018,"Gel",120
"03",2018,"Gel",90
"64",2018,"Inondation",30
"65",2018,"Inondation",21
"81",2018,"Inondation",26
"88",2018,"Inondation",15
"03",2018,"Inondation",9
"05",2018,"Inondation",20
"12",2018,"Inondation",22
"19",2018,"Inondation",12
"23",2018,"Inondation",12
"38",2018,"Inondation",22
"39",2018,"Inondation",18
"42",2018,"Inondation",10
"46",2018,"Inondation",13
"48",2018,"Inondation",41
"50",2018,"Inondation",6
"58",2018,"Inondation",12
"63",2018,"Inondation",17
"69",2018,"Inondation",8
"70",2018,"Inondation",17
"71",2018,"Inondation",20
"74",2018,"Inondation",19
"83",2018,"Gel",70
"84",2018,"Gel",97
"90",2018,"Inondation",10
"25",2018,"Inondation",19
"57",2018,"Inondation",6
"66",2018,"Sécheresse",151
"67",2018,"Inondation",11
"22",2018,"Gel",45
"29",2018,"Gel",42
"34",2018,"Inondation",43
"56",2018,"Gel",46
"11",2018,"Inondation",28
"30",2018,"Inondation",39
"31",2018,"Inondation",22
"66",2018,"Inondation",24
"04",2018,"Inondation",26
"06",2018,"Inondation",22
"07",2018,"Inondation",46
"13",2018,"Inondation",15
"26",2018,"Inondation",18
"2A",2018,"Inondation",40
"43",2018,"Inondation",22
"54",2018,"Gel",86
"83",2018,"Inondation",33
"84",2018,"Inondation",27
"88",2018,"Gel",105
"32",2018,"Gel",37
"40",2018,"Gel",43
"51",2018,"Gel",92
"59",2018,"Gel",61
"62",2018,"Gel",54
"19",2018,"Gel",93
"69",2018,"Gel",80
"81",2018,"Gel",77
"14",2018,"Gel",54
"21",2018,"Gel",80
"28",2018,"Gel",71
"34",2018,"Gel",65
"52",2018,"Gel",95
"71",2018,"Gel",81
"13",2018,"Gel",58
"16",2018,"Gel",55
"23",2018,"Gel",92
"24",2018,"Gel",55
"33",2018,"Gel",50
"35",2018,"Gel",44
"53",2018,"Gel",62
"57",2018,"Gel",93
"87",2018,"Gel",63
"02",2018,"Gel",61
"08",2018,"Gel",86
"10",2018,"Gel",73
"18",2018,"Gel",71
"27",2018,"Gel",62
"36",2018,"Gel",63
"40",2018,"Inondation",11
"41",2018,"Gel",68
"45",2018,"Gel",60
"46",2018,"Gel",56
"47",2018,"Gel",45
"55",2018,"Gel",84
"58",2018,"Gel",87
"60",2018,"Gel",65
"72",2018,"Gel",59
"76",2018,"Gel",59
"77",2018,"Gel",75
"78",2018,"Gel",62
"79",2018,"Gel",41
"82",2018,"Gel",40
"86",2018,"Gel",45
"89",2018,"Gel",74
"91",2018,"Gel",57
"93",2018,"Gel",44
"61",2018,"Gel",66
"75",2018,"Gel",48
"80",2018,"Gel",53
"95",2018,"Gel",48
"37",2018,"Gel",53
"49",2018,"Gel",45
"09",2018,"Inondation",19
"24",2018,"Inondation",11
"87",2018,"Inondation",10
"76",2018,"Inondation",5
"85",2018,"Gel",43
"17",2018,"Gel",41
"44",2018,"Gel",38
"50",2018,"Gel",47
"89",2018,"Inondation",3
"94",2018,"Gel",38
"92",2018,"Gel",34
"65",2018,"Sécheresse",120
"21",2018,"Inondation",8
"51",2018,"Inondation",5
"52",2018,"Inondation",9
"03",2018,"Sécheresse",133
"09",2018,"Sécheresse",128
"23",2018,"Sécheresse",99
"24",2018,"Sécheresse",138
"33",2018,"Sécheresse",140
"36",2018,"Sécheresse",145
"40",2018,"Sécheresse",142
"64",2018,"Sécheresse",130
"57",2018,"Sécheresse",113
"74",2018,"Sécheresse",138
"84",2018,"Sécheresse",163
"88",2018,"Sécheresse",122
"08",2018,"Sécheresse",118
"10",2018,"Sécheresse",122
"25",2018,"Sécheresse",129
"51",2018,"Sécheresse",117
"52",2018,"Sécheresse",120
"54",2018,"Sécheresse",108
"55",2018,"Sécheresse",103
"67",2018,"Sécheresse",122
"68",2018,"Sécheresse",129
"70",2018,"Sécheresse",136
"47",2018,"Inondation",6
"82",2018,"Inondation",9
"79",2018,"Inondation",6
"2A",2018,"Sécheresse",164
"05",2018,"Sécheresse",147
"07",2018,"Sécheresse",157
"30",2018,"Sécheresse",167
"34",2018,"Sécheresse",168
"83",2018,"Sécheresse",169
"26",2018,"Sécheresse",166
"01",2018,"Sécheresse",149
"04",2018,"Sécheresse",159
"06",2018,"Sécheresse",152
"11",2018,"Sécheresse",160
"12",2018,"Sécheresse",139
"13",2018,"Sécheresse",161
"15",2018,"Sécheresse",139
"18",2018,"Sécheresse",140
"19",2018,"Sécheresse",137
"32",2018,"Sécheresse",136
"38",2018,"Sécheresse",150
"39",2018,"Sécheresse",138
"46",2018,"Sécheresse",139
"47",2018,"Sécheresse",146
"48",2018,"Sécheresse",130
"69",2018,"Sécheresse",148
"73",2018,"Sécheresse",146
"81",2018,"Sécheresse",133
"82",2018,"Sécheresse",143
"87",2018,"Sécheresse",121
"02",2018,"Sécheresse",93
"14",2018,"Sécheresse",80
"16",2018,"Sécheresse",125
"17",2018,"Sécheresse",123
"21",2018,"Sécheresse",122
"22",2018,"Sécheresse",77
"27",2018,"Sécheresse",102
"28",2018,"Sécheresse",117
"29",2018,"Sécheresse",63
"31",2018,"Sécheresse",127
"35",2018,"Sécheresse",93
"37",2018,"Sécheresse",125
"41",2018,"Sécheresse",124
"42",2018,"Sécheresse",131
"43",2018,"Sécheresse",120
"44",2018,"Sécheresse",111
"45",2018,"Sécheresse",129
"49",2018,"Sécheresse",116
"50",2018,"Sécheresse",71
"53",2018,"Sécheresse",112
"56",2018,"Sécheresse",88
"58",2018,"Sécheresse",128
"59",2018,"Sécheresse",83
"60",2018,"Sécheresse",96
"61",2018,"Sécheresse",89
"62",2018,"Sécheresse",64
"63",2018,"Sécheresse",109
"71",2018,"Sécheresse",142
"72",2018,"Sécheresse",114
"75",2018,"Sécheresse",118
"76",2018,"Sécheresse",94
"77",2018,"Sécheresse",116
"78",2018,"Sécheresse",115
"79",2018,"Sécheresse",121
"80",2018,"Sécheresse",75
"85",2018,"Sécheresse",115
"86",2018,"Sécheresse",113
"89",2018,"Sécheresse",131
"90",2018,"Sécheresse",117
"91",2018,"Sécheresse",111
"92",2018,"Sécheresse",110
"93",2018,"Sécheresse",101
"94",2018,"Sécheresse",117
"95",2018,"Sécheresse",99
"2B",2018,"Sécheresse",150
"32",2018,"Inondation",13
"14",2018,"Inondation",4
"27",2018,"Inondation",7
"36",2018,"Inondation",3
"37",2018,"Inondation",5
"49",2018,"Inondation",6
"10",2018,"Inondation",6
"55",2018,"Inondation",6
"59",2018,"Inondation",3
"91",2018,"Inondation",2
"02",2018,"Inondation",4
"60",2018,"Inondation",4
"53",2018,"Inondation",7
"78",2018,"Inondation",3
"95",2018,"Inondation",3
"80",2018,"Inondation",2
"08",2018,"Inondation",5
"16",2018,"Inondation",2
"61",2018,"Inondation",8
"75",2018,"Inondation",2
"54",2018,"Inondation",3
"45",2018,"Inondation",6
"62",2018,"Inondation",2
"22",2018,"Inondation",3
"29",2018,"Inondation",8
"35",2018,"Inondation",8
"56",2018,"Inondation",10
"86",2018,"Inondation",4
"28",2018,"Inondation",3
"72",2018,"Inondation",3
"41",2018,"Inondation",2
"44",2018,"Inondation",5
"77",2018,"Inondation",4
"85",2018,"Inondation",4
"92",2018,"Inondation",1
"93",2018,"Inondation",1
"94",2018,"Inondation",1
"18",2018,"Inondation",1
"01",2019,"Gel",147
"03",2019,"Gel",121
"04",2019,"Gel",222
"05",2019,"Gel",266
"06",2019,"Gel",201
"07",2019,"Gel",161
"09",2019,"Gel",198
"11",2019,"Gel",95
"12",2019,"Gel",140
"13",2019,"Gel",81
"15",2019,"Gel",165
"19",2019,"Gel",117
"24",2019,"Gel",75
"25",2019,"Gel",165
"26",2019,"Gel",165
"2A",2019,"Gel",192
"2B",2019,"Gel",148
"30",2019,"Gel",161
"31",2019,"Gel",209
"32",2019,"Gel",47
"34",2019,"Gel",105
"38",2019,"Gel",248
"39",2019,"Gel",168
"42",2019,"Gel",153
"43",2019,"Gel",169
"46",2019,"Gel",87
"48",2019,"Gel",174
"51",2019,"Gel",97
"63",2019,"Gel",178
"64",2019,"Gel",186
"65",2019,"Gel",240
"66",2019,"Gel",208
"67",2019,"Gel",139
"68",2019,"Gel",141
"70",2019,"Gel",138
"73",2019,"Gel",262
"74",2019,"Gel",342
"81",2019,"Gel",107
"82",2019,"Gel",71
"83",2019,"Gel",114
"84",2019,"Gel",150
"88",2019,"Gel",117
"90",2019,"Gel",141
"08",2019,"Gel",97
"18",2019,"Gel",89
"23",2019,"Gel",110
"36",2019,"Gel",78
"54",2019,"Gel",92
"57",2019,"Gel",109
"58",2019,"Gel",106
"69",2019,"Gel",112
"87",2019,"Gel",92
"89",2019,"Gel",91
"10",2019,"Gel",87
"14",2019,"Gel",60
"16",2019,"Gel",57
"17",2019,"Gel",45
"21",2019,"Gel",108
"22",2019,"Gel",42
"27",2019,"Gel",66
"28",2019,"Gel",77
"29",2019,"Gel",29
"33",2019,"Gel",50
"35",2019,"Gel",42
"37",2019,"Gel",68
"40",2019,"Gel",54
"41",2019,"Gel",86
"44",2019,"Gel",39
"45",2019,"Gel",72
"47",2019,"Gel",52
"49",2019,"Gel",50
"50",2019,"Gel",57
"52",2019,"Gel",109
"53",2019,"Gel",65
"55",2019,"Gel",92
"56",2019,"Gel",50
"61",2019,"Gel",69
"71",2019,"Gel",104
"72",2019,"Gel",62
"77",2019,"Gel",79
"79",2019,"Gel",54
"85",2019,"Gel",48
"86",2019,"Gel",63
"91",2019,"Gel",60
"59",2019,"Gel",51
"60",2019,"Gel",66
"62",2019,"Gel",52
"76",2019,"Gel",55
"78",2019,"Gel",56
"80",2019,"Gel",49
"02",2019,"Gel",56
"75",2019,"Gel",42
"93",2019,"Gel",45
"95",2019,"Gel",43
"38",2019,"Inondation",35
"67",2019,"Inondation",3
"68",2019,"Inondation",16
"81",2019,"Inondation",10
"88",2019,"Inondation",9
"90",2019,"Inondation",8
"92",2019,"Gel",15
"94",2019,"Gel",34
"40",2019,"Inondation",15
"64",2019,"Inondation",33
"09",2019,"Inondation",10
"65",2019,"Inondation",17
"31",2019,"Inondation",6
"35",2019,"Inondation",3
"04",2019,"Inondation",25
"12",2019,"Inondation",16
"15",2019,"Inondation",22
"2A",2019,"Inondation",32
"32",2019,"Inondation",7
"48",2019,"Inondation",26
"82",2019,"Inondation",4
"05",2019,"Inondation",21
"06",2019,"Inondation",24
"26",2019,"Inondation",16
"2B",2019,"Inondation",24
"73",2019,"Inondation",24
"74",2019,"Inondation",21
"83",2019,"Inondation",18
"84",2019,"Inondation",13
"43",2019,"Inondation",12
"64",2019,"Sécheresse",121
"34",2019,"Sécheresse",149
"66",2019,"Sécheresse",142
"15",2019,"Sécheresse",108
"40",2019,"Sécheresse",130
"46",2019,"Sécheresse",110
"05",2019,"Sécheresse",130
"09",2019,"Sécheresse",111
"11",2019,"Sécheresse",134
"12",2019,"Sécheresse",111
"16",2019,"Sécheresse",92
"17",2019,"Sécheresse",94
"19",2019,"Sécheresse",100
"23",2019,"Sécheresse",88
"24",2019,"Sécheresse",107
"31",2019,"Sécheresse",109
"32",2019,"Sécheresse",109
"33",2019,"Sécheresse",108
"47",2019,"Sécheresse",110
"48",2019,"Sécheresse",112
"65",2019,"Sécheresse",108
"81",2019,"Sécheresse",111
"82",2019,"Sécheresse",121
"86",2019,"Sécheresse",90
"87",2019,"Sécheresse",91
"30",2019,"Sécheresse",152
"50",2019,"Inondation",4
"07",2019,"Inondation",22
"30",2019,"Inondation",22
"2B",2019,"Sécheresse",145
"01",2019,"Inondation",15
"25",2019,"Inondation",10
"39",2019,"Inondation",15
"42",2019,"Inondation",11
"58",2019,"Inondation",3
"59",2019,"Inondation",3
"63",2019,"Inondation",17
"69",2019,"Inondation",10
"70",2019,"Inondation",9
"71",2019,"Inondation",8
"04",2019,"Sécheresse",132
"07",2019,"Sécheresse",137
"83",2019,"Sécheresse",153
"13",2019,"Sécheresse",147
"26",2019,"Sécheresse",137
"84",2019,"Sécheresse",140
"13",2019,"Inondation",11
"11",2019,"Inondation",10
"34",2019,"Inondation",17
"66",2019,"Inondation",10
"03",2019,"Sécheresse",105
"08",2019,"Sécheresse",80
"18",2019,"Sécheresse",106
"25",2019,"Sécheresse",100
"36",2019,"Sécheresse",109
"37",2019,"Sécheresse",99
"39",2019,"Sécheresse",101
"41",2019,"Sécheresse",91
"42",2019,"Sécheresse",104
"44",2019,"Sécheresse",72
"45",2019,"Sécheresse",99
"49",2019,"Sécheresse",88
"58",2019,"Sécheresse",95
"63",2019,"Sécheresse",93
"71",2019,"Sécheresse",107
"77",2019,"Sécheresse",88
"79",2019,"Sécheresse",88
"85",2019,"Sécheresse",79
"01",2019,"Sécheresse",112
"02",2019,"Sécheresse",68
"10",2019,"Sécheresse",90
"14",2019,"Sécheresse",54
"21",2019,"Sécheresse",102
"22",2019,"Sécheresse",66
"27",2019,"Sécheresse",77
"28",2019,"Sécheresse",84
"29",2019,"Sécheresse",45
"35",2019,"Sécheresse",65
"38",2019,"Sécheresse",124
"43",2019,"Sécheresse",97
"50",2019,"Sécheresse",52
"51",2019,"Sécheresse",90
"52",2019,"Sécheresse",93
"53",2019,"Sécheresse",73
"56",2019,"Sécheresse",70
"57",2019,"Sécheresse",89
"60",2019,"Sécheresse",72
"61",2019,"Sécheresse",68
"67",2019,"Sécheresse",96
"69",2019,"Sécheresse",116
"70",2019,"Sécheresse",100
"72",2019,"Sécheresse",80
"73",2019,"Sécheresse",115
"74",2019,"Sécheresse",105
"75",2019,"Sécheresse",88
"76",2019,"Sécheresse",80
"78",2019,"Sécheresse",84
"80",2019,"Sécheresse",63
"88",2019,"Sécheresse",90
"89",2019,"Sécheresse",100
"91",2019,"Sécheresse",82
"93",2019,"Sécheresse",76
"94",2019,"Sécheresse",87
"95",2019,"Sécheresse",74
"54",2019,"Sécheresse",81
"59",2019,"Sécheresse",56
"62",2019,"Sécheresse",54
"68",2019,"Sécheresse",94
"2A",2019,"Sécheresse",157
"06",2019,"Sécheresse",135
"55",2019,"Sécheresse",80
"79",2019,"Inondation",7
"86",2019,"Inondation",6
"56",2019,"Inondation",8
"27",2019,"Inondation",1
"28",2019,"Inondation",1
"51",2019,"Inondation",1
"75",2019,"Inondation",1
"77",2019,"Inondation",3
"78",2019,"Inondation",1
"91",2019,"Inondation",1
"93",2019,"Inondation",1
"94",2019,"Inondation",1
"90",2019,"Sécheresse",81
"87",2019,"Inondation",7
"33",2019,"Inondation",8
"29",2019,"Inondation",2
"85",2019,"Inondation",2
"52",2019,"Inondation",2
"57",2019,"Inondation",1
"53",2019,"Inondation",3
"23",2019,"Inondation",7
"14",2019,"Inondation",2
"61",2019,"Inondation",2
"76",2019,"Inondation",7
"02",2019,"Inondation",1
"10",2019,"Inondation",2
"21",2019,"Inondation",3
"24",2019,"Inondation",4
"47",2019,"Inondation",2
"60",2019,"Inondation",1
"03",2019,"Inondation",2
"19",2019,"Inondation",9
"54",2019,"Inondation",1
"45",2019,"Inondation",1
"44",2019,"Inondation",1
"80",2019,"Inondation",1
"17",2019,"Inondation",4
"46",2019,"Inondation",5
"08",2019,"Inondation",1
"37",2019,"Inondation",1
"18",2019,"Inondation",1
"89",2019,"Inondation",1
"16",2019,"Inondation",1
"62",2019,"Inondation",2
"22",2019,"Inondation",1
"01",2020,"Gel",128
"02",2020,"Gel",46
"03",2020,"Gel",98
"04",2020,"Gel",216
"05",2020,"Gel",275
"06",2020,"Gel",186
"07",2020,"Gel",121
"08",2020,"Gel",71
"09",2020,"Gel",159
"10",2020,"Gel",66
"11",2020,"Gel",83
"12",2020,"Gel",114
"13",2020,"Gel",57
"15",2020,"Gel",138
"18",2020,"Gel",63
"19",2020,"Gel",108
"21",2020,"Gel",90
"23",2020,"Gel",97
"25",2020,"Gel",168
"26",2020,"Gel",158
"27",2020,"Gel",46
"28",2020,"Gel",61
"2A",2020,"Gel",119
"2B",2020,"Gel",127
"30",2020,"Gel",133
"31",2020,"Gel",175
"34",2020,"Gel",82
"36",2020,"Gel",56
"37",2020,"Gel",46
"38",2020,"Gel",251
"39",2020,"Gel",161
"41",2020,"Gel",59
"42",2020,"Gel",122
"43",2020,"Gel",144
"45",2020,"Gel",55
"46",2020,"Gel",71
"48",2020,"Gel",156
"51",2020,"Gel",79
"52",2020,"Gel",91
"53",2020,"Gel",52
"54",2020,"Gel",76
"55",2020,"Gel",75
"57",2020,"Gel",101
"58",2020,"Gel",80
"59",2020,"Gel",39
"60",2020,"Gel",56
"61",2020,"Gel",53
"62",2020,"Gel",44
"63",2020,"Gel",160
"65",2020,"Gel",241
"66",2020,"Gel",179
"67",2020,"Gel",127
"68",2020,"Gel",120
"69",2020,"Gel",89
"70",2020,"Gel",118
"71",2020,"Gel",85
"72",2020,"Gel",43
"73",2020,"Gel",270
"74",2020,"Gel",226
"75",2020,"Gel",28
"76",2020,"Gel",42
"77",2020,"Gel",65
"78",2020,"Gel",45
"80",2020,"Gel",50
"81",2020,"Gel",81
"83",2020,"Gel",137
"84",2020,"Gel",135
"87",2020,"Gel",64
"88",2020,"Gel",110
"89",2020,"Gel",69
"90",2020,"Gel",121
"91",2020,"Gel",43
"92",2020,"Gel",5
"93",2020,"Gel",27
"94",2020,"Gel",22
"95",2020,"Gel",29
"32",2020,"Gel",37
"40",2020,"Gel",48
"47",2020,"Gel",38
"64",2020,"Gel",150
"82",2020,"Gel",44
"14",2020,"Gel",41
"22",2020,"Gel",29
"29",2020,"Gel",17
"35",2020,"Gel",30
"44",2020,"Gel",31
"49",2020,"Gel",37
"50",2020,"Gel",42
"56",2020,"Gel",35
"16",2020,"Gel",36
"17",2020,"Gel",22
"24",2020,"Gel",52
"33",2020,"Gel",29
"79",2020,"Gel",53
"85",2020,"Gel",32
"86",2020,"Gel",39
"56",2020,"Inondation",10
"22",2020,"Inondation",7
"29",2020,"Inondation",13
"2A",2020,"Inondation",29
"11",2020,"Inondation",11
"66",2020,"Inondation",17
"09",2020,"Inondation",11
"31",2020,"Inondation",8
"12",2020,"Inondation",15
"30",2020,"Inondation",19
"34",2020,"Inondation",20
"81",2020,"Inondation",15
"2B",2020,"Inondation",18
"07",2020,"Inondation",24
"48",2020,"Inondation",22
"13",2020,"Inondation",6
"15",2020,"Inondation",23
"68",2020,"Inondation",17
"88",2020,"Inondation",9
"01",2020,"Inondation",14
"25",2020,"Inondation",10
"38",2020,"Inondation",22
"39",2020,"Inondation",10
"40",2020,"Sécheresse",135
"51",2020,"Inondation",2
"54",2020,"Inondation",2
"55",2020,"Inondation",3
"57",2020,"Inondation",4
"64",2020,"Sécheresse",130
"66",2020,"Sécheresse",138
"67",2020,"Inondation",5
"70",2020,"Inondation",13
"73",2020,"Inondation",17
"74",2020,"Inondation",17
"90",2020,"Inondation",9
"65",2020,"Sécheresse",113
"83",2020,"Sécheresse",147
"06",2020,"Sécheresse",135
"2A",2020,"Sécheresse",149
"2B",2020,"Sécheresse",144
"31",2020,"Sécheresse",118
"04",2020,"Sécheresse",135
"30",2020,"Sécheresse",151
"07",2020,"Sécheresse",139
"34",2020,"Sécheresse",143
"44",2020,"Inondation",6
"49",2020,"Inondation",6
"53",2020,"Inondation",4
"04",2020,"Inondation",10
"06",2020,"Inondation",17
"26",2020,"Inondation",12
"64",2020,"Inondation",29
"83",2020,"Inondation",13
"87",2020,"Inondation",7
"05",2020,"Inondation",11
"59",2020,"Inondation",4
"63",2020,"Inondation",15
"71",2020,"Inondation",7
"13",2020,"Sécheresse",144
"65",2020,"Inondation",12
"24",2020,"Sécheresse",123
"38",2020,"Sécheresse",139
"18",2020,"Sécheresse",117
"36",2020,"Sécheresse",123
"68",2020,"Sécheresse",110
"03",2020,"Sécheresse",118
"10",2020,"Sécheresse",104
"21",2020,"Sécheresse",109
"26",2020,"Sécheresse",141
"28",2020,"Sécheresse",96
"39",2020,"Sécheresse",118
"45",2020,"Sécheresse",109
"51",2020,"Sécheresse",104
"52",2020,"Sécheresse",104
"57",2020,"Sécheresse",92
"58",2020,"Sécheresse",105
"67",2020,"Sécheresse",109
"69",2020,"Sécheresse",131
"70",2020,"Sécheresse",112
"71",2020,"Sécheresse",121
"75",2020,"Sécheresse",99
"77",2020,"Sécheresse",106
"88",2020,"Sécheresse",93
"89",2020,"Sécheresse",116
"94",2020,"Sécheresse",107
"02",2020,"Sécheresse",90
"08",2020,"Sécheresse",91
"14",2020,"Sécheresse",63
"27",2020,"Sécheresse",84
"42",2020,"Sécheresse",117
"43",2020,"Sécheresse",102
"53",2020,"Sécheresse",94
"54",2020,"Sécheresse",94
"55",2020,"Sécheresse",95
"59",2020,"Sécheresse",63
"60",2020,"Sécheresse",88
"62",2020,"Sécheresse",54
"72",2020,"Sécheresse",93
"73",2020,"Sécheresse",124
"76",2020,"Sécheresse",90
"78",2020,"Sécheresse",94
"80",2020,"Sécheresse",75
"85",2020,"Sécheresse",96
"91",2020,"Sécheresse",87
"92",2020,"Sécheresse",85
"93",2020,"Sécheresse",83
"95",2020,"Sécheresse",81
"01",2020,"Sécheresse",116
"12",2020,"Sécheresse",111
"15",2020,"Sécheresse",113
"16",2020,"Sécheresse",111
"17",2020,"Sécheresse",104
"19",2020,"Sécheresse",108
"22",2020,"Sécheresse",68
"29",2020,"Sécheresse",50
"32",2020,"Sécheresse",126
"33",2020,"Sécheresse",123
"37",2020,"Sécheresse",106
"41",2020,"Sécheresse",94
"44",2020,"Sécheresse",85
"46",2020,"Sécheresse",112
"47",2020,"Sécheresse",121
"49",2020,"Sécheresse",101
"50",2020,"Sécheresse",63
"56",2020,"Sécheresse",74
"61",2020,"Sécheresse",80
"79",2020,"Sécheresse",95
"81",2020,"Sécheresse",117
"82",2020,"Sécheresse",123
"84",2020,"Sécheresse",135
"86",2020,"Sécheresse",95
"87",2020,"Sécheresse",93
"05",2020,"Sécheresse",112
"09",2020,"Sécheresse",118
"25",2020,"Sécheresse",104
"35",2020,"Sécheresse",66
"63",2020,"Sécheresse",99
"74",2020,"Sécheresse",112
"23",2020,"Sécheresse",89
"90",2020,"Sécheresse",95
"11",2020,"Sécheresse",137
"62",2020,"Inondation",5
"32",2020,"Inondation",12
"40",2020,"Inondation",17
"85",2020,"Inondation",7
"19",2020,"Inondation",9
"23",2020,"Inondation",10
"47",2020,"Inondation",8
"48",2020,"Sécheresse",113
"36",2020,"Inondation",4
"46",2020,"Inondation",9
"84",2020,"Inondation",10
"24",2020,"Inondation",5
"33",2020,"Inondation",7
"42",2020,"Inondation",7
"43",2020,"Inondation",8
"03",2020,"Inondation",4
"18",2020,"Inondation",1
"86",2020,"Inondation",2
"10",2020,"Inondation",3
"35",2020,"Inondation",5
"75",2020,"Inondation",1
"78",2020,"Inondation",1
"91",2020,"Inondation",3
"92",2020,"Inondation",1
"93",2020,"Inondation",1
"95",2020,"Inondation",2
"17",2020,"Inondation",4
"41",2020,"Inondation",2
"45",2020,"Inondation",1
"52",2020,"Inondation",2
"77",2020,"Inondation",1
"79",2020,"Inondation",1
"82",2020,"Inondation",4
"89",2020,"Inondation",2
"21",2020,"Inondation",2
"58",2020,"Inondation",5
"69",2020,"Inondation",6
"02",2020,"Inondation",1
"60",2020,"Inondation",1
"14",2020,"Inondation",4
"27",2020,"Inondation",1
"61",2020,"Inondation",1
"80",2020,"Inondation",2
"50",2020,"Inondation",7
"76",2020,"Inondation",4
"08",2020,"Inondation",2
"16",2020,"Inondation",2
"01",2021,"Gel",149
"02",2021,"Gel",80
"03",2021,"Gel",135
"04",2021,"Gel",231
"05",2021,"Gel",269
"06",2021,"Gel",201
"07",2021,"Gel",162
"08",2021,"Gel",117
"09",2021,"Gel",184
"10",2021,"Gel",107
"11",2021,"Gel",85
"12",2021,"Gel",136
"14",2021,"Gel",78
"15",2021,"Gel",172
"16",2021,"Gel",75
"17",2021,"Gel",56
"18",2021,"Gel",103
"19",2021,"Gel",150
"21",2021,"Gel",120
"22",2021,"Gel",60
"23",2021,"Gel",134
"24",2021,"Gel",77
"25",2021,"Gel",183
"26",2021,"Gel",178
"27",2021,"Gel",69
"28",2021,"Gel",93
"29",2021,"Gel",45
"2A",2021,"Gel",163
"2B",2021,"Gel",136
"30",2021,"Gel",149
"31",2021,"Gel",198
"33",2021,"Gel",65
"34",2021,"Gel",109
"35",2021,"Gel",71
"36",2021,"Gel",103
"37",2021,"Gel",78
"38",2021,"Gel",254
"39",2021,"Gel",176
"40",2021,"Gel",65
"41",2021,"Gel",90
"42",2021,"Gel",156
"43",2021,"Gel",176
"44",2021,"Gel",70
"45",2021,"Gel",83
"46",2021,"Gel",91
"47",2021,"Gel",65
"48",2021,"Gel",181
"49",2021,"Gel",71
"50",2021,"Gel",90
"51",2021,"Gel",103
"52",2021,"Gel",133
"53",2021,"Gel",83
"54",2021,"Gel",114
"55",2021,"Gel",112
"56",2021,"Gel",74
"58",2021,"Gel",122
"59",2021,"Gel",61
"60",2021,"Gel",82
"61",2021,"Gel",96
"62",2021,"Gel",67
"63",2021,"Gel",197
"64",2021,"Gel",157
"65",2021,"Gel",239
"66",2021,"Gel",199
"67",2021,"Gel",157
"68",2021,"Gel",157
"69",2021,"Gel",121
"70",2021,"Gel",153
"71",2021,"Gel",120
"72",2021,"Gel",80
"73",2021,"Gel",276
"74",2021,"Gel",325
"75",2021,"Gel",49
"76",2021,"Gel",75
"77",2021,"Gel",91
"78",2021,"Gel",67
"79",2021,"Gel",83
"80",2021,"Gel",85
"81",2021,"Gel",103
"82",2021,"Gel",67
"83",2021,"Gel",147
"83",2021,"Inondation",13
"84",2021,"Gel",157
"85",2021,"Gel",68
"86",2021,"Gel",79
"87",2021,"Gel",98
"88",2021,"Gel",146
"89",2021,"Gel",107
"90",2021,"Gel",156
"91",2021,"Gel",71
"93",2021,"Gel",48
"94",2021,"Gel",42
"95",2021,"Gel",58
"32",2021,"Gel",44
"57",2021,"Gel",132
"92",2021,"Gel",19
"13",2021,"Gel",76
"50",2021,"Inondation",5
"03",2021,"Inondation",10
"39",2021,"Inondation",14
"63",2021,"Inondation",22
"67",2021,"Inondation",7
"68",2021,"Inondation",20
"70",2021,"Inondation",15
"88",2021,"Inondation",16
"01",2021,"Inondation",19
"25",2021,"Inondation",10
"38",2021,"Inondation",22
"42",2021,"Inondation",14
"74",2021,"Inondation",21
"07",2021,"Inondation",17
"30",2021,"Inondation",15
"15",2021,"Inondation",18
"37",2021,"Inondation",4
"44",2021,"Inondation",4
"49",2021,"Inondation",4
"85",2021,"Inondation",3
"05",2021,"Inondation",11
"06",2021,"Inondation",11
"2A",2021,"Inondation",19
"2B",2021,"Inondation",9
"33",2021,"Inondation",4
"40",2021,"Inondation",4
"73",2021,"Inondation",15
"64",2021,"Inondation",19
"19",2021,"Inondation",12
"90",2021,"Inondation",10
"09",2021,"Inondation",6
"81",2021,"Inondation",9
"11",2021,"Inondation",12
"12",2021,"Inondation",9
"34",2021,"Inondation",16
"46",2021,"Inondation",9
"23",2021,"Inondation",7
"65",2021,"Inondation",8
"64",2021,"Sécheresse",113
"66",2021,"Inondation",10
"40",2021,"Sécheresse",106
"10",2021,"Sécheresse",72
"15",2021,"Sécheresse",86
"16",2021,"Sécheresse",91
"17",2021,"Sécheresse",83
"18",2021,"Sécheresse",87
"19",2021,"Sécheresse",90
"21",2021,"Sécheresse",70
"23",2021,"Sécheresse",63
"24",2021,"Sécheresse",100
"33",2021,"Sécheresse",108
"36",2021,"Sécheresse",98
"37",2021,"Sécheresse",83
"43",2021,"Sécheresse",94
"45",2021,"Sécheresse",68
"46",2021,"Sécheresse",103
"49",2021,"Sécheresse",77
"52",2021,"Sécheresse",67
"65",2021,"Sécheresse",101
"76",2021,"Sécheresse",60
"87",2021,"Sécheresse",61
"01",2021,"Sécheresse",93
"02",2021,"Sécheresse",55
"03",2021,"Sécheresse",86
"07",2021,"Sécheresse",130
"08",2021,"Sécheresse",55
"09",2021,"Sécheresse",102
"13",2021,"Sécheresse",139
"14",2021,"Sécheresse",46
"25",2021,"Sécheresse",75
"26",2021,"Sécheresse",130
"27",2021,"Sécheresse",52
"2B",2021,"Sécheresse",148
"30",2021,"Sécheresse",139
"31",2021,"Sécheresse",111
"32",2021,"Sécheresse",109
"38",2021,"Sécheresse",121
"39",2021,"Sécheresse",85
"41",2021,"Sécheresse",64
"42",2021,"Sécheresse",93
"44",2021,"Sécheresse",67
"47",2021,"Sécheresse",107
"50",2021,"Sécheresse",35
"51",2021,"Sécheresse",67
"55",2021,"Sécheresse",60
"57",2021,"Sécheresse",62
"58",2021,"Sécheresse",76
"60",2021,"Sécheresse",54
"63",2021,"Sécheresse",75
"68",2021,"Sécheresse",72
"69",2021,"Sécheresse",103
"70",2021,"Sécheresse",73
"71",2021,"Sécheresse",82
"72",2021,"Sécheresse",58
"73",2021,"Sécheresse",105
"75",2021,"Sécheresse",67
"77",2021,"Sécheresse",71
"78",2021,"Sécheresse",57
"79",2021,"Sécheresse",86
"81",2021,"Sécheresse",104
"82",2021,"Sécheresse",114
"84",2021,"Sécheresse",137
"85",2021,"Sécheresse",75
"86",2021,"Sécheresse",83
"88",2021,"Sécheresse",59
"89",2021,"Sécheresse",68
"91",2021,"Sécheresse",55
"92",2021,"Sécheresse",55
"93",2021,"Sécheresse",50
"94",2021,"Sécheresse",65
"06",2021,"Sécheresse",138
"12",2021,"Sécheresse",95
"28",2021,"Sécheresse",62
"29",2021,"Sécheresse",29
"54",2021,"Sécheresse",61
"59",2021,"Sécheresse",44
"62",2021,"Sécheresse",35
"67",2021,"Sécheresse",74
"74",2021,"Sécheresse",91
"80",2021,"Sécheresse",45
"83",2021,"Sécheresse",146
"90",2021,"Sécheresse",67
"95",2021,"Sécheresse",46
"05",2021,"Sécheresse",113
"22",2021,"Sécheresse",38
"35",2021,"Sécheresse",41
"53",2021,"Sécheresse",45
"56",2021,"Sécheresse",35
"61",2021,"Sécheresse",38
"34",2021,"Sécheresse",137
"48",2021,"Sécheresse",103
"66",2021,"Sécheresse",146
"36",2021,"Inondation",3
"86",2021,"Inondation",4
"26",2021,"Inondation",16
"84",2021,"Inondation",11
"2A",2021,"Sécheresse",146
"13",2021,"Inondation",10
"11",2021,"Sécheresse",129
"04",2021,"Sécheresse",123
"04",2021,"Inondation",6
"43",2021,"Inondation",4
"48",2021,"Inondation",14
"69",2021,"Inondation",7
"71",2021,"Inondation",6
"60",2021,"Inondation",4
"76",2021,"Inondation",1
"77",2021,"Inondation",3
"27",2021,"Inondation",2
"54",2021,"Inondation",4
"61",2021,"Inondation",3
"72",2021,"Inondation",3
"75",2021,"Inondation",4
"91",2021,"Inondation",3
"08",2021,"Inondation",4
"21",2021,"Inondation",4
"57",2021,"Inondation",4
"58",2021,"Inondation",4
"59",2021,"Inondation",6
"89",2021,"Inondation",2
"17",2021,"Inondation",1
"79",2021,"Inondation",3
"80",2021,"Inondation",6
"18",2021,"Inondation",6
"24",2021,"Inondation",6
"28",2021,"Inondation",2
"14",2021,"Inondation",5
"22",2021,"Inondation",3
"56",2021,"Inondation",3
"87",2021,"Inondation",6
"02",2021,"Inondation",2
"10",2021,"Inondation",2
"94",2021,"Inondation",2
"52",2021,"Inondation",3
"55",2021,"Inondation",3
"35",2021,"Inondation",2
"53",2021,"Inondation",2
"51",2021,"Inondation",3
"62",2021,"Inondation",3
"41",2021,"Inondation",1
"45",2021,"Inondation",4
"78",2021,"Inondation",2
"92",2021,"Inondation",1
"93",2021,"Inondation",1
"95",2021,"Inondation",2
"29",2021,"Inondation",2
"47",2021,"Inondation",2
"82",2021,"Inondation",3
"31",2021,"Inondation",6
"01",2022,"Gel",131
"03",2022,"Gel",95
"04",2022,"Gel",195
"05",2022,"Gel",231
"06",2022,"Gel",183
"07",2022,"Gel",134
"09",2022,"Gel",155
"11",2022,"Gel",79
"12",2022,"Gel",98
"15",2022,"Gel",129
"19",2022,"Gel",101
"21",2022,"Gel",92
"23",2022,"Gel",104
"24",2022,"Gel",68
"25",2022,"Gel",152
"26",2022,"Gel",151
"30",2022,"Gel",127
"31",2022,"Gel",174
"32",2022,"Gel",44
"34",2022,"Gel",84
"36",2022,"Gel",72
"38",2022,"Gel",225
"39",2022,"Gel",150
"40",2022,"Sécheresse",154
"42",2022,"Gel",129
"43",2022,"Gel",147
"46",2022,"Gel",75
"48",2022,"Gel",139
"52",2022,"Gel",106
"58",2022,"Gel",88
"63",2022,"Gel",140
"64",2022,"Sécheresse",148
"65",2022,"Gel",205
"69",2022,"Gel",88
"70",2022,"Gel",114
"71",2022,"Gel",97
"73",2022,"Gel",232
"74",2022,"Gel",336
"79",2022,"Gel",63
"81",2022,"Gel",75
"83",2022,"Gel",121
"84",2022,"Gel",123
"86",2022,"Gel",65
"87",2022,"Gel",68
"90",2022,"Gel",113
"2A",2022,"Gel",163
"57",2022,"Gel",100
"66",2022,"Gel",166
"68",2022,"Gel",118
"88",2022,"Gel",112
"64",2022,"Gel",141
"67",2022,"Gel",119
"68",2022,"Inondation",13
"02",2022,"Gel",73
"08",2022,"Gel",93
"10",2022,"Gel",78
"14",2022,"Gel",51
"16",2022,"Gel",61
"17",2022,"Gel",53
"18",2022,"Gel",76
"27",2022,"Gel",46
"28",2022,"Gel",74
"2B",2022,"Gel",124
"33",2022,"Gel",53
"35",2022,"Gel",42
"37",2022,"Gel",57
"40",2022,"Gel",55
"41",2022,"Gel",61
"44",2022,"Gel",47
"45",2022,"Gel",62
"49",2022,"Gel",50
"50",2022,"Gel",57
"51",2022,"Gel",84
"53",2022,"Gel",53
"54",2022,"Gel",86
"55",2022,"Gel",86
"56",2022,"Gel",44
"60",2022,"Gel",70
"61",2022,"Gel",63
"72",2022,"Gel",53
"76",2022,"Gel",58
"77",2022,"Gel",77
"78",2022,"Gel",54
"80",2022,"Gel",67
"85",2022,"Gel",48
"89",2022,"Gel",74
"91",2022,"Gel",48
"95",2022,"Gel",42
"13",2022,"Gel",73
"29",2022,"Gel",38
"2B",2022,"Inondation",11
"47",2022,"Gel",52
"59",2022,"Gel",50
"62",2022,"Gel",53
"75",2022,"Gel",46
"82",2022,"Gel",53
"92",2022,"Gel",21
"93",2022,"Gel",35
"94",2022,"Gel",27
"64",2022,"Inondation",16
"88",2022,"Inondation",14
"09",2022,"Inondation",5
"11",2022,"Inondation",6
"31",2022,"Inondation",3
"34",2022,"Inondation",13
"65",2022,"Inondation",11
"66",2022,"Inondation",7
"81",2022,"Inondation",8
"22",2022,"Gel",37
"55",2022,"Inondation",4
"67",2022,"Inondation",4
"07",2022,"Inondation",27
"29",2022,"Inondation",3
"30",2022,"Inondation",17
"48",2022,"Inondation",18
"06",2022,"Inondation",6
"83",2022,"Inondation",12
"01",2022,"Inondation",8
"15",2022,"Inondation",14
"46",2022,"Inondation",4
"70",2022,"Inondation",9
"90",2022,"Inondation",9
"38",2022,"Inondation",17
"12",2022,"Inondation",9
"2A",2022,"Inondation",17
"65",2022,"Sécheresse",149
"40",2022,"Inondation",5
"36",2022,"Sécheresse",134
"26",2022,"Inondation",14
"05",2022,"Inondation",7
"16",2022,"Inondation",1
"17",2022,"Inondation",1
"19",2022,"Inondation",5
"23",2022,"Inondation",5
"24",2022,"Inondation",1
"25",2022,"Inondation",10
"39",2022,"Inondation",9
"63",2022,"Inondation",10
"73",2022,"Inondation",11
"74",2022,"Inondation",15
"87",2022,"Inondation",1
"06",2022,"Sécheresse",166
"10",2022,"Inondation",2
"27",2022,"Inondation",1
"28",2022,"Inondation",3
"2B",2022,"Sécheresse",174
"51",2022,"Inondation",4
"52",2022,"Inondation",1
"54",2022,"Inondation",1
"57",2022,"Inondation",2
"61",2022,"Inondation",1
"77",2022,"Inondation",3
"78",2022,"Inondation",2
"91",2022,"Inondation",1
"23",2022,"Sécheresse",115
"33",2022,"Sécheresse",147
"37",2022,"Sécheresse",114
"67",2022,"Sécheresse",118
"68",2022,"Sécheresse",118
"04",2022,"Sécheresse",152
"07",2022,"Sécheresse",168
"11",2022,"Sécheresse",171
"12",2022,"Sécheresse",146
"13",2022,"Sécheresse",178
"19",2022,"Sécheresse",143
"26",2022,"Sécheresse",162
"2A",2022,"Sécheresse",178
"30",2022,"Sécheresse",173
"34",2022,"Sécheresse",166
"38",2022,"Sécheresse",152
"74",2022,"Sécheresse",126
"83",2022,"Sécheresse",175
"84",2022,"Sécheresse",176
"05",2022,"Sécheresse",143
"09",2022,"Sécheresse",147
"16",2022,"Sécheresse",131
"24",2022,"Sécheresse",147
"35",2022,"Sécheresse",86
"44",2022,"Sécheresse",102
"46",2022,"Sécheresse",156
"47",2022,"Sécheresse",147
"48",2022,"Sécheresse",127
"50",2022,"Sécheresse",72
"66",2022,"Sécheresse",166
"69",2022,"Sécheresse",137
"73",2022,"Sécheresse",136
"15",2022,"Sécheresse",128
"82",2022,"Sécheresse",150
"04",2022,"Inondation",9
"43",2022,"Inondation",3
"84",2022,"Inondation",12
"44",2022,"Inondation",2
"56",2022,"Inondation",4
"58",2022,"Inondation",3
"79",2022,"Inondation",1
"31",2022,"Sécheresse",153
"43",2022,"Sécheresse",132
"18",2022,"Sécheresse",122
"62",2022,"Inondation",6
"87",2022,"Sécheresse",117
"03",2022,"Sécheresse",123
"10",2022,"Sécheresse",109
"17",2022,"Sécheresse",121
"32",2022,"Sécheresse",149
"39",2022,"Sécheresse",117
"49",2022,"Sécheresse",108
"52",2022,"Sécheresse",106
"54",2022,"Sécheresse",105
"58",2022,"Sécheresse",113
"70",2022,"Sécheresse",111
"71",2022,"Sécheresse",125
"79",2022,"Sécheresse",114
"81",2022,"Sécheresse",148
"85",2022,"Sécheresse",107
"86",2022,"Sécheresse",120
"01",2022,"Sécheresse",130
"02",2022,"Sécheresse",91
"08",2022,"Sécheresse",100
"14",2022,"Sécheresse",75
"21",2022,"Sécheresse",114
"22",2022,"Sécheresse",71
"25",2022,"Sécheresse",116
"27",2022,"Sécheresse",89
"28",2022,"Sécheresse",96
"29",2022,"Sécheresse",60
"41",2022,"Sécheresse",105
"42",2022,"Sécheresse",137
"45",2022,"Sécheresse",107
"51",2022,"Sécheresse",102
"53",2022,"Sécheresse",95
"55",2022,"Sécheresse",101
"56",2022,"Sécheresse",80
"57",2022,"Sécheresse",102
"59",2022,"Sécheresse",81
"60",2022,"Sécheresse",88
"61",2022,"Sécheresse",83
"63",2022,"Sécheresse",121
"72",2022,"Sécheresse",104
"75",2022,"Sécheresse",94
"76",2022,"Sécheresse",82
"77",2022,"Sécheresse",105
"78",2022,"Sécheresse",94
"80",2022,"Sécheresse",81
"88",2022,"Sécheresse",98
"89",2022,"Sécheresse",109
"91",2022,"Sécheresse",95
"92",2022,"Sécheresse",90
"93",2022,"Sécheresse",93
"94",2022,"Sécheresse",94
"95",2022,"Sécheresse",83
"62",2022,"Sécheresse",70
"90",2022,"Sécheresse",105
"35",2022,"Inondation",4
"50",2022,"Inondation",4
"72",2022,"Inondation",2
"14",2022,"Inondation",1
"22",2022,"Inondation",4
"42",2022,"Inondation",2
"69",2022,"Inondation",3
"18",2022,"Inondation",1
"53",2022,"Inondation",1
"03",2022,"Inondation",2
"32",2022,"Inondation",2
"82",2022,"Inondation",1
"21",2022,"Inondation",1
"71",2022,"Inondation",1
"93",2022,"Inondation",1
"85",2022,"Inondation",1
"49",2022,"Inondation",1
"80",2022,"Inondation",2
"76",2022,"Inondation",2
"36",2022,"Inondation",1
"37",2022,"Inondation",1
"41",2022,"Inondation",1
"45",2022,"Inondation",1
"86",2022,"Inondation",1
"89",2022,"Inondation",1
"13",2022,"Inondation",4
"04",2023,"Gel",204
"05",2023,"Gel",257
"38",2023,"Gel",239
"63",2023,"Gel",136
"65",2023,"Gel",225
"73",2023,"Gel",245
"74",2023,"Gel",325
"83",2023,"Gel",121
"06",2023,"Gel",193
"26",2023,"Gel",149
"31",2023,"Gel",166
"34",2023,"Inondation",12
"64",2023,"Gel",154
"66",2023,"Gel",174
"02",2023,"Gel",59
"03",2023,"Gel",89
"09",2023,"Gel",163
"10",2023,"Gel",67
"18",2023,"Gel",62
"19",2023,"Gel",91
"21",2023,"Gel",75
"23",2023,"Gel",84
"25",2023,"Gel",137
"36",2023,"Gel",59
"39",2023,"Gel",136
"40",2023,"Gel",59
"42",2023,"Gel",123
"43",2023,"Gel",136
"48",2023,"Gel",144
"52",2023,"Gel",87
"68",2023,"Gel",110
"79",2023,"Gel",47
"86",2023,"Gel",52
"01",2023,"Gel",127
"07",2023,"Gel",125
"11",2023,"Gel",85
"12",2023,"Gel",105
"13",2023,"Gel",76
"15",2023,"Gel",131
"30",2023,"Gel",131
"33",2023,"Gel",46
"34",2023,"Gel",85
"46",2023,"Gel",80
"47",2023,"Gel",56
"54",2023,"Gel",75
"57",2023,"Gel",79
"58",2023,"Gel",71
"67",2023,"Gel",106
"69",2023,"Gel",78
"71",2023,"Gel",78
"81",2023,"Gel",84
"82",2023,"Gel",57
"84",2023,"Gel",131
"88",2023,"Gel",91
"90",2023,"Gel",112
"2A",2023,"Gel",163
"24",2023,"Gel",64
"2B",2023,"Gel",127
"32",2023,"Gel",43
"04",2023,"Inondation",12
"05",2023,"Inondation",17
"06",2023,"Inondation",15
"15",2023,"Inondation",18
"25",2023,"Inondation",9
"2A",2023,"Inondation",28
"2B",2023,"Inondation",17
"63",2023,"Inondation",18
"68",2023,"Inondation",13
"83",2023,"Inondation",14
"88",2023,"Inondation",12
"70",2023,"Gel",108
"08",2023,"Gel",66
"77",2023,"Gel",61
"87",2023,"Gel",68
"79",2023,"Inondation",5
"90",2023,"Inondation",10
"32",2023,"Inondation",4
"40",2023,"Inondation",13
"64",2023,"Inondation",29
"65",2023,"Inondation",17
"14",2023,"Gel",43
"27",2023,"Gel",46
"28",2023,"Gel",58
"35",2023,"Gel",41
"41",2023,"Gel",56
"45",2023,"Gel",55
"49",2023,"Gel",45
"50",2023,"Gel",47
"51",2023,"Gel",62
"53",2023,"Gel",45
"55",2023,"Gel",72
"59",2023,"Gel",41
"60",2023,"Gel",57
"61",2023,"Gel",54
"62",2023,"Gel",40
"72",2023,"Gel",46
"75",2023,"Gel",40
"76",2023,"Gel",49
"78",2023,"Gel",50
"80",2023,"Gel",53
"89",2023,"Gel",64
"91",2023,"Gel",48
"93",2023,"Gel",32
"94",2023,"Gel",23
"95",2023,"Gel",39
"16",2023,"Gel",47
"17",2023,"Gel",43
"22",2023,"Gel",34
"29",2023,"Gel",28
"37",2023,"Gel",46
"44",2023,"Gel",41
"56",2023,"Gel",42
"85",2023,"Gel",43
"92",2023,"Gel",15
"30",2023,"Inondation",13
"48",2023,"Inondation",16
"07",2023,"Inondation",20
"08",2023,"Inondation",4
"55",2023,"Inondation",3
"57",2023,"Inondation",4
"2A",2023,"Sécheresse",178
"2B",2023,"Sécheresse",175
"01",2023,"Inondation",14
"12",2023,"Inondation",8
"17",2023,"Inondation",4
"19",2023,"Inondation",9
"24",2023,"Inondation",1
"33",2023,"Inondation",7
"38",2023,"Inondation",31
"42",2023,"Inondation",8
"46",2023,"Inondation",3
"47",2023,"Inondation",1
"73",2023,"Inondation",27
"74",2023,"Inondation",30
"81",2023,"Inondation",7
"87",2023,"Inondation",7
"06",2023,"Sécheresse",163
"11",2023,"Inondation",8
"66",2023,"Sécheresse",170
"83",2023,"Sécheresse",175
"09",2023,"Sécheresse",141
"12",2023,"Sécheresse",136
"19",2023,"Sécheresse",132
"24",2023,"Sécheresse",140
"31",2023,"Sécheresse",151
"32",2023,"Sécheresse",148
"33",2023,"Sécheresse",142
"38",2023,"Sécheresse",143
"40",2023,"Sécheresse",151
"46",2023,"Sécheresse",139
"47",2023,"Sécheresse",143
"63",2023,"Sécheresse",126
"64",2023,"Sécheresse",147
"65",2023,"Sécheresse",143
"81",2023,"Sécheresse",141
"03",2023,"Sécheresse",125
"05",2023,"Sécheresse",136
"15",2023,"Sécheresse",122
"18",2023,"Sécheresse",124
"23",2023,"Sécheresse",118
"36",2023,"Sécheresse",128
"42",2023,"Sécheresse",132
"43",2023,"Sécheresse",129
"58",2023,"Sécheresse",121
"71",2023,"Sécheresse",126
"82",2023,"Sécheresse",144
"09",2023,"Inondation",8
"11",2023,"Sécheresse",162
"13",2023,"Sécheresse",165
"07",2023,"Sécheresse",149
"26",2023,"Sécheresse",149
"34",2023,"Sécheresse",156
"30",2023,"Sécheresse",155
"84",2023,"Sécheresse",158
"01",2023,"Sécheresse",130
"04",2023,"Sécheresse",137
"16",2023,"Sécheresse",132
"17",2023,"Sécheresse",122
"48",2023,"Sécheresse",126
"69",2023,"Sécheresse",133
"73",2023,"Sécheresse",128
"79",2023,"Sécheresse",121
"86",2023,"Sécheresse",124
"87",2023,"Sécheresse",113
"49",2023,"Sécheresse",115
"85",2023,"Sécheresse",114
"02",2023,"Sécheresse",95
"08",2023,"Sécheresse",89
"10",2023,"Sécheresse",112
"21",2023,"Sécheresse",123
"25",2023,"Sécheresse",114
"39",2023,"Sécheresse",118
"45",2023,"Sécheresse",113
"51",2023,"Sécheresse",105
"52",2023,"Sécheresse",112
"54",2023,"Sécheresse",103
"55",2023,"Sécheresse",100
"57",2023,"Sécheresse",102
"67",2023,"Sécheresse",120
"68",2023,"Sécheresse",120
"70",2023,"Sécheresse",114
"74",2023,"Sécheresse",123
"76",2023,"Sécheresse",78
"77",2023,"Sécheresse",114
"88",2023,"Sécheresse",105
"89",2023,"Sécheresse",112
"90",2023,"Sécheresse",108
"37",2023,"Sécheresse",116
"41",2023,"Sécheresse",110
"43",2023,"Inondation",7
"69",2023,"Inondation",4
"84",2023,"Inondation",5
"03",2023,"Inondation",3
"91",2023,"Sécheresse",103
"26",2023,"Inondation",16
"31",2023,"Inondation",1
"35",2023,"Sécheresse",88
"44",2023,"Sécheresse",98
"53",2023,"Sécheresse",82
"72",2023,"Sécheresse",100
"75",2023,"Sécheresse",100
"14",2023,"Sécheresse",68
"27",2023,"Sécheresse",84
"28",2023,"Sécheresse",92
"29",2023,"Sécheresse",45
"50",2023,"Sécheresse",59
"56",2023,"Sécheresse",68
"60",2023,"Sécheresse",86
"78",2023,"Sécheresse",99
"80",2023,"Sécheresse",74
"92",2023,"Sécheresse",88
"93",2023,"Sécheresse",97
"94",2023,"Sécheresse",101
"59",2023,"Sécheresse",75
"61",2023,"Sécheresse",70
"95",2023,"Sécheresse",82
"62",2023,"Sécheresse",61
"22",2023,"Sécheresse",69
"13",2023,"Inondation",3
"66",2023,"Inondation",3
"76",2023,"Inondation",3
"86",2023,"Inondation",2
"23",2023,"Inondation",4
"21",2023,"Inondation",2
"51",2023,"Inondation",2
"71",2023,"Inondation",4
"39",2023,"Inondation",11
"62",2023,"Inondation",5
"80",2023,"Inondation",4
"28",2023,"Inondation",1
"61",2023,"Inondation",2
"77",2023,"Inondation",2
"45",2023,"Inondation",1
"75",2023,"Inondation",1
"93",2023,"Inondation",1
"67",2023,"Inondation",3
"54",2023,"Inondation",1
"14",2023,"Inondation",1
"50",2023,"Inondation",5
"70",2023,"Inondation",9
"52",2023,"Inondation",3
"02",2023,"Inondation",1
"59",2023,"Inondation",2
"49",2023,"Inondation",2
"35",2023,"Inondation",2
"44",2023,"Inondation",3
"56",2023,"Inondation",3
"36",2023,"Inondation",3
"85",2023,"Inondation",2
"16",2023,"Inondation",1
"53",2023,"Inondation",1
"29",2023,"Inondation",1
"58",2023,"Inondation",2
"01",2024,"Gel",128
"04",2024,"Gel",212
"05",2024,"Gel",272
"06",2024,"Gel",189
"07",2024,"Gel",128
"09",2024,"Gel",163
"11",2024,"Gel",76
"13",2024,"Gel",64
"14",2024,"Inondation",4
"15",2024,"Gel",139
"22",2024,"Inondation",2
"25",2024,"Gel",150
"26",2024,"Gel",146
"29",2024,"Inondation",7
"2A",2024,"Gel",159
"2B",2024,"Gel",124
"30",2024,"Gel",133
"31",2024,"Gel",118
"38",2024,"Gel",250
"39",2024,"Gel",148
"42",2024,"Gel",120
"43",2024,"Gel",141
"44",2024,"Inondation",3
"48",2024,"Gel",154
"50",2024,"Inondation",5
"56",2024,"Inondation",5
"63",2024,"Gel",133
"64",2024,"Gel",144
"65",2024,"Gel",228
"66",2024,"Gel",175
"67",2024,"Gel",97
"68",2024,"Gel",109
"69",2024,"Gel",80
"70",2024,"Gel",115
"73",2024,"Gel",263
"74",2024,"Gel",339
"84",2024,"Gel",120
"90",2024,"Gel",108
"08",2024,"Inondation",6
"12",2024,"Gel",100
"25",2024,"Inondation",9
"34",2024,"Gel",70
"55",2024,"Inondation",3
"62",2024,"Inondation",4
"68",2024,"Inondation",12
"70",2024,"Inondation",15
"74",2024,"Inondation",21
"81",2024,"Gel",74
"83",2024,"Gel",114
"88",2024,"Inondation",11
"90",2024,"Inondation",12
"06",2024,"Inondation",29
"31",2024,"Inondation",7
"35",2024,"Gel",35
"56",2024,"Gel",34
"64",2024,"Inondation",26
"83",2024,"Inondation",24
"03",2024,"Gel",89
"10",2024,"Gel",54
"16",2024,"Gel",34
"17",2024,"Gel",26
"18",2024,"Gel",55
"19",2024,"Gel",90
"21",2024,"Gel",66
"28",2024,"Gel",50
"33",2024,"Gel",30
"36",2024,"Gel",45
"41",2024,"Gel",45
"45",2024,"Gel",44
"51",2024,"Gel",58
"52",2024,"Gel",70
"54",2024,"Gel",54
"57",2024,"Gel",68
"58",2024,"Gel",68
"71",2024,"Gel",74
"78",2024,"Gel",43
"86",2024,"Gel",40
"87",2024,"Gel",58
"88",2024,"Gel",94
"89",2024,"Gel",54
"02",2024,"Gel",44
"08",2024,"Gel",52
"23",2024,"Gel",74
"29",2024,"Gel",22
"2B",2024,"Inondation",26
"40",2024,"Gel",37
"44",2024,"Gel",29
"46",2024,"Gel",62
"59",2024,"Gel",32
"72",2024,"Gel",45
"76",2024,"Gel",39
"79",2024,"Gel",35
"85",2024,"Gel",30
"14",2024,"Gel",34
"22",2024,"Gel",24
"24",2024,"Gel",42
"27",2024,"Gel",34
"37",2024,"Gel",35
"49",2024,"Gel",36
"50",2024,"Gel",37
"53",2024,"Gel",40
"55",2024,"Gel",51
"60",2024,"Gel",41
"61",2024,"Gel",49
"62",2024,"Gel",33
"75",2024,"Gel",33
"77",2024,"Gel",50
"80",2024,"Gel",41
"91",2024,"Gel",38
"92",2024,"Gel",14
"93",2024,"Gel",26
"94",2024,"Gel",22
"95",2024,"Gel",34
"32",2024,"Gel",26
"47",2024,"Gel",31
"82",2024,"Gel",30
"34",2024,"Inondation",22
"01",2024,"Inondation",9
"05",2024,"Inondation",21
"15",2024,"Inondation",23
"19",2024,"Inondation",16
"38",2024,"Inondation",33
"39",2024,"Inondation",10
"63",2024,"Inondation",10
"73",2024,"Inondation",23
"11",2024,"Sécheresse",143
"34",2024,"Sécheresse",144
"65",2024,"Sécheresse",108
"66",2024,"Sécheresse",148
"09",2024,"Sécheresse",104
"64",2024,"Sécheresse",122
"04",2024,"Inondation",11
"07",2024,"Inondation",29
"13",2024,"Inondation",8
"26",2024,"Inondation",14
"30",2024,"Inondation",30
"48",2024,"Inondation",32
"84",2024,"Inondation",13
"12",2024,"Inondation",16
"2A",2024,"Inondation",20
"81",2024,"Inondation",8
"31",2024,"Sécheresse",110
"79",2024,"Inondation",4
"33",2024,"Inondation",6
"40",2024,"Inondation",12
"47",2024,"Inondation",2
"17",2024,"Inondation",2
"09",2024,"Inondation",7
"66",2024,"Inondation",7
"03",2024,"Inondation",8
"21",2024,"Inondation",6
"42",2024,"Inondation",13
"43",2024,"Inondation",13
"58",2024,"Inondation",8
"71",2024,"Inondation",8
"89",2024,"Inondation",5
"07",2024,"Sécheresse",128
"13",2024,"Sécheresse",161
"30",2024,"Sécheresse",139
"83",2024,"Sécheresse",156
"19",2024,"Sécheresse",99
"24",2024,"Sécheresse",99
"06",2024,"Sécheresse",143
"26",2024,"Sécheresse",124
"40",2024,"Sécheresse",111
"05",2024,"Sécheresse",103
"16",2024,"Sécheresse",85
"17",2024,"Sécheresse",79
"32",2024,"Sécheresse",100
"33",2024,"Sécheresse",98
"38",2024,"Sécheresse",116
"43",2024,"Sécheresse",87
"46",2024,"Sécheresse",109
"47",2024,"Sécheresse",99
"81",2024,"Sécheresse",91
"82",2024,"Sécheresse",96
"84",2024,"Sécheresse",153
"2B",2024,"Sécheresse",162
"69",2024,"Inondation",9
"65",2024,"Inondation",12
"16",2024,"Inondation",2
"23",2024,"Inondation",9
"24",2024,"Inondation",4
"2A",2024,"Sécheresse",176
"36",2024,"Inondation",6
"41",2024,"Inondation",4
"86",2024,"Inondation",2
"87",2024,"Inondation",7
"52",2024,"Inondation",6
"03",2024,"Sécheresse",91
"18",2024,"Sécheresse",89
"23",2024,"Sécheresse",74
"36",2024,"Sécheresse",91
"58",2024,"Sécheresse",77
"63",2024,"Sécheresse",85
"68",2024,"Sécheresse",88
"73",2024,"Sécheresse",100
"74",2024,"Sécheresse",91
"86",2024,"Sécheresse",78
"87",2024,"Sécheresse",74
"01",2024,"Sécheresse",98
"02",2024,"Sécheresse",59
"08",2024,"Sécheresse",61
"10",2024,"Sécheresse",77
"15",2024,"Sécheresse",77
"25",2024,"Sécheresse",85
"39",2024,"Sécheresse",88
"41",2024,"Sécheresse",68
"42",2024,"Sécheresse",93
"45",2024,"Sécheresse",75
"51",2024,"Sécheresse",74
"52",2024,"Sécheresse",68
"54",2024,"Sécheresse",73
"55",2024,"Sécheresse",74
"57",2024,"Sécheresse",74
"60",2024,"Sécheresse",55
"67",2024,"Sécheresse",91
"69",2024,"Sécheresse",105
"70",2024,"Sécheresse",82
"71",2024,"Sécheresse",87
"77",2024,"Sécheresse",73
"88",2024,"Sécheresse",75
"89",2024,"Sécheresse",73
"90",2024,"Sécheresse",76
"94",2024,"Sécheresse",60
"04",2024,"Sécheresse",112
"18",2024,"Inondation",5
"21",2024,"Sécheresse",80
"12",2024,"Sécheresse",97
"27",2024,"Sécheresse",58
"48",2024,"Sécheresse",90
"72",2024,"Sécheresse",57
"85",2024,"Sécheresse",70
"14",2024,"Sécheresse",37
"22",2024,"Sécheresse",39
"28",2024,"Sécheresse",60
"35",2024,"Sécheresse",48
"37",2024,"Sécheresse",71
"44",2024,"Sécheresse",57
"49",2024,"Sécheresse",71
"50",2024,"Sécheresse",30
"53",2024,"Sécheresse",43
"59",2024,"Sécheresse",54
"61",2024,"Sécheresse",36
"75",2024,"Sécheresse",66
"76",2024,"Sécheresse",54
"78",2024,"Sécheresse",64
"79",2024,"Sécheresse",72
"80",2024,"Sécheresse",50
"91",2024,"Sécheresse",62
"92",2024,"Sécheresse",55
"93",2024,"Sécheresse",60
"95",2024,"Sécheresse",53
"37",2024,"Inondation",4
"27",2024,"Inondation",2
"28",2024,"Inondation",5
"46",2024,"Inondation",5
"61",2024,"Inondation",5
"77",2024,"Inondation",6
"29",2024,"Sécheresse",19
"56",2024,"Sécheresse",30
"62",2024,"Sécheresse",44
"57",2024,"Inondation",4
"67",2024,"Inondation",4
"54",2024,"Inondation",4
"53",2024,"Inondation",5
"72",2024,"Inondation",5
"91",2024,"Inondation",3
"85",2024,"Inondation",4
"80",2024,"Inondation",1
"11",2024,"Inondation",8
"49",2024,"Inondation",3
"82",2024,"Inondation",3
"93",2024,"Inondation",2
"94",2024,"Inondation",2
"10",2024,"Inondation",1
"60",2024,"Inondation",3
"76",2024,"Inondation",3
"35",2024,"Inondation",2
"51",2024,"Inondation",2
"02",2024,"Inondation",1
"45",2024,"Inondation",1
"59",2024,"Inondation",1
"75",2024,"Inondation",2
"78",2024,"Inondation",2
"92",2024,"Inondation",1
"95",2024,"Inondation",2
"32",2024,"Inondation",1
"28",2011,"Inondation",0
"75",2011,"Inondation",0
"92",2011,"Inondation",0
"93",2011,"Inondation",0
"95",2011,"Inondation",0
"75",2012,"Inondation",0
"92",2012,"Inondation",0
"93",2012,"Inondation",0
"94",2012,"Inondation",0
"95",2012,"Inondation",0
"75",2013,"Inondation",0
"92",2013,"Inondation",0
"94",2013,"Inondation",0
"02",2014,"Inondation",0
"75",2014,"Inondation",0
"92",2014,"Inondation",0
"93",2014,"Inondation",0
"94",2014,"Inondation",0
"95",2014,"Inondation",0
"22",2015,"Inondation",0
"60",2015,"Inondation",0
"75",2015,"Inondation",0
"92",2015,"Inondation",0
"93",2015,"Inondation",0
"94",2015,"Inondation",0
"95",2015,"Inondation",0
"35",2016,"Inondation",0
"53",2016,"Inondation",0
"61",2016,"Inondation",0
"35",2017,"Inondation",0
"37",2017,"Inondation",0
"53",2017,"Inondation",0
"85",2017,"Inondation",0
"95",2017,"Inondation",0
"36",2019,"Inondation",0
"41",2019,"Inondation",0
"49",2019,"Inondation",0
"55",2019,"Inondation",0
"72",2019,"Inondation",0
"92",2019,"Inondation",0
"95",2019,"Inondation",0
"28",2020,"Inondation",0
"37",2020,"Inondation",0
"72",2020,"Inondation",0
"94",2020,"Inondation",0
"16",2021,"Inondation",0
"32",2021,"Inondation",0
"02",2022,"Inondation",0
"08",2022,"Inondation",0
"33",2022,"Inondation",0
"47",2022,"Inondation",0
"59",2022,"Inondation",0
"60",2022,"Inondation",0
"75",2022,"Inondation",0
"92",2022,"Inondation",0
"94",2022,"Inondation",0
"95",2022,"Inondation",0
"10",2023,"Inondation",0
"18",2023,"Inondation",0
"22",2023,"Inondation",0
"27",2023,"Inondation",0
"37",2023,"Inondation",0
"41",2023,"Inondation",0
"60",2023,"Inondation",0
"72",2023,"Inondation",0
"78",2023,"Inondation",0
"82",2023,"Inondation",0
"89",2023,"Inondation",0
"91",2023,"Inondation",0
"92",2023,"Inondation",0
"94",2023,"Inondation",0
"95",2023,"Inondation",0
"92",2019,"Sécheresse",0
