"annee","coderegion","region","codedepartement","departement","nb_exp","surfab","surfc1","surfc2","surfc3","surfc123","surfbio"
2008,"01","Guadeloupe","971","Guadeloupe",9,65.1106,1.82,0,0,1.82,66.9306
2008,"02","Martinique","972","Martinique",19,94.7299,69.82,1.7,0.125,71.645,166.3749
2008,"03","Guyane","973","Guyane",16,672.55,1462.2,0,0,1462.2,2134.75
2008,"04","La Réunion","974","La Réunion",36,140.325,42.747,10.7349,9.06,62.5419,202.8669
2008,"11","Île-de-France","77","Seine-et-Marne",36,1655.117,109.33,146.94,0.13,256.4,1911.517
2008,"11","Île-de-France","78","Yvelines",15,896.457,5.89,113.45,0,119.34,1015.797
2008,"11","Île-de-France","91","Essonne",15,867.719,23.91,23.673,0,47.583,915.302
2008,"11","Île-de-France","93","Seine-Saint-Denis",2,1,0,2,0,2,3
2008,"11","Île-de-France","95","Val-d'Oise",10,525.303,11.13,9.54,0,20.67,545.973
2008,"24","Centre-Val de Loire","18","Cher",57,3788.7794,183.384,331.895,82.287,597.566,4386.3454
2008,"24","Centre-Val de Loire","28","Eure-et-Loir",22,1384.196,71.607,82.786,0,154.393,1538.589
2008,"24","Centre-Val de Loire","36","Indre",53,2631.29,369.334,323.98,0,693.314,3324.604
2008,"24","Centre-Val de Loire","37","Indre-et-Loire",124,3906.5495,335.775,438.9853,75.402,850.1623,4756.7118
2008,"24","Centre-Val de Loire","41","Loir-et-Cher",86,3594.267,311.1181,93.306,14.23,418.6541,4012.9211
2008,"24","Centre-Val de Loire","45","Loiret",42,1309.148,23.188,533.867,2.357,559.412,1868.56
2008,"27","Bourgogne-Franche-Comté","21","Côte-d'Or",157,7551.4257,653.9602,406.0865,107.2317,1167.2784,8718.70410000001
2008,"27","Bourgogne-Franche-Comté","25","Doubs",104,6323.746,288.693,270.177,0,558.87,6882.616
2008,"27","Bourgogne-Franche-Comté","39","Jura",122,7860.912,376.98,274.571,0,651.551,8512.46300000001
2008,"27","Bourgogne-Franche-Comté","58","Nièvre",69,4887.95,179.921,734.187,0,914.108,5802.058
2008,"27","Bourgogne-Franche-Comté","70","Haute-Saône",80,5599.486,162.905,107.45,6.28,276.635,5876.121
2008,"27","Bourgogne-Franche-Comté","71","Saône-et-Loire",135,5259.686,428.268,199.982,25.82,654.069999999999,5913.756
2008,"27","Bourgogne-Franche-Comté","89","Yonne",113,6894.1959,403.116,526.297,10.474,939.887,7834.0829
2008,"27","Bourgogne-Franche-Comté","90","Territoire de Belfort",6,258.701,0,0,0,0,258.701
2008,"28","Normandie","14","Calvados",140,6385.972,988.74,211.14,0,1199.88,7585.85199999999
2008,"28","Normandie","27","Eure",35,1223.21,278.24,90.953,0,369.193,1592.403
2008,"28","Normandie","50","Manche",166,6852.126,474.831,592.521,4.26,1071.612,7923.738
2008,"28","Normandie","61","Orne",159,10017.965,515.848,478.348,10,1004.196,11022.161
2008,"28","Normandie","76","Seine-Maritime",43,1567.156,237.635,100,2.05,339.685,1906.841
2008,"32","Hauts-de-France","02","Aisne",27,867.747,105.17,72.71,2.3,180.18,1047.927
2008,"32","Hauts-de-France","59","Nord",74,1710.888,15.595,10.22,11.98,37.795,1748.683
2008,"32","Hauts-de-France","60","Oise",39,2522.191,85.86,322.96,0,408.82,2931.011
2008,"32","Hauts-de-France","62","Pas-de-Calais",62,1388.83,93.998,175.822,0,269.82,1658.65
2008,"32","Hauts-de-France","80","Somme",42,1072.782,17.391,196.53,0,213.921,1286.703
2008,"44","Grand Est","08","Ardennes",45,1773.417,144.77,128.16,0,272.93,2046.347
2008,"44","Grand Est","10","Aube",37,1175.7211,45.5746,190.9997,2.915,239.4893,1415.2104
2008,"44","Grand Est","51","Marne",52,1199.43,46.779,105.309,1.057,153.145,1352.575
2008,"44","Grand Est","52","Haute-Marne",24,1986.602,346.06,45.575,0,391.635,2378.237
2008,"44","Grand Est","54","Meurthe-et-Moselle",33,2851.085,71.453,13.99,1.08,86.523,2937.608
2008,"44","Grand Est","55","Meuse",31,2508.537,129.45,75.889,0,205.339,2713.876
2008,"44","Grand Est","57","Moselle",54,3972.962,281.868,259.413,0,541.281,4514.243
2008,"44","Grand Est","67","Bas-Rhin",142,6453.37799999999,453.7021,264.721,34.881,753.3041,7206.6821
2008,"44","Grand Est","68","Haut-Rhin",171,4036.732,220.647,123.675,53.654,397.976,4434.70799999999
2008,"44","Grand Est","88","Vosges",103,7605.32100000001,170.69,391.7,0,562.39,8167.711
2008,"52","Pays de la Loire","44","Loire-Atlantique",337,20390.193,1726.54,1368.109,21.497,3116.146,23506.339
2008,"52","Pays de la Loire","49","Maine-et-Loire",333,13689.1627,720.0865,639.286099999999,161.2763,1520.6489,15209.8116
2008,"52","Pays de la Loire","53","Mayenne",144,6584.059,533.33,221.52,1.75,756.6,7340.659
2008,"52","Pays de la Loire","72","Sarthe",117,6273.302,577.6868,392.1966,1.726,971.6094,7244.91139999999
2008,"52","Pays de la Loire","85","Vendée",192,9527.83400000001,419.141,865.891,4,1289.032,10816.866
2008,"53","Bretagne","22","Côtes-d'Armor",211,7218.56800000001,316.179,179.183,17.357,512.719,7731.28700000001
2008,"53","Bretagne","29","Finistère",278,7668.0931,673.8653,318.276,1.538,993.6793,8661.7724
2008,"53","Bretagne","35","Ille-et-Vilaine",239,8904.97400000001,645.495,888.292,1.72,1535.507,10440.481
2008,"53","Bretagne","56","Morbihan",218,8368.511,340.004,547.17,0.02,887.193999999999,9255.70500000001
2008,"75","Nouvelle-Aquitaine","16","Charente",98,3900.143,155.3523,279.955,68.873,504.1803,4404.3233
2008,"75","Nouvelle-Aquitaine","17","Charente-Maritime",112,4353.318,551.208,227.88,0.73,779.818,5133.136
2008,"75","Nouvelle-Aquitaine","19","Corrèze",81,3568.678,156.74,154.58,25.83,337.15,3905.828
2008,"75","Nouvelle-Aquitaine","23","Creuse",89,4652.244,422.3821,228.464,0,650.8461,5303.0901
2008,"75","Nouvelle-Aquitaine","24","Dordogne",221,5288.182,608.388,624.365,3.14,1235.893,6524.07500000001
2008,"75","Nouvelle-Aquitaine","33","Gironde",219,3518.526,616.1796,365.5643,104.809,1086.5529,4605.0789
2008,"75","Nouvelle-Aquitaine","40","Landes",92,2567.079,146.1,147.364,0,293.464,2860.543
2008,"75","Nouvelle-Aquitaine","47","Lot-et-Garonne",171,4470.309,243.98,146.5296,15.237,405.7466,4876.05560000001
2008,"75","Nouvelle-Aquitaine","64","Pyrénées-Atlantiques",158,3321.851,217.727,246.219,8.586,472.532,3794.383
2008,"75","Nouvelle-Aquitaine","79","Deux-Sèvres",127,5053.9399,349.595,387.831,0,737.426,5791.3659
2008,"75","Nouvelle-Aquitaine","86","Vienne",92,6034.9398,496.5373,487.86,15.76,1000.1573,7035.0971
2008,"75","Nouvelle-Aquitaine","87","Haute-Vienne",96,5776.608,199.91,187,0,386.91,6163.518
2008,"76","Occitanie","09","Ariège",145,6839.78,131.487,339.645,5.07,476.202,7315.982
2008,"76","Occitanie","11","Aude",229,10954.4098,1404.2041,696.114,168.582,2268.9001,13223.3099
2008,"76","Occitanie","12","Aveyron",239,16989.313,2568.79,1149.218,12.5,3730.508,20719.821
2008,"76","Occitanie","30","Gard",342,6979.43930000001,1373.1833,405.3962,119.966,1898.5455,8877.9848
2008,"76","Occitanie","31","Haute-Garonne",139,5299.421,345.79,261.456,0,607.246,5906.667
2008,"76","Occitanie","32","Gers",189,9205.988,488.611,879.93,0.86,1369.401,10575.389
2008,"76","Occitanie","34","Hérault",287,5389.9653,1211.961,1048.549,29.584,2290.094,7680.05930000001
2008,"76","Occitanie","46","Lot",80,3931.667,186.85,82.46,8.29,277.6,4209.267
2008,"76","Occitanie","48","Lozère",90,7182.871,2333.193,232.56,15.517,2581.27,9764.14100000001
2008,"76","Occitanie","65","Hautes-Pyrénées",35,963.831,23.73,56.73,0,80.46,1044.291
2008,"76","Occitanie","66","Pyrénées-Orientales",247,5039.53590000001,968.8189,609.1478,102.82,1680.7867,6720.3226
2008,"76","Occitanie","81","Tarn",146,4308.699,477.918,301.658,9.23,788.806,5097.50499999999
2008,"76","Occitanie","82","Tarn-et-Garonne",130,4270.415,193.226,194.392,19.251,406.869,4677.284
2008,"84","Auvergne-Rhône-Alpes","01","Ain",70,4609.582,337.167,290.61,0,627.777,5237.359
2008,"84","Auvergne-Rhône-Alpes","03","Allier",110,8557.341,402.334,574.68,20.482,997.496,9554.837
2008,"84","Auvergne-Rhône-Alpes","07","Ardèche",292,5682.36400000001,398.2162,398.59,85.607,882.4132,6564.77720000002
2008,"84","Auvergne-Rhône-Alpes","15","Cantal",69,4613.578,84.467,121.14,0,205.607,4819.185
2008,"84","Auvergne-Rhône-Alpes","26","Drôme",582,19924.5083999999,1311.1401,1443.593,282.14,3036.8731,22961.3815
2008,"84","Auvergne-Rhône-Alpes","38","Isère",184,6046.95000000001,463.2838,615.2446,6,1084.5284,7131.47840000001
2008,"84","Auvergne-Rhône-Alpes","42","Loire",106,2881.433,994.757,92.762,3.9,1091.419,3972.852
2008,"84","Auvergne-Rhône-Alpes","43","Haute-Loire",134,5028.039,476.4,105.015,0,581.415,5609.454
2008,"84","Auvergne-Rhône-Alpes","63","Puy-de-Dôme",134,5014.826,188.727,475.994,0.33,665.051,5679.877
2008,"84","Auvergne-Rhône-Alpes","69","Rhône",115,1542.38,323.232,229.8478,43.81,596.8898,2139.2698
2008,"84","Auvergne-Rhône-Alpes","73","Savoie",46,1544.269,245.305,33.237,5.026,283.568,1827.837
2008,"84","Auvergne-Rhône-Alpes","74","Haute-Savoie",56,1512.0188,179.739,143.304,0,323.043,1835.0618
2008,"93","Provence-Alpes-Côte d'Azur","04","Alpes-de-Haute-Provence",170,9863.78240000001,988.82,861.7,105.74,1956.26,11820.0424
2008,"93","Provence-Alpes-Côte d'Azur","05","Hautes-Alpes",98,6124.91400000001,358.767,163.336,4.36,526.463,6651.37700000001
2008,"93","Provence-Alpes-Côte d'Azur","06","Alpes-Maritimes",71,2827.9368,446.947,16.34,4.42,467.707,3295.6438
2008,"93","Provence-Alpes-Côte d'Azur","13","Bouches-du-Rhône",259,11346.3622,847.5047,443.052,266.567,1557.1237,12903.4859
2008,"93","Provence-Alpes-Côte d'Azur","83","Var",174,5245.38210000001,464.199,244.9455,165.3032,874.4477,6119.82980000001
2008,"93","Provence-Alpes-Côte d'Azur","84","Vaucluse",309,5411.58450000001,1626.0846,918.466299999999,155.431,2699.98189999999,8111.56640000002
2008,"94","Corse","2A","Corse-du-Sud",56,2362.191,109.0898,451.725,0,560.8148,2923.0058
2008,"94","Corse","2B","Haute-Corse",88,2037.015,250.344,219.017,28.06,497.421,2534.436
2009,"01","Guadeloupe","971","Guadeloupe",18,76.5133,3.33,3.7663,0,7.0963,83.6096
2009,"02","Martinique","972","Martinique",22,133.045,1.2,4.91,0,6.11,139.155
2009,"03","Guyane","973","Guyane",15,1352.22,249,428,0,677,2029.22
2009,"04","La Réunion","974","La Réunion",13,83.997,10.5,0,0.06,10.56,94.557
2009,"11","Île-de-France","77","Seine-et-Marne",47,1730.962,313.264,213.76,0,527.024,2257.986
2009,"11","Île-de-France","78","Yvelines",22,1039.598,9.75,11.01,0,20.76,1060.358
2009,"11","Île-de-France","91","Essonne",21,898.958,201.795,21.41,0,223.205,1122.163
2009,"11","Île-de-France","92","Hauts-de-Seine",1,0.05,0,0,0,0,0.05
2009,"11","Île-de-France","95","Val-d'Oise",9,580.04,0,0.5,0.72,1.22,581.26
2009,"24","Centre-Val de Loire","18","Cher",73,4137.1054,1229.298,147.219,13.067,1389.584,5526.6894
2009,"24","Centre-Val de Loire","28","Eure-et-Loir",30,1700.659,225.3,76.393,0,301.693,2002.352
2009,"24","Centre-Val de Loire","36","Indre",71,2718.932,1324.848,500.604,3.1,1828.552,4547.484
2009,"24","Centre-Val de Loire","37","Indre-et-Loire",148,4440.035,514.776,422.535,63.775,1001.086,5441.121
2009,"24","Centre-Val de Loire","41","Loir-et-Cher",81,3296.76319999999,302.85,301.386,61.843,666.079,3962.8422
2009,"24","Centre-Val de Loire","45","Loiret",55,1884.864,354.971,45.366,2.14,402.477,2287.341
2009,"27","Bourgogne-Franche-Comté","21","Côte-d'Or",209,7907.6808,1550.2309,743.215099999999,29.4925,2322.9385,10230.6193
2009,"27","Bourgogne-Franche-Comté","25","Doubs",119,6468.7725,1361.31,289.143,0,1650.453,8119.22550000001
2009,"27","Bourgogne-Franche-Comté","39","Jura",148,8283.669,785.022,471.198,26.059,1282.279,9565.94800000001
2009,"27","Bourgogne-Franche-Comté","58","Nièvre",80,5615.372,839.022,194.212,52.896,1086.13,6701.502
2009,"27","Bourgogne-Franche-Comté","70","Haute-Saône",103,6194.092,1124.43,163.75,0,1288.18,7482.27200000001
2009,"27","Bourgogne-Franche-Comté","71","Saône-et-Loire",154,4893.7994,381.8498,468.0075,4.55,854.4073,5748.2067
2009,"27","Bourgogne-Franche-Comté","89","Yonne",147,7907.24740000001,1317.8086,409.738,33.305,1760.8516,9668.09899999999
2009,"27","Bourgogne-Franche-Comté","90","Territoire de Belfort",6,261.861,0,0,0,0,261.861
2009,"28","Normandie","14","Calvados",161,6257.0857,1936.747,897.3093,21.4,2855.4563,9112.54200000001
2009,"28","Normandie","27","Eure",49,1457.5767,314.79,120.5,0,435.29,1892.8667
2009,"28","Normandie","50","Manche",210,7380.63289999999,1543.1225,459.718,19.34,2022.1805,9402.8134
2009,"28","Normandie","61","Orne",187,10458.927,1711.092,706.3843,15.43,2432.9063,12891.8333
2009,"28","Normandie","76","Seine-Maritime",49,1557.063,532.1,222.438,2.99,757.528,2314.591
2009,"32","Hauts-de-France","02","Aisne",36,955.353,236.653,159.96,0,396.613,1351.966
2009,"32","Hauts-de-France","59","Nord",97,2173.853,199.595,91.49,2.56,293.645,2467.498
2009,"32","Hauts-de-France","60","Oise",42,2628.525,355.444,178.93,5.47,539.844,3168.369
2009,"32","Hauts-de-France","62","Pas-de-Calais",75,1527.628,322.839,92.328,1.5,416.667,1944.295
2009,"32","Hauts-de-France","80","Somme",47,1062.481,264.03,108.151,0,372.181,1434.662
2009,"44","Grand Est","08","Ardennes",57,2032.142,376.041,271.76,0,647.801,2679.943
2009,"44","Grand Est","10","Aube",35,1349.3388,322.7946,40.942,17.356,381.0926,1730.4314
2009,"44","Grand Est","51","Marne",62,1253.59,201.7213,78.845,14.7245,295.2908,1548.8808
2009,"44","Grand Est","52","Haute-Marne",30,2041.541,457.17,315.38,0,772.55,2814.091
2009,"44","Grand Est","54","Meurthe-et-Moselle",40,2889.859,251.829,14.573,0,266.402,3156.261
2009,"44","Grand Est","55","Meuse",36,2495.227,471.431,119.9,5.44,596.771,3091.998
2009,"44","Grand Est","57","Moselle",71,4476.626,891.422,275.62,7.693,1174.735,5651.361
2009,"44","Grand Est","67","Bas-Rhin",170,6945.27,1502.5625,445.123,94.245,2041.9305,8987.20050000002
2009,"44","Grand Est","68","Haut-Rhin",169,4021.704,266.362,169.004,100.18,535.546,4557.25
2009,"44","Grand Est","88","Vosges",117,8066.834,902.008,297.47,0,1199.478,9266.312
2009,"52","Pays de la Loire","44","Loire-Atlantique",367,20188.565,4467.814,1370.438,50.655,5888.907,26077.472
2009,"52","Pays de la Loire","49","Maine-et-Loire",344,13924.843,728.3865,606.8612,66.005,1401.2527,15326.0957
2009,"52","Pays de la Loire","53","Mayenne",170,7280.943,1245.136,393.9513,29.07,1668.1573,8949.1003
2009,"52","Pays de la Loire","72","Sarthe",126,6361.0904,909.098,544.906,8.1311,1462.1351,7823.22550000001
2009,"52","Pays de la Loire","85","Vendée",197,8362.154,753.537,567.683,0.582,1321.802,9683.95599999999
2009,"53","Bretagne","22","Côtes-d'Armor",237,7541.1956,1268.282,317.889,4.37,1590.541,9131.7366
2009,"53","Bretagne","29","Finistère",305,7605.43060000001,1215.2,546.9812,0,1762.1812,9367.61180000001
2009,"53","Bretagne","35","Ille-et-Vilaine",274,10371.907,1146.424,818.197999999999,0.39,1965.012,12336.919
2009,"53","Bretagne","56","Morbihan",237,8946.019,1187.575,394.253,0.5,1582.328,10528.347
2009,"75","Nouvelle-Aquitaine","16","Charente",110,4102.919,923.725,95.339,14.93,1033.994,5136.913
2009,"75","Nouvelle-Aquitaine","17","Charente-Maritime",119,4184.003,116.355,426.208,9.92,552.483,4736.486
2009,"75","Nouvelle-Aquitaine","19","Corrèze",97,3966.531,351.66,162.6,10.06,524.32,4490.851
2009,"75","Nouvelle-Aquitaine","23","Creuse",101,5085.983,1132.57,248.02,0.4,1380.99,6466.973
2009,"75","Nouvelle-Aquitaine","24","Dordogne",293,6030.546,1620.309,742.087,32.088,2394.484,8425.03000000001
2009,"75","Nouvelle-Aquitaine","33","Gironde",303,3797.3978,1448.5079,565.5582,289.4353,2303.5014,6100.89920000002
2009,"75","Nouvelle-Aquitaine","40","Landes",104,2624.735,319.237,121.344,0,440.581,3065.316
2009,"75","Nouvelle-Aquitaine","47","Lot-et-Garonne",196,4779.059,504.676,315.8965,34.4468,855.0193,5634.07830000001
2009,"75","Nouvelle-Aquitaine","64","Pyrénées-Atlantiques",176,3882.188,431.127,334.245,18.51,783.882,4666.07
2009,"75","Nouvelle-Aquitaine","79","Deux-Sèvres",160,5384.73400000001,1383.229,325.425,2.19,1710.844,7095.57800000001
2009,"75","Nouvelle-Aquitaine","86","Vienne",83,4859.829,132.7,267.669,2.09,402.459,5262.288
2009,"75","Nouvelle-Aquitaine","87","Haute-Vienne",120,5688.66,1054.47,247.55,0,1302.02,6990.68
2009,"76","Occitanie","09","Ariège",177,7063.32700000001,979.064,68.958,0,1048.022,8111.34900000001
2009,"76","Occitanie","11","Aude",306,11968.9789,2021.8764,1183.9491,306.283,3512.1085,15481.0874
2009,"76","Occitanie","12","Aveyron",301,18091.916,5536.2477,2288.442,5.98,7830.6697,25922.5857
2009,"76","Occitanie","30","Gard",521,7923.4252,3289.7547,1485.6214,201.4342,4976.8103,12900.2355
2009,"76","Occitanie","31","Haute-Garonne",168,5373.376,880.135,214.138,21.95,1116.223,6489.59900000001
2009,"76","Occitanie","32","Gers",221,9955.473,893.245,560.305,31.13,1484.68,11440.153
2009,"76","Occitanie","34","Hérault",384,7186.69430000001,2985.7015,1027.3652,457.853,4470.9197,11657.6140000001
2009,"76","Occitanie","46","Lot",108,4273.279,945.214,193.49,4.48,1143.184,5416.463
2009,"76","Occitanie","48","Lozère",110,7607.17,2557.8897,1923.983,2.47,4484.3427,12091.5127
2009,"76","Occitanie","65","Hautes-Pyrénées",44,1073.574,99.453,25.72,0,125.173,1198.747
2009,"76","Occitanie","66","Pyrénées-Orientales",327,6378.48730000001,1094.1974,963.1906,195.311,2252.699,8631.18629999999
2009,"76","Occitanie","81","Tarn",165,4765.92580000001,654.484,495.025,46.02,1195.529,5961.4548
2009,"76","Occitanie","82","Tarn-et-Garonne",147,4443.582,392.122,219.5684,9.45,621.1404,5064.7224
2009,"84","Auvergne-Rhône-Alpes","01","Ain",89,4855.4023,1214.856,287.723,0,1502.579,6357.9813
2009,"84","Auvergne-Rhône-Alpes","03","Allier",131,8906.785,912.384,262.194,0,1174.578,10081.363
2009,"84","Auvergne-Rhône-Alpes","07","Ardèche",344,6182.5769,2330.4453,394.4072,151.396,2876.2485,9058.82540000001
2009,"84","Auvergne-Rhône-Alpes","15","Cantal",89,4846.079,1483.621,188.072,0,1671.693,6517.772
2009,"84","Auvergne-Rhône-Alpes","26","Drôme",701,21075.0648,3064.0861,1363.7344,343.152,4770.9725,25846.0373
2009,"84","Auvergne-Rhône-Alpes","38","Isère",227,6600.84350000001,1279.357,346.168,22.139,1647.664,8248.50750000001
2009,"84","Auvergne-Rhône-Alpes","42","Loire",139,2821.754,1519.09,976.959999999999,1.29,2497.34,5319.09400000001
2009,"84","Auvergne-Rhône-Alpes","43","Haute-Loire",171,5237.6587,2126.0324,402.29,0.1,2528.4224,7766.0811
2009,"84","Auvergne-Rhône-Alpes","63","Puy-de-Dôme",166,5738.47,810.883,281.568,7.665,1100.116,6838.586
2009,"84","Auvergne-Rhône-Alpes","69","Rhône",151,1681.5983,646.312,335.755,68.89,1050.957,2732.5553
2009,"84","Auvergne-Rhône-Alpes","73","Savoie",51,1469.995,47.056,248.222,8.529,303.807,1773.802
2009,"84","Auvergne-Rhône-Alpes","74","Haute-Savoie",69,1851.7998,119.801,205.344,0,325.145,2176.9448
2009,"93","Provence-Alpes-Côte d'Azur","04","Alpes-de-Haute-Provence",197,10417.7826,520.654,1164.221,339.51,2024.385,12442.1676
2009,"93","Provence-Alpes-Côte d'Azur","05","Hautes-Alpes",116,6165.98100000001,883.1148,323.392,82.77,1289.2768,7455.25780000001
2009,"93","Provence-Alpes-Côte d'Azur","06","Alpes-Maritimes",92,3837.3048,104.668,470.564,14.92,590.152,4427.4568
2009,"93","Provence-Alpes-Côte d'Azur","13","Bouches-du-Rhône",333,12494.9684,1363.8043,680.2592,379.3919,2423.4554,14918.4238
2009,"93","Provence-Alpes-Côte d'Azur","83","Var",213,6653.4004,601.2811,430.647,186.926,1218.8541,7872.2545
2009,"93","Provence-Alpes-Côte d'Azur","84","Vaucluse",458,5618.3001,2525.0703,1563.1216,652.4201,4740.612,10358.9121
2009,"94","Corse","2A","Corse-du-Sud",56,2779.575,185.193,373.8338,76.393,635.4198,3414.9948
2009,"94","Corse","2B","Haute-Corse",110,2507.65,577.385,739.534,16.53,1333.449,3841.099
2010,"01","Guadeloupe","971","Guadeloupe",9,20.461,9.81,0,0,9.81,30.271
2010,"02","Martinique","972","Martinique",18,104.36,85.77,1.25,0,87.02,191.38
2010,"03","Guyane","973","Guyane",20,1419.06,90,16.69,0,106.69,1525.75
2010,"04","La Réunion","974","La Réunion",51,205.5052,28.439,12.35,2.4114,43.2004,248.7056
2010,"11","Île-de-France","77","Seine-et-Marne",59,1900.405,615.44,630.51,2.38,1248.33,3148.735
2010,"11","Île-de-France","78","Yvelines",38,1096.241,356.3276,60.591,0,416.9186,1513.1596
2010,"11","Île-de-France","91","Essonne",30,954.971,156.9,261.45,7.22,425.57,1380.541
2010,"11","Île-de-France","93","Seine-Saint-Denis",3,3,2.01,0,0,2.01,5.01
2010,"11","Île-de-France","94","Val-de-Marne",6,27.27,25.98,7.01,0,32.99,60.26
2010,"11","Île-de-France","95","Val-d'Oise",13,593.141,0.76,0.17,0,0.93,594.071
2010,"24","Centre-Val de Loire","18","Cher",93,4636.607,949.05,1456.775,21.527,2427.352,7063.95900000001
2010,"24","Centre-Val de Loire","28","Eure-et-Loir",36,1461.092,205.95,158.221,0,364.171,1825.263
2010,"24","Centre-Val de Loire","36","Indre",85,3161.393,1222.38,1403.73,14.218,2640.328,5801.721
2010,"24","Centre-Val de Loire","37","Indre-et-Loire",188,5085.6575,2263.645,1032.97,121.95,3418.565,8504.22249999999
2010,"24","Centre-Val de Loire","41","Loir-et-Cher",120,3766.6275,687.1517,687.1737,87.8798,1462.2052,5228.8327
2010,"24","Centre-Val de Loire","45","Loiret",76,1747.745,598.099,555.881,2.727,1156.707,2904.452
2010,"27","Bourgogne-Franche-Comté","21","Côte-d'Or",251,8463.20780000001,2330.1861,1635.6165,58.0534,4023.856,12487.0638
2010,"27","Bourgogne-Franche-Comté","25","Doubs",132,7155.34949999999,1120.849,913.681,0,2034.53,9189.8795
2010,"27","Bourgogne-Franche-Comté","39","Jura",173,8818.172,1291.236,743.713,9.337,2044.286,10862.458
2010,"27","Bourgogne-Franche-Comté","58","Nièvre",98,5618.473,2018.46,1002.61,7.01,3028.08,8646.553
2010,"27","Bourgogne-Franche-Comté","70","Haute-Saône",130,6997.071,1835.48,1422.81,0,3258.29,10255.361
2010,"27","Bourgogne-Franche-Comté","71","Saône-et-Loire",175,4897.8589,1170.663,436.5588,3.48,1610.7018,6508.56069999999
2010,"27","Bourgogne-Franche-Comté","89","Yonne",194,7862.24289999999,3262.417,1530.876,10.836,4804.129,12666.3719
2010,"27","Bourgogne-Franche-Comté","90","Territoire de Belfort",8,237.991,1.09,119.39,0,120.48,358.471
2010,"28","Normandie","14","Calvados",208,7699.9794,1541.919,1753.012,15.782,3310.713,11010.6924
2010,"28","Normandie","27","Eure",65,1516.904,691.221,340.24,0,1031.461,2548.365
2010,"28","Normandie","50","Manche",229,7498.283,1551.6305,1048.311,8.13,2608.0715,10106.3545
2010,"28","Normandie","61","Orne",214,10563.649,2641.191,1453.769,30.76,4125.72,14689.369
2010,"28","Normandie","76","Seine-Maritime",70,1670.006,985.682,479.54,3,1468.222,3138.228
2010,"32","Hauts-de-France","02","Aisne",47,1178.024,191.8,69.228,3.2,264.228,1442.252
2010,"32","Hauts-de-France","59","Nord",122,2616.724,374.972,210.654,0.5,586.126,3202.85
2010,"32","Hauts-de-France","60","Oise",53,2677.065,601.84,268.764,1.3,871.904,3548.969
2010,"32","Hauts-de-France","62","Pas-de-Calais",96,1621.969,753.85,339.274,0.08,1093.204,2715.173
2010,"32","Hauts-de-France","80","Somme",52,1104.011,316.455,250.81,3.209,570.474,1674.485
2010,"44","Grand Est","08","Ardennes",81,2552.1,1087.28,980.37,0,2067.65,4619.75
2010,"44","Grand Est","10","Aube",55,1596.8154,608.1406,141.4896,32.5076,782.1378,2378.9532
2010,"44","Grand Est","51","Marne",102,1455.4217,963.9714,606.0233,7.5988,1577.5935,3033.0152
2010,"44","Grand Est","52","Haute-Marne",43,1975.583,2034.87,722.98,0,2757.85,4733.433
2010,"44","Grand Est","54","Meurthe-et-Moselle",55,3022.492,695.84,496.137,3.4,1195.377,4217.86900000001
2010,"44","Grand Est","55","Meuse",50,2654.903,730.74,1014.349,1.06,1746.149,4401.052
2010,"44","Grand Est","57","Moselle",101,4929.387,3192.82,1409.64,20.858,4623.31799999999,9552.70500000002
2010,"44","Grand Est","67","Bas-Rhin",204,7038.92,1338.6408,1315.1122,67.469,2721.222,9760.14200000003
2010,"44","Grand Est","68","Haut-Rhin",216,4784.62870000001,341.3555,209.242,131.6742,682.2717,5466.90040000003
2010,"44","Grand Est","88","Vosges",143,8550.81900000001,1343.12,864.805,1.2,2209.125,10759.944
2010,"52","Pays de la Loire","44","Loire-Atlantique",440,22515.755,4188.16440000001,3808.94,20.716,8017.8204,30533.5754
2010,"52","Pays de la Loire","49","Maine-et-Loire",441,14845.8223,3770.4197,1583.6043,70.5799,5424.6039,20270.4262000001
2010,"52","Pays de la Loire","53","Mayenne",204,7135.23720000001,1709.961,1299.403,40.23,3049.594,10184.8312
2010,"52","Pays de la Loire","72","Sarthe",158,7112.6681,1026.469,1270.889,8.879,2306.237,9418.90510000001
2010,"52","Pays de la Loire","85","Vendée",279,10843.0262,2542.8905,2727.5484,10.479,5280.91790000001,16123.9441
2010,"53","Bretagne","22","Côtes-d'Armor",315,8271.29990000001,1856.8758,1435.4825,3.654,3296.0123,11567.3122
2010,"53","Bretagne","29","Finistère",364,8345.47440000002,1696.17,843.0377,0,2539.2077,10884.6821
2010,"53","Bretagne","35","Ille-et-Vilaine",352,10509.4462,3589.4528,1898.792,36.573,5524.8178,16034.264
2010,"53","Bretagne","56","Morbihan",308,9444.5662,2941.165,1730.0124,11.65,4682.8274,14127.3936
2010,"75","Nouvelle-Aquitaine","16","Charente",134,4000.5,1389.2332,1048.05,12.03,2449.3132,6449.8132
2010,"75","Nouvelle-Aquitaine","17","Charente-Maritime",149,4681.56800000001,1087.4243,525.105,13.34,1625.8693,6307.43730000001
2010,"75","Nouvelle-Aquitaine","19","Corrèze",127,4441.8055,754.576,248.758,6.7,1010.034,5451.8395
2010,"75","Nouvelle-Aquitaine","23","Creuse",106,4770.407,763.662,1193.895,8.43,1965.987,6736.394
2010,"75","Nouvelle-Aquitaine","24","Dordogne",435,6697.5426,4168.1133,1473.462,36.179,5677.75430000001,12375.2969
2010,"75","Nouvelle-Aquitaine","33","Gironde",416,4297.46630000001,1971.3529,1382.6979,252.921,3606.9718,7904.43810000001
2010,"75","Nouvelle-Aquitaine","40","Landes",123,2865.677,451.468,315.668,1.053,768.189,3633.866
2010,"75","Nouvelle-Aquitaine","47","Lot-et-Garonne",226,4898.9705,1130.32,355.87,12.8915,1499.0815,6398.05200000001
2010,"75","Nouvelle-Aquitaine","64","Pyrénées-Atlantiques",208,3757.935,650.847,543.435,9.07,1203.352,4961.287
2010,"75","Nouvelle-Aquitaine","79","Deux-Sèvres",196,6383.479,2150.59,886.827,8.575,3045.992,9429.47099999999
2010,"75","Nouvelle-Aquitaine","86","Vienne",124,6758.1811,1671.03,508.468,4.947,2184.445,8942.6261
2010,"75","Nouvelle-Aquitaine","87","Haute-Vienne",140,5847.211,1985.83,880.835,2.05,2868.715,8715.926
2010,"76","Occitanie","09","Ariège",239,7908.55220000002,4972.626,1163.31,10.201,6146.137,14054.6892
2010,"76","Occitanie","11","Aude",402,13659.6291,3495.9833,1673.6729,503.3729,5673.0291,19332.6582
2010,"76","Occitanie","12","Aveyron",373,21089.985,5768.09190000001,5672.4684,0.27,11440.8303,32530.8153
2010,"76","Occitanie","30","Gard",612,9520.67590000001,2137.9648,3382.4776,618.5484,6138.99080000001,15659.6667000001
2010,"76","Occitanie","31","Haute-Garonne",209,5802.564,1699.188,719.19,54.72,2473.098,8275.66200000001
2010,"76","Occitanie","32","Gers",304,10605.442,3657.881,1757.067,4.94,5419.888,16025.33
2010,"76","Occitanie","34","Hérault",507,8571.80440000001,3651.6207,1644.0315,653.139,5948.7912,14520.5956
2010,"76","Occitanie","46","Lot",151,3933.272,1300.659,1158.17,0.49,2459.319,6392.591
2010,"76","Occitanie","48","Lozère",145,10234.37,2977.8329,1970.029,12.12,4959.9819,15194.3519
2010,"76","Occitanie","65","Hautes-Pyrénées",64,1097.213,659.92,20.94,1.99,682.85,1780.063
2010,"76","Occitanie","66","Pyrénées-Orientales",400,6787.19610000001,1358.839,1057.356,309.1379,2725.3329,9512.52900000003
2010,"76","Occitanie","81","Tarn",205,4994.46780000001,1668.0615,639.59,54.84,2362.4915,7356.95930000001
2010,"76","Occitanie","82","Tarn-et-Garonne",175,4545.35250000001,654.04,574.6335,36.964,1265.6375,5810.99000000002
2010,"84","Auvergne-Rhône-Alpes","01","Ain",101,3574.2529,1294.6794,1027.777,22.0206,2344.477,5918.7299
2010,"84","Auvergne-Rhône-Alpes","03","Allier",188,8746.32899999999,2701.201,1463.28,0,4164.481,12910.81
2010,"84","Auvergne-Rhône-Alpes","07","Ardèche",416,6483.15660000001,2929.444,2404.2042,147.5442,5481.1924,11964.349
2010,"84","Auvergne-Rhône-Alpes","15","Cantal",111,5212.4128,1098.8517,1577.881,0.2375,2676.9702,7889.38299999999
2010,"84","Auvergne-Rhône-Alpes","26","Drôme",807,22623.3195999999,2979.1522,3186.6082,426.398,6592.1584,29215.4779999999
2010,"84","Auvergne-Rhône-Alpes","38","Isère",290,7449.10119999998,2335.364,1226.417,12.91,3574.69099999999,11023.7922
2010,"84","Auvergne-Rhône-Alpes","42","Loire",182,4123.078,2017.0372,868.472499999999,22.67,2908.1797,7031.2577
2010,"84","Auvergne-Rhône-Alpes","43","Haute-Loire",234,6311.74879999999,3258.135,1855.794,0,5113.929,11425.6778
2010,"84","Auvergne-Rhône-Alpes","63","Puy-de-Dôme",205,6349.019,2249.569,737.108,4.573,2991.25,9340.26899999999
2010,"84","Auvergne-Rhône-Alpes","69","Rhône",189,3378.1966,894.8727,552.768,30.83,1478.4707,4856.6673
2010,"84","Auvergne-Rhône-Alpes","73","Savoie",65,1883.53,58.358,64.987,4.905,128.25,2011.78
2010,"84","Auvergne-Rhône-Alpes","74","Haute-Savoie",85,2040.883,198.588,92.677,15.236,306.501,2347.384
2010,"93","Provence-Alpes-Côte d'Azur","04","Alpes-de-Haute-Provence",246,11837.4123,1986.556,2040.821,51.92,4079.297,15916.7093
2010,"93","Provence-Alpes-Côte d'Azur","05","Hautes-Alpes",142,6977.63700000001,1446.5593,723.586,2.2,2172.3453,9149.9823
2010,"93","Provence-Alpes-Côte d'Azur","06","Alpes-Maritimes",134,4146.1223,136.4084,102.433,17.635,256.4764,4402.5987
2010,"93","Provence-Alpes-Côte d'Azur","13","Bouches-du-Rhône",399,13793.3673,894.5648,1481.0599,336.3917,2712.0164,16505.3837
2010,"93","Provence-Alpes-Côte d'Azur","83","Var",270,6371.58159999999,852.252,570.528,356.408,1779.188,8150.76959999999
2010,"93","Provence-Alpes-Côte d'Azur","84","Vaucluse",588,7564.92960000002,2436.1503,2848.7748,847.2549,6132.18000000001,13697.1096
2010,"94","Corse","2A","Corse-du-Sud",71,3313.531,199.248,1149.699,7.16,1356.107,4669.638
2010,"94","Corse","2B","Haute-Corse",128,2880.979,313.238,597.703,71.195,982.136,3863.115
2010,NA,"INCONNUE","999","INCONNU",23,165.3874,279.55,15.9,0.449,295.899,461.2864
2011,"01","Guadeloupe","971","Guadeloupe",24,153.84,5.06,10.7,0.05,15.81,169.65
2011,"02","Martinique","972","Martinique",28,197.96,2.37,85.82,1.61,89.8,287.76
2011,"03","Guyane","973","Guyane",26,1785.76,64.87,90,0,154.87,1940.63
2011,"04","La Réunion","974","La Réunion",97,359.3399,140.5475,10.58,4.35,155.4775,514.8174
2011,"11","Île-de-France","75","Paris",17,152.33,61.58,78.02,6.7,146.3,298.63
2011,"11","Île-de-France","77","Seine-et-Marne",75,2172.0938,332.5246,1137.38,17.74,1487.6446,3659.7384
2011,"11","Île-de-France","78","Yvelines",43,1139.321,76.04,498.3086,21.7,596.0486,1735.3696
2011,"11","Île-de-France","91","Essonne",37,1069.794,54.99,835.27,6.88,897.14,1966.934
2011,"11","Île-de-France","92","Hauts-de-Seine",9,84.389,9.4,11.13,0.769,21.299,105.688
2011,"11","Île-de-France","93","Seine-Saint-Denis",1,1,0,0,0,0,1
2011,"11","Île-de-France","94","Val-de-Marne",7,27.27,36.074,1.2,7.01,44.284,71.554
2011,"11","Île-de-France","95","Val-d'Oise",13,601.764,2.08,0.76,0,2.84,604.604
2011,"24","Centre-Val de Loire","18","Cher",105,6070.5564,493.06,1071.19,7.294,1571.544,7642.1004
2011,"24","Centre-Val de Loire","28","Eure-et-Loir",48,1677.568,92.9,546.6,0.27,639.770000000001,2317.338
2011,"24","Centre-Val de Loire","36","Indre",103,4696.841,800.74,1332.98,0.7,2134.42,6831.261
2011,"24","Centre-Val de Loire","37","Indre-et-Loire",223,5486.82750000001,900.27,2200.521,266.313,3367.104,8853.93150000001
2011,"24","Centre-Val de Loire","41","Loir-et-Cher",138,4958.0541,376.4197,535.6747,64.365,976.4594,5934.5135
2011,"24","Centre-Val de Loire","45","Loiret",86,2349.3682,266.2452,708.93,12.03,987.2052,3336.5734
2011,"27","Bourgogne-Franche-Comté","21","Côte-d'Or",279,9957.58080000003,776.5051,2485.6891,387.2418,3649.436,13607.0168
2011,"27","Bourgogne-Franche-Comté","25","Doubs",134,8088.96399999998,326.387,1126.736,0.853,1453.976,9542.93999999999
2011,"27","Bourgogne-Franche-Comté","39","Jura",186,9954.80410000002,457.43,1081.085,22.233,1560.748,11515.5521
2011,"27","Bourgogne-Franche-Comté","58","Nièvre",114,6878.35250000001,509.66,1896.5024,7.467,2413.6294,9291.9819
2011,"27","Bourgogne-Franche-Comté","70","Haute-Saône",146,9120.582,346.08,3258.09,7.68,3611.85,12732.432
2011,"27","Bourgogne-Franche-Comté","71","Saône-et-Loire",193,5964.12130000001,342.8054,917.2702,79.9095,1339.9851,7304.10640000002
2011,"27","Bourgogne-Franche-Comté","89","Yonne",211,9254.4453,1305.6966,3516.6532,98.1534,4920.5032,14174.9485
2011,"27","Bourgogne-Franche-Comté","90","Territoire de Belfort",9,242.551,0,126.43,0,126.43,368.981
2011,"28","Normandie","14","Calvados",242,9698.89570000001,1779.01,2007.0079,82.244,3868.2619,13567.1576
2011,"28","Normandie","27","Eure",85,1979.7354,603.91,351.215,22.41,977.535,2957.2704
2011,"28","Normandie","50","Manche",291,9197.58630000001,1721.6384,2236.6302,16.6,3974.8686,13172.4549
2011,"28","Normandie","61","Orne",244,12987.6225,2071.79,2358.018,97.326,4527.134,17514.7565
2011,"28","Normandie","76","Seine-Maritime",95,2623.489,567.452,709.85,51.84,1329.142,3952.631
2011,"32","Hauts-de-France","02","Aisne",64,1277.638,449.85,202.23,4.581,656.660999999999,1934.299
2011,"32","Hauts-de-France","59","Nord",145,3053.359,695.4134,404.713,6.75,1106.8764,4160.2354
2011,"32","Hauts-de-France","60","Oise",66,2960.883,543.94,865.8,68.66,1478.4,4439.283
2011,"32","Hauts-de-France","62","Pas-de-Calais",107,2085.593,292.203,738.324,0,1030.527,3116.12
2011,"32","Hauts-de-France","80","Somme",67,1233.094,500.79,553.55,0,1054.34,2287.434
2011,"44","Grand Est","08","Ardennes",123,3148.746,798.989999999999,1701.4,5.75,2506.14,5654.886
2011,"44","Grand Est","10","Aube",74,1876.6752,297.968,505.1723,4.0066,807.1469,2683.8221
2011,"44","Grand Est","51","Marne",167,1857.5905,675.8622,874.415699999999,22.8253,1573.1032,3430.6937
2011,"44","Grand Est","52","Haute-Marne",52,2867.975,91.375,2254.66,0,2346.035,5214.01
2011,"44","Grand Est","54","Meurthe-et-Moselle",74,3415.501,531.623999999999,1129.53,0.19,1661.344,5076.84500000001
2011,"44","Grand Est","55","Meuse",57,3405.924,487.62,1456.64,0.699,1944.959,5350.88300000001
2011,"44","Grand Est","57","Moselle",120,6359.79200000001,1357.02,3142.05,2.227,4501.29699999999,10861.089
2011,"44","Grand Est","67","Bas-Rhin",229,8859.92560000002,808.794,928.2726,157.164,1894.2306,10754.1562
2011,"44","Grand Est","68","Haut-Rhin",256,5473.71060000001,579.6814,280.7293,179.3491,1039.7598,6513.47040000001
2011,"44","Grand Est","88","Vosges",156,9641.705,447.76,1722.27,6.13,2176.16,11817.865
2011,"52","Pays de la Loire","44","Loire-Atlantique",531,29019.9498,2679.0974,6250.5953,77.978,9007.6707,38027.6205
2011,"52","Pays de la Loire","49","Maine-et-Loire",523,17120.2034,1746.7651,3894.24040000001,123.1493,5764.1548,22884.3582
2011,"52","Pays de la Loire","53","Mayenne",228,8423.03400000001,953.89,2033.091,1.98,2988.961,11411.995
2011,"52","Pays de la Loire","72","Sarthe",140,5851.40760000001,697.12,830.171000000001,2.65,1529.941,7381.3486
2011,"52","Pays de la Loire","85","Vendée",280,11515.0986,1674.9458,3223.7238,46.586,4945.25560000001,16460.3542
2011,"53","Bretagne","22","Côtes-d'Armor",408,9870.6384,1013.99,3850.3708,69.41,4933.77080000001,14804.4092
2011,"53","Bretagne","29","Finistère",413,9616.40570000001,902.7253,2415.0757,8.24,3326.041,12942.4467
2011,"53","Bretagne","35","Ille-et-Vilaine",398,12585.0125,1064.0926,4055.4177,130.85,5250.3603,17835.3728
2011,"53","Bretagne","56","Morbihan",355,11307.5,766.6208,2718.297,8.82,3493.7378,14801.2378
2011,"75","Nouvelle-Aquitaine","16","Charente",163,5424.77000000001,981.759999999999,1223.06,1,2205.82,7630.59
2011,"75","Nouvelle-Aquitaine","17","Charente-Maritime",187,4827,912.0279,1415.4588,15.544,2343.0307,7170.03070000001
2011,"75","Nouvelle-Aquitaine","19","Corrèze",151,4882.8982,329.127,611.223,23.668,964.018,5846.9162
2011,"75","Nouvelle-Aquitaine","23","Creuse",133,6215.495,989.41,1018.338,5.91,2013.658,8229.153
2011,"75","Nouvelle-Aquitaine","24","Dordogne",490,9003.8299,1114.5619,2943.34,386.724,4444.6259,13448.4558
2011,"75","Nouvelle-Aquitaine","33","Gironde",494,5735.31380000001,2019.0226,1840.9759,1046.3809,4906.3794,10641.6932
2011,"75","Nouvelle-Aquitaine","40","Landes",128,3366.889,225.076,561.842,8.12,795.038,4161.927
2011,"75","Nouvelle-Aquitaine","47","Lot-et-Garonne",263,5354.30900000001,835.927,1071.71,104.96,2012.597,7366.906
2011,"75","Nouvelle-Aquitaine","64","Pyrénées-Atlantiques",250,4432.702,415.88,1179.844,20.44,1616.164,6048.86600000002
2011,"75","Nouvelle-Aquitaine","79","Deux-Sèvres",202,6610.643,975.052,2446.63,14.126,3435.808,10046.451
2011,"75","Nouvelle-Aquitaine","86","Vienne",161,7083.07760000001,836.1087,2692.082,11.38,3539.5707,10622.6483
2011,"75","Nouvelle-Aquitaine","87","Haute-Vienne",173,7179.6796,2044.79,2029.935,1.37,4076.095,11255.7746
2011,"76","Occitanie","09","Ariège",282,9371.14900000001,647.911,5422.39170000001,164.1,6234.40270000001,15605.5517
2011,"76","Occitanie","11","Aude",465,17496.1143,1885.9374,3078.5411,675.925199999999,5640.4037,23136.5179999999
2011,"76","Occitanie","12","Aveyron",402,27237.7080000001,1179.61,6060.04599999999,30.2358,7269.89179999999,34507.5998
2011,"76","Occitanie","30","Gard",687,12094.8659,2315.6776,2290.2058,2056.6544,6662.53780000002,18757.4037000001
2011,"76","Occitanie","31","Haute-Garonne",264,6160.68990000001,961.2,2816.328,57.634,3835.162,9995.85190000001
2011,"76","Occitanie","32","Gers",377,12109.505,1861.98,5476.317,20.007,7358.30399999999,19467.809
2011,"76","Occitanie","34","Hérault",605,12296.87,1806.4841,2183.4029,1219.106,5208.99300000001,17505.863
2011,"76","Occitanie","46","Lot",186,5279.6754,405.06,1204.14,177.36,1786.56,7066.2354
2011,"76","Occitanie","48","Lozère",160,13731.4607,210.39,2572.523,0.2,2783.113,16514.5737
2011,"76","Occitanie","65","Hautes-Pyrénées",70,1125.757,222.77,625.45,4.86,853.079999999999,1978.837
2011,"76","Occitanie","66","Pyrénées-Orientales",475,8317.31660000003,907.594200000001,1232.3902,914.030299999999,3054.0147,11371.3313000001
2011,"76","Occitanie","81","Tarn",248,5677.1278,1133.7976,2089.6814,65.501,3288.98,8966.10780000002
2011,"76","Occitanie","82","Tarn-et-Garonne",210,5448.4315,572.11,663.308,37.93,1273.348,6721.7795
2011,"84","Auvergne-Rhône-Alpes","01","Ain",109,4788.1906,714.7608,1048.551,37.212,1800.5238,6588.7144
2011,"84","Auvergne-Rhône-Alpes","03","Allier",218,10985.509,914.93,2496.255,3.4,3414.585,14400.094
2011,"84","Auvergne-Rhône-Alpes","07","Ardèche",482,9378.09740000004,1889.2163,2873.26139999999,312.4369,5074.9146,14453.012
2011,"84","Auvergne-Rhône-Alpes","15","Cantal",123,7130.801,295.649,925.5287,0,1221.1777,8351.9787
2011,"84","Auvergne-Rhône-Alpes","26","Drôme",890,25003.4133,2437.9002,3196.8154,832.8959,6467.61150000002,31471.0248
2011,"84","Auvergne-Rhône-Alpes","38","Isère",330,9117.10290000003,1127.2773,1954.2058,120.9484,3202.4315,12319.5344
2011,"84","Auvergne-Rhône-Alpes","42","Loire",214,5564.6747,1085.48,2062.4522,8.7225,3156.6547,8721.3294
2011,"84","Auvergne-Rhône-Alpes","43","Haute-Loire",261,7745.0609,1280.9137,3345.9204,2.206,4629.0401,12374.101
2011,"84","Auvergne-Rhône-Alpes","63","Puy-de-Dôme",228,7970.776,530.321,1607.252,15.68,2153.253,10124.029
2011,"84","Auvergne-Rhône-Alpes","69","Rhône",226,3945.6189,698.093,1076.8042,107.385,1882.2822,5827.90110000001
2011,"84","Auvergne-Rhône-Alpes","73","Savoie",76,1754.3607,145.2249,52.336,42.091,239.6519,1994.0126
2011,"84","Auvergne-Rhône-Alpes","74","Haute-Savoie",102,2463.4313,60.3182,176.158,14.829,251.3052,2714.7365
2011,"93","Provence-Alpes-Côte d'Azur","04","Alpes-de-Haute-Provence",289,14770.1322,1367.8014,1816.211,205.761,3389.7734,18159.9056
2011,"93","Provence-Alpes-Côte d'Azur","05","Hautes-Alpes",153,7715.494,422.9355,1292.8,9.992,1725.7275,9441.22149999999
2011,"93","Provence-Alpes-Côte d'Azur","06","Alpes-Maritimes",162,4406.5684,56.7664,83.22,24.905,164.8914,4571.45980000001
2011,"93","Provence-Alpes-Côte d'Azur","13","Bouches-du-Rhône",483,15762.5359,2585.5133,1203.7226,504.8851,4294.121,20056.6569
2011,"93","Provence-Alpes-Côte d'Azur","83","Var",333,8767.95620000001,812.378,726.4593,295.46,1834.2973,10602.2535
2011,"93","Provence-Alpes-Côte d'Azur","84","Vaucluse",709,9420.31960000001,2139.48109999999,2816.5165,2014.8604,6970.85800000001,16391.1776
2011,"94","Corse","2A","Corse-du-Sud",88,5096.314,43.12,504.058,69.353,616.531,5712.845
2011,"94","Corse","2B","Haute-Corse",156,3428.309,200.736,851.236,144.93,1196.902,4625.211
2011,NA,"INCONNUE","999","INCONNU",4,146.729,0,0,0,0,146.729
2012,"01","Guadeloupe","971","Guadeloupe",32,152.23,7.88,2.25,1.1,11.23,163.46
2012,"02","Martinique","972","Martinique",29,120.25,6.92,0.27,72.01,79.2,199.45
2012,"03","Guyane","973","Guyane",30,1850.79,259.03,47.2,0,306.23,2157.02
2012,"04","La Réunion","974","La Réunion",122,400.114000000001,120.3183,25.5899,6.99,152.8982,553.012200000001
2012,"06","Mayotte","976","Mayotte",2,6,2,0,0,2,8
2012,"11","Île-de-France","75","Paris",15,136.27,5.39,62.7,0.04,68.13,204.4
2012,"11","Île-de-France","77","Seine-et-Marne",81,3229.3805,172.93,328.788,8.01,509.728,3739.1085
2012,"11","Île-de-France","78","Yvelines",45,1329.61,23.671,375.62,1.361,400.652,1730.262
2012,"11","Île-de-France","91","Essonne",40,1543.658,121.35,460.41,0,581.76,2125.418
2012,"11","Île-de-France","92","Hauts-de-Seine",9,51.407,5.45,15.02,0,20.47,71.877
2012,"11","Île-de-France","93","Seine-Saint-Denis",2,3.01,0,0,0,0,3.01
2012,"11","Île-de-France","94","Val-de-Marne",6,36.17,0,16.26,0,16.26,52.43
2012,"11","Île-de-France","95","Val-d'Oise",12,603.644000000001,17,0.52,0.2,17.72,621.364000000001
2012,"24","Centre-Val de Loire","18","Cher",112,6728.56000000001,154.61,711.35,31.06,897.02,7625.58000000001
2012,"24","Centre-Val de Loire","28","Eure-et-Loir",53,2021.198,150.88,258.94,0,409.82,2431.018
2012,"24","Centre-Val de Loire","36","Indre",104,5816.46200000001,505.62,1140.11,30.89,1676.62,7493.08200000001
2012,"24","Centre-Val de Loire","37","Indre-et-Loire",233,7515.33000000002,853.0293,1136.6,126.26,2115.8893,9631.2193
2012,"24","Centre-Val de Loire","41","Loir-et-Cher",139,5266.2296,138.6643,513.59,47.34,699.5943,5965.8239
2012,"24","Centre-Val de Loire","45","Loiret",90,2818.5602,459.52,492.9102,12.05,964.4802,3783.0404
2012,"27","Bourgogne-Franche-Comté","21","Côte-d'Or",294,11992.0541,606.444,618.221,248.063,1472.728,13464.7821
2012,"27","Bourgogne-Franche-Comté","25","Doubs",143,9115.81,253.12,455.94,1.17,710.23,9826.03999999999
2012,"27","Bourgogne-Franche-Comté","39","Jura",199,10268.078,193.2,946.31,63.779,1203.289,11471.367
2012,"27","Bourgogne-Franche-Comté","58","Nièvre",125,8417.56,610.337,587.23,11.672,1209.239,9626.79900000001
2012,"27","Bourgogne-Franche-Comté","70","Haute-Saône",150,11518.288,480.54,923.32,2.68,1406.54,12924.828
2012,"27","Bourgogne-Franche-Comté","71","Saône-et-Loire",210,6969.777,240.602,290.976,71.442,603.019999999999,7572.797
2012,"27","Bourgogne-Franche-Comté","89","Yonne",232,12399.527,1740.384,1865.802,150.804,3756.99,16156.517
2012,"27","Bourgogne-Franche-Comté","90","Territoire de Belfort",9,356.981,0.07,0.59,0,0.66,357.641
2012,"28","Normandie","14","Calvados",251,11193.5404,1044.818,2025.57,184.9,3255.288,14448.8284
2012,"28","Normandie","27","Eure",91,2168.7974,131.57,518.13,122.23,771.93,2940.7274
2012,"28","Normandie","50","Manche",311,11725.023,1206.068,1698.333,17.46,2921.861,14646.884
2012,"28","Normandie","61","Orne",253,15150.946,957.191,1920.787,107.66,2985.638,18136.584
2012,"28","Normandie","76","Seine-Maritime",106,3339.759,331.22,593.93,52.23,977.38,4317.139
2012,"32","Hauts-de-France","02","Aisne",74,1709.86,163.57,444.37,2.26,610.2,2320.06
2012,"32","Hauts-de-France","59","Nord",151,3473.406,125.85,603.52,0,729.370000000001,4202.776
2012,"32","Hauts-de-France","60","Oise",72,3639.873,364.99,761.86,15.66,1142.51,4782.383
2012,"32","Hauts-de-France","62","Pas-de-Calais",120,2875.596,136.65,432.642,5.96,575.252,3450.84800000001
2012,"32","Hauts-de-France","80","Somme",73,1542.1,372.53,585.2,0,957.729999999999,2499.83
2012,"44","Grand Est","08","Ardennes",129,5039.67800000001,1142.61,509.24,1.2,1653.05,6692.72800000001
2012,"44","Grand Est","10","Aube",75,2313.2534,189.1579,317.3775,38.501,545.0364,2858.2898
2012,"44","Grand Est","51","Marne",169,2390.2059,254.422,818.8486,35.926,1109.1966,3499.4025
2012,"44","Grand Est","52","Haute-Marne",62,5276.066,255.8,355.91,0.35,612.06,5888.126
2012,"44","Grand Est","54","Meurthe-et-Moselle",84,4400.15,312.6179,586.284,0.64,899.541899999999,5299.6919
2012,"44","Grand Est","55","Meuse",68,4393.348,144.85,1072.83,19.42,1237.1,5630.448
2012,"44","Grand Est","57","Moselle",124,9725.64300000001,360.44,1431.04,0.16,1791.64,11517.283
2012,"44","Grand Est","67","Bas-Rhin",237,10160.002,345.82,529.312,138.26,1013.392,11173.394
2012,"44","Grand Est","68","Haut-Rhin",291,5781.85500000001,116.9579,617.4759,117.4963,851.9301,6633.78510000001
2012,"44","Grand Est","88","Vosges",170,11476.838,527.624,572.07,7.97,1107.664,12584.502
2012,"52","Pays de la Loire","44","Loire-Atlantique",581,35683.3853,1478.0048,3493.6776,116.638,5088.3204,40771.7057000001
2012,"52","Pays de la Loire","49","Maine-et-Loire",555,20614.0777000001,1816.2249,2146.0544,247.002,4209.2813,24823.359
2012,"52","Pays de la Loire","53","Mayenne",250,10706.857,724.317,1100.42,1.5,1826.237,12533.094
2012,"52","Pays de la Loire","72","Sarthe",195,9512.538,300.516,783.391,26.485,1110.392,10622.93
2012,"52","Pays de la Loire","85","Vendée",330,15692.5482,780.349000000001,2097.9886,6.447,2884.7846,18577.3328
2012,"53","Bretagne","22","Côtes-d'Armor",434,13378.949,781.977,1482.807,51.9,2316.684,15695.633
2012,"53","Bretagne","29","Finistère",446,11815.5137000001,1137.2068,1374.4644,11.8965,2523.5677,14339.0814000001
2012,"53","Bretagne","35","Ille-et-Vilaine",423,16687.1724,553.9437,1571.9873,38.54,2164.471,18851.6434
2012,"53","Bretagne","56","Morbihan",382,13715.0269,791.21,805.1279,2.91,1599.2479,15314.2748
2012,"75","Nouvelle-Aquitaine","16","Charente",164,6140.12,849.32,860.41,46.74,1756.47,7896.59
2012,"75","Nouvelle-Aquitaine","17","Charente-Maritime",199,6236.92700000002,465.1142,875.3002,97.065,1437.4794,7674.40640000002
2012,"75","Nouvelle-Aquitaine","19","Corrèze",159,4982.845,318.97,434.451,159.75,913.171,5896.016
2012,"75","Nouvelle-Aquitaine","23","Creuse",148,7423.311,1025.4795,929.227,0,1954.7065,9378.01749999999
2012,"75","Nouvelle-Aquitaine","24","Dordogne",539,10980.9758,993.17,1323.62,963.783,3280.573,14261.5488
2012,"75","Nouvelle-Aquitaine","33","Gironde",524,6673.69920000001,1019.679,2095.0484,1378.7802,4493.5076,11167.2068
2012,"75","Nouvelle-Aquitaine","40","Landes",146,3673.652,211.25,332.69,23.812,567.752,4241.404
2012,"75","Nouvelle-Aquitaine","47","Lot-et-Garonne",303,6386.3795,1103.96,867.87,210.24,2182.07,8568.4495
2012,"75","Nouvelle-Aquitaine","64","Pyrénées-Atlantiques",283,5887.666,297.06,735.56,10.12,1042.74,6930.406
2012,"75","Nouvelle-Aquitaine","79","Deux-Sèvres",250,9743.68120000002,1170.355,1086.3622,16.48,2273.1972,12016.8784
2012,"75","Nouvelle-Aquitaine","86","Vienne",175,9987.16310000001,884.8,1326.3887,19.67,2230.8587,12218.0218
2012,"75","Nouvelle-Aquitaine","87","Haute-Vienne",188,8496.42960000001,1262.55,2349.68,1.03,3613.26,12109.6896
2012,"76","Occitanie","09","Ariège",297,14689.661,640,1010.37,4.415,1654.785,16344.446
2012,"76","Occitanie","11","Aude",498,20812.3063,1032.99,1944.92,956.498,3934.40800000001,24746.7143000001
2012,"76","Occitanie","12","Aveyron",422,32271.2110000001,1377.854,2025.06,26.5,3429.414,35700.625
2012,"76","Occitanie","30","Gard",728,14295.915,1282.396,2413.826,1056.346,4752.568,19048.483
2012,"76","Occitanie","31","Haute-Garonne",290,8225.632,545.695,1870.925,67.622,2484.242,10709.874
2012,"76","Occitanie","32","Gers",451,16049.287,2896.34,3677.31,126.36,6700.01,22749.297
2012,"76","Occitanie","34","Hérault",647,14779.4813,2539.868,1489.8877,1283.6026,5313.3583,20092.8395999999
2012,"76","Occitanie","46","Lot",193,6231.498,475.4,520.59,208.08,1204.07,7435.568
2012,"76","Occitanie","48","Lozère",175,15645.981,454.115,575.57,2.655,1032.34,16678.321
2012,"76","Occitanie","65","Hautes-Pyrénées",83,1779.027,170.708,288.25,2.33,461.288,2240.315
2012,"76","Occitanie","66","Pyrénées-Orientales",496,9549.78200000003,472.0663,883.233,908.7,2263.9993,11813.7813000001
2012,"76","Occitanie","81","Tarn",270,7213.32100000001,951.9,1449.29,155.249,2556.439,9769.76000000001
2012,"76","Occitanie","82","Tarn-et-Garonne",234,5938.02199999998,325.14,674.94,18.55,1018.63,6956.652
2012,"84","Auvergne-Rhône-Alpes","01","Ain",129,6073.51099999999,366.438,631.829,4.065,1002.332,7075.84299999999
2012,"84","Auvergne-Rhône-Alpes","03","Allier",236,13254.759,859.615,968.856,0.08,1828.551,15083.31
2012,"84","Auvergne-Rhône-Alpes","07","Ardèche",526,12535.1020000001,770.819,1616.125,180.885,2567.829,15102.9310000001
2012,"84","Auvergne-Rhône-Alpes","15","Cantal",131,7797.4667,263.81,270.364,0.17,534.344,8331.81070000001
2012,"84","Auvergne-Rhône-Alpes","26","Drôme",936,27697.3849999999,1363.474,2530.734,760.091200000001,4654.2992,32351.6841999999
2012,"84","Auvergne-Rhône-Alpes","38","Isère",351,11058.0850000001,764.578,1304.463,59.069,2128.11,13186.1950000001
2012,"84","Auvergne-Rhône-Alpes","42","Loire",221,7779.3035,280.845,752.31,35.469,1068.624,8847.92750000001
2012,"84","Auvergne-Rhône-Alpes","43","Haute-Loire",274,11182.503,765.525,1413.784,0.57,2179.879,13362.382
2012,"84","Auvergne-Rhône-Alpes","63","Puy-de-Dôme",236,9022.905,200.205,808.565,19.198,1027.968,10050.873
2012,"84","Auvergne-Rhône-Alpes","69","Rhône",242,5017.24500000001,436.261,1095.1012,153.259,1684.6212,6701.86620000002
2012,"84","Auvergne-Rhône-Alpes","73","Savoie",89,1816.755,456.7,139.93,27.016,623.646,2440.401
2012,"84","Auvergne-Rhône-Alpes","74","Haute-Savoie",116,2610.7521,232.537,116.324,36.4,385.261,2996.0131
2012,"93","Provence-Alpes-Côte d'Azur","04","Alpes-de-Haute-Provence",299,17161.549,677.734,1606.9269,407.944,2692.6049,19854.1539
2012,"93","Provence-Alpes-Côte d'Azur","05","Hautes-Alpes",172,8753.40600000001,1109.23,409.23,19.12,1537.58,10290.986
2012,"93","Provence-Alpes-Côte d'Azur","06","Alpes-Maritimes",168,4180.1345,27.77,17.212,57.09,102.072,4282.2065
2012,"93","Provence-Alpes-Côte d'Azur","13","Bouches-du-Rhône",524,16443.4619,2167.377,2559.757,501.484,5228.61800000001,21672.0799
2012,"93","Provence-Alpes-Côte d'Azur","83","Var",387,9106.99700000002,1523.855,776.551,536.079,2836.485,11943.482
2012,"93","Provence-Alpes-Côte d'Azur","84","Vaucluse",743,12555.6345,1339.7603,2004.879,1784.248,5128.88730000001,17684.5218
2012,"94","Corse","2A","Corse-du-Sud",92,5843.794,247.893,80.07,19.832,347.795,6191.58900000001
2012,"94","Corse","2B","Haute-Corse",161,3909.678,181.276,309.516,168.904,659.696,4569.374
2012,NA,"INCONNUE","999","INCONNU",4,153.147,0,0,0,0,153.147
2013,"01","Guadeloupe","971","Guadeloupe",30,177.75,8.4,6.82,0,15.22,192.97
2013,"02","Martinique","972","Martinique",32,221.28,31.29,3.91,0,35.2,256.48
2013,"03","Guyane","973","Guyane",39,2366.7,5.98,320.28,9.46,335.72,2702.42
2013,"04","La Réunion","974","La Réunion",132,432.9744,69.0145,73.3308,8.715,151.0603,584.0347
2013,"06","Mayotte","976","Mayotte",2,6,0,0,0,0,6
2013,"11","Île-de-France","77","Seine-et-Marne",84,3438.671,204.24,368.38,3.9781,576.5981,4015.2691
2013,"11","Île-de-France","78","Yvelines",45,1678.999,235.16,35.0808,7.21,277.4508,1956.4498
2013,"11","Île-de-France","91","Essonne",37,1973.088,36.22,299.07,0.04,335.33,2308.418
2013,"11","Île-de-France","92","Hauts-de-Seine",1,0.05,0,0,0,0,0.05
2013,"11","Île-de-France","93","Seine-Saint-Denis",4,54.49,0,0,0,0,54.49
2013,"11","Île-de-France","94","Val-de-Marne",5,43.43,5.9,0,0,5.9,49.33
2013,"11","Île-de-France","95","Val-d'Oise",11,579.034,7.6,17.52,0,25.12,604.154
2013,"24","Centre-Val de Loire","18","Cher",122,7211.38200000001,892.39,258.21,16.15,1166.75,8378.13200000001
2013,"24","Centre-Val de Loire","28","Eure-et-Loir",53,2210.153,118.3,157.48,1.1,276.88,2487.033
2013,"24","Centre-Val de Loire","36","Indre",116,6624.492,595.717,600.87,0.83,1197.417,7821.909
2013,"24","Centre-Val de Loire","37","Indre-et-Loire",244,8815.00140000001,487.02,796.8233,193.05,1476.8933,10291.8947
2013,"24","Centre-Val de Loire","41","Loir-et-Cher",144,5436.1856,90.4016,112.2643,28.4,231.0659,5667.2515
2013,"24","Centre-Val de Loire","45","Loiret",93,3554.478,262.8792,346.68,0.85,610.4092,4164.88720000001
2013,"27","Bourgogne-Franche-Comté","21","Côte-d'Or",287,11888.0128,866.9513,714.5368,91.3643,1672.8524,13560.8652
2013,"27","Bourgogne-Franche-Comté","25","Doubs",138,9171.6577,93.49,216.92,1.551,311.961,9483.6187
2013,"27","Bourgogne-Franche-Comté","39","Jura",207,11351.9178,272.6399,363.32,21.47,657.4299,12009.3477
2013,"27","Bourgogne-Franche-Comté","58","Nièvre",110,7415.5064,172.15,948.157,0.1,1120.407,8535.9134
2013,"27","Bourgogne-Franche-Comté","70","Haute-Saône",155,12158.697,393.29,366.03,0.1,759.42,12918.117
2013,"27","Bourgogne-Franche-Comté","71","Saône-et-Loire",214,7239.45510000001,343.3136,267.1972,20.2219,630.732700000001,7870.18780000001
2013,"27","Bourgogne-Franche-Comté","89","Yonne",236,13576.344,966.5621,2122.086,103.15,3191.7981,16768.1421
2013,"27","Bourgogne-Franche-Comté","90","Territoire de Belfort",8,347.841,1.27,0.04,0,1.31,349.151
2013,"28","Normandie","14","Calvados",242,12376.6998,312.423,1045.1826,166.21,1523.8156,13900.5154
2013,"28","Normandie","27","Eure",91,2995.1674,95.76,352.28,18.46,466.5,3461.6674
2013,"28","Normandie","50","Manche",313,13159.6117,721.219,1083.7475,23.59,1828.5565,14988.1682
2013,"28","Normandie","61","Orne",256,16411.5304,991.235,1006.11,86.43,2083.775,18495.3054
2013,"28","Normandie","76","Seine-Maritime",104,3344.567,109.52,507.45,12.31,629.28,3973.847
2013,"32","Hauts-de-France","02","Aisne",82,2145.06,109.81,167.51,3.5,280.82,2425.88
2013,"32","Hauts-de-France","59","Nord",152,4040.56300000001,66.23,99.41,9.35,174.99,4215.553
2013,"32","Hauts-de-France","60","Oise",74,4221.37,146.02,510.85,65.6,722.47,4943.84
2013,"32","Hauts-de-France","62","Pas-de-Calais",120,2831.199,81.36,130.31,0,211.67,3042.869
2013,"32","Hauts-de-France","80","Somme",80,2068.114,234.59,260.73,4.42,499.74,2567.854
2013,"44","Grand Est","08","Ardennes",136,5646.18300000001,517.2,694.24,12.56,1224,6870.18300000002
2013,"44","Grand Est","10","Aube",66,2150.8001,186.66,313.3104,21.8335,521.8039,2672.604
2013,"44","Grand Est","51","Marne",175,2901.3579,381.7095,510.2514,28.7876,920.748500000001,3822.1064
2013,"44","Grand Est","52","Haute-Marne",57,5178.36600000001,218,226.72,0,444.72,5623.08600000001
2013,"44","Grand Est","54","Meurthe-et-Moselle",88,4719.71750000001,566.27,647.71,41.764,1255.744,5975.46150000001
2013,"44","Grand Est","55","Meuse",70,4941.77250000001,383.33,647.06,19.67,1050.06,5991.83250000001
2013,"44","Grand Est","57","Moselle",127,10131.611,347.608,550.65,2.31,900.568,11032.179
2013,"44","Grand Est","67","Bas-Rhin",243,10712.4078,353.1889,439.64,87.02,879.8489,11592.2567
2013,"44","Grand Est","68","Haut-Rhin",283,6341.77850000002,140.7378,328.8029,163.3036,632.8443,6974.62280000001
2013,"44","Grand Est","88","Vosges",173,11790.098,456.69,462.969,0.32,919.979,12710.077
2013,"52","Pays de la Loire","44","Loire-Atlantique",577,37510.9072,1799.26,1732.2274,129.613,3661.1004,41172.0076
2013,"52","Pays de la Loire","49","Maine-et-Loire",548,21329.2984999999,1103.4425,1835.6623,268.3506,3207.4554,24536.7538999999
2013,"52","Pays de la Loire","53","Mayenne",255,11635.692,276.45,688.85,3.04,968.34,12604.032
2013,"52","Pays de la Loire","72","Sarthe",197,9874.58560000002,437.289,433.43,11.46,882.179,10756.7646
2013,"52","Pays de la Loire","85","Vendée",341,17348.8801,596.6964,1427.4364,16.4236,2040.5564,19389.4365
2013,"53","Bretagne","22","Côtes-d'Armor",431,14588.4308,520.3536,1066.817,22.82,1609.9906,16198.4214
2013,"53","Bretagne","29","Finistère",462,12880.2167000001,883.2895,1151.3023,0.9448,2035.5366,14915.7533000001
2013,"53","Bretagne","35","Ille-et-Vilaine",430,18065.5766,784.8902,675.4567,11.25,1471.5969,19537.1735
2013,"53","Bretagne","56","Morbihan",408,15065.1131,738.3519,842.83,14.64,1595.8219,16660.935
2013,"75","Nouvelle-Aquitaine","16","Charente",161,6395.44,472.71,843.97,31.9,1348.58,7744.02000000001
2013,"75","Nouvelle-Aquitaine","17","Charente-Maritime",199,6584.25480000002,217.0282,564.8812,54.82,836.7294,7420.98420000002
2013,"75","Nouvelle-Aquitaine","19","Corrèze",168,5243.36310000001,273.28,406.9315,27.719,707.9305,5951.29360000001
2013,"75","Nouvelle-Aquitaine","23","Creuse",151,7664.4172,642.528,1071.278,0.07,1713.876,9378.29319999999
2013,"75","Nouvelle-Aquitaine","24","Dordogne",564,13110.8504,878.3465,1088.6,229.04,2195.98649999999,15306.8369
2013,"75","Nouvelle-Aquitaine","33","Gironde",510,8429.28430000002,779.9045,856.3545,1176.3682,2812.6272,11241.9115
2013,"75","Nouvelle-Aquitaine","40","Landes",147,3864.144,109.37,132.08,25.11,266.56,4130.704
2013,"75","Nouvelle-Aquitaine","47","Lot-et-Garonne",327,7518.7732,803.3735,592.78,162.51,1558.6635,9077.43670000003
2013,"75","Nouvelle-Aquitaine","64","Pyrénées-Atlantiques",275,5574.362,341.1943,267.46,46.02,654.6743,6229.03630000001
2013,"75","Nouvelle-Aquitaine","79","Deux-Sèvres",248,10747.2819,671.4439,884.065,0,1555.5089,12302.7908
2013,"75","Nouvelle-Aquitaine","86","Vienne",181,10902.7088,1004.2306,839,3.29,1846.5206,12749.2294
2013,"75","Nouvelle-Aquitaine","87","Haute-Vienne",201,10654.5001,1628.975,1296.2517,25.97,2951.1967,13605.6968
2013,"76","Occitanie","09","Ariège",302,16558.2808000001,232.045,638.991,1.65,872.686,17430.9668000001
2013,"76","Occitanie","11","Aude",533,24389.2037,1931.1954,1024.7145,660.661,3616.57089999999,28005.7746
2013,"76","Occitanie","12","Aveyron",436,33890.5986000001,1198.2075,1758.3524,5.89,2962.4499,36853.0485000001
2013,"76","Occitanie","30","Gard",720,16096.3132,1994.7101,1246.659,886.012299999999,4127.38140000001,20223.6946
2013,"76","Occitanie","31","Haute-Garonne",295,9974.81380000002,676.447,418.24,29.84,1124.527,11099.3408
2013,"76","Occitanie","32","Gers",490,18838.7449999999,2117.07,3211.71,104.51,5433.29,24272.0349999999
2013,"76","Occitanie","34","Hérault",655,16724.5308,1140.4492,835.5411,598.9515,2574.9418,19299.4725999999
2013,"76","Occitanie","46","Lot",202,7163.1364,958.3865,168.42,114.22,1241.0265,8404.16290000001
2013,"76","Occitanie","48","Lozère",181,16328.6851,278.5178,484.415,3.78,766.7128,17095.3979
2013,"76","Occitanie","65","Hautes-Pyrénées",79,1941.869,78.19,234.7481,1.09,314.0281,2255.8971
2013,"76","Occitanie","66","Pyrénées-Orientales",484,11015.4088000001,451.7924,864.3877,525.5247,1841.7048,12857.1136
2013,"76","Occitanie","81","Tarn",281,8701.94000000001,1409.2696,641.5315,61.64,2112.4411,10814.3811000001
2013,"76","Occitanie","82","Tarn-et-Garonne",228,6180.578,271.8,369.31,34.07,675.18,6855.758
2013,"84","Auvergne-Rhône-Alpes","01","Ain",133,6472.908,521.2803,357.867,8.8988,888.0461,7360.9541
2013,"84","Auvergne-Rhône-Alpes","03","Allier",242,14094.58,1085.91,754.97,1.06,1841.94,15936.52
2013,"84","Auvergne-Rhône-Alpes","07","Ardèche",544,14784.4429000001,821.8645,1029.0072,175.4444,2026.3161,16810.7590000001
2013,"84","Auvergne-Rhône-Alpes","15","Cantal",142,8280.8757,417.02,117.545,2.17,536.735,8817.6107
2013,"84","Auvergne-Rhône-Alpes","26","Drôme",949,31399.1185999999,1228.3315,1333.6599,573.0862,3135.0776,34534.1962
2013,"84","Auvergne-Rhône-Alpes","38","Isère",351,12049.8897,338.2876,794.2968,24.63,1157.2144,13207.1041
2013,"84","Auvergne-Rhône-Alpes","42","Loire",237,8518.38250000002,413.8925,314.89,13.99,742.7725,9261.15500000003
2013,"84","Auvergne-Rhône-Alpes","43","Haute-Loire",276,12401.2819,743.7443,618.84,0.22,1362.8043,13764.0862
2013,"84","Auvergne-Rhône-Alpes","63","Puy-de-Dôme",239,9640.833,303.9166,263.495,7.847,575.2586,10216.0916
2013,"84","Auvergne-Rhône-Alpes","69","Rhône",250,4726.67130000001,405.0804,558.5878,66.014,1029.6822,5756.35350000001
2013,"84","Auvergne-Rhône-Alpes","73","Savoie",92,2796.0981,883.157,47.4899,10.08,940.7269,3736.825
2013,"84","Auvergne-Rhône-Alpes","74","Haute-Savoie",105,2612.8496,35.3802,244.2975,11.58,291.2577,2904.1073
2013,"93","Provence-Alpes-Côte d'Azur","04","Alpes-de-Haute-Provence",307,18208.947,1851.9878,755.87,135.6599,2743.5177,20952.4647
2013,"93","Provence-Alpes-Côte d'Azur","05","Hautes-Alpes",166,8932.81200000001,557.8755,939.8,0.5,1498.1755,10430.9875
2013,"93","Provence-Alpes-Côte d'Azur","06","Alpes-Maritimes",171,3543.5367,37.25,21.37,14.285,72.905,3616.4417
2013,"93","Provence-Alpes-Côte d'Azur","13","Bouches-du-Rhône",512,22170.9713,2102.4774,1879.8585,622.4979,4604.8338,26775.8050999999
2013,"93","Provence-Alpes-Côte d'Azur","83","Var",400,9239.44990000001,768.6245,1235.1686,425.075,2428.8681,11668.318
2013,"93","Provence-Alpes-Côte d'Azur","84","Vaucluse",740,14671.9174,836.3506,1294.5773,1254.3911,3385.319,18057.2364
2013,"94","Corse","2A","Corse-du-Sud",89,5332.52500000001,25.3,84.233,23.65,133.183,5465.70800000001
2013,"94","Corse","2B","Haute-Corse",164,4247.2784,143.03,203.106,34.6,380.736,4628.0144
2013,NA,"INCONNUE","999","INCONNU",2,9.16,0,0,0,0,9.16
2014,"01","Guadeloupe","971","Guadeloupe",17,67.93,0,0,0.41,0.41,68.34
2014,"02","Martinique","972","Martinique",28,186.2,14.91,32.19,0.75,47.85,234.05
2014,"03","Guyane","973","Guyane",42,1943.56,23.69,24.48,9.55,57.72,2001.28
2014,"04","La Réunion","974","La Réunion",149,561.2913,41.7634,38.2102,16.1,96.0736,657.3649
2014,"06","Mayotte","976","Mayotte",2,6,0,0,0,0,6
2014,"11","Île-de-France","77","Seine-et-Marne",82,3587.9981,188.13,356.365,0.23,544.725,4132.72310000001
2014,"11","Île-de-France","78","Yvelines",46,1776,376.69,230.61,0.94,608.24,2384.24
2014,"11","Île-de-France","91","Essonne",45,1981.663,226.45,162.49,0,388.94,2370.603
2014,"11","Île-de-France","92","Hauts-de-Seine",1,0,0.1,0,0,0.1,0.1
2014,"11","Île-de-France","93","Seine-Saint-Denis",4,54.49,0,0,0,0,54.49
2014,"11","Île-de-France","94","Val-de-Marne",7,56.64,1.3613,0,0,1.3613,58.0013
2014,"11","Île-de-France","95","Val-d'Oise",10,591.44,0,7.52,0,7.52,598.96
2014,"24","Centre-Val de Loire","18","Cher",135,7591.798,575.05,897.31,6.19,1478.55,9070.348
2014,"24","Centre-Val de Loire","28","Eure-et-Loir",58,2276.193,345.54,271.16,0,616.7,2892.893
2014,"24","Centre-Val de Loire","36","Indre",128,7132.3301,1152.14,600.537,0,1752.677,8885.00709999998
2014,"24","Centre-Val de Loire","37","Indre-et-Loire",246,8631.13880000001,845.01,643.99,244.48,1733.48,10364.6188
2014,"24","Centre-Val de Loire","41","Loir-et-Cher",141,5651.0085,309.45,119.7716,24.2143,453.4359,6104.4444
2014,"24","Centre-Val de Loire","45","Loiret",102,3765.5366,270.85,272.49,0.26,543.6,4309.1366
2014,"27","Bourgogne-Franche-Comté","21","Côte-d'Or",293,12409.5228,1327.8865,986.3313,63.6981,2377.9159,14787.4387
2014,"27","Bourgogne-Franche-Comté","25","Doubs",146,8726.13,554.01,176.89,1.9,732.8,9458.93
2014,"27","Bourgogne-Franche-Comté","39","Jura",218,11567.3552,726.0579,439.9499,21.83,1187.8378,12755.193
2014,"27","Bourgogne-Franche-Comté","58","Nièvre",124,8441.51650000001,340.32,501.83,0.43,842.58,9284.09650000001
2014,"27","Bourgogne-Franche-Comté","70","Haute-Saône",158,12137.267,864.675,370.34,0.15,1235.165,13372.432
2014,"27","Bourgogne-Franche-Comté","71","Saône-et-Loire",218,7251.23670000001,159.562,488.6239,39.1053,687.2912,7938.52790000001
2014,"27","Bourgogne-Franche-Comté","89","Yonne",246,14714.9625,827.0928,1986.47,79.7175,2893.2803,17608.2428
2014,"27","Bourgogne-Franche-Comté","90","Territoire de Belfort",11,508.45,44.97,2.24,0,47.21,555.66
2014,"28","Normandie","14","Calvados",257,13083.4052,1211.534,494.404,85.39,1791.328,14874.7332
2014,"28","Normandie","27","Eure",96,3232.488,143.38,145.8843,15.9,305.1643,3537.6523
2014,"28","Normandie","50","Manche",340,14009.4412,1096.7728,762.819,43.47,1903.0618,15912.503
2014,"28","Normandie","61","Orne",266,17364.0665,941.0066,1090.67,17.26,2048.9366,19413.0031
2014,"28","Normandie","76","Seine-Maritime",113,3677.58,124.45,251.48,6.01,381.94,4059.52
2014,"32","Hauts-de-France","02","Aisne",88,2290.83,143.5368,91.56,3.25,238.3468,2529.1768
2014,"32","Hauts-de-France","59","Nord",174,4182.12000000001,339.8251,112.19,0.05,452.0651,4634.18510000001
2014,"32","Hauts-de-France","60","Oise",80,4524.15,257.88,333.52,0.46,591.86,5116.01000000001
2014,"32","Hauts-de-France","62","Pas-de-Calais",116,2657.051,46.36,172.06,0,218.42,2875.471
2014,"32","Hauts-de-France","80","Somme",85,2184.522,188.67,351.39,0,540.06,2724.582
2014,"44","Grand Est","08","Ardennes",136,6113.32700000001,596.94,949.07,0,1546.01,7659.33700000001
2014,"44","Grand Est","10","Aube",74,2305.1569,160.54,257.9559,15.6817,434.1776,2739.3345
2014,"44","Grand Est","51","Marne",189,3192.4187,977.8583,453.5396,38.4982,1469.8961,4662.3148
2014,"44","Grand Est","52","Haute-Marne",63,5499.3125,185.78,259.12,0.061,444.961,5944.2735
2014,"44","Grand Est","54","Meurthe-et-Moselle",100,5154.2765,456.41,887.639999999999,6.28,1350.33,6504.6065
2014,"44","Grand Est","55","Meuse",81,5504.3345,552.72,395.729,28.82,977.269,6481.6035
2014,"44","Grand Est","57","Moselle",137,11430.887,691.13,365.76,0.14,1057.03,12487.917
2014,"44","Grand Est","67","Bas-Rhin",252,10755.8304,731.1895,380.1194,67.7100000000001,1179.0189,11934.8493
2014,"44","Grand Est","68","Haut-Rhin",306,6494.54580000001,121.7854,163.567,46.6879,332.0403,6826.58610000002
2014,"44","Grand Est","88","Vosges",188,12372.278,1327.04,485.599,1.4,1814.039,14186.317
2014,"52","Pays de la Loire","44","Loire-Atlantique",611,39010.3727,1946.4841,1670.5884,75.9267,3692.99920000001,42703.3719
2014,"52","Pays de la Loire","49","Maine-et-Loire",599,23255.3025,2119.4612,1147.9241,217.8315,3485.2168,26740.5193
2014,"52","Pays de la Loire","53","Mayenne",263,12099.353,593.5,451.54,4.02,1049.06,13148.413
2014,"52","Pays de la Loire","72","Sarthe",208,10233.0193,960.7792,567.56,3.42,1531.7592,11764.7785
2014,"52","Pays de la Loire","85","Vendée",360,18307.542,1176.5548,645.0794,19.6164,1841.2506,20148.7926
2014,"53","Bretagne","22","Côtes-d'Armor",446,15354.7047,907.92,556.54,14.89,1479.35,16834.0547
2014,"53","Bretagne","29","Finistère",479,13712.7262,604.8434,932.0123,4.53,1541.3857,15254.1119
2014,"53","Bretagne","35","Ille-et-Vilaine",455,18424.3369,785.9639,850.095999999999,1.83,1637.8899,20062.2268
2014,"53","Bretagne","56","Morbihan",420,15590.8405,680.9987,1004.84,9.8,1695.6387,17286.4792
2014,"75","Nouvelle-Aquitaine","16","Charente",188,7522.68,952.159999999999,537.65,10.3,1500.11,9022.79
2014,"75","Nouvelle-Aquitaine","17","Charente-Maritime",204,6983.31580000001,385.48,191.0582,101.0712,677.6094,7660.92520000001
2014,"75","Nouvelle-Aquitaine","19","Corrèze",180,5400.58770000001,406.86,307.04,60.07,773.97,6174.55770000001
2014,"75","Nouvelle-Aquitaine","23","Creuse",164,9171.24860000001,825.764000000001,515.7985,2.49,1344.0525,10515.3011
2014,"75","Nouvelle-Aquitaine","24","Dordogne",610,13413.9134,2369.4192,1001.175,128.1,3498.6942,16912.6076
2014,"75","Nouvelle-Aquitaine","33","Gironde",525,9749.31779999999,448.9928,929.1905,492.893,1871.0763,11620.3941
2014,"75","Nouvelle-Aquitaine","40","Landes",147,3880.35,287.43,156.53,2,445.96,4326.31
2014,"75","Nouvelle-Aquitaine","47","Lot-et-Garonne",350,8039.32199999999,1309.37,776.43,112.73,2198.53,10237.852
2014,"75","Nouvelle-Aquitaine","64","Pyrénées-Atlantiques",306,5999.45870000001,282.3923,209.8495,30.048,522.2898,6521.74850000001
2014,"75","Nouvelle-Aquitaine","79","Deux-Sèvres",263,11017.4875,946.3033,1175.005,0.82,2122.1283,13139.6158
2014,"75","Nouvelle-Aquitaine","86","Vienne",204,11480.4796,1731.97,985.4736,4.77,2722.2136,14202.6932
2014,"75","Nouvelle-Aquitaine","87","Haute-Vienne",232,11258.8667,1659.1555,1620.48,61.08,3340.7155,14599.5822
2014,"76","Occitanie","09","Ariège",311,15786.0544,549.7709,667.455,5.521,1222.7469,17008.8013000001
2014,"76","Occitanie","11","Aude",555,23804.3893000001,1833.9875,1898.613,215.3155,3947.916,27752.3053
2014,"76","Occitanie","12","Aveyron",463,35025.8789,2731.53,1510.685,7.6583,4249.8733,39275.7522
2014,"76","Occitanie","30","Gard",761,17663.0150000001,2046.8109,1855.8806,588.1382,4490.8297,22153.8447000001
2014,"76","Occitanie","31","Haute-Garonne",333,10242.0699,2211.0888,777.9129,1.56,2990.5617,13232.6316
2014,"76","Occitanie","32","Gers",587,20942.985,5011.81,2979.88,53.54,8045.23,28988.215
2014,"76","Occitanie","34","Hérault",661,16796.8654000001,1111.5975,1202.7097,390.4856,2704.7928,19501.6582000001
2014,"76","Occitanie","46","Lot",224,7272.7726,668.64,1050.2755,42.52,1761.4355,9034.2081
2014,"76","Occitanie","48","Lozère",188,15120.29,553.87,574.2666,13.32,1141.4566,16261.7466
2014,"76","Occitanie","65","Hautes-Pyrénées",84,2097.999,100.85,75.9,0.92,177.67,2275.669
2014,"76","Occitanie","66","Pyrénées-Orientales",514,11196.2787,908.4457,479.6749,253.2205,1641.3411,12837.6198
2014,"76","Occitanie","81","Tarn",320,9765.55289999999,886.719999999999,1184.298,219.2019,2290.2199,12055.7728
2014,"76","Occitanie","82","Tarn-et-Garonne",245,6464.09300000002,1205.16,340.42,90.06,1635.64,8099.73300000002
2014,"84","Auvergne-Rhône-Alpes","01","Ain",135,6558.2975,380.3076,543.8106,4.55,928.6682,7486.96570000001
2014,"84","Auvergne-Rhône-Alpes","03","Allier",260,14054.427,1099.57,938.3,3.05,2040.92,16095.347
2014,"84","Auvergne-Rhône-Alpes","07","Ardèche",594,15537.3571000001,793.231699999999,798.467299999999,190.7696,1782.4686,17319.8257
2014,"84","Auvergne-Rhône-Alpes","15","Cantal",148,8002.9352,847.42,421.41,0,1268.83,9271.7652
2014,"84","Auvergne-Rhône-Alpes","26","Drôme",979,32643.4276,1314.9946,1291.146,224.8891,2831.0297,35474.4573
2014,"84","Auvergne-Rhône-Alpes","38","Isère",357,11991.1537000001,451.5054,438.8866,57.1222,947.5142,12938.6679000001
2014,"84","Auvergne-Rhône-Alpes","42","Loire",255,8673.85280000001,554.1386,439.42,1.46,995.0186,9668.87140000001
2014,"84","Auvergne-Rhône-Alpes","43","Haute-Loire",283,12631.6653,664.0705,843.9965,0,1508.067,14139.7323
2014,"84","Auvergne-Rhône-Alpes","63","Puy-de-Dôme",250,9856.12400000001,378.566,252.82,10.469,641.855,10497.979
2014,"84","Auvergne-Rhône-Alpes","69","Rhône",258,4986.5678,200.1164,501.8498,42.2428,744.208999999999,5730.7768
2014,"84","Auvergne-Rhône-Alpes","73","Savoie",92,2291.7632,29.71,963.8886,2.72,996.3186,3288.0818
2014,"84","Auvergne-Rhône-Alpes","74","Haute-Savoie",105,2372.675,151.2942,111.3849,7.53,270.2091,2642.8841
2014,"93","Provence-Alpes-Côte d'Azur","04","Alpes-de-Haute-Provence",333,17817.3269,2304.4505,1431.081,71.08,3806.6115,21623.9384
2014,"93","Provence-Alpes-Côte d'Azur","05","Hautes-Alpes",187,10012.728,801.6468,485.5729,12.6,1299.8197,11312.5477
2014,"93","Provence-Alpes-Côte d'Azur","06","Alpes-Maritimes",173,2845.0888,25.0413,39.641,4.09,68.7723,2913.8611
2014,"93","Provence-Alpes-Côte d'Azur","13","Bouches-du-Rhône",549,23523.3516,1563.5994,2176.9632,187.6334,3928.196,27451.5476
2014,"93","Provence-Alpes-Côte d'Azur","83","Var",441,10127.085,1062.8385,1011.7549,379.6288,2454.2222,12581.3072
2014,"93","Provence-Alpes-Côte d'Azur","84","Vaucluse",762,14874.0056,896.3912,1003.2681,806.355,2706.0143,17580.0199000001
2014,"94","Corse","2A","Corse-du-Sud",96,5228.76,128.343,24.75,11.323,164.416,5393.176
2014,"94","Corse","2B","Haute-Corse",171,4124.6404,359.51,143.08,82.756,585.346,4709.9864
2014,NA,"INCONNUE","999","INCONNU",1,7.12,0,0,0,0,7.12
2015,"01","Guadeloupe","971","Guadeloupe",21,97.88,6.08,0,0,6.08,103.96
2015,"02","Martinique","972","Martinique",38,193.49,38.12,17.66,29.39,85.17,278.66
2015,"03","Guyane","973","Guyane",46,2416.03,300.33,29.41,0.36,330.1,2746.13
2015,"04","La Réunion","974","La Réunion",157,594.3705,60.274,27.62,11.26,99.154,693.524500000001
2015,"06","Mayotte","976","Mayotte",3,9.24,0,0,0,0,9.24
2015,"11","Île-de-France","77","Seine-et-Marne",93,3659.4763,888.36,228.01,17.14,1133.51,4792.9863
2015,"11","Île-de-France","78","Yvelines",48,2007.9744,419.33,477,0,896.33,2904.3044
2015,"11","Île-de-France","91","Essonne",52,2135.883,224.2,251.97,0.5,476.67,2612.553
2015,"11","Île-de-France","92","Hauts-de-Seine",2,11.28,0,0,0,0,11.28
2015,"11","Île-de-France","93","Seine-Saint-Denis",5,54.495,0,0,0,0,54.495
2015,"11","Île-de-France","94","Val-de-Marne",7,51.51,0,6.1613,0,6.1613,57.6713
2015,"11","Île-de-France","95","Val-d'Oise",12,618.829999999999,0.48,7.58,0,8.06,626.889999999999
2015,"24","Centre-Val de Loire","18","Cher",167,8187.9583,4261.063,1083.07,41,5385.133,13573.0913
2015,"24","Centre-Val de Loire","28","Eure-et-Loir",71,2540.063,342.99,304.77,2.5,650.26,3190.323
2015,"24","Centre-Val de Loire","36","Indre",138,7704.6254,1947.63,1396.132,6.815,3350.577,11055.2024
2015,"24","Centre-Val de Loire","37","Indre-et-Loire",279,8975.14900000001,1946.96,765.61,116.28,2828.85,11803.999
2015,"24","Centre-Val de Loire","41","Loir-et-Cher",150,5566.6249,1004.4671,335.89,9.1616,1349.5187,6916.1436
2015,"24","Centre-Val de Loire","45","Loiret",102,3500.3117,525.04,405.63,2.9,933.57,4433.88170000001
2015,"27","Bourgogne-Franche-Comté","21","Côte-d'Or",332,12728.7938,4670.4732,1410.4115,36.3655,6117.2502,18846.0440000001
2015,"27","Bourgogne-Franche-Comté","25","Doubs",150,8929.4898,416.9,560.075,0,976.975,9906.46480000001
2015,"27","Bourgogne-Franche-Comté","39","Jura",233,11759.3859,2256.106,717.7298,39.588,3013.4238,14772.8097
2015,"27","Bourgogne-Franche-Comté","58","Nièvre",140,8242.47250000001,2063.6509,432.16,1.25,2497.0609,10739.5334
2015,"27","Bourgogne-Franche-Comté","70","Haute-Saône",188,12157.99,5260.8,643.18,0.18,5904.16,18062.15
2015,"27","Bourgogne-Franche-Comté","71","Saône-et-Loire",248,7155.3962,3600.6141,286.5768,66.0264,3953.2173,11108.6135
2015,"27","Bourgogne-Franche-Comté","89","Yonne",270,16088.5682,4050.6738,1184.6425,25.544,5260.8603,21349.4285
2015,"27","Bourgogne-Franche-Comté","90","Territoire de Belfort",13,528.04,7.37,50.03,0,57.4,585.44
2015,"28","Normandie","14","Calvados",293,14019.1132,2428.95,1234.854,14.93,3678.734,17697.8472
2015,"28","Normandie","27","Eure",110,3387.7103,397.41,132.31,1.22,530.94,3918.6503
2015,"28","Normandie","50","Manche",360,14575.4886,1565.7965,938.86,27.74,2532.3965,17107.8851
2015,"28","Normandie","61","Orne",297,18605.1065,2238.34,983.3124,68.74,3290.3924,21895.4989
2015,"28","Normandie","76","Seine-Maritime",119,3428.975,261.01,132.85,1.05,394.91,3823.885
2015,"32","Hauts-de-France","02","Aisne",90,2230.305,654.6696,187.4424,0.39,842.502,3072.807
2015,"32","Hauts-de-France","59","Nord",205,4996.12000000001,925.59,245.75,0,1171.34,6167.46000000001
2015,"32","Hauts-de-France","60","Oise",80,4644.85,315.72,258.32,5,579.04,5223.89000000001
2015,"32","Hauts-de-France","62","Pas-de-Calais",122,2644.201,159.9186,51.2,0,211.1186,2855.3196
2015,"32","Hauts-de-France","80","Somme",98,2448.882,368.46,275.85,0,644.31,3093.192
2015,"44","Grand Est","08","Ardennes",148,7182.05800000001,1819.28,638.37,0,2457.65,9639.708
2015,"44","Grand Est","10","Aube",87,2446.4463,1580.8105,302.13,2.61,1885.5505,4331.9968
2015,"44","Grand Est","51","Marne",191,3366.6797,1216.2804,949.6094,27.5973,2193.4871,5560.1668
2015,"44","Grand Est","52","Haute-Marne",81,5316.927,1831.185,257.37,0,2088.555,7405.482
2015,"44","Grand Est","54","Meurthe-et-Moselle",139,5876.4073,4310.62,521.31,5.75,4837.68,10714.0873
2015,"44","Grand Est","55","Meuse",89,5633.34700000001,1376.35,607.79,12.77,1996.91,7630.257
2015,"44","Grand Est","57","Moselle",155,11234.9464,1488.03,610.33,0.45,2098.81,13333.7564
2015,"44","Grand Est","67","Bas-Rhin",273,11668.731,765.612800000001,770.345700000001,51.5757,1587.5342,13256.2652
2015,"44","Grand Est","68","Haut-Rhin",274,6543.70359999999,416.59,181.9817,56.495,655.0667,7198.7703
2015,"44","Grand Est","88","Vosges",209,12654.258,1869.643,1516.54,1.94,3388.123,16042.381
2015,"52","Pays de la Loire","44","Loire-Atlantique",658,39327.8824,4514.0174,2000.2172,47.5688,6561.8034,45889.6858000001
2015,"52","Pays de la Loire","49","Maine-et-Loire",624,23726.5979,3398.7669,1885.8621,100.5338,5385.16279999999,29111.7607
2015,"52","Pays de la Loire","53","Mayenne",277,12841.4014,949.2138,509.485,0,1458.6988,14300.1002
2015,"52","Pays de la Loire","72","Sarthe",228,10272.1008,1588.247,933.942,3.38,2525.569,12797.6698
2015,"52","Pays de la Loire","85","Vendée",387,18208.8461,3635.4829,1303.8548,4.1864,4943.5241,23152.3702
2015,"53","Bretagne","22","Côtes-d'Armor",473,15920.9805,1272.247,891.09,2.05,2165.387,18086.3675
2015,"53","Bretagne","29","Finistère",519,14332.4685,1670.4004,636.402999999999,0.54,2307.3434,16639.8119
2015,"53","Bretagne","35","Ille-et-Vilaine",472,19465.2621,1032.3985,794.504,13.21,1840.1125,21305.3746
2015,"53","Bretagne","56","Morbihan",446,16080.6839,1155.3877,885.9762,14.1,2055.4639,18136.1478
2015,"75","Nouvelle-Aquitaine","16","Charente",214,7824.82000000001,2127.1692,952.18,27.98,3107.3292,10932.1492
2015,"75","Nouvelle-Aquitaine","17","Charente-Maritime",206,6803.68380000001,886.453,278.3866,5.11,1169.9496,7973.63340000002
2015,"75","Nouvelle-Aquitaine","19","Corrèze",199,5800.4617,733.8992,364.4,94.9395,1193.2387,6993.7004
2015,"75","Nouvelle-Aquitaine","23","Creuse",169,9294.8166,1817.9015,840.6582,1.298,2659.8577,11954.6743
2015,"75","Nouvelle-Aquitaine","24","Dordogne",670,15491.0266,2575.83,1998.2017,184.34,4758.3717,20249.3983
2015,"75","Nouvelle-Aquitaine","33","Gironde",609,13125.8603,1570.1809,563.6941,491.372,2625.247,15751.1073
2015,"75","Nouvelle-Aquitaine","40","Landes",184,4028.5791,371.73,400.77,4.4,776.9,4805.4791
2015,"75","Nouvelle-Aquitaine","47","Lot-et-Garonne",557,14714.3374,3061.5439,1571.99,44.95,4678.4839,19392.8213
2015,"75","Nouvelle-Aquitaine","64","Pyrénées-Atlantiques",343,6416.2659,891.8913,264.959,3.02,1159.8703,7576.1362
2015,"75","Nouvelle-Aquitaine","79","Deux-Sèvres",300,11959.2925,3240.2369,1043.9,0.83,4284.9669,16244.2594
2015,"75","Nouvelle-Aquitaine","86","Vienne",251,11363.7305,5542.0734,2409.54,4.62,7956.23340000001,19319.9639
2015,"75","Nouvelle-Aquitaine","87","Haute-Vienne",288,12294.3254,3859.2774,1215.9329,149.7,5224.9103,17519.2357
2015,"76","Occitanie","09","Ariège",363,15841.5355,5975.43,578.8959,11.94,6566.2659,22407.8014
2015,"76","Occitanie","11","Aude",605,26235.2843999999,6729.9146,2108.9474,214.4827,9053.3447,35288.6291
2015,"76","Occitanie","12","Aveyron",543,35989.4082999999,8113.80100000001,2753.17,17.7,10884.671,46874.0792999999
2015,"76","Occitanie","30","Gard",764,18623.3665,1550.8943,1734.1253,251.0618,3536.0814,22159.4478999999
2015,"76","Occitanie","31","Haute-Garonne",448,11480.6103,8932.4066,2309.4598,2.99,11244.8564,22725.4667
2015,"76","Occitanie","32","Gers",923,27587.436,18799.46,6290.588,13.32,25103.368,52690.8040000002
2015,"76","Occitanie","34","Hérault",709,16859.6823,2126.7597,1096.819,395.4248,3619.0035,20478.6858
2015,"76","Occitanie","46","Lot",266,8228.25070000001,3305.1265,715.28,55.8015,4076.208,12304.4587
2015,"76","Occitanie","48","Lozère",211,16240.6618,6876.02,627.41,20.87,7524.3,23764.9618
2015,"76","Occitanie","65","Hautes-Pyrénées",131,2617.0197,1595.2828,86.99,0,1682.2728,4299.2925
2015,"76","Occitanie","66","Pyrénées-Orientales",545,10677.5994000001,2297.2591,714.7871,246.4978,3258.544,13936.1434
2015,"76","Occitanie","81","Tarn",389,11417.494,3366.576,1080.8031,180.57,4627.9491,16045.4431000001
2015,"76","Occitanie","82","Tarn-et-Garonne",349,8979.513,1961.3426,1230.33,20.35,3212.0226,12191.5356
2015,"84","Auvergne-Rhône-Alpes","01","Ain",152,6973.64190000001,778.8921,413.5431,3.6787,1196.1139,8169.75580000001
2015,"84","Auvergne-Rhône-Alpes","03","Allier",292,13908.988,3685.91,1163.96,1.31,4851.18,18760.168
2015,"84","Auvergne-Rhône-Alpes","07","Ardèche",634,16367.0627,1029.3936,869.409,134.408,2033.2106,18400.2733
2015,"84","Auvergne-Rhône-Alpes","15","Cantal",168,8054.6962,3115.88,780.7,0.85,3897.43,11952.1262
2015,"84","Auvergne-Rhône-Alpes","26","Drôme",1017,33480.3349999999,4006.0065,1260.7586,326.8524,5593.61750000001,39073.9525
2015,"84","Auvergne-Rhône-Alpes","38","Isère",395,12390.0365,1740.5742,616.4919,38.7205,2395.7866,14785.8231
2015,"84","Auvergne-Rhône-Alpes","42","Loire",278,9099.42330000001,1329.4669,404.7579,19.3,1753.5248,10852.9481
2015,"84","Auvergne-Rhône-Alpes","43","Haute-Loire",301,13392.9665,1576.731,494.267,0,2070.998,15463.9645
2015,"84","Auvergne-Rhône-Alpes","63","Puy-de-Dôme",271,9762.457,1326.6999,359.092,11.95,1697.7419,11460.1989
2015,"84","Auvergne-Rhône-Alpes","69","Rhône",281,5423.83680000001,876.1548,176.8092,19.095,1072.059,6495.89580000001
2015,"84","Auvergne-Rhône-Alpes","73","Savoie",103,3287.7852,306.893,154.34,22.4437,483.6767,3771.4619
2015,"84","Auvergne-Rhône-Alpes","74","Haute-Savoie",124,2760.119,509.7066,306.6781,11.981,828.3657,3588.4847
2015,"93","Provence-Alpes-Côte d'Azur","04","Alpes-de-Haute-Provence",388,19438.7979,6800.38190000001,2054.305,93.7675,8948.45440000001,28387.2522999999
2015,"93","Provence-Alpes-Côte d'Azur","05","Hautes-Alpes",226,11565.5231,2945.3674,456.135,3.351,3404.8534,14970.3765
2015,"93","Provence-Alpes-Côte d'Azur","06","Alpes-Maritimes",186,2886.24420000001,391.2055,304.6949,33.031,728.9314,3615.17560000001
2015,"93","Provence-Alpes-Côte d'Azur","13","Bouches-du-Rhône",600,25022.932,3555.7563,1620.4048,396.8082,5572.9693,30595.9013
2015,"93","Provence-Alpes-Côte d'Azur","83","Var",455,10427.6211,739.7085,1552.0329,307.1502,2598.8916,13026.5127
2015,"93","Provence-Alpes-Côte d'Azur","84","Vaucluse",742,14805.1691,842.4046,820.272799999999,482.3961,2145.0735,16950.2426
2015,"94","Corse","2A","Corse-du-Sud",101,5894.9128,713.2163,93.37,3.57,810.1563,6705.0691
2015,"94","Corse","2B","Haute-Corse",174,4280.4714,559.84,274.75,35.61,870.2,5150.6714
2015,NA,"INCONNUE","999","INCONNU",1,7.12,0,0,0,0,7.12
2016,"01","Guadeloupe","971","Guadeloupe",30,135.68,26.2878,6.08,0.05,32.4178,168.0978
2016,"02","Martinique","972","Martinique",46,262.53,9.42,2.85,22.66,34.93,297.46
2016,"03","Guyane","973","Guyane",56,2438.58,272.1,316.21,12.5,600.81,3039.39
2016,"04","La Réunion","974","La Réunion",188,605.6915,141.2914,68.584,3.8,213.6754,819.3669
2016,"11","Île-de-France","75","Paris",5,48.72,13.98,0,0,13.98,62.7
2016,"11","Île-de-France","77","Seine-et-Marne",106,4055.8645,734.952,1005.17,2.17,1742.292,5798.15650000001
2016,"11","Île-de-France","78","Yvelines",55,2589.9874,671.963,618.59,0.1,1290.653,3880.6404
2016,"11","Île-de-France","91","Essonne",59,2330.7011,837.6152,269.9,0.53,1108.0452,3438.7463
2016,"11","Île-de-France","92","Hauts-de-Seine",3,11.38,0,0,0,0,11.38
2016,"11","Île-de-France","93","Seine-Saint-Denis",4,5.01,1.12,0,0,1.12,6.13
2016,"11","Île-de-France","94","Val-de-Marne",7,44.35,0.03,1.3613,0,1.3913,45.7413
2016,"11","Île-de-France","95","Val-d'Oise",16,589.28,115.756,0,0.48,116.236,705.516
2016,"24","Centre-Val de Loire","18","Cher",173,9155.56199999999,788.8,3839.99,44.84,4673.63,13829.192
2016,"24","Centre-Val de Loire","28","Eure-et-Loir",73,2727.0803,275.5,498.46,0,773.96,3501.0403
2016,"24","Centre-Val de Loire","36","Indre",146,8530.96400000001,1074.47,1962,85.61,3122.08,11653.044
2016,"24","Centre-Val de Loire","37","Indre-et-Loire",279,9516.25799999999,852.5989,1470.0003,114.36,2436.9592,11953.2172
2016,"24","Centre-Val de Loire","41","Loir-et-Cher",144,5376.4625,522.906,692.93,17.83,1233.666,6610.1285
2016,"24","Centre-Val de Loire","45","Loiret",110,3898.11560000001,799.6125,477.7117,5.51,1282.8342,5180.9498
2016,"27","Bourgogne-Franche-Comté","21","Côte-d'Or",384,13490.2781,4617.2191,5056.3853,40.2725,9713.87689999999,23204.155
2016,"27","Bourgogne-Franche-Comté","25","Doubs",168,9424.1866,954.7975,563.3,0.53,1518.6275,10942.8141
2016,"27","Bourgogne-Franche-Comté","39","Jura",257,12396.8946,2023.4,2318.7572,45.4598,4387.617,16784.5116
2016,"27","Bourgogne-Franche-Comté","58","Nièvre",156,8219.99710000001,2172.43,2383.95,99.41,4655.79,12875.7871
2016,"27","Bourgogne-Franche-Comté","70","Haute-Saône",220,12370.645,4551.35,5046.99,0.44,9598.78,21969.425
2016,"27","Bourgogne-Franche-Comté","71","Saône-et-Loire",274,7440.4224,2646.0906,3335.4261,33.078,6014.5947,13455.0171
2016,"27","Bourgogne-Franche-Comté","89","Yonne",281,16580.6019,2716.1455,4070.5095,68.1708,6854.8258,23435.4277
2016,"27","Bourgogne-Franche-Comté","90","Territoire de Belfort",16,582.13,514.12,8.83,0,522.95,1105.08
2016,"28","Normandie","14","Calvados",346,15169.3328,4459.1822,2060.72,34.333,6554.2352,21723.568
2016,"28","Normandie","27","Eure",120,3183.7173,630.1,331.0225,1.97,963.0925,4146.8098
2016,"28","Normandie","50","Manche",419,15748.1436,5133.4985,1363.732,34.84,6532.07050000001,22280.2141
2016,"28","Normandie","61","Orne",330,19574.3945,2289.52,2057.8258,32.4,4379.7458,23954.1403
2016,"28","Normandie","76","Seine-Maritime",145,3846.8375,1274.84,253.17,6.96,1534.97,5381.8075
2016,"32","Hauts-de-France","02","Aisne",99,2359.745,498.76,665.7196,13.5724,1178.052,3537.79700000001
2016,"32","Hauts-de-France","59","Nord",246,5164.7636,2223.17,867.68,0.3,3091.15,8255.91360000001
2016,"32","Hauts-de-France","60","Oise",97,4877.6868,1573.58,491.2,5.07,2069.85,6947.5368
2016,"32","Hauts-de-France","62","Pas-de-Calais",142,2648.606,594.9,135.4186,0,730.3186,3378.9246
2016,"32","Hauts-de-France","80","Somme",110,2639.403,922.785,403.38,12.33,1338.495,3977.898
2016,"44","Grand Est","08","Ardennes",165,7616.048,1951.7561,1838.78,1.31,3791.8461,11407.8941
2016,"44","Grand Est","10","Aube",109,2584.5508,1143.6414,1723.19,26.92,2893.7514,5478.30220000001
2016,"44","Grand Est","51","Marne",189,3837.8523,807.828900000001,1699.4104,27.0928,2534.3321,6372.18440000001
2016,"44","Grand Est","52","Haute-Marne",93,5453.887,1685.11,1768.085,0.13,3453.325,8907.21199999999
2016,"44","Grand Est","54","Meurthe-et-Moselle",164,6425.9803,3339.1,4192.87,8.46,7540.43,13966.4103
2016,"44","Grand Est","55","Meuse",110,6207.91300000001,1588.26,1339.23,2.87,2930.36,9138.27300000001
2016,"44","Grand Est","57","Moselle",195,11613.1678,5897.22290000001,1672.45,0.26,7569.93290000001,19183.1007
2016,"44","Grand Est","67","Bas-Rhin",291,12148.0636,1524.1647,858.5228,44.59,2427.2775,14575.3411
2016,"44","Grand Est","68","Haut-Rhin",337,6497.8184,914.438300000001,423.15,36.3252,1373.9135,7871.73190000001
2016,"44","Grand Est","88","Vosges",237,13520.549,3627.9941,1762.3,153.62,5543.9141,19064.4631
2016,"52","Pays de la Loire","44","Loire-Atlantique",730,41188.638,8437.02800000001,4356.4369,45.7102,12839.1751,54027.8130999999
2016,"52","Pays de la Loire","49","Maine-et-Loire",712,25486.2247,6768.5094,3652.3457,113.8125,10534.6676,36020.8923
2016,"52","Pays de la Loire","53","Mayenne",320,13133.7209,3276.2865,939.705,0,4215.9915,17349.7124
2016,"52","Pays de la Loire","72","Sarthe",258,10564.1426,2854.882,1593.69,0.09,4448.662,15012.8046
2016,"52","Pays de la Loire","85","Vendée",450,18781.3927,6304.27569999999,3681.9209,1.42,9987.6166,28769.0093
2016,"53","Bretagne","22","Côtes-d'Armor",545,17191.4253,3183.072,1381.2164,8.7,4572.9884,21764.4137
2016,"53","Bretagne","29","Finistère",592,15567.9783,3247.1618,1532.4275,3.31,4782.89930000001,20350.8776
2016,"53","Bretagne","35","Ille-et-Vilaine",578,21878.5483000001,5029.0263,1039.562,2.25,6070.83830000001,27949.3866000002
2016,"53","Bretagne","56","Morbihan",518,18077.107,3812.2908,1335.4589,2.12,5149.8697,23226.9767
2016,"75","Nouvelle-Aquitaine","16","Charente",263,8274.09,2798.9653,2419.47,31.42,5249.8553,13523.9453
2016,"75","Nouvelle-Aquitaine","17","Charente-Maritime",261,6579.17940000002,3311.0068,894.4661,29.9466,4235.41950000001,10814.5989
2016,"75","Nouvelle-Aquitaine","19","Corrèze",222,6274.87420000001,2016.984,763.06,56.18,2836.224,9111.09820000001
2016,"75","Nouvelle-Aquitaine","23","Creuse",178,9492.0367,1463.13,1488.16,39.71,2991,12483.0367
2016,"75","Nouvelle-Aquitaine","24","Dordogne",720,15900.2305,3549.9125,2748.88,256.08,6554.8725,22455.1029999999
2016,"75","Nouvelle-Aquitaine","33","Gironde",633,13603.6637,1046.3244,1099.6535,255.1494,2401.1273,16004.791
2016,"75","Nouvelle-Aquitaine","40","Landes",212,4269.433,743.58,388.7,6.31,1138.59,5408.023
2016,"75","Nouvelle-Aquitaine","47","Lot-et-Garonne",622,15902.8003,3592.9,3700.67,121.61,7415.18,23317.9803
2016,"75","Nouvelle-Aquitaine","64","Pyrénées-Atlantiques",388,7015.14260000001,1472.0689,445.247,7.76,1925.0759,8940.2185
2016,"75","Nouvelle-Aquitaine","79","Deux-Sèvres",345,12906.3335,2876.4498,2772.3559,3.77,5652.57570000001,18558.9092
2016,"75","Nouvelle-Aquitaine","86","Vienne",299,12175.1563,6139.6402,5261.9422,28.44,11430.0224,23605.1787
2016,"75","Nouvelle-Aquitaine","87","Haute-Vienne",320,12834.2063,3153.641,4009.5474,35.9729,7199.1613,20033.3676
2016,"76","Occitanie","09","Ariège",396,15695.9403,2480.51,5877.66,0.5,8358.67000000001,24054.6103
2016,"76","Occitanie","11","Aude",665,25422.4578,6147.286,5900.1574,281.6161,12329.0595,37751.5173
2016,"76","Occitanie","12","Aveyron",668,36766.8414999999,12682.2288,7648.43100000001,22.31,20352.9698,57119.8112999999
2016,"76","Occitanie","30","Gard",777,20187.8637,1681.2834,1510.9442,304.9287,3497.1563,23685.02
2016,"76","Occitanie","31","Haute-Garonne",527,12448.5813,4153.3561,9267.326,4.7498,13425.4319,25874.0132
2016,"76","Occitanie","32","Gers",1033,31118.9973000001,9323.2749,19348.63,5.23,28677.1349000001,59796.1322000001
2016,"76","Occitanie","34","Hérault",734,16934.9144,2139.1456,1934.341,374.644,4448.1306,21383.045
2016,"76","Occitanie","46","Lot",306,8373.992,3491.47299999999,3138.013,40.36,6669.846,15043.838
2016,"76","Occitanie","48","Lozère",275,16784.826,12256.869,6642.03,23.74,18922.639,35707.465
2016,"76","Occitanie","65","Hautes-Pyrénées",157,2724.0203,879.5528,1775.18,0,2654.7328,5378.75310000001
2016,"76","Occitanie","66","Pyrénées-Orientales",572,11950.7299000001,1664.7605,2314.3651,391.6032,4370.7288,16321.4587000001
2016,"76","Occitanie","81","Tarn",451,11470.7932,5394.43040000001,3195.89,63.56,8653.8804,20124.6736
2016,"76","Occitanie","82","Tarn-et-Garonne",406,9515.44350000001,2886.291,2113.7225,28.926,5028.93950000001,14544.383
2016,"84","Auvergne-Rhône-Alpes","01","Ain",171,8021.93140000001,1804.1592,734.2145,6.9791,2545.3528,10567.2842
2016,"84","Auvergne-Rhône-Alpes","03","Allier",307,15906.6615,1608.628,2368.96,0.27,3977.858,19884.5195
2016,"84","Auvergne-Rhône-Alpes","07","Ardèche",695,15601.8941,3895.9923,1135.0883,155.6849,5186.7655,20788.6596
2016,"84","Auvergne-Rhône-Alpes","15","Cantal",233,9206.69620000001,5278.6422,3342.59,0,8621.23220000001,17827.9284
2016,"84","Auvergne-Rhône-Alpes","26","Drôme",1082,35857.1819,3440.4885,3423.1256,206.5146,7070.12869999999,42927.3106
2016,"84","Auvergne-Rhône-Alpes","38","Isère",452,13355.2291,3635.0012,1641.4651,181.82,5458.2863,18813.5154
2016,"84","Auvergne-Rhône-Alpes","42","Loire",334,9408.52350000002,4367.4557,1221.469,26.3149,5615.2396,15023.7631
2016,"84","Auvergne-Rhône-Alpes","43","Haute-Loire",387,14058.0431,7394.22460000001,1579.721,0.31,8974.25560000002,23032.2987
2016,"84","Auvergne-Rhône-Alpes","63","Puy-de-Dôme",337,10022.3625,5366.15710000001,1696.1599,3.02,7065.33700000001,17087.6995
2016,"84","Auvergne-Rhône-Alpes","69","Rhône",351,5637.7798,3835.9848,754.5411,26.8371,4617.363,10255.1428
2016,"84","Auvergne-Rhône-Alpes","73","Savoie",115,2550.1052,171.9979,182.2924,8.4472,362.7375,2912.8427
2016,"84","Auvergne-Rhône-Alpes","74","Haute-Savoie",131,2773.9644,360.2197,291.8897,12.931,665.0404,3439.0048
2016,"93","Provence-Alpes-Côte d'Azur","04","Alpes-de-Haute-Provence",404,21678.809,3091.327,6489.6705,27.48,9608.47750000001,31287.2864999999
2016,"93","Provence-Alpes-Côte d'Azur","05","Hautes-Alpes",267,11407.741,2885.9043,3097.4155,15.315,5998.6348,17406.3758
2016,"93","Provence-Alpes-Côte d'Azur","06","Alpes-Maritimes",198,2813.4147,307.0752,407.38,26.475,740.9302,3554.34490000001
2016,"93","Provence-Alpes-Côte d'Azur","13","Bouches-du-Rhône",639,25544.5611,1743.5539,3232.7303,229.1423,5205.4265,30749.9876
2016,"93","Provence-Alpes-Côte d'Azur","83","Var",479,11274.7609,1021.1022,483.816,222.5508,1727.469,13002.2299
2016,"93","Provence-Alpes-Côte d'Azur","84","Vaucluse",775,15796.8737,1568.0106,963.983200000001,481.2097,3013.2035,18810.0772000001
2016,"94","Corse","2A","Corse-du-Sud",108,5976.5469,442.98,657.2,15.77,1115.95,7092.4969
2016,"94","Corse","2B","Haute-Corse",201,4307.9242,338.242,864.94,94.72,1297.902,5605.8262
2017,"01","Guadeloupe","971","Guadeloupe",37,169.3,11.37,14.72,0,26.09,195.39
2017,"02","Martinique","972","Martinique",51,318.78,15.3,6.04,22.66,44,362.78
2017,"03","Guyane","973","Guyane",61,2781.06,9.11,238.52,21.5,269.13,3050.19
2017,"04","La Réunion","974","La Réunion",233,852.090999999999,82.3544,95.76,19.14,197.2544,1049.3454
2017,"06","Mayotte","976","Mayotte",5,40.92,0,0,0,0,40.92
2017,"11","Île-de-France","75","Paris",9,48.25,9.3201,14.11,0,23.4301,71.6801
2017,"11","Île-de-France","77","Seine-et-Marne",123,4071.9034,987.6008,1582.36,9.95,2579.9108,6651.8142
2017,"11","Île-de-France","78","Yvelines",63,2925.542,472.1,930.03,0,1402.13,4327.672
2017,"11","Île-de-France","91","Essonne",71,2703.7013,422.21,740.3654,0.14,1162.7154,3866.4167
2017,"11","Île-de-France","92","Hauts-de-Seine",5,38.28,9,18.16,0,27.16,65.44
2017,"11","Île-de-France","93","Seine-Saint-Denis",5,56.17,0,0.65,0,0.65,56.82
2017,"11","Île-de-France","94","Val-de-Marne",10,57.95,34.43,0.03,0,34.46,92.41
2017,"11","Île-de-France","95","Val-d'Oise",18,575.66,3.55,111.71,0,115.26,690.92
2017,"24","Centre-Val de Loire","18","Cher",189,11030.857,1100.02,2572.76,119.94,3792.72,14823.577
2017,"24","Centre-Val de Loire","28","Eure-et-Loir",89,3181.9145,1029.46,339.49,0,1368.95,4550.8645
2017,"24","Centre-Val de Loire","36","Indre",161,9847.50370000001,1586.95,1594.46,167.24,3348.65,13196.1537
2017,"24","Centre-Val de Loire","37","Indre-et-Loire",297,10795.867,1394.7939,902.34,65.58,2362.7139,13158.5809
2017,"24","Centre-Val de Loire","41","Loir-et-Cher",162,6225.629,647.58,541.1,76.67,1265.35,7490.97900000001
2017,"24","Centre-Val de Loire","45","Loiret",124,4358.931,551.79,770.7942,2.21,1324.7942,5683.7252
2017,"27","Bourgogne-Franche-Comté","21","Côte-d'Or",427,16755.3853,3625.9704,5719.9479,322.6978,9668.6161,26424.0014
2017,"27","Bourgogne-Franche-Comté","25","Doubs",186,10127.4639,948.82,945.53,3.05,1897.4,12024.8639
2017,"27","Bourgogne-Franche-Comté","39","Jura",290,14336.2254,3384.8091,2098.764,110.5672,5594.1403,19930.3657
2017,"27","Bourgogne-Franche-Comté","58","Nièvre",178,9917.9671,2282.66,2489.36,162.22,4934.24,14852.2071
2017,"27","Bourgogne-Franche-Comté","70","Haute-Saône",254,17019.215,4368.97,4564.02,212.15,9145.13999999999,26164.355
2017,"27","Bourgogne-Franche-Comté","71","Saône-et-Loire",298,10073.3133,1247.0003,2863.2919,90.421,4200.7132,14274.0265
2017,"27","Bourgogne-Franche-Comté","89","Yonne",315,18947.8249,3076.2908,4369.312,19.22,7464.8228,26412.6477
2017,"27","Bourgogne-Franche-Comté","90","Territoire de Belfort",20,558.42,86.31,507.24,0,593.55,1151.97
2017,"28","Normandie","14","Calvados",387,17239.0824,2684.5821,3988.42,225.96,6898.9621,24138.0445
2017,"28","Normandie","27","Eure",143,3642.767,709.41,1025.49,6.86,1741.76,5384.527
2017,"28","Normandie","50","Manche",470,17423.1943,2626.3716,5130.2285,45.43,7802.03009999999,25225.2244
2017,"28","Normandie","61","Orne",374,21616.6554,2725.2118,1878.7258,198.97,4802.9076,26419.5630000001
2017,"28","Normandie","76","Seine-Maritime",173,4124.2675,1030.75,1573.64,11.12,2615.51,6739.77750000001
2017,"32","Hauts-de-France","02","Aisne",135,3289.0834,999.7525,810.58,2.38,1812.7125,5101.7959
2017,"32","Hauts-de-France","59","Nord",295,6867.64700000001,1181.43,2454.2,1.35,3636.98,10504.627
2017,"32","Hauts-de-France","60","Oise",107,5077.7641,521.941,1954.62,1.97,2478.531,7556.29509999999
2017,"32","Hauts-de-France","62","Pas-de-Calais",162,2916.6406,957.116,489.34,1.41,1447.866,4364.5066
2017,"32","Hauts-de-France","80","Somme",142,2882.588,722.63,930.244999999999,3.92,1656.795,4539.383
2017,"44","Grand Est","08","Ardennes",191,9152.817,1134.46,2138.58,36.57,3309.61,12462.427
2017,"44","Grand Est","10","Aube",127,3603.9564,882.6746,1862.24,64.94,2809.8546,6413.81100000001
2017,"44","Grand Est","51","Marne",225,4605.7475,969.9428,1090.0288,270.1404,2330.112,6935.85950000001
2017,"44","Grand Est","52","Haute-Marne",97,5980.477,835.08,2084.215,55.27,2974.565,8955.04200000001
2017,"44","Grand Est","54","Meurthe-et-Moselle",181,9174.45400000001,921.17,3973.13,505.05,5399.35,14573.804
2017,"44","Grand Est","55","Meuse",133,7087.549,1341.29,1603.33,113.89,3058.51,10146.059
2017,"44","Grand Est","57","Moselle",218,12655.776,2345.85,6239.15,4.86,8589.86,21245.636
2017,"44","Grand Est","67","Bas-Rhin",320,12460.4763,1574.1661,1635.1251,39.2628,3248.554,15709.0303
2017,"44","Grand Est","68","Haut-Rhin",373,7124.45989999999,677.3378,982.890000000001,65.35,1725.5778,8850.03770000001
2017,"44","Grand Est","88","Vosges",262,15085.6435,1965.6364,4202.44,9.07,6177.1464,21262.7899
2017,"52","Pays de la Loire","44","Loire-Atlantique",835,45009.6468,6927.78859999999,9355.6421,92.542,16375.9727,61385.6194999999
2017,"52","Pays de la Loire","49","Maine-et-Loire",776,28894.9759000001,3432.6009,7250.23259999999,68.5981,10751.4316,39646.4075000001
2017,"52","Pays de la Loire","53","Mayenne",369,15051.9728,2483.4573,3186.685,19.2,5689.3423,20741.3150999999
2017,"52","Pays de la Loire","72","Sarthe",296,12198.6508,1503.8462,2765.8704,83.12,4352.8366,16551.4874
2017,"52","Pays de la Loire","85","Vendée",513,21723.7761,4138.5,7007.95000000001,92.44,11238.89,32962.6661
2017,"53","Bretagne","22","Côtes-d'Armor",634,18845.2609,3122.5223,3473.7984,23.51,6619.8307,25465.0915999999
2017,"53","Bretagne","29","Finistère",550,15378.5406,2280.9724,3412.2725,3.97,5697.2149,21075.7555
2017,"53","Bretagne","35","Ille-et-Vilaine",649,23795.4110000001,2635.5553,5343.482,81.1,8060.1373,31855.5483000001
2017,"53","Bretagne","56","Morbihan",572,19929.8479,2285.514,4306.0696,12.18,6603.7636,26533.6115
2017,"75","Nouvelle-Aquitaine","16","Charente",282,9295.63729999999,2321.45,3519.1,28.37,5868.92,15164.5573
2017,"75","Nouvelle-Aquitaine","17","Charente-Maritime",296,7416.24960000002,1716.4806,3456.8027,52.8766,5226.15990000001,12642.4095
2017,"75","Nouvelle-Aquitaine","19","Corrèze",248,7532.8962,1066.1214,1824.83,30.6002,2921.5516,10454.4478
2017,"75","Nouvelle-Aquitaine","23","Creuse",182,10542.7639,1179.0645,2002.39,1.85,3183.3045,13726.0684
2017,"75","Nouvelle-Aquitaine","24","Dordogne",795,19297.8291000001,3431.9998,3781.278,227.33,7440.6078,26738.4369
2017,"75","Nouvelle-Aquitaine","33","Gironde",724,14187.9909,2503.808,1386.6852,509.4084,4399.9016,18587.8925
2017,"75","Nouvelle-Aquitaine","40","Landes",236,5317.09010000001,1243.2,551.8535,12.48,1807.5335,7124.62360000001
2017,"75","Nouvelle-Aquitaine","47","Lot-et-Garonne",691,19005.8378,3455.6505,3963.09499999999,297.3,7716.04550000001,26721.8833
2017,"75","Nouvelle-Aquitaine","64","Pyrénées-Atlantiques",442,8236.68450000002,1578.9567,1489.3464,38.1957,3106.4988,11343.1833
2017,"75","Nouvelle-Aquitaine","79","Deux-Sèvres",390,15471.8864,2905.56,3886.69,30.21,6822.46,22294.3464
2017,"75","Nouvelle-Aquitaine","86","Vienne",335,16343.1677,2186.1708,7307.062,39.95,9533.18280000001,25876.3505
2017,"75","Nouvelle-Aquitaine","87","Haute-Vienne",334,15560.2967,1810.6771,3305.966,155.68,5272.32309999999,20832.6198
2017,"76","Occitanie","09","Ariège",432,21351.5301,1846.606,2978.04,124.56,4949.206,26300.7361
2017,"76","Occitanie","11","Aude",732,28884.4447,3980.2065,7023.928,330.8696,11335.0041,40219.4487999999
2017,"76","Occitanie","12","Aveyron",758,40510.8989,8257.2029,14966.4147,54.22,23277.8376,63788.7365000002
2017,"76","Occitanie","30","Gard",839,20744.6615,2598.95479999999,2047.6492,265.7247,4912.32870000001,25656.9902
2017,"76","Occitanie","31","Haute-Garonne",561,20254.8582,2473.1294,5727.5261,404.636,8605.2915,28860.1497
2017,"76","Occitanie","32","Gers",1133,47759.7380000001,6027.70820000001,12290,1032.43,19350.1382,67109.8761999998
2017,"76","Occitanie","34","Hérault",838,19634.9488,3740.7726,2509.7918,419.627,6670.19140000001,26305.1401999998
2017,"76","Occitanie","46","Lot",338,11109.9354,2524.8134,3404.123,95.19,6024.1264,17134.0618
2017,"76","Occitanie","48","Lozère",317,21870.8071,4880.9976,13683.7483,85.01,18649.7559,40520.5630000001
2017,"76","Occitanie","65","Hautes-Pyrénées",179,4547.8784,456.41,984.62,74.1428,1515.1728,6063.0512
2017,"76","Occitanie","66","Pyrénées-Orientales",628,15470.3805000001,1012.1227,1645.1093,370.2953,3027.5273,18497.9078000001
2017,"76","Occitanie","81","Tarn",495,14188.594,2460.2738,5490.2604,103.18,8053.7142,22242.3082
2017,"76","Occitanie","82","Tarn-et-Garonne",447,11063.5376,2113.19,3125.064,101.466,5339.72000000001,16403.2576
2017,"84","Auvergne-Rhône-Alpes","01","Ain",198,8789.18360000001,2315.4894,1799.5137,39.2895,4154.2926,12943.4762
2017,"84","Auvergne-Rhône-Alpes","03","Allier",326,17787.0976,1337.377,1891.028,42.29,3270.695,21057.7926
2017,"84","Auvergne-Rhône-Alpes","07","Ardèche",769,17556.7305000001,2325.6901,3883.348,170.6839,6379.722,23936.4525
2017,"84","Auvergne-Rhône-Alpes","15","Cantal",284,12399.9522,3119.62,5366.68220000001,0.44,8486.74220000001,20886.6944
2017,"84","Auvergne-Rhône-Alpes","26","Drôme",1146,37999.4629999999,3698.6164,3536.3801,203.7378,7438.7343,45438.1973000001
2017,"84","Auvergne-Rhône-Alpes","38","Isère",507,14539.7856000001,2322.7381,3276.7494,51.9773,5651.4648,20191.2504
2017,"84","Auvergne-Rhône-Alpes","42","Loire",398,10519.3452,3392.3957,4549.0378,31.254,7972.68750000001,18492.0327
2017,"84","Auvergne-Rhône-Alpes","43","Haute-Loire",422,15155.3086,3162.3495,7293.47800000001,9.27,10465.0975,25620.4061000001
2017,"84","Auvergne-Rhône-Alpes","63","Puy-de-Dôme",388,11235.939,2834.2732,6136.18900000001,14.32,8984.78220000002,20220.7212
2017,"84","Auvergne-Rhône-Alpes","69","Rhône",413,6061.00800000001,1943.0983,3976.0647,84.0631,6003.22609999999,12064.2341
2017,"84","Auvergne-Rhône-Alpes","73","Savoie",135,2836.9635,297.6015,200.5543,12.9339,511.0897,3348.05320000001
2017,"84","Auvergne-Rhône-Alpes","74","Haute-Savoie",148,3379.3796,783.095099999999,334.7484,15.04,1132.8835,4512.26310000001
2017,"93","Provence-Alpes-Côte d'Azur","04","Alpes-de-Haute-Provence",424,27389.0793999999,3985.1866,4212.7646,93.88,8291.8312,35680.9105999998
2017,"93","Provence-Alpes-Côte d'Azur","05","Hautes-Alpes",309,14795.5157,5587.2779,3514.0176,26.7343,9128.0298,23923.5455
2017,"93","Provence-Alpes-Côte d'Azur","06","Alpes-Maritimes",214,2986.7464,182.4004,498.725,15.04,696.1654,3682.9118
2017,"93","Provence-Alpes-Côte d'Azur","13","Bouches-du-Rhône",722,30342.8656,3696.9691,1449.0145,334.7317,5480.7153,35823.5809000001
2017,"93","Provence-Alpes-Côte d'Azur","83","Var",561,11688.8209000001,1777.2387,866.6644,298.816,2942.7191,14631.54
2017,"93","Provence-Alpes-Côte d'Azur","84","Vaucluse",836,16834.8554,1673.6201,1512.1062,471.3866,3657.11290000001,20491.9683000001
2017,"94","Corse","2A","Corse-du-Sud",136,7637.8805,1656.95,1096.3,6.39,2759.64,10397.5205
2017,"94","Corse","2B","Haute-Corse",240,5420.6033,3489.33,395.55,80.52,3965.4,9386.00330000001
2018,"01","Guadeloupe","971","Guadeloupe",53,219.133,23.57,25.08,3.23,51.88,271.013
2018,"02","Martinique","972","Martinique",61,346.206,30.33,19.62,0,49.95,396.156
2018,"03","Guyane","973","Guyane",73,2769.21,145.166,23.355,24.57,193.091,2962.301
2018,"04","La Réunion","974","La Réunion",286,1066.6054,68.73,87.3,45.34,201.37,1267.9754
2018,"06","Mayotte","976","Mayotte",3,35.37,0,0,0,0,35.37
2018,"11","Île-de-France","75","Paris",15,116.252,37.399,62.77,0.92,101.089,217.341
2018,"11","Île-de-France","77","Seine-et-Marne",148,5413.0729,3716.9595,1503.342,27.22,5247.52149999999,10660.5944
2018,"11","Île-de-France","78","Yvelines",82,3418.579,942.857,782.83,2.33,1728.017,5146.59600000001
2018,"11","Île-de-France","91","Essonne",96,3472.7167,2005.937,1186.47,38.32,3230.727,6703.4437
2018,"11","Île-de-France","92","Hauts-de-Seine",6,50.03,5.9588,19.81,0.37,26.1388,76.1688
2018,"11","Île-de-France","93","Seine-Saint-Denis",6,58.04,0,0,0,0,58.04
2018,"11","Île-de-France","94","Val-de-Marne",10,55.25,6.83,34.33,0,41.16,96.41
2018,"11","Île-de-France","95","Val-d'Oise",21,654.4,80.62,39.227,0,119.847,774.247
2018,"24","Centre-Val de Loire","18","Cher",214,13518.617,2007.5766,1256.1104,69.28,3332.967,16851.584
2018,"24","Centre-Val de Loire","28","Eure-et-Loir",138,3489.2498,3114.24,1126.321,15.65,4256.211,7745.4608
2018,"24","Centre-Val de Loire","36","Indre",187,11649.91,2581.388,1611.611,87.12,4280.119,15930.029
2018,"24","Centre-Val de Loire","37","Indre-et-Loire",340,11101.8861,3241.4507,1615.401,34.195,4891.0467,15992.9328000001
2018,"24","Centre-Val de Loire","41","Loir-et-Cher",179,6819.72480000001,915.947,556.51,68.72,1541.177,8360.9018
2018,"24","Centre-Val de Loire","45","Loiret",152,5275.49030000001,2101.9766,552.34,6.53,2660.8466,7936.3369
2018,"27","Bourgogne-Franche-Comté","21","Côte-d'Or",492,21401.5516,6678.70000000001,3874.0879,489.1102,11041.8981,32443.4497
2018,"27","Bourgogne-Franche-Comté","25","Doubs",204,10334.7629,970,1153.67,55.29,2178.96,12513.7229
2018,"27","Bourgogne-Franche-Comté","39","Jura",330,16401.0303,1865.4216,3300.2001,60.0104,5225.6321,21626.6624
2018,"27","Bourgogne-Franche-Comté","58","Nièvre",199,11801.5735,2766.29,2853.2716,50.28,5669.8416,17471.4151
2018,"27","Bourgogne-Franche-Comté","70","Haute-Saône",275,20882.804,2004.6,4481.96,221.97,6708.53,27591.334
2018,"27","Bourgogne-Franche-Comté","71","Saône-et-Loire",334,12809.8836,1825.6686,1515.3672,126.2302,3467.266,16277.1496
2018,"27","Bourgogne-Franche-Comté","89","Yonne",397,21955.6341,12516.058,4248.8675,135.049,16899.9745,38855.6086
2018,"27","Bourgogne-Franche-Comté","90","Territoire de Belfort",22,960.71,84.395,98.81,0,183.205,1143.915
2018,"28","Normandie","14","Calvados",428,20350.5344,1781.8801,3128.637,141.56,5052.0771,25402.6114999999
2018,"28","Normandie","27","Eure",173,4072.585,1112.532,1165.97,41.85,2320.352,6392.937
2018,"28","Normandie","50","Manche",520,22079.6687,3403.0145,3158.478,91.24,6652.7325,28732.4012
2018,"28","Normandie","61","Orne",404,23995.6243,1920.799,2654.2188,238.74,4813.7578,28809.3821
2018,"28","Normandie","76","Seine-Maritime",210,5365.4867,1108,1319.207,43.05,2470.257,7835.7437
2018,"32","Hauts-de-France","02","Aisne",148,4083.463,697.886,1141.5725,22.87,1862.3285,5945.7915
2018,"32","Hauts-de-France","59","Nord",322,9075.25800000001,1007.99,1399.13,2.55,2409.67,11484.928
2018,"32","Hauts-de-France","60","Oise",132,6563.19309999999,2075.812,922.03,212.43,3210.272,9773.46509999999
2018,"32","Hauts-de-France","62","Pas-de-Calais",190,3327.5426,853.645,860.160000000001,0,1713.805,5041.34759999999
2018,"32","Hauts-de-France","80","Somme",164,3673.12900000001,621.8007,975.437,32.165,1629.4027,5302.53170000002
2018,"44","Grand Est","08","Ardennes",206,10965.114,1742.586,1319.53,0.45,3062.566,14027.68
2018,"44","Grand Est","10","Aube",154,5111.3364,2181.69,1068.4986,50.84,3301.0286,8412.365
2018,"44","Grand Est","51","Marne",277,5344.25100000001,2093.4506,1094.5519,71.25,3259.2525,8603.5035
2018,"44","Grand Est","52","Haute-Marne",133,7756.48700000001,7184.202,1304.12,0.6,8488.922,16245.409
2018,"44","Grand Est","54","Meurthe-et-Moselle",205,12916.5063,3005.9458,1251.83,274.5,4532.2758,17448.7821
2018,"44","Grand Est","55","Meuse",143,8488.35680000001,699.74,1674.28,41.14,2415.16,10903.5168
2018,"44","Grand Est","57","Moselle",232,16953.997,1522.1,3869.318,256.87,5648.288,22602.285
2018,"44","Grand Est","67","Bas-Rhin",372,13943.9289,1441.1346,1665.8113,134.8879,3241.8338,17185.7627
2018,"44","Grand Est","68","Haut-Rhin",414,7959.1032,766.9501,1011.4944,99.259,1877.70349999999,9836.80670000001
2018,"44","Grand Est","88","Vosges",281,18030.8354,1230.4506,2697.91,105.2,4033.5606,22064.396
2018,"52","Pays de la Loire","44","Loire-Atlantique",921,52435.6529000002,6810.06640000001,8337.677,209.338,15357.0814,67792.7343000002
2018,"52","Pays de la Loire","49","Maine-et-Loire",876,34564.738,4855.009,4537.1485,382.642,9774.79950000001,44339.5375
2018,"52","Pays de la Loire","53","Mayenne",421,18027.2487,3073.2966,2896.995,53.42,6023.71160000002,24050.9603
2018,"52","Pays de la Loire","72","Sarthe",338,14640.3838,2376.9056,2251.403,46.19,4674.4986,19314.8824
2018,"52","Pays de la Loire","85","Vendée",598,26810.4706999999,6696.048,6128.12700000001,216.25,13040.425,39850.8956999998
2018,"53","Bretagne","22","Côtes-d'Armor",738,22848.8046,4663.3521,3473.0814,316.72,8453.15350000001,31301.9581
2018,"53","Bretagne","29","Finistère",755,22024.5233999999,3726.1164,2830.2995,51.22,6607.6359,28632.1592999999
2018,"53","Bretagne","35","Ille-et-Vilaine",723,28907.058866,3085.6744,3528.407,140.98,6755.0614,35662.120266
2018,"53","Bretagne","56","Morbihan",644,24419.4403,2335.0377,3341.7871,77.94,5754.7648,30174.2051
2018,"75","Nouvelle-Aquitaine","16","Charente",317,13187.8513,2604.476,2465.11,65.5,5135.086,18322.9373
2018,"75","Nouvelle-Aquitaine","17","Charente-Maritime",324,10003.5953,1878.7595,2647.4214,185.0472,4711.2281,14714.8234
2018,"75","Nouvelle-Aquitaine","19","Corrèze",292,8968.48069999999,647.6975,1246.9927,53.774,1948.4642,10916.9449
2018,"75","Nouvelle-Aquitaine","23","Creuse",207,12183.9882,1549.47,1588.566,4.17,3142.206,15326.1942
2018,"75","Nouvelle-Aquitaine","24","Dordogne",897,20926.0811,5175.3671,3967.9923,328.61,9471.9694,30398.0504999999
2018,"75","Nouvelle-Aquitaine","33","Gironde",835,15363.3899,3333.8074,2447.0542,700.829899999999,6481.69150000001,21845.0814
2018,"75","Nouvelle-Aquitaine","40","Landes",339,6304.752,2231.037,1600.177,11.7437,3842.9577,10147.7097
2018,"75","Nouvelle-Aquitaine","47","Lot-et-Garonne",788,20923.9648,3712.5217,3414.876,388.624,7516.02170000001,28439.9865
2018,"75","Nouvelle-Aquitaine","64","Pyrénées-Atlantiques",542,8994.8401,2495.6142,1831.5539,58.2418,4385.4099,13380.25
2018,"75","Nouvelle-Aquitaine","79","Deux-Sèvres",449,18869.6142999999,5488.681,3790.178,49.15,9328.00900000001,28197.6232999999
2018,"75","Nouvelle-Aquitaine","86","Vienne",405,23295.3591000001,6239.5906,3632.8705,110.04,9982.5011,33277.8602
2018,"75","Nouvelle-Aquitaine","87","Haute-Vienne",377,18980.4195,2491.496,2158.53,129.63,4779.656,23760.0755
2018,"76","Occitanie","09","Ariège",473,24225.933,1776.3361,2654.87,24.39,4455.5961,28681.5291
2018,"76","Occitanie","11","Aude",860,34643.7219999999,6727.75640000001,4113.9792,748.9951,11590.7307,46234.4526999999
2018,"76","Occitanie","12","Aveyron",822,53297.3943999999,4812.2268,9568.7751,306.88,14687.8819,67985.2762999997
2018,"76","Occitanie","30","Gard",978,23276.735,2787.3821,2328.7531,840.819500000001,5956.95469999998,29233.6897
2018,"76","Occitanie","31","Haute-Garonne",653,24851.78,5055.4275,3311.9144,60.02,8427.3619,33279.1418999999
2018,"76","Occitanie","32","Gers",1313,56167.9629000001,14425.103,6806.11040000002,674.24,21905.4534,78073.4162999999
2018,"76","Occitanie","34","Hérault",973,22338.4476,3949.28980000001,3355.5788,417.3685,7722.23709999999,30060.6846999999
2018,"76","Occitanie","46","Lot",387,14237.3378000001,1674.9332,2479.3783,144.209,4298.52050000001,18535.8583000001
2018,"76","Occitanie","48","Lozère",339,34910.9393,2423.853,5942.851,272.6883,8639.39230000001,43550.3316
2018,"76","Occitanie","65","Hautes-Pyrénées",249,5164.26810000001,2499.1201,591.675,141.1628,3231.9579,8396.22600000001
2018,"76","Occitanie","66","Pyrénées-Orientales",719,16122.0969000001,2635.0668,875.499,321.1631,3831.7289,19953.8258
2018,"76","Occitanie","81","Tarn",567,17742.0106,3863.8805,3372.0547,293.8164,7529.7516,25271.7622
2018,"76","Occitanie","82","Tarn-et-Garonne",549,13976.0157,2575.8489,2222.2761,108.224,4906.349,18882.3647
2018,"84","Auvergne-Rhône-Alpes","01","Ain",236,10505.5268,2337.7166,2613.2596,63.5278,5014.504,15520.0308
2018,"84","Auvergne-Rhône-Alpes","03","Allier",333,19002.0839,764.9071,1456.056,45.48,2266.4431,21268.527
2018,"84","Auvergne-Rhône-Alpes","07","Ardèche",834,21575.0529,1363.2091,2595.8701,256.3239,4215.40310000001,25790.456
2018,"84","Auvergne-Rhône-Alpes","15","Cantal",297,16487.1044,1564.437,3987.091,21.47,5572.99799999999,22060.1024
2018,"84","Auvergne-Rhône-Alpes","26","Drôme",1220,41107.3833,2684.9741,3938.417,317.6749,6941.066,48048.4493
2018,"84","Auvergne-Rhône-Alpes","38","Isère",559,17851.6581,2949.1733,2371.1306,314.2872,5634.59110000001,23486.2492
2018,"84","Auvergne-Rhône-Alpes","42","Loire",437,13885.3753,2720.356,4413.6529,74.2649,7208.27380000001,21093.6491
2018,"84","Auvergne-Rhône-Alpes","43","Haute-Loire",438,20657.9176,1598.864,4786.6125,96.68,6482.15650000001,27140.0741
2018,"84","Auvergne-Rhône-Alpes","63","Puy-de-Dôme",431,16456.3799000001,2797.775,3469.691,27.57,6295.036,22751.4159
2018,"84","Auvergne-Rhône-Alpes","69","Rhône",479,9598.75420000001,1573.6759,2235.6077,126.1078,3935.3914,13534.1456
2018,"84","Auvergne-Rhône-Alpes","73","Savoie",152,3109.25540000001,225.9388,367.5579,19.8707,613.367399999999,3722.62280000002
2018,"84","Auvergne-Rhône-Alpes","74","Haute-Savoie",165,3726.2542,458.6896,827.005,9.9021,1295.5967,5021.8509
2018,"93","Provence-Alpes-Côte d'Azur","04","Alpes-de-Haute-Provence",459,31810.481,3494.0347,3216.189,80.91,6791.13370000001,38601.6146999999
2018,"93","Provence-Alpes-Côte d'Azur","05","Hautes-Alpes",338,17281.403,2124.6817,5936.38760000001,95.8126,8156.8819,25438.2849
2018,"93","Provence-Alpes-Côte d'Azur","06","Alpes-Maritimes",227,4556.802,545.8984,272.2579,23.821,841.9773,5398.7793
2018,"93","Provence-Alpes-Côte d'Azur","13","Bouches-du-Rhône",840,32511.2478000001,3062.0522,3342.1033,393.0513,6797.2068,39308.4546
2018,"93","Provence-Alpes-Côte d'Azur","83","Var",665,12153.4061,2867.903,1189.8877,828.5507,4886.3414,17039.7475
2018,"93","Provence-Alpes-Côte d'Azur","84","Vaucluse",898,17140.0816999902,2960.08490002146,1927.45240004291,1002.00449992728,5889.54179999166,23029.6234999818
2018,"94","Corse","2A","Corse-du-Sud",154,8750.7369,1412.9802,1917.7944,25.95,3356.7246,12107.4615
2018,"94","Corse","2B","Haute-Corse",276,6595.45240000001,1158.0917,5605.371,257.38,7020.8427,13616.2951
2018,NA,"INCONNUE","999","INCONNU",2,0.63,28.07,0,0,28.07,28.7
2019,"01","Guadeloupe","971","Guadeloupe",89,307.14,112.14,45.03,17.75,174.92,482.059999999999
2019,"02","Martinique","972","Martinique",75,413.34,96.74,26.18,9.99,132.91,546.25
2019,"03","Guyane","973","Guyane",76,3393.32,56.98,167.54,0.4,224.92,3618.24
2019,"04","La Réunion","974","La Réunion",327,1243.07,108.92,94.68,25.25,228.85,1471.92
2019,"06","Mayotte","976","Mayotte",10,37.56,3.44,0,0,3.44,41
2019,"11","Île-de-France","75","Paris",21,199.47,55.43,37.49,8.14,101.06,300.53
2019,"11","Île-de-France","77","Seine-et-Marne",189,6732.6838,3264.38,3974.368,49.53,7288.278,14020.9618
2019,"11","Île-de-France","78","Yvelines",105,3729.7,1504.829,1221.18,179.16,2905.169,6634.869
2019,"11","Île-de-France","91","Essonne",119,4187.1467,1849.11,2466.92,233.31,4549.34,8736.4867
2019,"11","Île-de-France","92","Hauts-de-Seine",7,62.69,43.3558,1.66,9,54.0158,116.7058
2019,"11","Île-de-France","93","Seine-Saint-Denis",7,56.84,13.05,0,0,13.05,69.89
2019,"11","Île-de-France","94","Val-de-Marne",12,75.27,0,23.6,0,23.6,98.87
2019,"11","Île-de-France","95","Val-d'Oise",20,682.04,82.93,79.88,2.78,165.59,847.63
2019,"24","Centre-Val de Loire","18","Cher",248,14419.316,2970.1345,1779.8716,130.9154,4880.9215,19300.2375
2019,"24","Centre-Val de Loire","28","Eure-et-Loir",164,4056.3609,2045.49,3671.12,156.8,5873.41,9929.77089999999
2019,"24","Centre-Val de Loire","36","Indre",214,12786.325,2447.72,3348.47,1.34,5797.53,18583.8550000001
2019,"24","Centre-Val de Loire","37","Indre-et-Loire",377,12305.6837,884.0608,4054.7265,117.41,5056.1973,17361.881
2019,"24","Centre-Val de Loire","41","Loir-et-Cher",214,7387.8338,1670.6103,959.629,31.89,2662.1293,10049.9631
2019,"24","Centre-Val de Loire","45","Loiret",185,5863.5433,1698.4292,2203.31,52,3953.7392,9817.2825
2019,"27","Bourgogne-Franche-Comté","21","Côte-d'Or",575,25447.802,8761.104,6990.3934,243.6426,15995.14,41442.9419999999
2019,"27","Bourgogne-Franche-Comté","25","Doubs",217,11196.035,772.09,1172.06,61.07,2005.22,13201.255
2019,"27","Bourgogne-Franche-Comté","39","Jura",355,19518.457,1042.6873,2228.0925,120.64,3391.4198,22909.8768
2019,"27","Bourgogne-Franche-Comté","58","Nièvre",233,14226.8625,3637.487,2990.2806,35.711,6663.4786,20890.3411
2019,"27","Bourgogne-Franche-Comté","70","Haute-Saône",298,24841.8819999999,3128.77,2128.66,284.13,5541.56000000001,30383.4419999999
2019,"27","Bourgogne-Franche-Comté","71","Saône-et-Loire",402,14203.8387,2480.5201,1663.5424,83.4312,4227.4937,18431.3324
2019,"27","Bourgogne-Franche-Comté","89","Yonne",472,25057.932,8266.50919999999,12991.5728,360.891,21618.973,46676.905
2019,"27","Bourgogne-Franche-Comté","90","Territoire de Belfort",25,1133.76,89.38,92.15,0,181.53,1315.29
2019,"28","Normandie","14","Calvados",491,23280.5864,3440.364,2533,267.89,6241.254,29521.8404
2019,"28","Normandie","27","Eure",201,4829.16050000001,1811.9825,1278.45,207.9,3298.3325,8127.49300000001
2019,"28","Normandie","50","Manche",571,24979.2897,3227.506,3489.0448,132.42,6848.97080000001,31828.2605
2019,"28","Normandie","61","Orne",445,26404.5101,2578.7393,2197.11,248.47,5024.31930000001,31428.8294
2019,"28","Normandie","76","Seine-Maritime",243,6287.25480000001,1138.42,1483.39,27.34,2649.15,8936.4048
2019,"32","Hauts-de-France","02","Aisne",192,4972.44000000001,1552.0082,886.25,75.8625,2514.1207,7486.56070000001
2019,"32","Hauts-de-France","59","Nord",363,10329.1712,1053.78,1132.38,159.79,2345.95,12675.1212
2019,"32","Hauts-de-France","60","Oise",166,7394.5178,2922.312,2028.451,3.68,4954.443,12348.9608
2019,"32","Hauts-de-France","62","Pas-de-Calais",233,3949.2686,1116.31,936.83,25.48,2078.62,6027.88860000001
2019,"32","Hauts-de-France","80","Somme",193,4618.37339999999,1160.68,626.3,17.27,1804.25,6422.6234
2019,"44","Grand Est","08","Ardennes",226,12150.71,1922.309,1823.9,22.89,3769.099,15919.809
2019,"44","Grand Est","10","Aube",191,5856.29640000001,2411.331,2467.59,122.9546,5001.87560000001,10858.172
2019,"44","Grand Est","51","Marne",346,6291.06180000001,2109.4879,2251.8181,175.1752,4536.4812,10827.543
2019,"44","Grand Est","52","Haute-Marne",155,8680.933,3345.069,7361.14,190.16,10896.369,19577.302
2019,"44","Grand Est","54","Meurthe-et-Moselle",250,14238.5766,5491.73,3095.3918,217.59,8804.7118,23043.2884
2019,"44","Grand Est","55","Meuse",180,9856.63280000001,4608.6865,848.47,208.35,5665.5065,15522.1393
2019,"44","Grand Est","57","Moselle",262,19388.1,2564.9975,2216.704,131.66,4913.3615,24301.4615
2019,"44","Grand Est","67","Bas-Rhin",452,15533.0311,1898.027,1861.64,88.335,3848.002,19381.0331
2019,"44","Grand Est","68","Haut-Rhin",473,9033.94830000001,1053.0841,1038.6228,109.2317,2200.9386,11234.8869
2019,"44","Grand Est","88","Vosges",312,20896.6262,1616.61,1428.21,47.39,3092.21,23988.8362
2019,"52","Pays de la Loire","44","Loire-Atlantique",1045,59074.3583999998,7842.74059999999,8775.5211,203.6766,16821.9383,75896.2966999998
2019,"52","Pays de la Loire","49","Maine-et-Loire",978,38731.3106000001,5336.4057,5529.47140000001,445.6485,11311.5256,50042.8362000002
2019,"52","Pays de la Loire","53","Mayenne",481,20901.4413999999,3645.8427,3815.89459999999,78.6641,7540.4014,28441.8427999999
2019,"52","Pays de la Loire","72","Sarthe",368,16194.4986,1091.5501,2751.3691,130.44,3973.3592,20167.8578
2019,"52","Pays de la Loire","85","Vendée",669,32505.1907,5249.36999999999,8527.09400000001,202.71,13979.174,46484.3647000001
2019,"53","Bretagne","22","Côtes-d'Armor",813,26689.8519999999,3065.7858,5674.1615,204.805,8944.75229999999,35634.6043
2019,"53","Bretagne","29","Finistère",838,24575.4144000001,2865.1483,4123.3149,43.45,7031.9132,31607.3276
2019,"53","Bretagne","35","Ille-et-Vilaine",783,32117.0593659999,2824.3906,3882.09899999999,261.18,6967.6696,39084.728966
2019,"53","Bretagne","56","Morbihan",717,28002.7066999999,2975.1627,3317.7308,68.93,6361.82349999999,34364.5302
2019,"75","Nouvelle-Aquitaine","16","Charente",353,15246.6403,2606.2,3218.496,112.32,5937.016,21183.6563
2019,"75","Nouvelle-Aquitaine","17","Charente-Maritime",385,12565.8726,1979.4852,2304.9125,251.3471,4535.7448,17101.6174
2019,"75","Nouvelle-Aquitaine","19","Corrèze",332,10131.1525,1500.042,777.064,181.7,2458.806,12589.9585
2019,"75","Nouvelle-Aquitaine","23","Creuse",231,13949.4951,857.93,1791.17,4.55,2653.65,16603.1451
2019,"75","Nouvelle-Aquitaine","24","Dordogne",1032,24152.5436999999,4981.5199,5469.1478,668.2947,11118.9624,35271.5060999999
2019,"75","Nouvelle-Aquitaine","33","Gironde",1047,17647.2677,4956.8002,3587.1913,900.1376,9444.12910000001,27091.3968
2019,"75","Nouvelle-Aquitaine","40","Landes",392,7555.8276,1675.8639,2904.85,63.6845,4644.3984,12200.226
2019,"75","Nouvelle-Aquitaine","47","Lot-et-Garonne",899,25294.9381999999,3705.2591,4501.2128,430.364,8636.83590000001,33931.7740999999
2019,"75","Nouvelle-Aquitaine","64","Pyrénées-Atlantiques",599,10805.292,1555.4009,2232.2759,133.3752,3921.052,14726.344
2019,"75","Nouvelle-Aquitaine","79","Deux-Sèvres",545,21088.1237,6815.86819999998,6944.56000000001,75.06,13835.4882,34923.6118999998
2019,"75","Nouvelle-Aquitaine","86","Vienne",457,26610.1679,3890.8464,7149.51770000001,123.1914,11163.5555,37773.7234
2019,"75","Nouvelle-Aquitaine","87","Haute-Vienne",410,20695.6472,2872.453,2178.96,111.23,5162.643,25858.2902
2019,"76","Occitanie","09","Ariège",525,25176.7666,3405.91,2441.8341,41.58,5889.3241,31066.0906999999
2019,"76","Occitanie","11","Aude",1022,37296.7823999999,7086.5567,6977.1178,1110.9711,15174.6456,52471.4279999998
2019,"76","Occitanie","12","Aveyron",884,60685.5549000001,3355.0518,5424.3023,138.9212,8918.2753,69603.8302000002
2019,"76","Occitanie","30","Gard",1131,25669.9043,4153.2108,2508.9889,1162.7414,7824.94110000001,33494.8454
2019,"76","Occitanie","31","Haute-Garonne",775,28123.5773000001,6510.8994,5691.35600000001,107.74,12309.9954,40433.5727
2019,"76","Occitanie","32","Gers",1546,62084.4984000002,12662.8522,14832.2929,1197.69,28692.8351,90777.3335000003
2019,"76","Occitanie","34","Hérault",1147,23711.2007,4431.2987,3519.6627,1528.0581,9479.01950000002,33190.2201999999
2019,"76","Occitanie","46","Lot",480,18076.4151,2405.3481,1741.133,111.9063,4258.38740000001,22334.8025000001
2019,"76","Occitanie","48","Lozère",350,39161.7984,2508.26,2709.5,97.512,5315.272,44477.0704
2019,"76","Occitanie","65","Hautes-Pyrénées",293,5560.4974,1129.325,2303.5591,36.99,3469.8741,9030.37150000001
2019,"76","Occitanie","66","Pyrénées-Orientales",829,19727.6743,2297.3449,2302.8667,476.1196,5076.33120000001,24804.0055
2019,"76","Occitanie","81","Tarn",631,20682.5775,2654.0703,4161.7619,161.5497,6977.3819,27659.9594
2019,"76","Occitanie","82","Tarn-et-Garonne",610,15197.7689,2184.7943,2894.6938,302.505,5381.99310000001,20579.762
2019,"84","Auvergne-Rhône-Alpes","01","Ain",278,12646.3646,2192.2117,2923.8543,43.3146,5159.38060000001,17805.7452
2019,"84","Auvergne-Rhône-Alpes","03","Allier",347,20086.7594,1593.7019,848.09,60.8,2502.5919,22589.3513
2019,"84","Auvergne-Rhône-Alpes","07","Ardèche",909,24162.9104000001,1781.696,1186.1219,136.211,3104.0289,27266.9393000001
2019,"84","Auvergne-Rhône-Alpes","15","Cantal",331,20613.9584,2148.5985,1762.45,19.72,3930.7685,24544.7269
2019,"84","Auvergne-Rhône-Alpes","26","Drôme",1363,44651.2064999999,4912.2488,2819.836,449.6265,8181.7113,52832.9177999999
2019,"84","Auvergne-Rhône-Alpes","38","Isère",639,19871.1917,2570.1588,3118.9905,123.9259,5813.07520000001,25684.2669
2019,"84","Auvergne-Rhône-Alpes","42","Loire",478,18504.1071,1292.5661,2820.0768,91.7996,4204.4425,22708.5495999999
2019,"84","Auvergne-Rhône-Alpes","43","Haute-Loire",472,24953.7278,1884.468,2266.66,47.89,4199.018,29152.7458
2019,"84","Auvergne-Rhône-Alpes","63","Puy-de-Dôme",466,19079.5359,1632.1047,2944.4201,55.79,4632.31480000001,23711.8507
2019,"84","Auvergne-Rhône-Alpes","69","Rhône",571,11441.1101,2118.5863,1507.3511,170.8697,3796.8071,15237.9172
2019,"84","Auvergne-Rhône-Alpes","73","Savoie",182,3591.00040000001,506.5008,265.5902,27.0707,799.161699999999,4390.16210000003
2019,"84","Auvergne-Rhône-Alpes","74","Haute-Savoie",190,4859.63470000001,502.035,676.5476,6.1936,1184.7762,6044.41090000001
2019,"93","Provence-Alpes-Côte d'Azur","04","Alpes-de-Haute-Provence",486,33811.2277999999,4969.5683,2881.5032,92.85,7943.9215,41755.1493
2019,"93","Provence-Alpes-Côte d'Azur","05","Hautes-Alpes",364,22386.7607,1970.9616,2898.5253,159.994,5029.4809,27416.2416
2019,"93","Provence-Alpes-Côte d'Azur","06","Alpes-Maritimes",265,4422.64970000001,854.8293,548.7714,54.5677,1458.1684,5880.81810000001
2019,"93","Provence-Alpes-Côte d'Azur","13","Bouches-du-Rhône",945,37704.3939000001,5432.8301,3039.0091,582.5228,9054.36199999999,46758.7559000001
2019,"93","Provence-Alpes-Côte d'Azur","83","Var",754,13149.2748,2325.3357,3087.6299,1065.2776,6478.24319999999,19627.5180000001
2019,"93","Provence-Alpes-Côte d'Azur","84","Vaucluse",995,18887.5641999901,2658.61840002145,3152.90380004292,942.581999927283,6754.10419999166,25641.6683999817
2019,"94","Corse","2A","Corse-du-Sud",181,10260.4437,1957.9794,2288.02,29.5544,4275.5538,14535.9975
2019,"94","Corse","2B","Haute-Corse",325,10396.9377,1259.285,1348.625,239.75,2847.66,13244.5977
2020,"01","Guadeloupe","971","Guadeloupe",170,456.773,255.13,113.443,21.22,389.793,846.566
2020,"02","Martinique","972","Martinique",102,494.289,88.208,62.46,16.62,167.288,661.577
2020,"03","Guyane","973","Guyane",84,3429.835,27.322,37.733,39.19,104.245,3534.08
2020,"04","La Réunion","974","La Réunion",382,1423.2756,178.9186,164.54,31.02,374.4786,1797.7542
2020,"06","Mayotte","976","Mayotte",11,86.62,0,0.5,0,0.5,87.12
2020,"11","Île-de-France","75","Paris",9,52.989,33.04,1.64,0,34.68,87.669
2020,"11","Île-de-France","77","Seine-et-Marne",225,9911.63740000001,3044.819,3570.193,13.91,6628.92200000001,16540.5594
2020,"11","Île-de-France","78","Yvelines",126,4851.95,1460.23,1757.364,71.19,3288.784,8140.734
2020,"11","Île-de-France","91","Essonne",121,6198.0137,1556.53,1905.78,79.73,3542.04,9740.0537
2020,"11","Île-de-France","92","Hauts-de-Seine",6,48.32,43.275,0.1,0.03,43.405,91.725
2020,"11","Île-de-France","93","Seine-Saint-Denis",9,74.99,0,3.423,10.1,13.523,88.513
2020,"11","Île-de-France","94","Val-de-Marne",11,54.3,0.19,0,0,0.19,54.49
2020,"11","Île-de-France","95","Val-d'Oise",25,831.714,2.926,87.25,1.14,91.316,923.03
2020,"24","Centre-Val de Loire","18","Cher",313,15837.6308,3710.226,3072.969,90.6882,6873.88320000001,22711.514
2020,"24","Centre-Val de Loire","28","Eure-et-Loir",176,6732.36990000001,1906.026,2258.347,456.04,4620.41299999999,11352.7829
2020,"24","Centre-Val de Loire","36","Indre",236,15042.5333,2766.145,2597.481,2.85,5366.476,20409.0093
2020,"24","Centre-Val de Loire","37","Indre-et-Loire",441,15516.6243,2143.1768,1624.1454,181.9068,3949.229,19465.8533
2020,"24","Centre-Val de Loire","41","Loir-et-Cher",244,7868.11,1458.0463,1723.233,116.235,3297.5143,11165.6243
2020,"24","Centre-Val de Loire","45","Loiret",204,7394.2673,2695.3106,1148.77,367.372,4211.4526,11605.7199
2020,"27","Bourgogne-Franche-Comté","21","Côte-d'Or",686,31827.519,6606.4499,8884.98489999999,557.7968,16049.2316,47876.7506
2020,"27","Bourgogne-Franche-Comté","25","Doubs",230,11964.0195,1618.34,826.987,8.06,2453.387,14417.4065
2020,"27","Bourgogne-Franche-Comté","39","Jura",376,21641.7668,1289.6994,1243.5134,105.484,2638.6968,24280.4636
2020,"27","Bourgogne-Franche-Comté","58","Nièvre",258,16702.7406,2924.623,3991.554,12.41,6928.587,23631.3276
2020,"27","Bourgogne-Franche-Comté","70","Haute-Saône",309,26906.5728,2527.1466,3373.07,208.08,6108.2966,33014.8694
2020,"27","Bourgogne-Franche-Comté","71","Saône-et-Loire",464,15707.5928,2517.5202,1867.40629999999,144.5162,4529.44270000001,20237.0355000001
2020,"27","Bourgogne-Franche-Comté","89","Yonne",530,34867.124,7476.9791,10520.3606,1246.4562,19243.7959,54110.9198999999
2020,"27","Bourgogne-Franche-Comté","90","Territoire de Belfort",26,1239.624,157.52,85.163,0,242.683,1482.307
2020,"28","Normandie","14","Calvados",519,25410.2619,2953.9201,4039.424,216.98,7210.3241,32620.586
2020,"28","Normandie","27","Eure",233,6632.505,2325.779,1626.32,146.07,4098.169,10730.674
2020,"28","Normandie","50","Manche",608,27890.1788,3393.2132,3251.211,152.54,6796.9642,34687.143
2020,"28","Normandie","61","Orne",463,28165.7386,2726.2,2430.182,93.656,5250.03800000001,33415.7765999999
2020,"28","Normandie","76","Seine-Maritime",273,7505.822,1444.969,1538.043,11.818,2994.83,10500.652
2020,"32","Hauts-de-France","02","Aisne",223,5744.09950000001,1979.333,1344.3922,78.311,3402.0362,9146.13570000001
2020,"32","Hauts-de-France","59","Nord",400,11968.9252,1163.2533,1002.1,3.36,2168.7133,14137.6385
2020,"32","Hauts-de-France","60","Oise",185,8910.6098,1217.0264,3160.07,75.09,4452.1864,13362.7962
2020,"32","Hauts-de-France","62","Pas-de-Calais",252,5044.23960000001,1610.681,1029.818,4.32,2644.819,7689.05860000002
2020,"32","Hauts-de-France","80","Somme",207,5206.05020000001,1376.54,1159.115,28.19,2563.845,7769.89520000001
2020,"44","Grand Est","08","Ardennes",243,13854.106,2537.834,2152.416,84.375,4774.625,18628.731
2020,"44","Grand Est","10","Aube",250,8745.23539999999,3407.705,2702.628,186.567,6296.9,15042.1354
2020,"44","Grand Est","51","Marne",509,8326.0299,3269.3495,2060.2766,407.0628,5736.68889999999,14062.7188
2020,"44","Grand Est","52","Haute-Marne",194,15480.886,4498.7276,5095.494,176.14,9770.36159999999,25251.2476
2020,"44","Grand Est","54","Meurthe-et-Moselle",301,17190.5586,5050.86100000001,5480.8258,480.016,11011.7028,28202.2614
2020,"44","Grand Est","55","Meuse",209,10698.3818,2862.8205,4364.67,11.2,7238.6905,17937.0723
2020,"44","Grand Est","57","Moselle",294,21977.287,5303.1682,2448.887,19.771,7771.82620000001,29749.1132
2020,"44","Grand Est","67","Bas-Rhin",550,16559.6553,2761.4802,2019.7977,241.075,5022.3529,21582.0082
2020,"44","Grand Est","68","Haut-Rhin",557,9924.5674,1687.4131,964.5381,153.2426,2805.1938,12729.7612
2020,"44","Grand Est","88","Vosges",329,22444.952,2241.949,1742.628,11.02,3995.597,26440.5490000001
2020,"52","Pays de la Loire","44","Loire-Atlantique",1112,65483.7958999999,6532.2184,8760.46490000005,199.3211,15492.0044,80975.8003000001
2020,"52","Pays de la Loire","49","Maine-et-Loire",1059,42377.3763999999,5369.76079999999,5821.3727,574.1378,11765.2713,54142.6476999999
2020,"52","Pays de la Loire","53","Mayenne",508,23625.9139,2716.8912,4546.5046,70.18,7333.5758,30959.4897
2020,"52","Pays de la Loire","72","Sarthe",395,18332.9142,1512.4174,1948.8425,29.025,3490.2849,21823.1991
2020,"52","Pays de la Loire","85","Vendée",721,38777.4437,5018.209,7055.819,164.543,12238.571,51016.0146999999
2020,"53","Bretagne","22","Côtes-d'Armor",865,30435.1157,2996.9783,4649.2225,347.7868,7993.9876,38429.1032999999
2020,"53","Bretagne","29","Finistère",916,28077.751,2711.9176,3671.5849,72.3,6455.8025,34533.5534999999
2020,"53","Bretagne","35","Ille-et-Vilaine",846,34234.729566,4941.79,3722.5754,138.59,8802.95540000001,43037.6849659999
2020,"53","Bretagne","56","Morbihan",757,29758.4311999999,1999.2427,3849.0178,48.91,5897.1705,35655.6017
2020,"75","Nouvelle-Aquitaine","16","Charente",386,17782.598936,3239.822,2784.9268,34.79,6059.5388,23842.137736
2020,"75","Nouvelle-Aquitaine","17","Charente-Maritime",433,15038.2633,1940.6173,1902.1809,147.5478,3990.346,19028.6093
2020,"75","Nouvelle-Aquitaine","19","Corrèze",367,10888.5648,1091.9653,1697.7692,103.27,2893.0045,13781.5693
2020,"75","Nouvelle-Aquitaine","23","Creuse",241,14773.6869,1875.3573,952.453,11.75,2839.5603,17613.2472
2020,"75","Nouvelle-Aquitaine","24","Dordogne",1148,29115.9147,4001.9958,4957.8527,608.2608,9568.10930000001,38684.024
2020,"75","Nouvelle-Aquitaine","33","Gironde",1321,20057.8565,8810.68899999999,5209.0604,945.8871,14965.6365,35023.493
2020,"75","Nouvelle-Aquitaine","40","Landes",401,11622.6733,1242.8764,1735.96,91.92,3070.7564,14693.4297
2020,"75","Nouvelle-Aquitaine","47","Lot-et-Garonne",959,29538.5336,4236.3547,4285.883,530.32,9052.55770000001,38591.0912999998
2020,"75","Nouvelle-Aquitaine","64","Pyrénées-Atlantiques",673,13294.8485,1745.0716,1472.514,74.0625,3291.6481,16586.4966
2020,"75","Nouvelle-Aquitaine","79","Deux-Sèvres",592,27196.5101,3462.0966,9298.84100000001,31.35,12792.2876,39988.7977
2020,"75","Nouvelle-Aquitaine","86","Vienne",506,32036.3239,3220.6269,5323.7513,192.617,8736.9952,40773.3191
2020,"75","Nouvelle-Aquitaine","87","Haute-Vienne",448,21841.8406,2793.31,2916.836,135.51,5845.656,27687.4966
2020,"76","Occitanie","09","Ariège",594,27923.7317,3807.83,3199.1,6.502,7013.432,34937.1636999999
2020,"76","Occitanie","11","Aude",1163,43149.8836,5582.6034,7024.88600000001,843.482499999999,13450.9719,56600.8555
2020,"76","Occitanie","12","Aveyron",934,65588.6629999998,3788.5969,3602.3959,99.352,7490.3448,73079.0077999999
2020,"76","Occitanie","30","Gard",1333,27553.5845,5640.9985,4497.0896,1145.2778,11283.3659,38836.9503999998
2020,"76","Occitanie","31","Haute-Garonne",875,32827.9331,6308.82020000001,7162.4704,155.19,13626.4806,46454.4136999998
2020,"76","Occitanie","32","Gers",1705,75125.6763000004,13710.2293,12870.321,1082.81,27663.3603,102789.036599999
2020,"76","Occitanie","34","Hérault",1276,26283.6105,4312.27609999999,4399.3596,1950.3956,10662.0313,36945.6417999999
2020,"76","Occitanie","46","Lot",558,19214.3543,3053.366,2779.2127,217.2458,6049.82449999998,25264.1788000001
2020,"76","Occitanie","48","Lozère",379,41554.7377,2746.4109,2729.718,62.04,5538.1689,47092.9066
2020,"76","Occitanie","65","Hautes-Pyrénées",313,7638.88280000002,598.1226,1117.8075,83.0751,1799.0052,9437.88800000001
2020,"76","Occitanie","66","Pyrénées-Orientales",883,19606.0323,3272.7463,2056.8192,1069.2756,6398.84110000001,26004.8734
2020,"76","Occitanie","81","Tarn",689,24459.6490000001,3338.3224,2471.0095,179.1558,5988.48770000001,30448.1367000001
2020,"76","Occitanie","82","Tarn-et-Garonne",666,18391.2225,2303.4729,1870.012,496.2806,4669.7655,23060.988
2020,"84","Auvergne-Rhône-Alpes","01","Ain",302,16025.1495,1684.3876,2270.8069,50.5913,4005.7858,20030.9353
2020,"84","Auvergne-Rhône-Alpes","03","Allier",345,20763.8547,650.221,1552.224,4.76,2207.205,22971.0596999999
2020,"84","Auvergne-Rhône-Alpes","07","Ardèche",959,23939.329,2147.4855,1739.269,215.999,4102.7535,28042.0824999999
2020,"84","Auvergne-Rhône-Alpes","15","Cantal",343,20991.6074,883.193,1949.592,2.7,2835.485,23827.0923999999
2020,"84","Auvergne-Rhône-Alpes","26","Drôme",1506,47670.8196000002,5960.276,4386.5924,463.119,10809.9874,58480.8070000002
2020,"84","Auvergne-Rhône-Alpes","38","Isère",723,22915.3604,3069.4574,3068.4825,367.359,6505.29890000001,29420.6593
2020,"84","Auvergne-Rhône-Alpes","42","Loire",504,21003.7312,1661.908,1634.883,30.43,3327.221,24330.9522
2020,"84","Auvergne-Rhône-Alpes","43","Haute-Loire",494,26735.8501,1181.9519,1924.705,17.73,3124.3869,29860.2369999999
2020,"84","Auvergne-Rhône-Alpes","63","Puy-de-Dôme",501,21531.0582,2120.0025,1858.461,18.518,3996.9815,25528.0397
2020,"84","Auvergne-Rhône-Alpes","69","Rhône",679,13336.6017,2323.817,1985.29579999999,215.9487,4525.0615,17861.6632
2020,"84","Auvergne-Rhône-Alpes","73","Savoie",209,4101.5465,358.7499,707.060999999999,19.76,1085.5709,5187.11740000001
2020,"84","Auvergne-Rhône-Alpes","74","Haute-Savoie",216,5545.02450000001,227.3431,1079.97,31.72,1339.0331,6884.05760000001
2020,"93","Provence-Alpes-Côte d'Azur","04","Alpes-de-Haute-Provence",515,36083.4775,4822.0521,3748.4412,147.17,8717.6633,44801.1407999999
2020,"93","Provence-Alpes-Côte d'Azur","05","Hautes-Alpes",386,25550.8141,3253.0904,1786.582,78.066,5117.7384,30668.5525
2020,"93","Provence-Alpes-Côte d'Azur","06","Alpes-Maritimes",297,5547.77720000001,598.0662,709.8311,29.612,1337.5093,6885.28650000001
2020,"93","Provence-Alpes-Côte d'Azur","13","Bouches-du-Rhône",1035,39792.7987,4892.93569999999,5235.7412,465.7827,10594.4596,50387.2583
2020,"93","Provence-Alpes-Côte d'Azur","83","Var",842,18230.4757,1408.9577,3052.8591,1091.9404,5553.75720000001,23784.2329
2020,"93","Provence-Alpes-Côte d'Azur","84","Vaucluse",1103,21000.5788999901,3368.28759996722,3354.23550004292,687.342599927282,7409.8656999374,28410.4445999275
2020,"94","Corse","2A","Corse-du-Sud",184,12423.6278,1041.307,1846.192,51.7492,2939.2482,15362.876
2020,"94","Corse","2B","Haute-Corse",343,12259.8792,1462.8328,1579.78,207.0633,3249.6761,15509.5553
2021,"01","Guadeloupe","971","Guadeloupe",211,714.719,263.76,188.44,32.153,484.353,1199.072
2021,"02","Martinique","972","Martinique",115,588.079,21.65,79.468,24.78,125.898,713.977
2021,"03","Guyane","973","Guyane",94,3566.311,111.229,16.16,16.68,144.069,3710.38
2021,"04","La Réunion","974","La Réunion",453,1652.9426,202.0686,93.8186,32.32,328.2072,1981.1498
2021,"06","Mayotte","976","Mayotte",14,78.26,9.95,2.5,3.54,15.99,94.25
2021,"11","Île-de-France","75","Paris",11,53.213,17.25,17.25,1.64,36.14,89.353
2021,"11","Île-de-France","77","Seine-et-Marne",244,12846.9584,1582.988,3601.466,127.2,5311.654,18158.6124
2021,"11","Île-de-France","78","Yvelines",143,6465.37000000001,642.57,1742.93,106.78,2492.28,8957.65000000001
2021,"11","Île-de-France","91","Essonne",145,7644.1337,1873.219,1564.845,90.77,3528.834,11172.9677
2021,"11","Île-de-France","92","Hauts-de-Seine",4,42.39,0.01,0.015,0,0.025,42.415
2021,"11","Île-de-France","93","Seine-Saint-Denis",10,88.554,0,0,0,0,88.554
2021,"11","Île-de-France","94","Val-de-Marne",14,65.84,3.41,0.19,0,3.6,69.44
2021,"11","Île-de-France","95","Val-d'Oise",31,890.493999999999,72.46,11.346,1.14,84.946,975.44
2021,"24","Centre-Val de Loire","18","Cher",367,19235.108,3266.311,3191.7154,352.3655,6810.3919,26045.4999
2021,"24","Centre-Val de Loire","28","Eure-et-Loir",190,9538.2289,1103.219,2101.732,205.55,3410.501,12948.7299
2021,"24","Centre-Val de Loire","36","Indre",270,17243.5819,2015.935,3214.026,12.704,5242.665,22486.2469
2021,"24","Centre-Val de Loire","37","Indre-et-Loire",502,16300.5534,2185.025,2130.1528,325.6569,4640.8347,20941.3881
2021,"24","Centre-Val de Loire","41","Loir-et-Cher",273,8865.9119,1455.1056,1629.04,212.258,3296.4036,12162.3155
2021,"24","Centre-Val de Loire","45","Loiret",221,8980.74519999999,820.560699999999,2607.9243,23.07,3451.555,12432.3002
2021,"27","Bourgogne-Franche-Comté","21","Côte-d'Or",814,39335.9936,8390.2352,7760.7623,678.6519,16829.6494,56165.6430000001
2021,"27","Bourgogne-Franche-Comté","25","Doubs",245,12346.4233,760.8685,1651.807,37.05,2449.7255,14796.1488
2021,"27","Bourgogne-Franche-Comté","39","Jura",422,22507.6086,2345.3094,1286.0574,114.476,3745.8428,26253.4514
2021,"27","Bourgogne-Franche-Comté","58","Nièvre",287,19846.3931,4107.529,3758,31.57,7897.09900000002,27743.4921
2021,"27","Bourgogne-Franche-Comté","70","Haute-Saône",337,29722.1529,1341.518,2904.3832,177.67,4423.5712,34145.7241
2021,"27","Bourgogne-Franche-Comté","71","Saône-et-Loire",545,16434.7501,3154.4778,2532.6621,470.569,6157.7089,22592.459
2021,"27","Bourgogne-Franche-Comté","89","Yonne",578,43234.5925999999,3874.8918,8395.0161,1137.567,13407.4749,56642.0674999999
2021,"27","Bourgogne-Franche-Comté","90","Territoire de Belfort",23,1154.169,38.92,66.57,0,105.49,1259.659
2021,"28","Normandie","14","Calvados",558,29031.3548,2376.93,3167.8042,166.86,5711.5942,34742.949
2021,"28","Normandie","27","Eure",250,8343.37100000001,1239.484,2422.781,100.57,3762.835,12106.206
2021,"28","Normandie","50","Manche",650,30221.1772,4425.63950000001,3248.6112,132.73,7806.98069999999,38028.1579
2021,"28","Normandie","61","Orne",496,29164.613,2734.0946,2914.25,239.13,5887.4746,35052.0875999999
2021,"28","Normandie","76","Seine-Maritime",285,8687.119,878.142,1522.403,84.195,2484.74,11171.859
2021,"32","Hauts-de-France","02","Aisne",260,7350.4975,1620.0527,1834.4014,100.8822,3555.3363,10905.8338
2021,"32","Hauts-de-France","59","Nord",433,13212.6322,1074.8122,1226.771,12.11,2313.6932,15526.3254
2021,"32","Hauts-de-France","60","Oise",206,12201.5128,1228.777,1512.454,306.07,3047.301,15248.8138
2021,"32","Hauts-de-France","62","Pas-de-Calais",290,6071.90360000001,1276.224,1483.509,50.19,2809.923,8881.82660000001
2021,"32","Hauts-de-France","80","Somme",217,6066.07850000001,665.729,1556.817,44.57,2267.116,8333.19450000001
2021,"44","Grand Est","08","Ardennes",245,14687.5497,1168.842,2760.232,72.5,4001.574,18689.1237
2021,"44","Grand Est","10","Aube",313,11436.0645,3316.5411,3603.2052,58.779,6978.5253,18414.5898
2021,"44","Grand Est","51","Marne",617,10625.5773,2286.5652,2572.7679,352.8997,5212.2328,15837.8101
2021,"44","Grand Est","52","Haute-Marne",237,19913.9412,3776.9047,4959.0776,39.679,8775.66130000001,28689.6025
2021,"44","Grand Est","54","Meurthe-et-Moselle",319,22536.2289,1766.658,5362.753,534.139,7663.55,30199.7789
2021,"44","Grand Est","55","Meuse",229,14959.829,3165.983,2922.3685,276.713,6365.0645,21324.8935
2021,"44","Grand Est","57","Moselle",315,24006.044,1707.052,5252.234,68.548,7027.83400000001,31033.878
2021,"44","Grand Est","67","Bas-Rhin",609,18023.5325,1931.6417,2968.0226,452.3424,5352.0067,23375.5392000001
2021,"44","Grand Est","68","Haut-Rhin",598,10602.1066,927.2238,1857.7841,311.2416,3096.2495,13698.3561
2021,"44","Grand Est","88","Vosges",349,23861.49,1632.427,2397.7,21.56,4051.687,27913.177
2021,"52","Pays de la Loire","44","Loire-Atlantique",1164,72645.6188499999,4715.2148,7037.81419999999,213.2828,11966.3118,84611.9306500001
2021,"52","Pays de la Loire","49","Maine-et-Loire",1154,47067.9539999998,4472.96679999999,6218.00360000001,483.4183,11174.3887,58242.3426999998
2021,"52","Pays de la Loire","53","Mayenne",541,27083.6427999999,2945.9139,3301.5727,104.49,6351.9766,33435.6194
2021,"52","Pays de la Loire","72","Sarthe",402,19196.975707,1121.5856,1550.9837,119.96,2792.5293,21989.505007
2021,"52","Pays de la Loire","85","Vendée",778,44169.3643999999,3583.73,5447.52,191.32,9222.57000000001,53391.9343999999
2021,"53","Bretagne","22","Côtes-d'Armor",956,34672.1896999999,4096.2933,3166.9247,266.4264,7529.64440000001,42201.8340999999
2021,"53","Bretagne","29","Finistère",980,31239.6329,2108.267,3286.6581,16.8277,5411.7528,36651.3856999999
2021,"53","Bretagne","35","Ille-et-Vilaine",909,37524.834566,3684.8086,5558.9838,235.72,9479.51240000001,47004.3469659999
2021,"53","Bretagne","56","Morbihan",825,33386.5857999999,2276.1953,2394.2788,38.18,4708.65409999999,38095.2399
2021,"75","Nouvelle-Aquitaine","16","Charente",449,20323.418736,2655.046,2881.975,59.128,5596.149,25919.567736
2021,"75","Nouvelle-Aquitaine","17","Charente-Maritime",468,16549.7922,1962.4414,2237.0954,25.6331,4225.1699,20774.9621
2021,"75","Nouvelle-Aquitaine","19","Corrèze",413,12661.702,1335.4517,1496.2094,101.921,2933.5821,15595.2841
2021,"75","Nouvelle-Aquitaine","23","Creuse",269,15622.0494,1904.6265,1915.51,5.89,3826.0265,19448.0759
2021,"75","Nouvelle-Aquitaine","24","Dordogne",1289,32560.9736,5611.3518,4124.345,937.9672,10673.664,43234.6376
2021,"75","Nouvelle-Aquitaine","33","Gironde",1577,23273.0085,8412.7699,8874.74279999999,3701.6426,20989.1553,44262.1638000001
2021,"75","Nouvelle-Aquitaine","40","Landes",422,13680.0056,825.9151,1038.547,97.17,1961.6321,15641.6377
2021,"75","Nouvelle-Aquitaine","47","Lot-et-Garonne",1023,33271.125,3521.8449,4519.16400000001,578.982,8619.99089999998,41891.1158999999
2021,"75","Nouvelle-Aquitaine","64","Pyrénées-Atlantiques",754,14604.6158,1733.0778,1555.1614,129.3827,3417.6219,18022.2377
2021,"75","Nouvelle-Aquitaine","79","Deux-Sèvres",640,32993.5902999999,2921.2365,6782.714,21.32,9725.2705,42718.8607999999
2021,"75","Nouvelle-Aquitaine","86","Vienne",555,36832.2603,4262.7689,5170.45,292.7923,9726.0112,46558.2715000001
2021,"75","Nouvelle-Aquitaine","87","Haute-Vienne",494,24605.9816,2160.0642,3044.356,258.16,5462.5802,30068.5618
2021,"76","Occitanie","09","Ariège",651,29465.4,3720.5192,3698.517,44.9,7463.93620000001,36929.3361999999
2021,"76","Occitanie","11","Aude",1345,49540.2934,7111.69860000001,5705.8155,2406.5596,15224.0737,64764.3671
2021,"76","Occitanie","12","Aveyron",982,66979.9818999998,3946.8904,3380.9978,45.3858,7373.27400000001,74353.2558999999
2021,"76","Occitanie","30","Gard",1495,30711.6009,6986.61399999999,5375.5405,2236.6025,14598.757,45310.3579000001
2021,"76","Occitanie","31","Haute-Garonne",998,37019.8014999999,4978.0878,6032.6602,167.408,11178.156,48197.9575000001
2021,"76","Occitanie","32","Gers",1923,90218.4268,14310.4861,14201.9742,989.38,29501.8403000001,119720.2671
2021,"76","Occitanie","34","Hérault",1424,30082.4307,4211.3009,4604.2663,2055.5257,10871.0929,40953.5235999998
2021,"76","Occitanie","46","Lot",627,19108.1059,2839.4075,3322.3236,511.581,6673.31210000001,25781.4180000001
2021,"76","Occitanie","48","Lozère",400,43227.982,2594.2696,3126.5879,63.874,5784.73150000001,49012.7135
2021,"76","Occitanie","65","Hautes-Pyrénées",353,9048.29550000001,1056.7621,576.5468,19.796,1653.1049,10701.4004
2021,"76","Occitanie","66","Pyrénées-Orientales",950,22213.4846999999,2635.5207,1715.1756,1186.6674,5537.3637,27750.8484
2021,"76","Occitanie","81","Tarn",786,26753.7682,2883.3387,3493.8054,304.9867,6682.13080000001,33435.8989999999
2021,"76","Occitanie","82","Tarn-et-Garonne",734,20198.6416,3751.0976,2619.604,337.4583,6708.1599,26906.8015
2021,"84","Auvergne-Rhône-Alpes","01","Ain",324,16779.0501,1633.5381,1971.7969,173.551,3778.886,20557.9360999999
2021,"84","Auvergne-Rhône-Alpes","03","Allier",358,20450.9675,1263.131,843.628,42.59,2149.349,22600.3165
2021,"84","Auvergne-Rhône-Alpes","07","Ardèche",1026,25034.5919,2191.3748,2115.118,475.9078,4782.4006,29816.9924999999
2021,"84","Auvergne-Rhône-Alpes","15","Cantal",355,22688.0288,1039.6098,943.617000000001,10.25,1993.4768,24681.5055999999
2021,"84","Auvergne-Rhône-Alpes","26","Drôme",1634,48415.8284999999,4323.82949999999,5628.1849,1059.8336,11011.848,59427.6764999999
2021,"84","Auvergne-Rhône-Alpes","38","Isère",800,24963.7715999999,2040.9555,3702.619,402.1306,6145.7051,31109.4767
2021,"84","Auvergne-Rhône-Alpes","42","Loire",541,22307.101,1595.521,1803.0399,146.29,3544.8509,25851.9518999999
2021,"84","Auvergne-Rhône-Alpes","43","Haute-Loire",520,28412.9552999999,1898.9385,1340.753,109.16,3348.8515,31761.8067999999
2021,"84","Auvergne-Rhône-Alpes","63","Puy-de-Dôme",546,23135.228,2155.9814,2325.962,8.06,4490.00340000001,27625.2314
2021,"84","Auvergne-Rhône-Alpes","69","Rhône",756,14536.2507,1846.3354,2477.1458,505.4988,4828.98,19365.2307
2021,"84","Auvergne-Rhône-Alpes","73","Savoie",233,4580.53150000001,445.465599999999,466.003699999999,40.765,952.2343,5532.76580000002
2021,"84","Auvergne-Rhône-Alpes","74","Haute-Savoie",239,6377.67100000002,381.3345,729.701,11.81,1122.8455,7500.51650000003
2021,"93","Provence-Alpes-Côte d'Azur","04","Alpes-de-Haute-Provence",546,38553.5838999999,4232.1741,4102.762,367.591,8702.52710000001,47256.1110000001
2021,"93","Provence-Alpes-Côte d'Azur","05","Hautes-Alpes",426,26736.743,3896.473,2522.8414,143.48,6562.7944,33299.5374
2021,"93","Provence-Alpes-Côte d'Azur","06","Alpes-Maritimes",324,6470.33620000001,251.9973,465.3998,14.5518,731.9489,7202.28510000001
2021,"93","Provence-Alpes-Côte d'Azur","13","Bouches-du-Rhône",1142,46997.6694,3933.4172,4208.3271,698.5111,8840.2554,55837.9247999999
2021,"93","Provence-Alpes-Côte d'Azur","83","Var",943,19121.5461,2899.5183,2683.5265,1679.186,7262.2308,26383.7768999999
2021,"93","Provence-Alpes-Côte d'Azur","84","Vaucluse",1265,23384.0129999604,4176.2412,4020.51960002146,1259.1399,9455.90070002147,32839.9136999818
2021,"94","Corse","2A","Corse-du-Sud",193,16494.0127,717.7384,499.126,132.0762,1348.9406,17842.9533
2021,"94","Corse","2B","Haute-Corse",377,14195.1044,4820.6788,1469.984,198.623,6489.2858,20684.3902
2021,NA,"Collectivités d'outre-mer","978","Saint-Martin",2,1.033,36.777,0,0,36.777,37.81
2022,"01","Guadeloupe","971","Guadeloupe",237,865.092463,180.502261,228.391505,113.902317,522.796083,1387.888546
2022,"02","Martinique","972","Martinique",137,787.061355,126.500916,23.381622,5.91,155.792538,942.853893
2022,"03","Guyane","973","Guyane",102,3348.477561,95.474209,102.375015,9.454,207.303224,3555.780785
2022,"04","La Réunion","974","La Réunion",498,1743.602498,241.52,132.463,63.3786,437.3616,2180.964098
2022,"06","Mayotte","976","Mayotte",41,69.66,129.33,9.39,3.54,142.26,211.92
2022,"11","Île-de-France","75","Paris",14,73.206,4,17.0809,0,21.0809,94.2869
2022,"11","Île-de-France","77","Seine-et-Marne",262,17328.249374,1320.317076,1769.01887,231.455224,3320.79117,20649.040544
2022,"11","Île-de-France","78","Yvelines",142,8370.362814,409.089743,761.282293,2.075,1172.447036,9542.80985000001
2022,"11","Île-de-France","91","Essonne",150,9037.48286800001,395.5759,1864.730391,122.42,2382.726291,11420.209159
2022,"11","Île-de-France","92","Hauts-de-Seine",8,45.783475,9.42,46.51,44.94,100.87,146.653475
2022,"11","Île-de-France","93","Seine-Saint-Denis",14,88.365127,0.36,2.06,0,2.42,90.785127
2022,"11","Île-de-France","94","Val-de-Marne",14,46.72,0,3.41,0.19,3.6,50.32
2022,"11","Île-de-France","95","Val-d'Oise",33,902.2,38.08,73.2,2.466,113.746,1015.946
2022,"24","Centre-Val de Loire","18","Cher",386,22069.040033,1407.332892,2556.046116,510.455358,4473.834366,26542.874399
2022,"24","Centre-Val de Loire","28","Eure-et-Loir",207,11712.495404,960.561361,1301.573109,106.95,2369.08447,14081.579874
2022,"24","Centre-Val de Loire","36","Indre",279,19413.028621,1878.655175,2719.804132,52.779999,4651.239306,24064.267927
2022,"24","Centre-Val de Loire","37","Indre-et-Loire",530,17609.106759,1649.720284,2342.100559,589.769989,4581.590832,22190.697591
2022,"24","Centre-Val de Loire","41","Loir-et-Cher",298,10293.388538,947.746916,1603.984691,184.6909,2736.422507,13029.811045
2022,"24","Centre-Val de Loire","45","Loiret",227,10893.226056,477.451647,1132.392818,48.87,1658.714465,12551.940521
2022,"27","Bourgogne-Franche-Comté","21","Côte-d'Or",847,45579.8541670001,2565.197121,9052.78231700004,825.416398000001,12443.395836,58023.2500030001
2022,"27","Bourgogne-Franche-Comté","25","Doubs",255,13993.963658,324.516821,742.372405,181.04,1247.929226,15241.892884
2022,"27","Bourgogne-Franche-Comté","39","Jura",442,23432.047489,910.908540000001,2287.457829,253.909328,3452.275697,26884.323186
2022,"27","Bourgogne-Franche-Comté","58","Nièvre",291,23422.32236,752.533279,4366.36465,210.811,5329.70892900001,28752.0312889999
2022,"27","Bourgogne-Franche-Comté","70","Haute-Saône",333,30929.7885159999,437.675488,1346.839984,275.072304,2059.587776,32989.3762919999
2022,"27","Bourgogne-Franche-Comté","71","Saône-et-Loire",565,18508.930911,1552.902469,2554.001057,396.333524,4503.23705,23012.1679609999
2022,"27","Bourgogne-Franche-Comté","89","Yonne",591,51763.3783959998,1647.648482,4551.683805,554.268841,6753.60112799999,58516.9795239999
2022,"27","Bourgogne-Franche-Comté","90","Territoire de Belfort",23,1210.416315,146.476892,4.459434,0,150.936326,1361.352641
2022,"28","Normandie","14","Calvados",565,31450.9542250001,715.367836,3008.515262,213.809,3937.692098,35388.646323
2022,"28","Normandie","27","Eure",258,10290.617732,473.518363,1790.084653,52.79175,2316.394766,12607.012498
2022,"28","Normandie","50","Manche",659,33146.7017990001,1164.550737,4002.75630200001,73.3,5240.60703900002,38387.3088380001
2022,"28","Normandie","61","Orne",517,32300.232186,1109.987523,2620.138379,100.428059,3830.553961,36130.7861470001
2022,"28","Normandie","76","Seine-Maritime",292,10055.989527,661.950778,1227.665571,29.362129,1918.978478,11974.968005
2022,"32","Hauts-de-France","02","Aisne",259,9276.79873699998,1044.288663,1606.729041,107.888962,2758.906666,12035.705403
2022,"32","Hauts-de-France","59","Nord",429,14153.264265,741.425634,932.94067,8.92,1683.286304,15836.550569
2022,"32","Hauts-de-France","60","Oise",206,13347.855147,623.654479,1152.66,80.7,1857.014479,15204.869626
2022,"32","Hauts-de-France","62","Pas-de-Calais",297,7725.60002400002,383.476506,1375.319382,21.28,1780.075888,9505.67591200002
2022,"32","Hauts-de-France","80","Somme",215,7153.542452,177.686656,871.957652,73.83,1123.474308,8277.01676000001
2022,"44","Grand Est","08","Ardennes",246,16917.327055,814.053389,1525.235253,19.39,2358.678642,19276.0056970001
2022,"44","Grand Est","10","Aube",321,14949.028945,1734.809226,4106.744346,85.550645,5927.104217,20876.1331620001
2022,"44","Grand Est","51","Marne",648,14407.845541,1373.261354,2105.93902,463.656308,3942.85668200001,18350.702223
2022,"44","Grand Est","52","Haute-Marne",243,24525.064426,687.9434,4179.526421,37.0506,4904.520421,29429.584847
2022,"44","Grand Est","54","Meurthe-et-Moselle",330,27187.620391,1250.012863,1691.623992,622.463918,3564.100773,30751.721164
2022,"44","Grand Est","55","Meuse",242,18054.540712,895.373872,3054.964156,179.8,4130.138028,22184.6787399999
2022,"44","Grand Est","57","Moselle",327,27688.7379489999,1130.838637,2259.662952,35.63,3426.131589,31114.8695379999
2022,"44","Grand Est","67","Bas-Rhin",620,20792.4339880001,424.908211,2020.863912,534.932332,2980.704455,23773.138443
2022,"44","Grand Est","68","Haut-Rhin",610,11702.561361,620.33295,1000.966145,581.862107000001,2203.16120199999,13905.722563
2022,"44","Grand Est","88","Vosges",354,26122.643428,541.111824,1646.708999,17.218063,2205.038886,28327.682314
2022,"52","Pays de la Loire","44","Loire-Atlantique",1198,78433.4013530002,3728.359961,4984.959028,338.554893,9051.873882,87485.2752349993
2022,"52","Pays de la Loire","49","Maine-et-Loire",1206,51880.853076,2911.758904,4506.660242,680.876633,8099.29577900001,59980.1488549999
2022,"52","Pays de la Loire","53","Mayenne",556,29764.665581,1191.841011,2554.163627,106.98,3852.984638,33617.6502189999
2022,"52","Pays de la Loire","72","Sarthe",418,19964.734633,1119.896836,1224.689235,116.69,2461.276071,22426.010704
2022,"52","Pays de la Loire","85","Vendée",807,48692.321951,2253.341093,3893.826902,112.145,6259.31299500001,54951.634946
2022,"53","Bretagne","22","Côtes-d'Armor",1005,37399.1261230002,1953.789513,3810.01606500001,94.427905,5858.23348300001,43257.3596060001
2022,"53","Bretagne","29","Finistère",1050,33590.6710700001,1688.673567,2526.326773,62.525196,4277.525536,37868.196606
2022,"53","Bretagne","35","Ille-et-Vilaine",942,43138.2849739999,1886.426726,3332.11640200001,117.398,5335.94112800001,48474.2261019997
2022,"53","Bretagne","56","Morbihan",873,35249.3876470001,1107.013005,1906.359518,65.72854,3079.101063,38328.48871
2022,"75","Nouvelle-Aquitaine","16","Charente",432,21921.9659590001,630.913448,2661.063739,119.211,3411.188187,25333.1541460001
2022,"75","Nouvelle-Aquitaine","17","Charente-Maritime",477,18347.726838,592.83474,1702.365184,254.063373,2549.263297,20896.990135
2022,"75","Nouvelle-Aquitaine","19","Corrèze",426,13553.998031,806.334072,1386.477766,93.622967,2286.434805,15840.432836
2022,"75","Nouvelle-Aquitaine","23","Creuse",304,17444.733028,1810.277199,2582.229288,36.272135,4428.778622,21873.5116500001
2022,"75","Nouvelle-Aquitaine","24","Dordogne",1396,36588.7889339999,3217.24929,5283.93304100001,915.73498,9416.91731100003,46005.7062450002
2022,"75","Nouvelle-Aquitaine","33","Gironde",1634,28230.836604,3560.195507,9138.67037999998,5492.043237,18190.909124,46421.7457280001
2022,"75","Nouvelle-Aquitaine","40","Landes",414,13797.860525,420.121532,599.8846,73.903395,1093.909527,14891.770052
2022,"75","Nouvelle-Aquitaine","47","Lot-et-Garonne",1032,34809.4998269999,2683.660729,3752.095018,802.894965,7238.65071200001,42048.1505390001
2022,"75","Nouvelle-Aquitaine","64","Pyrénées-Atlantiques",795,16328.669302,1132.931582,1628.221026,168.239552,2929.39216,19258.061462
2022,"75","Nouvelle-Aquitaine","79","Deux-Sèvres",647,38146.003478,1265.088973,3875.345361,92.732069,5233.166403,43379.1698810001
2022,"75","Nouvelle-Aquitaine","86","Vienne",568,37282.7095469999,1314.057705,4806.08980500001,240.620506,6360.76801600001,43643.4775629998
2022,"75","Nouvelle-Aquitaine","87","Haute-Vienne",524,24867.553349,2091.646595,2024.35386,115.02,4231.020455,29098.573804
2022,"76","Occitanie","09","Ariège",707,31527.412466,2456.703951,3090.024806,74.959764,5621.688521,37149.100987
2022,"76","Occitanie","11","Aude",1425,53143.219085,6246.500893,6565.970709,1441.51861,14253.990212,67397.2092969999
2022,"76","Occitanie","12","Aveyron",1040,68595.1397249996,3803.952359,3194.211986,9.900368,7008.064713,75603.2044379998
2022,"76","Occitanie","30","Gard",1551,34811.268225,3629.57785500001,6510.40332900001,3309.28001400001,13449.261198,48260.5294229996
2022,"76","Occitanie","31","Haute-Garonne",1048,42832.956251,2478.342953,5293.180131,125.7582,7897.28128400002,50730.2375349999
2022,"76","Occitanie","32","Gers",1961,100514.242266999,5569.988471,14486.691599,627.725041,20684.405111,121198.647378
2022,"76","Occitanie","34","Hérault",1471,32891.4281709999,4417.68032900001,4557.033445,2017.775766,10992.48954,43883.9177109999
2022,"76","Occitanie","46","Lot",658,22140.0162720001,2898.795545,2624.19733,518.36288,6041.355755,28181.3720270002
2022,"76","Occitanie","48","Lozère",435,45114.6526050001,2768.562042,2172.581241,67.3969,5008.540183,50123.1927880001
2022,"76","Occitanie","65","Hautes-Pyrénées",376,9071.00517499999,610.1355,864.0833,21.782,1496.0008,10567.005975
2022,"76","Occitanie","66","Pyrénées-Orientales",948,22319.1043069999,1284.20306,1902.707055,662.031889000001,3848.94200399999,26168.0463109999
2022,"76","Occitanie","81","Tarn",822,28170.4956369999,1975.623662,2714.091113,399.069939,5088.78471400001,33259.2803509999
2022,"76","Occitanie","82","Tarn-et-Garonne",773,20840.5744430001,1805.922417,3693.532039,440.915817,5940.370273,26780.9447159999
2022,"84","Auvergne-Rhône-Alpes","01","Ain",346,18550.35714,1019.691921,1701.216252,109.6448,2830.552973,21380.9101129999
2022,"84","Auvergne-Rhône-Alpes","03","Allier",374,20548.619742,796.778066,1123.759,7.27,1927.807066,22476.426808
2022,"84","Auvergne-Rhône-Alpes","07","Ardèche",1095,26441.7223309999,2204.734213,1427.731956,387.732893,4020.19906200001,30461.9213929999
2022,"84","Auvergne-Rhône-Alpes","15","Cantal",367,22227.203516,1285.389339,1084.997673,14.351616,2384.738628,24611.942144
2022,"84","Auvergne-Rhône-Alpes","26","Drôme",1719,53996.3426580001,4108.089506,5015.715582,1270.646354,10394.451442,64390.7940999999
2022,"84","Auvergne-Rhône-Alpes","38","Isère",842,27517.139176,1051.73497,2358.358847,416.941314,3827.03513100001,31344.1743069999
2022,"84","Auvergne-Rhône-Alpes","42","Loire",548,24152.679448,672.09999,1342.370905,65.683847,2080.154742,26232.83419
2022,"84","Auvergne-Rhône-Alpes","43","Haute-Loire",545,28940.355192,1050.127183,1734.588913,78.64,2863.356096,31803.711288
2022,"84","Auvergne-Rhône-Alpes","63","Puy-de-Dôme",591,25501.4494170001,1737.794324,1914.53494,37.120172,3689.449436,29190.8988530001
2022,"84","Auvergne-Rhône-Alpes","69","Rhône",789,16743.3480780001,1185.082668,1625.846001,493.335873999999,3304.264543,20047.612621
2022,"84","Auvergne-Rhône-Alpes","73","Savoie",240,3943.785813,232.270076,406.677482,44.123942,683.0715,4626.85731300001
2022,"84","Auvergne-Rhône-Alpes","74","Haute-Savoie",253,6866.992264,470.861412,516.608288,19.12093,1006.59063,7873.58289400001
2022,"93","Provence-Alpes-Côte d'Azur","04","Alpes-de-Haute-Provence",569,41737.2342579999,8091.645495,3435.228404,263.74382,11790.617719,53527.851977
2022,"93","Provence-Alpes-Côte d'Azur","05","Hautes-Alpes",436,26824.4212789999,1956.839424,2279.931257,69,4305.770681,31130.19196
2022,"93","Provence-Alpes-Côte d'Azur","06","Alpes-Maritimes",360,6475.61116700001,1169.518914,501.056516,14.93193,1685.50736,8161.11852700001
2022,"93","Provence-Alpes-Côte d'Azur","13","Bouches-du-Rhône",1165,49575.5010370002,2738.426447,3186.877119,704.938249999999,6630.24181599999,56205.7428530002
2022,"93","Provence-Alpes-Côte d'Azur","83","Var",1021,20374.548847,2184.149199,2314.082737,1040.37165,5538.60358600004,25913.1524329999
2022,"93","Provence-Alpes-Côte d'Azur","84","Vaucluse",1349,26383.7177829747,2663.812894,4245.28676702146,1648.798064,8557.89772502145,34941.6155079961
2022,"94","Corse","2A","Corse-du-Sud",187,15338.847664,788.308559,404.41205,145.045,1337.765609,16676.613273
2022,"94","Corse","2B","Haute-Corse",380,16872.940594,3815.56375,3797.049048,236.235691,7848.848489,24721.7890829999
2022,NA,"Collectivités d'outre-mer","978","Saint-Martin",2,1.044417,0,37.81,0,37.81,38.854417
2023,"01","Guadeloupe","971","Guadeloupe",257,1060.309851,128.414801,128.36935,90.490865,347.275016,1407.584867
2023,"02","Martinique","972","Martinique",132,715.86101,42.171089,76.897218,10.942814,130.011121,845.872131
2023,"03","Guyane","973","Guyane",108,4087.719529,57.196619,63.172832,4.94,125.309451,4213.02898
2023,"04","La Réunion","974","La Réunion",540,1864.88147,277.13,185.423025,74.702905,537.25593,2402.1374
2023,"06","Mayotte","976","Mayotte",46,38.87,57.76,65.28,3.06,126.1,164.97
2023,"11","Île-de-France","75","Paris",20,234.773891,0.024,27.4297,1.08,28.5337,263.307591
2023,"11","Île-de-France","77","Seine-et-Marne",260,17176.704806,572.315741,1296.904162,66.592771,1935.812674,19112.51748
2023,"11","Île-de-France","78","Yvelines",137,8392.002057,230.8711,440.466452,110.68,782.017552,9174.01960899999
2023,"11","Île-de-France","91","Essonne",151,10708.790545,370.289534,547.656797,184.66,1102.606331,11811.396876
2023,"11","Île-de-France","92","Hauts-de-Seine",8,136.801662,2.493,9.42,0.24,12.153,148.954662
2023,"11","Île-de-France","93","Seine-Saint-Denis",13,88.422565,1.71,1.55,0,3.26,91.682565
2023,"11","Île-de-France","94","Val-de-Marne",15,81.284618,1.8,0.077308,0,1.877308,83.161926
2023,"11","Île-de-France","95","Val-d'Oise",29,891.331264,2.76,61.94,13.23,77.93,969.261264
2023,"24","Centre-Val de Loire","18","Cher",385,23988.271325,874.851668,1436.049456,274.666363,2585.567487,26573.838812
2023,"24","Centre-Val de Loire","28","Eure-et-Loir",203,12514.005868,441.512824,914.634383000001,71.56,1427.707207,13941.713075
2023,"24","Centre-Val de Loire","36","Indre",273,19680.547226,1374.816821,1895.070143,97.041985,3366.928949,23047.4761750001
2023,"24","Centre-Val de Loire","37","Indre-et-Loire",540,18889.9833870001,773.823485,1911.627339,319.095675,3004.546499,21894.5298860001
2023,"24","Centre-Val de Loire","41","Loir-et-Cher",293,10801.747787,588.489524,865.431574,368.722152,1822.64325,12624.391037
2023,"24","Centre-Val de Loire","45","Loiret",222,11242.285974,605.502403,453.642439,40.109041,1099.253883,12341.539857
2023,"27","Bourgogne-Franche-Comté","21","Côte-d'Or",884,52302.2092229999,2886.102479,2438.675262,898.926588999999,6223.70433000001,58525.9135529999
2023,"27","Bourgogne-Franche-Comté","25","Doubs",258,14121.917698,293.327261,264.282452,21.207036,578.816749,14700.734447
2023,"27","Bourgogne-Franche-Comté","39","Jura",467,25272.6665310001,1219.258926,780.165183999999,191.503621,2190.927731,27463.5942620001
2023,"27","Bourgogne-Franche-Comté","58","Nièvre",279,25099.034089,1335.490742,798.218616,218.262823,2351.972181,27451.00627
2023,"27","Bourgogne-Franche-Comté","70","Haute-Saône",324,30545.9573289998,1452.282281,336.205605,146.903875,1935.391761,32481.3490899998
2023,"27","Bourgogne-Franche-Comté","71","Saône-et-Loire",578,19726.541713,1168.905369,1359.321472,470.489046,2998.71588700001,22725.2576000001
2023,"27","Bourgogne-Franche-Comté","89","Yonne",597,54722.6760320001,2163.038385,1948.767387,608.015078,4719.82085,59442.4968820001
2023,"27","Bourgogne-Franche-Comté","90","Territoire de Belfort",21,1062.672145,54.871066,64.675223,0.12,119.666289,1182.338434
2023,"28","Normandie","14","Calvados",563,31104.6448009999,708.555376,1293.571264,135.2,2137.32664,33241.9714409999
2023,"28","Normandie","27","Eure",261,11192.347651,328.268265,626.568334,66.53,1021.366599,12213.71425
2023,"28","Normandie","50","Manche",651,34695.483326,1276.585336,1003.372046,167.511118,2447.4685,37142.951826
2023,"28","Normandie","61","Orne",513,32814.969934,1312.84226,941.137286,111.303659,2365.283205,35180.253139
2023,"28","Normandie","76","Seine-Maritime",282,10429.156937,335.520044,903.450571,63.859984,1302.830599,11731.987536
2023,"32","Hauts-de-France","02","Aisne",254,10073.374517,286.714539,833.63051,145.949938,1266.294987,11339.669504
2023,"32","Hauts-de-France","59","Nord",425,14159.713898,242.686176,571.128368,5.309585,819.124128999999,14978.838027
2023,"32","Hauts-de-France","60","Oise",203,13402.023051,288.109347,519.980999,184.85,992.940346,14394.963397
2023,"32","Hauts-de-France","62","Pas-de-Calais",286,8012.67591500001,224.330822,307.911981,23.13,555.372803,8568.04871800002
2023,"32","Hauts-de-France","80","Somme",205,7615.60350600002,187.003287,261.726656,16.297711,465.027654,8080.63116000001
2023,"44","Grand Est","08","Ardennes",235,16556.466454,489.03096,940.822957,50.54,1480.393917,18036.860371
2023,"44","Grand Est","10","Aube",326,17435.366044,1143.970796,1645.223065,350.673945,3139.867806,20575.23385
2023,"44","Grand Est","51","Marne",649,14130.73615,730.553672,1263.93581,461.770413,2456.259895,16586.996045
2023,"44","Grand Est","52","Haute-Marne",254,27907.762221,1197.98325,870.187365,68.487398,2136.658013,30044.420234
2023,"44","Grand Est","54","Meurthe-et-Moselle",322,27135.283256,737.29673,1159.519146,128.621182,2025.437058,29160.7203140001
2023,"44","Grand Est","55","Meuse",243,19360.782516,672.561269,637.244843,15.82,1325.626112,20686.408628
2023,"44","Grand Est","57","Moselle",334,29405.936978,1035.996389,825.650605,3.75172,1865.398714,31271.335692
2023,"44","Grand Est","67","Bas-Rhin",610,21321.297818,377.583703,650.300976999999,252.963484,1280.848164,22602.145982
2023,"44","Grand Est","68","Haut-Rhin",608,12027.1856130001,329.938764,444.258592,219.861834,994.05919,13021.2448030001
2023,"44","Grand Est","88","Vosges",354,26106.1880069999,526.192889,351.837843,41.44,919.470732,27025.6587389999
2023,"52","Pays de la Loire","44","Loire-Atlantique",1244,80261.691508,3873.19248200001,4250.888423,403.063488,8527.14439300001,88788.8359009995
2023,"52","Pays de la Loire","49","Maine-et-Loire",1224,54870.9381119999,2303.739653,2991.680647,474.399681,5769.819981,60640.7580929999
2023,"52","Pays de la Loire","53","Mayenne",557,29917.783557,1045.112201,1571.379186,76.49,2692.981387,32610.764944
2023,"52","Pays de la Loire","72","Sarthe",411,19309.088576,877.055503,1151.888401,15.461226,2044.40513,21353.493706
2023,"52","Pays de la Loire","85","Vendée",788,50200.38329,2246.009507,2300.927146,60.11,4607.046653,54807.429943
2023,"53","Bretagne","22","Côtes-d'Armor",1003,38699.3447200002,1401.672455,2071.44844,271.41785,3744.53874500001,42443.8834650004
2023,"53","Bretagne","29","Finistère",1071,33389.1883569999,1987.67231,1454.193995,172.970445,3614.83675,37004.0251069996
2023,"53","Bretagne","35","Ille-et-Vilaine",963,43303.7656150001,1725.554002,2311.662397,181.224784,4218.441183,47522.2067979999
2023,"53","Bretagne","56","Morbihan",897,35989.5552620002,1248.985185,1347.702518,160.782614,2757.470317,38747.0255790002
2023,"75","Nouvelle-Aquitaine","16","Charente",436,22732.855149,830.658543,644.892939,49.040911,1524.592393,24257.447542
2023,"75","Nouvelle-Aquitaine","17","Charente-Maritime",485,18919.822664,852.915946,509.546786,147.090121,1509.552853,20429.3755169999
2023,"75","Nouvelle-Aquitaine","19","Corrèze",463,13963.921817,1707.414623,760.614689999999,147.385131,2615.414444,16579.3362610001
2023,"75","Nouvelle-Aquitaine","23","Creuse",303,18562.847699,899.593269,1446.84041,22.896719,2369.330398,20932.178097
2023,"75","Nouvelle-Aquitaine","24","Dordogne",1425,38756.7685959997,2311.011594,3390.268842,574.761794,6276.04223000001,45032.8108259998
2023,"75","Nouvelle-Aquitaine","33","Gironde",1621,33433.351514,2666.547734,3108.106812,5021.08296500001,10795.737511,44229.0890250002
2023,"75","Nouvelle-Aquitaine","40","Landes",385,12022.569109,266.501323,288.959565,16.9601,572.420988,12594.990097
2023,"75","Nouvelle-Aquitaine","47","Lot-et-Garonne",1040,35112.4060260001,1730.239885,2540.593054,390.678686,4661.51162500001,39773.9176510001
2023,"75","Nouvelle-Aquitaine","64","Pyrénées-Atlantiques",779,15087.2056490001,1115.5397965825,844.851173,99.027597,2059.4185665825,17146.6242155825
2023,"75","Nouvelle-Aquitaine","79","Deux-Sèvres",642,39432.2543520001,1320.670792,1353.531207,163.232638,2837.434637,42269.6889890003
2023,"75","Nouvelle-Aquitaine","86","Vienne",556,38587.0390700001,1035.901949,1721.977987,329.351595,3087.231531,41674.2706010001
2023,"75","Nouvelle-Aquitaine","87","Haute-Vienne",544,25001.9090849999,1812.999642,2226.910782,34.700435,4074.61085900001,29076.5199439999
2023,"76","Occitanie","09","Ariège",774,33447.776385,1871.358056,1825.714643,20.955288,3718.02798700001,37165.804372
2023,"76","Occitanie","11","Aude",1447,54686.7111279996,3900.855654,4432.33298200001,1628.834329,9962.02296500004,64648.7340929995
2023,"76","Occitanie","12","Aveyron",1068,67995.941827,2735.055071,2822.972994,108.200006,5666.228071,73662.1698979996
2023,"76","Occitanie","30","Gard",1558,40019.9679659997,3620.732849,2447.864655,2103.969452,8172.56695600002,48192.5349219994
2023,"76","Occitanie","31","Haute-Garonne",1097,42866.685179,3013.46598,2245.601996,96.257697,5355.325673,48222.0108519999
2023,"76","Occitanie","32","Gers",1922,100181.112138,6703.052566,5720.220137,1219.890764,13643.163467,113824.275605
2023,"76","Occitanie","34","Hérault",1503,35967.7740099998,5051.400184,3440.031319,1399.441725,9890.87322799998,45858.647238
2023,"76","Occitanie","46","Lot",702,24044.4214429999,2581.12168,2590.11452,298.135463,5469.371663,29513.793106
2023,"76","Occitanie","48","Lozère",447,42310.4874890003,1986.610355,1929.835674,103.710999,4020.157028,46330.6445170002
2023,"76","Occitanie","65","Hautes-Pyrénées",407,10215.3128,724.022761,515.349525,11.218584,1250.59087,11465.90367
2023,"76","Occitanie","66","Pyrénées-Orientales",951,23892.9679539999,1316.954641,1938.923945,597.121823000001,3853.000409,27745.9683629998
2023,"76","Occitanie","81","Tarn",847,27975.141187,2170.758111,2121.323815,260.987544,4553.06947,32528.210657
2023,"76","Occitanie","82","Tarn-et-Garonne",767,21657.6819720001,1664.500521,1483.643339,390.945,3539.08886,25196.7708320001
2023,"84","Auvergne-Rhône-Alpes","01","Ain",348,19216.370496,987.155012999999,1039.908768,58.519347,2085.583128,21301.953624
2023,"84","Auvergne-Rhône-Alpes","03","Allier",372,20209.105832,1353.481788,563.883855,16.16702,1933.532663,22142.638495
2023,"84","Auvergne-Rhône-Alpes","07","Ardèche",1156,26235.6504380001,2364.647343,1661.057632,434.26639,4459.971365,30695.6218030001
2023,"84","Auvergne-Rhône-Alpes","15","Cantal",373,21545.474075,1197.640101,1092.490924,16.357554,2306.488579,23851.9626539999
2023,"84","Auvergne-Rhône-Alpes","26","Drôme",1756,55867.9557669996,2898.945872,2551.533059,1116.875185,6567.35411600002,62435.3098829995
2023,"84","Auvergne-Rhône-Alpes","38","Isère",844,28281.784312,862.853804,1282.076441,315.035185,2459.96543,30741.749742
2023,"84","Auvergne-Rhône-Alpes","42","Loire",563,25343.110353,1458.577472,662.72313,93.71719,2215.017792,27558.128145
2023,"84","Auvergne-Rhône-Alpes","43","Haute-Loire",556,29641.4213240001,1142.765764,736.726535,36.354031,1915.84633,31557.2676540002
2023,"84","Auvergne-Rhône-Alpes","63","Puy-de-Dôme",608,25591.941403,959.748743,1141.296836,50.449474,2151.495053,27743.436456
2023,"84","Auvergne-Rhône-Alpes","69","Rhône",784,17922.983458,751.127966999999,1061.185324,398.195628,2210.508919,20133.4923770001
2023,"84","Auvergne-Rhône-Alpes","73","Savoie",253,4687.95376800001,564.25902,182.875316,75.993387,823.127723000001,5511.08149100001
2023,"84","Auvergne-Rhône-Alpes","74","Haute-Savoie",268,6608.53721200003,141.534506,370.883386,19.975717,532.393609,7140.93082100003
2023,"93","Provence-Alpes-Côte d'Azur","04","Alpes-de-Haute-Provence",597,44199.673413,3895.04703,6254.700814,193.963636,10343.71148,54543.3848929998
2023,"93","Provence-Alpes-Côte d'Azur","05","Hautes-Alpes",451,29118.7597699999,5420.451463,1676.797591,140.171954,7237.421008,36356.1807779999
2023,"93","Provence-Alpes-Côte d'Azur","06","Alpes-Maritimes",382,6465.32675200004,1223.462302,1037.576255,13.062229,2274.100786,8739.42753800005
2023,"93","Provence-Alpes-Côte d'Azur","13","Bouches-du-Rhône",1165,48205.454013,2312.254953,2171.680442,787.110394999999,5271.04579,53476.499803
2023,"93","Provence-Alpes-Côte d'Azur","83","Var",1042,21740.2046760001,1727.952552,1746.710317,976.109487,4450.77235600001,26190.977032
2023,"93","Provence-Alpes-Côte d'Azur","84","Vaucluse",1410,28464.2674389607,3879.55026500001,3104.656903,2689.04591202146,9673.25308002147,38137.5205189823
2023,"94","Corse","2A","Corse-du-Sud",190,13561.27786,1313.811323,1115.582106,111.341339,2540.734768,16102.012628
2023,"94","Corse","2B","Haute-Corse",376,15996.1501570001,1839.397502,2147.143833,144.380924,4130.92225899999,20127.072416
2023,NA,"Collectivités d'outre-mer","978","Saint-Martin",2,38.854417,0,0,0,0,38.854417
2024,"01","Guadeloupe","971","Guadeloupe",254,1202.581184,83.004283,107.318026,58.352989,248.675298,1451.256482
2024,"02","Martinique","972","Martinique",136,778.310888,69.399854,78.37278,39.13879,186.911424,965.222312
2024,"03","Guyane","973","Guyane",110,3809.07197700001,684.530803,71.281622,21.443131,777.255556,4586.32753300001
2024,"04","La Réunion","974","La Réunion",529,1777.824272,147.472425,277.34233,57.61,482.424755,2260.249027
2024,"06","Mayotte","976","Mayotte",61,75.21,173.64,30.58,36.77,240.99,316.2
2024,"11","Île-de-France","75","Paris",18,210.703081,1.99828,0,0.95,2.94828,213.651361
2024,"11","Île-de-France","77","Seine-et-Marne",263,17334.6215619453,713.522545,1161.523077,5.076,1880.121622,19214.7431839453
2024,"11","Île-de-France","78","Yvelines",138,8212.381698,125.77125775,110.477633554687,0,236.248891304687,8448.63058930469
2024,"11","Île-de-France","91","Essonne",147,10791.133993109,267.276434392924,407.642867220626,0.05,674.96930161355,11466.1032947225
2024,"11","Île-de-France","92","Hauts-de-Seine",10,289.318046,2.75,0.819622,0,3.569622,292.887668
2024,"11","Île-de-France","93","Seine-Saint-Denis",6,57.941394,0.58,1.71,0.28,2.57,60.511394
2024,"11","Île-de-France","94","Val-de-Marne",16,78.726577,0,9.81998,0.077308,9.897288,88.623865
2024,"11","Île-de-France","95","Val-d'Oise",32,884.468775225585,20.109992,2.89,0,22.999992,907.468767225585
2024,"24","Centre-Val de Loire","18","Cher",382,24546.6180353652,516.174742,803.077659,103.862927,1423.115328,25969.7333633652
2024,"24","Centre-Val de Loire","28","Eure-et-Loir",197,11432.362756,302.464483,378.922602,0.939997,682.327082,12114.689838
2024,"24","Centre-Val de Loire","36","Indre",267,20214.0259711874,1479.673939,1067.04218221077,4.969344,2551.68546521077,22765.7114363983
2024,"24","Centre-Val de Loire","37","Indre-et-Loire",544,19033.2554515469,897.000539,935.093376,152.76494203418,1984.85885703418,21018.1143085811
2024,"24","Centre-Val de Loire","41","Loir-et-Cher",294,10949.302953,1054.46757,552.896211,68.786524,1676.150305,12625.453258
2024,"24","Centre-Val de Loire","45","Loiret",225,11218.053151,549.098719,275.808463,8.939083,833.846265,12051.899416
2024,"27","Bourgogne-Franche-Comté","21","Côte-d'Or",932,50265.9567453417,4701.599373,2851.158893,315.645157,7868.40342299999,58134.3601683418
2024,"27","Bourgogne-Franche-Comté","25","Doubs",268,14389.806997,512.586019,267.971397,0.541105,781.098520999999,15170.905518
2024,"27","Bourgogne-Franche-Comté","39","Jura",488,25159.5242260001,444.898529,1541.688587,57.141846,2043.728962,27203.2531880001
2024,"27","Bourgogne-Franche-Comté","58","Nièvre",295,25134.496503,1000.282284,1344.678281,65.7605456054687,2410.72111060547,27545.2176136054
2024,"27","Bourgogne-Franche-Comté","70","Haute-Saône",309,29070.3256609999,723.877179,1232.004584,0.549953,1956.431716,31026.7573769999
2024,"27","Bourgogne-Franche-Comté","71","Saône-et-Loire",603,20984.9355161583,1228.16068566211,1287.092223,148.332206660156,2663.58511532227,23648.5206314806
2024,"27","Bourgogne-Franche-Comté","89","Yonne",566,51802.9240443397,1014.92123887109,2678.614498,157.879928,3851.41566487109,55654.3397092107
2024,"27","Bourgogne-Franche-Comté","90","Territoire de Belfort",20,1038.90303,16.52737,58.645412,0,75.172782,1114.075812
2024,"28","Normandie","14","Calvados",558,30049.3025786776,574.370992031042,781.034516466553,11.415591,1366.8210994976,31416.1236781751
2024,"28","Normandie","27","Eure",258,11384.1451802676,242.371169,343.406666,36.534527,622.312362,12006.4575422676
2024,"28","Normandie","50","Manche",670,34012.5766905185,1161.32736410115,1180.7658925791,51.429144,2393.52240068026,36406.0990911986
2024,"28","Normandie","61","Orne",518,33059.7130757089,994.733144615234,1247.53891667969,39.384875,2281.65693629492,35341.3700120038
2024,"28","Normandie","76","Seine-Maritime",292,10860.634032,275.259424,360.170846,13.844936,649.275206,11509.909238
2024,"32","Hauts-de-France","02","Aisne",238,9823.54121300001,530.188312,307.397215,34.085887,871.671414,10695.212627
2024,"32","Hauts-de-France","59","Nord",421,13976.475535,283.735567,191.965215,4.62,480.320782,14456.796317
2024,"32","Hauts-de-France","60","Oise",194,13346.464179,351.342304,319.961047,33.187699,704.49105,14050.955229
2024,"32","Hauts-de-France","62","Pas-de-Calais",276,8507.776875,523.212913,237.367066,7.613406,768.193385,9275.97026000003
2024,"32","Hauts-de-France","80","Somme",199,7158.23976700001,67.52422,189.575992,11.51,268.610212,7426.84997900001
2024,"44","Grand Est","08","Ardennes",213,15869.621609,350.198627,406.955078,4.67,761.823705,16631.445314
2024,"44","Grand Est","10","Aube",333,18934.70818,663.31145,1155.17575,45.398157,1863.885357,20798.5935370001
2024,"44","Grand Est","51","Marne",665,14522.279757,837.863922,767.892949,210.715537,1816.472408,16338.752165
2024,"44","Grand Est","52","Haute-Marne",248,27414.5669920001,611.958166,1338.959948,1.172,1952.090114,29366.657106
2024,"44","Grand Est","54","Meurthe-et-Moselle",311,25765.0826150001,600.946417,511.764496,6.174999,1118.885912,26883.9685270001
2024,"44","Grand Est","55","Meuse",258,19230.458075,1491.523321,809.882959,37.540552,2338.946832,21569.4049070001
2024,"44","Grand Est","57","Moselle",325,26465.580557,894.697564,1036.19874,18.410831,1949.307135,28414.8876919999
2024,"44","Grand Est","67","Bas-Rhin",612,21527.8147740001,526.439043,457.663066,89.594594,1073.696703,22601.5114770001
2024,"44","Grand Est","68","Haut-Rhin",612,12548.7316630001,216.870967,319.33864,168.054517,704.264124000001,13252.9957870001
2024,"44","Grand Est","88","Vosges",349,24981.743194,313.153215,553.372826,5.271114,871.797154999999,25853.540349
2024,"52","Pays de la Loire","44","Loire-Atlantique",1246,80580.0222419137,2813.70831501512,3660.78706568809,173.423062,6647.91844270323,87227.9406846171
2024,"52","Pays de la Loire","49","Maine-et-Loire",1217,55850.0775264957,1320.26720534991,2052.09917144475,421.953153264962,3794.31953005963,59644.3970565553
2024,"52","Pays de la Loire","53","Mayenne",559,30811.9014336481,820.390129706054,1244.14650685838,3.91,2068.44663656444,32880.3480702125
2024,"52","Pays de la Loire","72","Sarthe",397,19505.1314954134,602.185819422851,954.507729497069,15.928688,1572.62223691992,21077.7537323333
2024,"52","Pays de la Loire","85","Vendée",783,51016.30120833,1083.57607986914,1621.662399,38.959899,2744.19837786914,53760.4995861991
2024,"53","Bretagne","22","Côtes-d'Armor",1016,39698.7239216574,931.007841167309,1367.2843406832,36.0008411518555,2334.29302300236,42033.0169446598
2024,"53","Bretagne","29","Finistère",1103,33771.8104337138,1217.23679316113,1909.65428623462,55.724296,3182.61537539575,36954.4258091096
2024,"53","Bretagne","35","Ille-et-Vilaine",979,44082.8342363157,1127.25119711207,1580.91740832627,26.1883815051843,2734.35698694353,46817.191223259
2024,"53","Bretagne","56","Morbihan",933,37683.7345928167,957.477988451607,1330.99077334093,29.8664798785485,2318.33524167108,40002.0698344877
2024,"75","Nouvelle-Aquitaine","16","Charente",427,21431.7739222804,556.480135652344,776.037607999999,33.013663,1365.53140665234,22797.3053289328
2024,"75","Nouvelle-Aquitaine","17","Charente-Maritime",470,18166.0583300001,544.84379,578.613575,85.597406,1209.054771,19375.113101
2024,"75","Nouvelle-Aquitaine","19","Corrèze",476,13806.739316,685.93028,2114.924498,98.843211,2899.697989,16706.4373050001
2024,"75","Nouvelle-Aquitaine","23","Creuse",330,19486.115345,1057.452948,1001.324469,40.894468,2099.671885,21585.78723
2024,"75","Nouvelle-Aquitaine","24","Dordogne",1427,39095.2556408542,1797.066514,2614.63194580078,387.895446,4799.59390580079,43894.8495466548
2024,"75","Nouvelle-Aquitaine","33","Gironde",1535,35008.913890336,2389.021838,2370.282646,1111.782577,5871.087061,40880.0009513358
2024,"75","Nouvelle-Aquitaine","40","Landes",388,10974.4095537168,497.419625,418.629706,4.55,920.599330999999,11895.0088847168
2024,"75","Nouvelle-Aquitaine","47","Lot-et-Garonne",998,33999.9669453338,1605.54819,1915.83789377929,268.365764,3789.7518477793,37789.7187931131
2024,"75","Nouvelle-Aquitaine","64","Pyrénées-Atlantiques",856,15830.186714,736.273817,1164.375716,57.118599,1957.768132,17787.954846
2024,"75","Nouvelle-Aquitaine","79","Deux-Sèvres",625,38320.1510137085,960.352755999999,1314.663925,28.614935,2303.631616,40623.7826297086
2024,"75","Nouvelle-Aquitaine","86","Vienne",538,37050.9762436713,1111.61572079102,1154.32955441044,30.224173,2296.16944820145,39347.1456918727
2024,"75","Nouvelle-Aquitaine","87","Haute-Vienne",560,25117.8955739494,1237.927143,1485.506081,45.050871,2768.484095,27886.3796689494
2024,"76","Occitanie","09","Ariège",863,35387.2791861865,3481.826495,1825.556868,3.17218,5310.55554300001,40697.8347291862
2024,"76","Occitanie","11","Aude",1443,54862.3864550367,4891.8327460586,4571.3629734414,656.512289044922,10119.7080085449,64982.0944635818
2024,"76","Occitanie","12","Aveyron",1111,67716.6617375158,2268.931502,2810.18405199999,28.869891,5107.985445,72824.6471825157
2024,"76","Occitanie","30","Gard",1579,40393.1315133395,4464.015791,3441.539589,905.113702000001,8810.66908199999,49203.8005953393
2024,"76","Occitanie","31","Haute-Garonne",1208,39390.504626598,6322.62986599998,3252.440485,7.363281,9582.43363199998,48972.938258598
2024,"76","Occitanie","32","Gers",2045,87582.0701539998,12667.38075,6673.506663,126.359347,19467.24676,107049.316914
2024,"76","Occitanie","34","Hérault",1528,37140.7362856796,3646.95790558693,4026.112445,818.867020659181,8491.93737124612,45632.6736569257
2024,"76","Occitanie","46","Lot",733,23382.0271320938,3886.53800205476,2424.83960582086,139.453766018555,6450.83137389418,29832.8585059881
2024,"76","Occitanie","48","Lozère",470,40869.0997260001,2130.363888,2001.438434,25.872469,4157.674791,45026.7745170002
2024,"76","Occitanie","65","Hautes-Pyrénées",453,8663.37457345117,1300.62674385059,779.999805292969,7.038625,2087.66517414355,10751.0397475948
2024,"76","Occitanie","66","Pyrénées-Orientales",936,21069.0102741426,915.142936728515,1234.69070728418,318.147948006836,2467.98159201953,23536.9918661621
2024,"76","Occitanie","81","Tarn",896,28903.1332796152,2117.624725,2287.221493,68.746746,4473.592964,33376.7262436151
2024,"76","Occitanie","82","Tarn-et-Garonne",858,20963.006543,3191.702232,1668.114228,43.212333,4903.02879300001,25866.0353359999
2024,"84","Auvergne-Rhône-Alpes","01","Ain",349,19148.3241772949,805.176784195311,841.474287,65.396,1712.04707119531,20860.3712484902
2024,"84","Auvergne-Rhône-Alpes","03","Allier",376,20792.2784020001,1294.284386,1118.759069,31.708344,2444.751799,23237.030201
2024,"84","Auvergne-Rhône-Alpes","07","Ardèche",1213,26083.88121,2213.911414,2176.992462,284.279145,4675.18302100001,30759.0642309999
2024,"84","Auvergne-Rhône-Alpes","15","Cantal",367,20919.717266,587.041858000001,1749.336087,10.839296,2347.217241,23266.934507
2024,"84","Auvergne-Rhône-Alpes","26","Drôme",1743,54844.1788923508,2407.393092,2356.97716683594,464.226923,5228.59718183595,60072.776074187
2024,"84","Auvergne-Rhône-Alpes","38","Isère",866,28433.629476,860.658835999999,956.861927999999,201.98464,2019.505404,30453.13488
2024,"84","Auvergne-Rhône-Alpes","42","Loire",575,24498.4720289023,601.707076,1185.21372369727,62.412278,1849.33307769727,26347.8051065996
2024,"84","Auvergne-Rhône-Alpes","43","Haute-Loire",580,29697.0536919997,957.244436999999,1030.629021,8.994025,1996.867483,31693.9211749997
2024,"84","Auvergne-Rhône-Alpes","63","Puy-de-Dôme",627,25930.819334,1291.259455,1245.279825,34.275217,2570.814497,28501.633831
2024,"84","Auvergne-Rhône-Alpes","69","Rhône",773,17986.4358730001,881.592478999999,667.318235999999,304.548682,1853.459397,19839.8952700001
2024,"84","Auvergne-Rhône-Alpes","73","Savoie",256,4559.55425500001,445.851993,780.658309000001,41.581674,1268.091976,5827.64623100002
2024,"84","Auvergne-Rhône-Alpes","74","Haute-Savoie",269,7674.79817100001,492.309265,137.708345,20.815037,650.832647,8325.63081800002
2024,"93","Provence-Alpes-Côte d'Azur","04","Alpes-de-Haute-Provence",611,43366.0310050001,3136.586618,4854.898913,206.130352,8197.615883,51563.646888
2024,"93","Provence-Alpes-Côte d'Azur","05","Hautes-Alpes",459,29078.815426,2664.111664,2679.963477,35.379997,5379.455138,34458.2705639999
2024,"93","Provence-Alpes-Côte d'Azur","06","Alpes-Maritimes",412,7435.07436500001,1102.52651,605.08244,56.795023,1764.403973,9199.47833800002
2024,"93","Provence-Alpes-Côte d'Azur","13","Bouches-du-Rhône",1172,43616.7192941484,2598.33362051367,2325.11693885742,382.354194,5305.80475337109,48922.5240475195
2024,"93","Provence-Alpes-Côte d'Azur","83","Var",1093,22394.133767,1956.606445,1983.88792238672,781.023659,4721.51802638673,27115.6517933868
2024,"93","Provence-Alpes-Côte d'Azur","84","Vaucluse",1426,31607.338530041,1971.926006,3110.49841870703,1377.977541,6460.40196570704,38067.7404957476
2024,"94","Corse","2A","Corse-du-Sud",204,10585.22977,1426.47529,1193.435784,66.401783,2686.312857,13271.542627
2024,"94","Corse","2B","Haute-Corse",382,14818.8572780001,3724.063832,1740.997836,119.090007,5584.151675,20403.0089529999
2024,NA,"Collectivités d'outre-mer","978","Saint-Martin",2,45.861535,0,0,0,0,45.861535
