annee,tranche_annees,code_region,nom_region,code_departement,nom_departement,id_zone_climatique,nom_zone_climatique,nb_nouveaux_exploitants,surface_conversion,evolution_surf_bio,type_alerte,nb_alertes
2010,2010-2014,84,Auvergne-Rhône-Alpes,01,Ain,1,H1,7,2344.477,0.000,Gel,151
2010,2010-2014,84,Auvergne-Rhône-Alpes,01,Ain,1,H1,7,2344.477,0.000,Inondation,13
2010,2010-2014,84,Auvergne-Rhône-Alpes,01,Ain,1,H1,7,2344.477,0.000,Sécheresse,92
2011,2010-2014,84,Auvergne-Rhône-Alpes,01,Ain,1,H1,7,1800.524,669.984,Gel,132
2011,2010-2014,84,Auvergne-Rhône-Alpes,01,Ain,1,H1,7,1800.524,669.984,Inondation,17
2011,2010-2014,84,Auvergne-Rhône-Alpes,01,Ain,1,H1,7,1800.524,669.984,Sécheresse,120
2012,2010-2014,84,Auvergne-Rhône-Alpes,01,Ain,1,H1,16,1002.332,487.129,Gel,158
2012,2010-2014,84,Auvergne-Rhône-Alpes,01,Ain,1,H1,16,1002.332,487.129,Inondation,24
2012,2010-2014,84,Auvergne-Rhône-Alpes,01,Ain,1,H1,16,1002.332,487.129,Sécheresse,106
2013,2010-2014,84,Auvergne-Rhône-Alpes,01,Ain,1,H1,12,888.046,285.111,Gel,157
2013,2010-2014,84,Auvergne-Rhône-Alpes,01,Ain,1,H1,12,888.046,285.111,Inondation,23
2013,2010-2014,84,Auvergne-Rhône-Alpes,01,Ain,1,H1,12,888.046,285.111,Sécheresse,91
2014,2010-2014,84,Auvergne-Rhône-Alpes,01,Ain,1,H1,4,928.668,126.012,Gel,122
2014,2010-2014,84,Auvergne-Rhône-Alpes,01,Ain,1,H1,4,928.668,126.012,Inondation,17
2014,2010-2014,84,Auvergne-Rhône-Alpes,01,Ain,1,H1,4,928.668,126.012,Sécheresse,98
2015,2015-2019,84,Auvergne-Rhône-Alpes,01,Ain,1,H1,11,1196.114,682.790,Gel,151
2015,2015-2019,84,Auvergne-Rhône-Alpes,01,Ain,1,H1,11,1196.114,682.790,Inondation,17
2015,2015-2019,84,Auvergne-Rhône-Alpes,01,Ain,1,H1,11,1196.114,682.790,Sécheresse,107
2016,2015-2019,84,Auvergne-Rhône-Alpes,01,Ain,1,H1,21,2545.353,2397.528,Gel,159
2016,2015-2019,84,Auvergne-Rhône-Alpes,01,Ain,1,H1,21,2545.353,2397.528,Inondation,21
2016,2015-2019,84,Auvergne-Rhône-Alpes,01,Ain,1,H1,21,2545.353,2397.528,Sécheresse,101
2017,2015-2019,84,Auvergne-Rhône-Alpes,01,Ain,1,H1,29,4154.293,2376.192,Gel,156
2017,2015-2019,84,Auvergne-Rhône-Alpes,01,Ain,1,H1,29,4154.293,2376.192,Inondation,16
2017,2015-2019,84,Auvergne-Rhône-Alpes,01,Ain,1,H1,29,4154.293,2376.192,Sécheresse,117
2018,2015-2019,84,Auvergne-Rhône-Alpes,01,Ain,1,H1,32,5014.504,2576.555,Gel,118
2018,2015-2019,84,Auvergne-Rhône-Alpes,01,Ain,1,H1,32,5014.504,2576.555,Inondation,21
2018,2015-2019,84,Auvergne-Rhône-Alpes,01,Ain,1,H1,32,5014.504,2576.555,Sécheresse,149
2019,2015-2019,84,Auvergne-Rhône-Alpes,01,Ain,1,H1,34,5159.381,2285.714,Gel,147
2019,2015-2019,84,Auvergne-Rhône-Alpes,01,Ain,1,H1,34,5159.381,2285.714,Inondation,15
2019,2015-2019,84,Auvergne-Rhône-Alpes,01,Ain,1,H1,34,5159.381,2285.714,Sécheresse,112
2020,2020-2024,84,Auvergne-Rhône-Alpes,01,Ain,1,H1,28,4005.786,2225.190,Gel,128
2020,2020-2024,84,Auvergne-Rhône-Alpes,01,Ain,1,H1,28,4005.786,2225.190,Inondation,14
2020,2020-2024,84,Auvergne-Rhône-Alpes,01,Ain,1,H1,28,4005.786,2225.190,Sécheresse,116
2021,2020-2024,84,Auvergne-Rhône-Alpes,01,Ain,1,H1,30,3778.886,527.001,Gel,149
2021,2020-2024,84,Auvergne-Rhône-Alpes,01,Ain,1,H1,30,3778.886,527.001,Inondation,19
2021,2020-2024,84,Auvergne-Rhône-Alpes,01,Ain,1,H1,30,3778.886,527.001,Sécheresse,93
2022,2020-2024,84,Auvergne-Rhône-Alpes,01,Ain,1,H1,30,2830.553,822.974,Gel,131
2022,2020-2024,84,Auvergne-Rhône-Alpes,01,Ain,1,H1,30,2830.553,822.974,Inondation,8
2022,2020-2024,84,Auvergne-Rhône-Alpes,01,Ain,1,H1,30,2830.553,822.974,Sécheresse,130
2023,2020-2024,84,Auvergne-Rhône-Alpes,01,Ain,1,H1,19,2085.583,-78.956,Gel,127
2023,2020-2024,84,Auvergne-Rhône-Alpes,01,Ain,1,H1,19,2085.583,-78.956,Inondation,14
2023,2020-2024,84,Auvergne-Rhône-Alpes,01,Ain,1,H1,19,2085.583,-78.956,Sécheresse,130
2024,2020-2024,84,Auvergne-Rhône-Alpes,01,Ain,1,H1,32,1712.047,-441.583,Gel,128
2024,2020-2024,84,Auvergne-Rhône-Alpes,01,Ain,1,H1,32,1712.047,-441.583,Inondation,9
2024,2020-2024,84,Auvergne-Rhône-Alpes,01,Ain,1,H1,32,1712.047,-441.583,Sécheresse,98
2010,2010-2014,94,Corse,2A,Corse-du-Sud,3,H3,0,1356.107,-16190.733,Gel,150
2010,2010-2014,94,Corse,2A,Corse-du-Sud,3,H3,0,1356.107,-16190.733,Inondation,31
2010,2010-2014,94,Corse,2A,Corse-du-Sud,3,H3,0,1356.107,-16190.733,Sécheresse,147
2011,2010-2014,94,Corse,2A,Corse-du-Sud,3,H3,0,616.531,1043.207,Gel,162
2011,2010-2014,94,Corse,2A,Corse-du-Sud,3,H3,0,616.531,1043.207,Inondation,25
2011,2010-2014,94,Corse,2A,Corse-du-Sud,3,H3,0,616.531,1043.207,Sécheresse,168
2012,2010-2014,94,Corse,2A,Corse-du-Sud,3,H3,0,347.795,478.744,Gel,140
2012,2010-2014,94,Corse,2A,Corse-du-Sud,3,H3,0,347.795,478.744,Inondation,29
2012,2010-2014,94,Corse,2A,Corse-du-Sud,3,H3,0,347.795,478.744,Sécheresse,161
2013,2010-2014,94,Corse,2A,Corse-du-Sud,3,H3,0,133.183,-725.881,Gel,173
2013,2010-2014,94,Corse,2A,Corse-du-Sud,3,H3,0,133.183,-725.881,Inondation,29
2013,2010-2014,94,Corse,2A,Corse-du-Sud,3,H3,0,133.183,-725.881,Sécheresse,167
2014,2010-2014,94,Corse,2A,Corse-du-Sud,3,H3,0,164.416,-72.532,Gel,170
2014,2010-2014,94,Corse,2A,Corse-du-Sud,3,H3,0,164.416,-72.532,Inondation,33
2014,2010-2014,94,Corse,2A,Corse-du-Sud,3,H3,0,164.416,-72.532,Sécheresse,158
2015,2015-2019,94,Corse,2A,Corse-du-Sud,3,H3,0,810.156,1311.893,Gel,155
2015,2015-2019,94,Corse,2A,Corse-du-Sud,3,H3,0,810.156,1311.893,Inondation,25
2015,2015-2019,94,Corse,2A,Corse-du-Sud,3,H3,0,810.156,1311.893,Sécheresse,160
2016,2015-2019,94,Corse,2A,Corse-du-Sud,3,H3,0,1115.950,387.428,Gel,169
2016,2015-2019,94,Corse,2A,Corse-du-Sud,3,H3,0,1115.950,387.428,Inondation,29
2016,2015-2019,94,Corse,2A,Corse-du-Sud,3,H3,0,1115.950,387.428,Sécheresse,160
2017,2015-2019,94,Corse,2A,Corse-du-Sud,3,H3,0,2759.640,3305.024,Gel,165
2017,2015-2019,94,Corse,2A,Corse-du-Sud,3,H3,0,2759.640,3305.024,Inondation,20
2017,2015-2019,94,Corse,2A,Corse-du-Sud,3,H3,0,2759.640,3305.024,Sécheresse,170
2018,2015-2019,94,Corse,2A,Corse-du-Sud,3,H3,0,3356.725,1709.941,Gel,161
2018,2015-2019,94,Corse,2A,Corse-du-Sud,3,H3,0,3356.725,1709.941,Inondation,40
2018,2015-2019,94,Corse,2A,Corse-du-Sud,3,H3,0,3356.725,1709.941,Sécheresse,164
2019,2015-2019,94,Corse,2A,Corse-du-Sud,3,H3,0,4275.554,2428.536,Gel,192
2019,2015-2019,94,Corse,2A,Corse-du-Sud,3,H3,0,4275.554,2428.536,Inondation,32
2019,2015-2019,94,Corse,2A,Corse-du-Sud,3,H3,0,4275.554,2428.536,Sécheresse,157
2020,2020-2024,94,Corse,2A,Corse-du-Sud,3,H3,0,2939.248,826.878,Gel,119
2020,2020-2024,94,Corse,2A,Corse-du-Sud,3,H3,0,2939.248,826.878,Inondation,29
2020,2020-2024,94,Corse,2A,Corse-du-Sud,3,H3,0,2939.248,826.878,Sécheresse,149
2021,2020-2024,94,Corse,2A,Corse-du-Sud,3,H3,0,1348.941,2480.077,Gel,163
2021,2020-2024,94,Corse,2A,Corse-du-Sud,3,H3,0,1348.941,2480.077,Inondation,19
2021,2020-2024,94,Corse,2A,Corse-du-Sud,3,H3,0,1348.941,2480.077,Sécheresse,146
2022,2020-2024,94,Corse,2A,Corse-du-Sud,3,H3,0,1337.766,-1166.340,Gel,163
2022,2020-2024,94,Corse,2A,Corse-du-Sud,3,H3,0,1337.766,-1166.340,Inondation,17
2022,2020-2024,94,Corse,2A,Corse-du-Sud,3,H3,0,1337.766,-1166.340,Sécheresse,178
2023,2020-2024,94,Corse,2A,Corse-du-Sud,3,H3,0,2540.735,-574.600,Gel,163
2023,2020-2024,94,Corse,2A,Corse-du-Sud,3,H3,0,2540.735,-574.600,Inondation,28
2023,2020-2024,94,Corse,2A,Corse-du-Sud,3,H3,0,2540.735,-574.600,Sécheresse,178
2024,2020-2024,94,Corse,2A,Corse-du-Sud,3,H3,0,2686.313,-2830.470,Gel,159
2024,2020-2024,94,Corse,2A,Corse-du-Sud,3,H3,0,2686.313,-2830.470,Inondation,20
2024,2020-2024,94,Corse,2A,Corse-du-Sud,3,H3,0,2686.313,-2830.470,Sécheresse,176
2010,2010-2014,94,Corse,2B,Haute-Corse,3,H3,0,982.136,-9408.428,Gel,144
2010,2010-2014,94,Corse,2B,Haute-Corse,3,H3,0,982.136,-9408.428,Inondation,22
2010,2010-2014,94,Corse,2B,Haute-Corse,3,H3,0,982.136,-9408.428,Sécheresse,135
2011,2010-2014,94,Corse,2B,Haute-Corse,3,H3,0,1196.902,762.096,Gel,111
2011,2010-2014,94,Corse,2B,Haute-Corse,3,H3,0,1196.902,762.096,Inondation,17
2011,2010-2014,94,Corse,2B,Haute-Corse,3,H3,0,1196.902,762.096,Sécheresse,160
2012,2010-2014,94,Corse,2B,Haute-Corse,3,H3,0,659.696,-55.837,Gel,135
2012,2010-2014,94,Corse,2B,Haute-Corse,3,H3,0,659.696,-55.837,Inondation,15
2012,2010-2014,94,Corse,2B,Haute-Corse,3,H3,0,659.696,-55.837,Sécheresse,147
2013,2010-2014,94,Corse,2B,Haute-Corse,3,H3,0,380.736,58.640,Gel,144
2013,2010-2014,94,Corse,2B,Haute-Corse,3,H3,0,380.736,58.640,Inondation,19
2013,2010-2014,94,Corse,2B,Haute-Corse,3,H3,0,380.736,58.640,Sécheresse,143
2014,2010-2014,94,Corse,2B,Haute-Corse,3,H3,0,585.346,81.972,Gel,118
2014,2010-2014,94,Corse,2B,Haute-Corse,3,H3,0,585.346,81.972,Inondation,21
2014,2010-2014,94,Corse,2B,Haute-Corse,3,H3,0,585.346,81.972,Sécheresse,159
2015,2015-2019,94,Corse,2B,Haute-Corse,3,H3,0,870.200,440.685,Gel,140
2015,2015-2019,94,Corse,2B,Haute-Corse,3,H3,0,870.200,440.685,Inondation,19
2015,2015-2019,94,Corse,2B,Haute-Corse,3,H3,0,870.200,440.685,Sécheresse,150
2016,2015-2019,94,Corse,2B,Haute-Corse,3,H3,0,1297.902,455.155,Gel,137
2016,2015-2019,94,Corse,2B,Haute-Corse,3,H3,0,1297.902,455.155,Inondation,16
2016,2015-2019,94,Corse,2B,Haute-Corse,3,H3,0,1297.902,455.155,Sécheresse,142
2017,2015-2019,94,Corse,2B,Haute-Corse,3,H3,0,3965.400,3780.177,Gel,126
2017,2015-2019,94,Corse,2B,Haute-Corse,3,H3,0,3965.400,3780.177,Inondation,14
2017,2015-2019,94,Corse,2B,Haute-Corse,3,H3,0,3965.400,3780.177,Sécheresse,148
2018,2015-2019,94,Corse,2B,Haute-Corse,3,H3,0,7020.843,4230.292,Gel,134
2018,2015-2019,94,Corse,2B,Haute-Corse,3,H3,0,7020.843,4230.292,Inondation,26
2018,2015-2019,94,Corse,2B,Haute-Corse,3,H3,0,7020.843,4230.292,Sécheresse,150
2019,2015-2019,94,Corse,2B,Haute-Corse,3,H3,0,2847.660,-371.697,Gel,148
2019,2015-2019,94,Corse,2B,Haute-Corse,3,H3,0,2847.660,-371.697,Inondation,24
2019,2015-2019,94,Corse,2B,Haute-Corse,3,H3,0,2847.660,-371.697,Sécheresse,145
2020,2020-2024,94,Corse,2B,Haute-Corse,3,H3,0,3249.676,2264.957,Gel,127
2020,2020-2024,94,Corse,2B,Haute-Corse,3,H3,0,3249.676,2264.957,Inondation,18
2020,2020-2024,94,Corse,2B,Haute-Corse,3,H3,0,3249.676,2264.957,Sécheresse,144
2021,2020-2024,94,Corse,2B,Haute-Corse,3,H3,0,6489.286,5174.835,Gel,136
2021,2020-2024,94,Corse,2B,Haute-Corse,3,H3,0,6489.286,5174.835,Inondation,9
2021,2020-2024,94,Corse,2B,Haute-Corse,3,H3,0,6489.286,5174.835,Sécheresse,148
2022,2020-2024,94,Corse,2B,Haute-Corse,3,H3,0,7848.848,4037.399,Gel,124
2022,2020-2024,94,Corse,2B,Haute-Corse,3,H3,0,7848.848,4037.399,Inondation,11
2022,2020-2024,94,Corse,2B,Haute-Corse,3,H3,0,7848.848,4037.399,Sécheresse,174
2023,2020-2024,94,Corse,2B,Haute-Corse,3,H3,0,4130.922,-4594.717,Gel,127
2023,2020-2024,94,Corse,2B,Haute-Corse,3,H3,0,4130.922,-4594.717,Inondation,17
2023,2020-2024,94,Corse,2B,Haute-Corse,3,H3,0,4130.922,-4594.717,Sécheresse,175
2024,2020-2024,94,Corse,2B,Haute-Corse,3,H3,0,5584.152,275.937,Gel,124
2024,2020-2024,94,Corse,2B,Haute-Corse,3,H3,0,5584.152,275.937,Inondation,26
2024,2020-2024,94,Corse,2B,Haute-Corse,3,H3,0,5584.152,275.937,Sécheresse,162
2010,2010-2014,32,Hauts-de-France,02,Aisne,1,H1,5,264.228,-18960.757,Gel,120
2010,2010-2014,32,Hauts-de-France,02,Aisne,1,H1,5,264.228,-18960.757,Inondation,7
2010,2010-2014,32,Hauts-de-France,02,Aisne,1,H1,5,264.228,-18960.757,Sécheresse,57
2011,2010-2014,32,Hauts-de-France,02,Aisne,1,H1,6,656.661,492.047,Gel,68
2011,2010-2014,32,Hauts-de-France,02,Aisne,1,H1,6,656.661,492.047,Inondation,3
2011,2010-2014,32,Hauts-de-France,02,Aisne,1,H1,6,656.661,492.047,Sécheresse,69
2012,2010-2014,32,Hauts-de-France,02,Aisne,1,H1,7,610.200,385.761,Gel,68
2012,2010-2014,32,Hauts-de-France,02,Aisne,1,H1,7,610.200,385.761,Inondation,1
2012,2010-2014,32,Hauts-de-France,02,Aisne,1,H1,7,610.200,385.761,Sécheresse,45
2013,2010-2014,32,Hauts-de-France,02,Aisne,1,H1,4,280.820,105.820,Gel,94
2013,2010-2014,32,Hauts-de-France,02,Aisne,1,H1,4,280.820,105.820,Inondation,3
2013,2010-2014,32,Hauts-de-France,02,Aisne,1,H1,4,280.820,105.820,Sécheresse,51
2014,2010-2014,32,Hauts-de-France,02,Aisne,1,H1,4,238.347,103.297,Gel,45
2014,2010-2014,32,Hauts-de-France,02,Aisne,1,H1,4,238.347,103.297,Inondation,0
2014,2010-2014,32,Hauts-de-France,02,Aisne,1,H1,4,238.347,103.297,Sécheresse,39
2015,2015-2019,32,Hauts-de-France,02,Aisne,1,H1,7,842.502,543.630,Gel,66
2015,2015-2019,32,Hauts-de-France,02,Aisne,1,H1,7,842.502,543.630,Inondation,3
2015,2015-2019,32,Hauts-de-France,02,Aisne,1,H1,7,842.502,543.630,Sécheresse,52
2016,2015-2019,32,Hauts-de-France,02,Aisne,1,H1,11,1178.052,464.990,Gel,69
2016,2015-2019,32,Hauts-de-France,02,Aisne,1,H1,11,1178.052,464.990,Inondation,5
2016,2015-2019,32,Hauts-de-France,02,Aisne,1,H1,11,1178.052,464.990,Sécheresse,53
2017,2015-2019,32,Hauts-de-France,02,Aisne,1,H1,17,1812.713,1563.999,Gel,64
2017,2015-2019,32,Hauts-de-France,02,Aisne,1,H1,17,1812.713,1563.999,Inondation,2
2017,2015-2019,32,Hauts-de-France,02,Aisne,1,H1,17,1812.713,1563.999,Sécheresse,61
2018,2015-2019,32,Hauts-de-France,02,Aisne,1,H1,15,1862.329,843.996,Gel,61
2018,2015-2019,32,Hauts-de-France,02,Aisne,1,H1,15,1862.329,843.996,Inondation,4
2018,2015-2019,32,Hauts-de-France,02,Aisne,1,H1,15,1862.329,843.996,Sécheresse,93
2019,2015-2019,32,Hauts-de-France,02,Aisne,1,H1,32,2514.121,1540.769,Gel,56
2019,2015-2019,32,Hauts-de-France,02,Aisne,1,H1,32,2514.121,1540.769,Inondation,1
2019,2015-2019,32,Hauts-de-France,02,Aisne,1,H1,32,2514.121,1540.769,Sécheresse,68
2020,2020-2024,32,Hauts-de-France,02,Aisne,1,H1,36,3402.036,1659.575,Gel,46
2020,2020-2024,32,Hauts-de-France,02,Aisne,1,H1,36,3402.036,1659.575,Inondation,1
2020,2020-2024,32,Hauts-de-France,02,Aisne,1,H1,36,3402.036,1659.575,Sécheresse,90
2021,2020-2024,32,Hauts-de-France,02,Aisne,1,H1,30,3555.336,1759.698,Gel,80
2021,2020-2024,32,Hauts-de-France,02,Aisne,1,H1,30,3555.336,1759.698,Inondation,2
2021,2020-2024,32,Hauts-de-France,02,Aisne,1,H1,30,3555.336,1759.698,Sécheresse,55
2022,2020-2024,32,Hauts-de-France,02,Aisne,1,H1,8,2758.907,1129.871,Gel,73
2022,2020-2024,32,Hauts-de-France,02,Aisne,1,H1,8,2758.907,1129.871,Inondation,0
2022,2020-2024,32,Hauts-de-France,02,Aisne,1,H1,8,2758.907,1129.871,Sécheresse,91
2023,2020-2024,32,Hauts-de-France,02,Aisne,1,H1,9,1266.295,-696.035,Gel,59
2023,2020-2024,32,Hauts-de-France,02,Aisne,1,H1,9,1266.295,-696.035,Inondation,1
2023,2020-2024,32,Hauts-de-France,02,Aisne,1,H1,9,1266.295,-696.035,Sécheresse,95
2024,2020-2024,32,Hauts-de-France,02,Aisne,1,H1,6,871.671,-644.457,Gel,44
2024,2020-2024,32,Hauts-de-France,02,Aisne,1,H1,6,871.671,-644.457,Inondation,1
2024,2020-2024,32,Hauts-de-France,02,Aisne,1,H1,6,871.671,-644.457,Sécheresse,59
2010,2010-2014,84,Auvergne-Rhône-Alpes,03,Allier,1,H1,14,4164.481,2215.597,Gel,134
2010,2010-2014,84,Auvergne-Rhône-Alpes,03,Allier,1,H1,14,4164.481,2215.597,Inondation,7
2010,2010-2014,84,Auvergne-Rhône-Alpes,03,Allier,1,H1,14,4164.481,2215.597,Sécheresse,91
2011,2010-2014,84,Auvergne-Rhône-Alpes,03,Allier,1,H1,10,3414.585,1489.284,Gel,96
2011,2010-2014,84,Auvergne-Rhône-Alpes,03,Allier,1,H1,10,3414.585,1489.284,Inondation,4
2011,2010-2014,84,Auvergne-Rhône-Alpes,03,Allier,1,H1,10,3414.585,1489.284,Sécheresse,113
2012,2010-2014,84,Auvergne-Rhône-Alpes,03,Allier,1,H1,6,1828.551,683.216,Gel,112
2012,2010-2014,84,Auvergne-Rhône-Alpes,03,Allier,1,H1,6,1828.551,683.216,Inondation,9
2012,2010-2014,84,Auvergne-Rhône-Alpes,03,Allier,1,H1,6,1828.551,683.216,Sécheresse,98
2013,2010-2014,84,Auvergne-Rhône-Alpes,03,Allier,1,H1,7,1841.940,853.210,Gel,133
2013,2010-2014,84,Auvergne-Rhône-Alpes,03,Allier,1,H1,7,1841.940,853.210,Inondation,7
2013,2010-2014,84,Auvergne-Rhône-Alpes,03,Allier,1,H1,7,1841.940,853.210,Sécheresse,88
2014,2010-2014,84,Auvergne-Rhône-Alpes,03,Allier,1,H1,7,2040.920,158.827,Gel,97
2014,2010-2014,84,Auvergne-Rhône-Alpes,03,Allier,1,H1,7,2040.920,158.827,Inondation,13
2014,2010-2014,84,Auvergne-Rhône-Alpes,03,Allier,1,H1,7,2040.920,158.827,Sécheresse,87
2015,2015-2019,84,Auvergne-Rhône-Alpes,03,Allier,1,H1,20,4851.180,2664.821,Gel,118
2015,2015-2019,84,Auvergne-Rhône-Alpes,03,Allier,1,H1,20,4851.180,2664.821,Inondation,6
2015,2015-2019,84,Auvergne-Rhône-Alpes,03,Allier,1,H1,20,4851.180,2664.821,Sécheresse,95
2016,2015-2019,84,Auvergne-Rhône-Alpes,03,Allier,1,H1,20,3977.858,1124.352,Gel,132
2016,2015-2019,84,Auvergne-Rhône-Alpes,03,Allier,1,H1,20,3977.858,1124.352,Inondation,5
2016,2015-2019,84,Auvergne-Rhône-Alpes,03,Allier,1,H1,20,3977.858,1124.352,Sécheresse,94
2017,2015-2019,84,Auvergne-Rhône-Alpes,03,Allier,1,H1,26,3270.695,1173.273,Gel,125
2017,2015-2019,84,Auvergne-Rhône-Alpes,03,Allier,1,H1,26,3270.695,1173.273,Inondation,6
2017,2015-2019,84,Auvergne-Rhône-Alpes,03,Allier,1,H1,26,3270.695,1173.273,Sécheresse,109
2018,2015-2019,84,Auvergne-Rhône-Alpes,03,Allier,1,H1,20,2266.443,210.734,Gel,90
2018,2015-2019,84,Auvergne-Rhône-Alpes,03,Allier,1,H1,20,2266.443,210.734,Inondation,9
2018,2015-2019,84,Auvergne-Rhône-Alpes,03,Allier,1,H1,20,2266.443,210.734,Sécheresse,133
2019,2015-2019,84,Auvergne-Rhône-Alpes,03,Allier,1,H1,15,2502.592,1320.824,Gel,121
2019,2015-2019,84,Auvergne-Rhône-Alpes,03,Allier,1,H1,15,2502.592,1320.824,Inondation,2
2019,2015-2019,84,Auvergne-Rhône-Alpes,03,Allier,1,H1,15,2502.592,1320.824,Sécheresse,105
2012,2010-2014,44,Grand Est,51,Marne,1,H1,13,1109.197,68.709,Gel,96
2020,2020-2024,84,Auvergne-Rhône-Alpes,03,Allier,1,H1,22,2207.205,381.709,Gel,98
2020,2020-2024,84,Auvergne-Rhône-Alpes,03,Allier,1,H1,22,2207.205,381.709,Inondation,4
2020,2020-2024,84,Auvergne-Rhône-Alpes,03,Allier,1,H1,22,2207.205,381.709,Sécheresse,118
2021,2020-2024,84,Auvergne-Rhône-Alpes,03,Allier,1,H1,24,2149.349,-370.743,Gel,135
2021,2020-2024,84,Auvergne-Rhône-Alpes,03,Allier,1,H1,24,2149.349,-370.743,Inondation,10
2021,2020-2024,84,Auvergne-Rhône-Alpes,03,Allier,1,H1,24,2149.349,-370.743,Sécheresse,86
2022,2020-2024,84,Auvergne-Rhône-Alpes,03,Allier,1,H1,35,1927.807,-123.890,Gel,95
2022,2020-2024,84,Auvergne-Rhône-Alpes,03,Allier,1,H1,35,1927.807,-123.890,Inondation,2
2022,2020-2024,84,Auvergne-Rhône-Alpes,03,Allier,1,H1,35,1927.807,-123.890,Sécheresse,123
2023,2020-2024,84,Auvergne-Rhône-Alpes,03,Allier,1,H1,23,1933.533,-333.789,Gel,89
2023,2020-2024,84,Auvergne-Rhône-Alpes,03,Allier,1,H1,23,1933.533,-333.789,Inondation,3
2023,2020-2024,84,Auvergne-Rhône-Alpes,03,Allier,1,H1,23,1933.533,-333.789,Sécheresse,125
2024,2020-2024,84,Auvergne-Rhône-Alpes,03,Allier,1,H1,30,2444.752,1094.392,Gel,89
2024,2020-2024,84,Auvergne-Rhône-Alpes,03,Allier,1,H1,30,2444.752,1094.392,Inondation,8
2024,2020-2024,84,Auvergne-Rhône-Alpes,03,Allier,1,H1,30,2444.752,1094.392,Sécheresse,91
2010,2010-2014,93,Provence-Alpes-Côte d'Azur,04,Alpes-de-Haute-Provence,2,H2,30,4079.297,-7320.321,Gel,236
2010,2010-2014,93,Provence-Alpes-Côte d'Azur,04,Alpes-de-Haute-Provence,2,H2,30,4079.297,-7320.321,Inondation,14
2010,2010-2014,93,Provence-Alpes-Côte d'Azur,04,Alpes-de-Haute-Provence,2,H2,30,4079.297,-7320.321,Sécheresse,123
2011,2010-2014,93,Provence-Alpes-Côte d'Azur,04,Alpes-de-Haute-Provence,2,H2,19,3389.773,2243.197,Gel,220
2011,2010-2014,93,Provence-Alpes-Côte d'Azur,04,Alpes-de-Haute-Provence,2,H2,19,3389.773,2243.197,Inondation,18
2011,2010-2014,93,Provence-Alpes-Côte d'Azur,04,Alpes-de-Haute-Provence,2,H2,19,3389.773,2243.197,Sécheresse,146
2012,2010-2014,93,Provence-Alpes-Côte d'Azur,04,Alpes-de-Haute-Provence,2,H2,15,2692.605,1694.248,Gel,227
2012,2010-2014,93,Provence-Alpes-Côte d'Azur,04,Alpes-de-Haute-Provence,2,H2,15,2692.605,1694.248,Inondation,16
2012,2010-2014,93,Provence-Alpes-Côte d'Azur,04,Alpes-de-Haute-Provence,2,H2,15,2692.605,1694.248,Sécheresse,137
2013,2010-2014,93,Provence-Alpes-Côte d'Azur,04,Alpes-de-Haute-Provence,2,H2,17,2743.518,1098.311,Gel,218
2013,2010-2014,93,Provence-Alpes-Côte d'Azur,04,Alpes-de-Haute-Provence,2,H2,17,2743.518,1098.311,Inondation,18
2013,2010-2014,93,Provence-Alpes-Côte d'Azur,04,Alpes-de-Haute-Provence,2,H2,17,2743.518,1098.311,Sécheresse,120
2014,2010-2014,93,Provence-Alpes-Côte d'Azur,04,Alpes-de-Haute-Provence,2,H2,25,3806.612,671.473,Gel,221
2014,2010-2014,93,Provence-Alpes-Côte d'Azur,04,Alpes-de-Haute-Provence,2,H2,25,3806.612,671.473,Inondation,18
2014,2010-2014,93,Provence-Alpes-Côte d'Azur,04,Alpes-de-Haute-Provence,2,H2,25,3806.612,671.473,Sécheresse,143
2012,2010-2014,76,Occitanie,09,Ariège,2,H2,10,1654.785,738.894,Gel,193
2012,2010-2014,76,Occitanie,09,Ariège,2,H2,10,1654.785,738.894,Inondation,10
2012,2010-2014,76,Occitanie,09,Ariège,2,H2,10,1654.785,738.894,Sécheresse,123
2015,2015-2019,93,Provence-Alpes-Côte d'Azur,04,Alpes-de-Haute-Provence,2,H2,32,8948.454,6763.314,Gel,228
2015,2015-2019,93,Provence-Alpes-Côte d'Azur,04,Alpes-de-Haute-Provence,2,H2,32,8948.454,6763.314,Inondation,13
2015,2015-2019,93,Provence-Alpes-Côte d'Azur,04,Alpes-de-Haute-Provence,2,H2,32,8948.454,6763.314,Sécheresse,141
2016,2015-2019,93,Provence-Alpes-Côte d'Azur,04,Alpes-de-Haute-Provence,2,H2,21,9608.478,2900.034,Gel,246
2016,2015-2019,93,Provence-Alpes-Côte d'Azur,04,Alpes-de-Haute-Provence,2,H2,21,9608.478,2900.034,Inondation,13
2016,2015-2019,93,Provence-Alpes-Côte d'Azur,04,Alpes-de-Haute-Provence,2,H2,21,9608.478,2900.034,Sécheresse,124
2017,2015-2019,93,Provence-Alpes-Côte d'Azur,04,Alpes-de-Haute-Provence,2,H2,22,8291.831,4393.625,Gel,241
2017,2015-2019,93,Provence-Alpes-Côte d'Azur,04,Alpes-de-Haute-Provence,2,H2,22,8291.831,4393.625,Inondation,6
2017,2015-2019,93,Provence-Alpes-Côte d'Azur,04,Alpes-de-Haute-Provence,2,H2,22,8291.831,4393.625,Sécheresse,156
2018,2015-2019,93,Provence-Alpes-Côte d'Azur,04,Alpes-de-Haute-Provence,2,H2,28,6791.134,2920.704,Gel,198
2018,2015-2019,93,Provence-Alpes-Côte d'Azur,04,Alpes-de-Haute-Provence,2,H2,28,6791.134,2920.704,Inondation,26
2018,2015-2019,93,Provence-Alpes-Côte d'Azur,04,Alpes-de-Haute-Provence,2,H2,28,6791.134,2920.704,Sécheresse,159
2019,2015-2019,93,Provence-Alpes-Côte d'Azur,04,Alpes-de-Haute-Provence,2,H2,41,7943.922,3153.534,Gel,222
2019,2015-2019,93,Provence-Alpes-Côte d'Azur,04,Alpes-de-Haute-Provence,2,H2,41,7943.922,3153.534,Inondation,25
2019,2015-2019,93,Provence-Alpes-Côte d'Azur,04,Alpes-de-Haute-Provence,2,H2,41,7943.922,3153.534,Sécheresse,132
2020,2020-2024,93,Provence-Alpes-Côte d'Azur,04,Alpes-de-Haute-Provence,2,H2,51,8717.663,3045.992,Gel,216
2020,2020-2024,93,Provence-Alpes-Côte d'Azur,04,Alpes-de-Haute-Provence,2,H2,51,8717.663,3045.992,Inondation,10
2020,2020-2024,93,Provence-Alpes-Côte d'Azur,04,Alpes-de-Haute-Provence,2,H2,51,8717.663,3045.992,Sécheresse,135
2021,2020-2024,93,Provence-Alpes-Côte d'Azur,04,Alpes-de-Haute-Provence,2,H2,44,8702.527,2454.970,Gel,231
2021,2020-2024,93,Provence-Alpes-Côte d'Azur,04,Alpes-de-Haute-Provence,2,H2,44,8702.527,2454.970,Inondation,6
2021,2020-2024,93,Provence-Alpes-Côte d'Azur,04,Alpes-de-Haute-Provence,2,H2,44,8702.527,2454.970,Sécheresse,123
2022,2020-2024,93,Provence-Alpes-Côte d'Azur,04,Alpes-de-Haute-Provence,2,H2,45,11790.618,6271.741,Gel,195
2022,2020-2024,93,Provence-Alpes-Côte d'Azur,04,Alpes-de-Haute-Provence,2,H2,45,11790.618,6271.741,Inondation,9
2022,2020-2024,93,Provence-Alpes-Côte d'Azur,04,Alpes-de-Haute-Provence,2,H2,45,11790.618,6271.741,Sécheresse,152
2023,2020-2024,93,Provence-Alpes-Côte d'Azur,04,Alpes-de-Haute-Provence,2,H2,61,10343.711,1015.533,Gel,204
2023,2020-2024,93,Provence-Alpes-Côte d'Azur,04,Alpes-de-Haute-Provence,2,H2,61,10343.711,1015.533,Inondation,12
2023,2020-2024,93,Provence-Alpes-Côte d'Azur,04,Alpes-de-Haute-Provence,2,H2,61,10343.711,1015.533,Sécheresse,137
2024,2020-2024,93,Provence-Alpes-Côte d'Azur,04,Alpes-de-Haute-Provence,2,H2,52,8197.616,-2979.738,Gel,212
2024,2020-2024,93,Provence-Alpes-Côte d'Azur,04,Alpes-de-Haute-Provence,2,H2,52,8197.616,-2979.738,Inondation,11
2024,2020-2024,93,Provence-Alpes-Côte d'Azur,04,Alpes-de-Haute-Provence,2,H2,52,8197.616,-2979.738,Sécheresse,112
2010,2010-2014,93,Provence-Alpes-Côte d'Azur,05,Hautes-Alpes,1,H1,13,2172.345,-42413.665,Gel,269
2010,2010-2014,93,Provence-Alpes-Côte d'Azur,05,Hautes-Alpes,1,H1,13,2172.345,-42413.665,Inondation,16
2010,2010-2014,93,Provence-Alpes-Côte d'Azur,05,Hautes-Alpes,1,H1,13,2172.345,-42413.665,Sécheresse,109
2011,2010-2014,93,Provence-Alpes-Côte d'Azur,05,Hautes-Alpes,1,H1,8,1725.728,291.239,Gel,266
2011,2010-2014,93,Provence-Alpes-Côte d'Azur,05,Hautes-Alpes,1,H1,8,1725.728,291.239,Inondation,16
2011,2010-2014,93,Provence-Alpes-Côte d'Azur,05,Hautes-Alpes,1,H1,8,1725.728,291.239,Sécheresse,127
2012,2010-2014,93,Provence-Alpes-Côte d'Azur,05,Hautes-Alpes,1,H1,15,1537.580,849.765,Gel,264
2012,2010-2014,93,Provence-Alpes-Côte d'Azur,05,Hautes-Alpes,1,H1,15,1537.580,849.765,Inondation,18
2012,2010-2014,93,Provence-Alpes-Côte d'Azur,05,Hautes-Alpes,1,H1,15,1537.580,849.765,Sécheresse,127
2013,2010-2014,93,Provence-Alpes-Côte d'Azur,05,Hautes-Alpes,1,H1,11,1498.176,140.002,Gel,282
2013,2010-2014,93,Provence-Alpes-Côte d'Azur,05,Hautes-Alpes,1,H1,11,1498.176,140.002,Inondation,21
2013,2010-2014,93,Provence-Alpes-Côte d'Azur,05,Hautes-Alpes,1,H1,11,1498.176,140.002,Sécheresse,98
2014,2010-2014,93,Provence-Alpes-Côte d'Azur,05,Hautes-Alpes,1,H1,16,1299.820,881.560,Gel,274
2014,2010-2014,93,Provence-Alpes-Côte d'Azur,05,Hautes-Alpes,1,H1,16,1299.820,881.560,Inondation,10
2014,2010-2014,93,Provence-Alpes-Côte d'Azur,05,Hautes-Alpes,1,H1,16,1299.820,881.560,Sécheresse,110
2015,2015-2019,93,Provence-Alpes-Côte d'Azur,05,Hautes-Alpes,1,H1,29,3404.853,3657.829,Gel,270
2015,2015-2019,93,Provence-Alpes-Côte d'Azur,05,Hautes-Alpes,1,H1,29,3404.853,3657.829,Inondation,13
2015,2015-2019,93,Provence-Alpes-Côte d'Azur,05,Hautes-Alpes,1,H1,29,3404.853,3657.829,Sécheresse,114
2016,2015-2019,93,Provence-Alpes-Côte d'Azur,05,Hautes-Alpes,1,H1,27,5998.635,2435.999,Gel,280
2016,2015-2019,93,Provence-Alpes-Côte d'Azur,05,Hautes-Alpes,1,H1,27,5998.635,2435.999,Inondation,13
2016,2015-2019,93,Provence-Alpes-Côte d'Azur,05,Hautes-Alpes,1,H1,27,5998.635,2435.999,Sécheresse,110
2017,2015-2019,93,Provence-Alpes-Côte d'Azur,05,Hautes-Alpes,1,H1,52,9128.030,6517.170,Gel,257
2017,2015-2019,93,Provence-Alpes-Côte d'Azur,05,Hautes-Alpes,1,H1,52,9128.030,6517.170,Inondation,9
2017,2015-2019,93,Provence-Alpes-Côte d'Azur,05,Hautes-Alpes,1,H1,52,9128.030,6517.170,Sécheresse,135
2018,2015-2019,93,Provence-Alpes-Côte d'Azur,05,Hautes-Alpes,1,H1,29,8156.882,1514.739,Gel,248
2018,2015-2019,93,Provence-Alpes-Côte d'Azur,05,Hautes-Alpes,1,H1,29,8156.882,1514.739,Inondation,20
2018,2015-2019,93,Provence-Alpes-Côte d'Azur,05,Hautes-Alpes,1,H1,29,8156.882,1514.739,Sécheresse,147
2019,2015-2019,93,Provence-Alpes-Côte d'Azur,05,Hautes-Alpes,1,H1,24,5029.481,1977.957,Gel,266
2019,2015-2019,93,Provence-Alpes-Côte d'Azur,05,Hautes-Alpes,1,H1,24,5029.481,1977.957,Inondation,21
2019,2015-2019,93,Provence-Alpes-Côte d'Azur,05,Hautes-Alpes,1,H1,24,5029.481,1977.957,Sécheresse,130
2020,2020-2024,93,Provence-Alpes-Côte d'Azur,05,Hautes-Alpes,1,H1,26,5117.738,3252.311,Gel,275
2020,2020-2024,93,Provence-Alpes-Côte d'Azur,05,Hautes-Alpes,1,H1,26,5117.738,3252.311,Inondation,11
2020,2020-2024,93,Provence-Alpes-Côte d'Azur,05,Hautes-Alpes,1,H1,26,5117.738,3252.311,Sécheresse,112
2021,2020-2024,93,Provence-Alpes-Côte d'Azur,05,Hautes-Alpes,1,H1,49,6562.794,2630.984,Gel,269
2021,2020-2024,93,Provence-Alpes-Côte d'Azur,05,Hautes-Alpes,1,H1,49,6562.794,2630.984,Inondation,11
2021,2020-2024,93,Provence-Alpes-Côte d'Azur,05,Hautes-Alpes,1,H1,49,6562.794,2630.984,Sécheresse,113
2022,2020-2024,93,Provence-Alpes-Côte d'Azur,05,Hautes-Alpes,1,H1,35,4305.771,-2169.345,Gel,231
2022,2020-2024,93,Provence-Alpes-Côte d'Azur,05,Hautes-Alpes,1,H1,35,4305.771,-2169.345,Inondation,7
2022,2020-2024,93,Provence-Alpes-Côte d'Azur,05,Hautes-Alpes,1,H1,35,4305.771,-2169.345,Sécheresse,143
2023,2020-2024,93,Provence-Alpes-Côte d'Azur,05,Hautes-Alpes,1,H1,56,7237.421,5225.989,Gel,257
2023,2020-2024,93,Provence-Alpes-Côte d'Azur,05,Hautes-Alpes,1,H1,56,7237.421,5225.989,Inondation,17
2023,2020-2024,93,Provence-Alpes-Côte d'Azur,05,Hautes-Alpes,1,H1,56,7237.421,5225.989,Sécheresse,136
2024,2020-2024,93,Provence-Alpes-Côte d'Azur,05,Hautes-Alpes,1,H1,39,5379.455,-1897.910,Gel,272
2024,2020-2024,93,Provence-Alpes-Côte d'Azur,05,Hautes-Alpes,1,H1,39,5379.455,-1897.910,Inondation,21
2024,2020-2024,93,Provence-Alpes-Côte d'Azur,05,Hautes-Alpes,1,H1,39,5379.455,-1897.910,Sécheresse,103
2010,2010-2014,93,Provence-Alpes-Côte d'Azur,06,Alpes-Maritimes,3,H3,17,256.476,-30055.672,Gel,226
2010,2010-2014,93,Provence-Alpes-Côte d'Azur,06,Alpes-Maritimes,3,H3,17,256.476,-30055.672,Inondation,22
2010,2010-2014,93,Provence-Alpes-Côte d'Azur,06,Alpes-Maritimes,3,H3,17,256.476,-30055.672,Sécheresse,125
2011,2010-2014,93,Provence-Alpes-Côte d'Azur,06,Alpes-Maritimes,3,H3,10,164.891,168.861,Gel,201
2011,2010-2014,93,Provence-Alpes-Côte d'Azur,06,Alpes-Maritimes,3,H3,10,164.891,168.861,Inondation,17
2011,2010-2014,93,Provence-Alpes-Côte d'Azur,06,Alpes-Maritimes,3,H3,10,164.891,168.861,Sécheresse,164
2012,2010-2014,93,Provence-Alpes-Côte d'Azur,06,Alpes-Maritimes,3,H3,9,102.072,-289.253,Gel,209
2012,2010-2014,93,Provence-Alpes-Côte d'Azur,06,Alpes-Maritimes,3,H3,9,102.072,-289.253,Inondation,24
2012,2010-2014,93,Provence-Alpes-Côte d'Azur,06,Alpes-Maritimes,3,H3,9,102.072,-289.253,Sécheresse,144
2013,2010-2014,93,Provence-Alpes-Côte d'Azur,06,Alpes-Maritimes,3,H3,10,72.905,-665.765,Gel,193
2013,2010-2014,93,Provence-Alpes-Côte d'Azur,06,Alpes-Maritimes,3,H3,10,72.905,-665.765,Inondation,26
2013,2010-2014,93,Provence-Alpes-Côte d'Azur,06,Alpes-Maritimes,3,H3,10,72.905,-665.765,Sécheresse,129
2014,2010-2014,93,Provence-Alpes-Côte d'Azur,06,Alpes-Maritimes,3,H3,15,68.772,-702.581,Gel,202
2014,2010-2014,93,Provence-Alpes-Côte d'Azur,06,Alpes-Maritimes,3,H3,15,68.772,-702.581,Inondation,27
2014,2010-2014,93,Provence-Alpes-Côte d'Azur,06,Alpes-Maritimes,3,H3,15,68.772,-702.581,Sécheresse,144
2015,2015-2019,93,Provence-Alpes-Côte d'Azur,06,Alpes-Maritimes,3,H3,9,728.931,701.315,Gel,202
2015,2015-2019,93,Provence-Alpes-Côte d'Azur,06,Alpes-Maritimes,3,H3,9,728.931,701.315,Inondation,17
2015,2015-2019,93,Provence-Alpes-Côte d'Azur,06,Alpes-Maritimes,3,H3,9,728.931,701.315,Sécheresse,145
2016,2015-2019,93,Provence-Alpes-Côte d'Azur,06,Alpes-Maritimes,3,H3,21,740.930,-60.831,Gel,211
2016,2015-2019,93,Provence-Alpes-Côte d'Azur,06,Alpes-Maritimes,3,H3,21,740.930,-60.831,Inondation,25
2016,2015-2019,93,Provence-Alpes-Côte d'Azur,06,Alpes-Maritimes,3,H3,21,740.930,-60.831,Sécheresse,133
2017,2015-2019,93,Provence-Alpes-Côte d'Azur,06,Alpes-Maritimes,3,H3,13,696.165,128.567,Gel,203
2017,2015-2019,93,Provence-Alpes-Côte d'Azur,06,Alpes-Maritimes,3,H3,13,696.165,128.567,Inondation,9
2017,2015-2019,93,Provence-Alpes-Côte d'Azur,06,Alpes-Maritimes,3,H3,13,696.165,128.567,Sécheresse,152
2018,2015-2019,93,Provence-Alpes-Côte d'Azur,06,Alpes-Maritimes,3,H3,25,841.977,1715.867,Gel,174
2018,2015-2019,93,Provence-Alpes-Côte d'Azur,06,Alpes-Maritimes,3,H3,25,841.977,1715.867,Inondation,22
2018,2015-2019,93,Provence-Alpes-Côte d'Azur,06,Alpes-Maritimes,3,H3,25,841.977,1715.867,Sécheresse,152
2019,2015-2019,93,Provence-Alpes-Côte d'Azur,06,Alpes-Maritimes,3,H3,28,1458.168,482.039,Gel,201
2019,2015-2019,93,Provence-Alpes-Côte d'Azur,06,Alpes-Maritimes,3,H3,28,1458.168,482.039,Inondation,24
2019,2015-2019,93,Provence-Alpes-Côte d'Azur,06,Alpes-Maritimes,3,H3,28,1458.168,482.039,Sécheresse,135
2020,2020-2024,93,Provence-Alpes-Côte d'Azur,06,Alpes-Maritimes,3,H3,38,1337.509,1004.469,Gel,186
2020,2020-2024,93,Provence-Alpes-Côte d'Azur,06,Alpes-Maritimes,3,H3,38,1337.509,1004.469,Inondation,17
2020,2020-2024,93,Provence-Alpes-Côte d'Azur,06,Alpes-Maritimes,3,H3,38,1337.509,1004.469,Sécheresse,135
2021,2020-2024,93,Provence-Alpes-Côte d'Azur,06,Alpes-Maritimes,3,H3,38,731.949,316.998,Gel,201
2021,2020-2024,93,Provence-Alpes-Côte d'Azur,06,Alpes-Maritimes,3,H3,38,731.949,316.998,Inondation,11
2021,2020-2024,93,Provence-Alpes-Côte d'Azur,06,Alpes-Maritimes,3,H3,38,731.949,316.998,Sécheresse,138
2022,2020-2024,93,Provence-Alpes-Côte d'Azur,06,Alpes-Maritimes,3,H3,47,1685.507,958.834,Gel,183
2022,2020-2024,93,Provence-Alpes-Côte d'Azur,06,Alpes-Maritimes,3,H3,47,1685.507,958.834,Inondation,6
2022,2020-2024,93,Provence-Alpes-Côte d'Azur,06,Alpes-Maritimes,3,H3,47,1685.507,958.834,Sécheresse,166
2023,2020-2024,93,Provence-Alpes-Côte d'Azur,06,Alpes-Maritimes,3,H3,62,2274.101,578.309,Gel,193
2023,2020-2024,93,Provence-Alpes-Côte d'Azur,06,Alpes-Maritimes,3,H3,62,2274.101,578.309,Inondation,15
2023,2020-2024,93,Provence-Alpes-Côte d'Azur,06,Alpes-Maritimes,3,H3,62,2274.101,578.309,Sécheresse,163
2024,2020-2024,93,Provence-Alpes-Côte d'Azur,06,Alpes-Maritimes,3,H3,52,1764.404,460.050,Gel,189
2024,2020-2024,93,Provence-Alpes-Côte d'Azur,06,Alpes-Maritimes,3,H3,52,1764.404,460.050,Inondation,29
2024,2020-2024,93,Provence-Alpes-Côte d'Azur,06,Alpes-Maritimes,3,H3,52,1764.404,460.050,Sécheresse,143
2010,2010-2014,84,Auvergne-Rhône-Alpes,07,Ardèche,2,H2,47,5481.192,2764.871,Gel,161
2010,2010-2014,84,Auvergne-Rhône-Alpes,07,Ardèche,2,H2,47,5481.192,2764.871,Inondation,26
2010,2010-2014,84,Auvergne-Rhône-Alpes,07,Ardèche,2,H2,47,5481.192,2764.871,Sécheresse,133
2011,2010-2014,84,Auvergne-Rhône-Alpes,07,Ardèche,2,H2,35,5074.915,2488.663,Gel,141
2011,2010-2014,84,Auvergne-Rhône-Alpes,07,Ardèche,2,H2,35,5074.915,2488.663,Inondation,25
2011,2010-2014,84,Auvergne-Rhône-Alpes,07,Ardèche,2,H2,35,5074.915,2488.663,Sécheresse,156
2012,2010-2014,84,Auvergne-Rhône-Alpes,07,Ardèche,2,H2,44,2567.829,649.919,Gel,162
2012,2010-2014,84,Auvergne-Rhône-Alpes,07,Ardèche,2,H2,44,2567.829,649.919,Inondation,24
2012,2010-2014,84,Auvergne-Rhône-Alpes,07,Ardèche,2,H2,44,2567.829,649.919,Sécheresse,145
2013,2010-2014,84,Auvergne-Rhône-Alpes,07,Ardèche,2,H2,27,2026.316,1707.828,Gel,165
2013,2010-2014,84,Auvergne-Rhône-Alpes,07,Ardèche,2,H2,27,2026.316,1707.828,Inondation,30
2013,2010-2014,84,Auvergne-Rhône-Alpes,07,Ardèche,2,H2,27,2026.316,1707.828,Sécheresse,125
2014,2010-2014,84,Auvergne-Rhône-Alpes,07,Ardèche,2,H2,43,1782.469,509.067,Gel,129
2014,2010-2014,84,Auvergne-Rhône-Alpes,07,Ardèche,2,H2,43,1782.469,509.067,Inondation,43
2014,2010-2014,84,Auvergne-Rhône-Alpes,07,Ardèche,2,H2,43,1782.469,509.067,Sécheresse,152
2015,2015-2019,84,Auvergne-Rhône-Alpes,07,Ardèche,2,H2,37,2033.211,1080.447,Gel,142
2015,2015-2019,84,Auvergne-Rhône-Alpes,07,Ardèche,2,H2,37,2033.211,1080.447,Inondation,21
2015,2015-2019,84,Auvergne-Rhône-Alpes,07,Ardèche,2,H2,37,2033.211,1080.447,Sécheresse,141
2016,2015-2019,84,Auvergne-Rhône-Alpes,07,Ardèche,2,H2,58,5186.766,2388.387,Gel,167
2016,2015-2019,84,Auvergne-Rhône-Alpes,07,Ardèche,2,H2,58,5186.766,2388.387,Inondation,32
2016,2015-2019,84,Auvergne-Rhône-Alpes,07,Ardèche,2,H2,58,5186.766,2388.387,Sécheresse,118
2017,2015-2019,84,Auvergne-Rhône-Alpes,07,Ardèche,2,H2,59,6379.722,3147.793,Gel,163
2017,2015-2019,84,Auvergne-Rhône-Alpes,07,Ardèche,2,H2,59,6379.722,3147.793,Inondation,18
2017,2015-2019,84,Auvergne-Rhône-Alpes,07,Ardèche,2,H2,59,6379.722,3147.793,Sécheresse,156
2018,2015-2019,84,Auvergne-Rhône-Alpes,07,Ardèche,2,H2,67,4215.403,1854.003,Gel,128
2018,2015-2019,84,Auvergne-Rhône-Alpes,07,Ardèche,2,H2,67,4215.403,1854.003,Inondation,46
2018,2015-2019,84,Auvergne-Rhône-Alpes,07,Ardèche,2,H2,67,4215.403,1854.003,Sécheresse,157
2019,2015-2019,84,Auvergne-Rhône-Alpes,07,Ardèche,2,H2,78,3104.029,1476.483,Gel,161
2019,2015-2019,84,Auvergne-Rhône-Alpes,07,Ardèche,2,H2,78,3104.029,1476.483,Inondation,22
2019,2015-2019,84,Auvergne-Rhône-Alpes,07,Ardèche,2,H2,78,3104.029,1476.483,Sécheresse,137
2020,2020-2024,84,Auvergne-Rhône-Alpes,07,Ardèche,2,H2,92,4102.754,775.143,Gel,121
2020,2020-2024,84,Auvergne-Rhône-Alpes,07,Ardèche,2,H2,92,4102.754,775.143,Inondation,24
2020,2020-2024,84,Auvergne-Rhône-Alpes,07,Ardèche,2,H2,92,4102.754,775.143,Sécheresse,139
2021,2020-2024,84,Auvergne-Rhône-Alpes,07,Ardèche,2,H2,89,4782.401,1774.910,Gel,162
2021,2020-2024,84,Auvergne-Rhône-Alpes,07,Ardèche,2,H2,89,4782.401,1774.910,Inondation,17
2021,2020-2024,84,Auvergne-Rhône-Alpes,07,Ardèche,2,H2,89,4782.401,1774.910,Sécheresse,130
2022,2020-2024,84,Auvergne-Rhône-Alpes,07,Ardèche,2,H2,114,4020.199,644.929,Gel,134
2022,2020-2024,84,Auvergne-Rhône-Alpes,07,Ardèche,2,H2,114,4020.199,644.929,Inondation,27
2022,2020-2024,84,Auvergne-Rhône-Alpes,07,Ardèche,2,H2,114,4020.199,644.929,Sécheresse,168
2023,2020-2024,84,Auvergne-Rhône-Alpes,07,Ardèche,2,H2,103,4459.971,233.701,Gel,125
2023,2020-2024,84,Auvergne-Rhône-Alpes,07,Ardèche,2,H2,103,4459.971,233.701,Inondation,20
2023,2020-2024,84,Auvergne-Rhône-Alpes,07,Ardèche,2,H2,103,4459.971,233.701,Sécheresse,149
2024,2020-2024,84,Auvergne-Rhône-Alpes,07,Ardèche,2,H2,100,4675.183,63.442,Gel,128
2024,2020-2024,84,Auvergne-Rhône-Alpes,07,Ardèche,2,H2,100,4675.183,63.442,Inondation,29
2024,2020-2024,84,Auvergne-Rhône-Alpes,07,Ardèche,2,H2,100,4675.183,63.442,Sécheresse,128
2010,2010-2014,44,Grand Est,08,Ardennes,1,H1,11,2067.650,-26139.314,Gel,131
2010,2010-2014,44,Grand Est,08,Ardennes,1,H1,11,2067.650,-26139.314,Inondation,3
2010,2010-2014,44,Grand Est,08,Ardennes,1,H1,11,2067.650,-26139.314,Sécheresse,67
2011,2010-2014,44,Grand Est,08,Ardennes,1,H1,16,2506.140,1035.136,Gel,98
2011,2010-2014,44,Grand Est,08,Ardennes,1,H1,16,2506.140,1035.136,Inondation,3
2011,2010-2014,44,Grand Est,08,Ardennes,1,H1,16,2506.140,1035.136,Sécheresse,71
2012,2010-2014,44,Grand Est,08,Ardennes,1,H1,5,1653.050,1037.842,Gel,85
2012,2010-2014,44,Grand Est,08,Ardennes,1,H1,5,1653.050,1037.842,Inondation,5
2012,2010-2014,44,Grand Est,08,Ardennes,1,H1,5,1653.050,1037.842,Sécheresse,62
2013,2010-2014,44,Grand Est,08,Ardennes,1,H1,2,1224.000,177.455,Gel,116
2013,2010-2014,44,Grand Est,08,Ardennes,1,H1,2,1224.000,177.455,Inondation,7
2013,2010-2014,44,Grand Est,08,Ardennes,1,H1,2,1224.000,177.455,Sécheresse,63
2014,2010-2014,44,Grand Est,08,Ardennes,1,H1,6,1546.010,789.154,Gel,70
2014,2010-2014,44,Grand Est,08,Ardennes,1,H1,6,1546.010,789.154,Inondation,2
2014,2010-2014,44,Grand Est,08,Ardennes,1,H1,6,1546.010,789.154,Sécheresse,63
2015,2015-2019,44,Grand Est,08,Ardennes,1,H1,7,2457.650,1980.371,Gel,101
2015,2015-2019,44,Grand Est,08,Ardennes,1,H1,7,2457.650,1980.371,Inondation,4
2015,2015-2019,44,Grand Est,08,Ardennes,1,H1,7,2457.650,1980.371,Sécheresse,66
2016,2015-2019,44,Grand Est,08,Ardennes,1,H1,15,3791.846,1768.186,Gel,103
2016,2015-2019,44,Grand Est,08,Ardennes,1,H1,15,3791.846,1768.186,Inondation,3
2016,2015-2019,44,Grand Est,08,Ardennes,1,H1,15,3791.846,1768.186,Sécheresse,80
2017,2015-2019,44,Grand Est,08,Ardennes,1,H1,17,3309.610,1054.533,Gel,109
2017,2015-2019,44,Grand Est,08,Ardennes,1,H1,17,3309.610,1054.533,Inondation,4
2017,2015-2019,44,Grand Est,08,Ardennes,1,H1,17,3309.610,1054.533,Sécheresse,80
2018,2015-2019,44,Grand Est,08,Ardennes,1,H1,16,3062.566,1565.253,Gel,86
2018,2015-2019,44,Grand Est,08,Ardennes,1,H1,16,3062.566,1565.253,Inondation,5
2018,2015-2019,44,Grand Est,08,Ardennes,1,H1,16,3062.566,1565.253,Sécheresse,118
2019,2015-2019,44,Grand Est,08,Ardennes,1,H1,13,3769.099,1892.129,Gel,97
2019,2015-2019,44,Grand Est,08,Ardennes,1,H1,13,3769.099,1892.129,Inondation,1
2019,2015-2019,44,Grand Est,08,Ardennes,1,H1,13,3769.099,1892.129,Sécheresse,80
2020,2020-2024,44,Grand Est,08,Ardennes,1,H1,12,4774.625,2708.922,Gel,71
2020,2020-2024,44,Grand Est,08,Ardennes,1,H1,12,4774.625,2708.922,Inondation,2
2020,2020-2024,44,Grand Est,08,Ardennes,1,H1,12,4774.625,2708.922,Sécheresse,91
2021,2020-2024,44,Grand Est,08,Ardennes,1,H1,13,4001.574,60.393,Gel,117
2021,2020-2024,44,Grand Est,08,Ardennes,1,H1,13,4001.574,60.393,Inondation,4
2021,2020-2024,44,Grand Est,08,Ardennes,1,H1,13,4001.574,60.393,Sécheresse,55
2022,2020-2024,44,Grand Est,08,Ardennes,1,H1,15,2358.679,586.882,Gel,93
2022,2020-2024,44,Grand Est,08,Ardennes,1,H1,15,2358.679,586.882,Inondation,0
2022,2020-2024,44,Grand Est,08,Ardennes,1,H1,15,2358.679,586.882,Sécheresse,100
2023,2020-2024,44,Grand Est,08,Ardennes,1,H1,9,1480.394,-1239.146,Gel,66
2023,2020-2024,44,Grand Est,08,Ardennes,1,H1,9,1480.394,-1239.146,Inondation,4
2023,2020-2024,44,Grand Est,08,Ardennes,1,H1,9,1480.394,-1239.146,Sécheresse,89
2024,2020-2024,44,Grand Est,08,Ardennes,1,H1,6,761.824,-1405.415,Gel,52
2024,2020-2024,44,Grand Est,08,Ardennes,1,H1,6,761.824,-1405.415,Inondation,6
2024,2020-2024,44,Grand Est,08,Ardennes,1,H1,6,761.824,-1405.415,Sécheresse,61
2010,2010-2014,76,Occitanie,09,Ariège,2,H2,31,6146.137,-2576.756,Gel,203
2010,2010-2014,76,Occitanie,09,Ariège,2,H2,31,6146.137,-2576.756,Inondation,12
2010,2010-2014,76,Occitanie,09,Ariège,2,H2,31,6146.137,-2576.756,Sécheresse,113
2011,2010-2014,76,Occitanie,09,Ariège,2,H2,14,6234.403,1550.863,Gel,158
2011,2010-2014,76,Occitanie,09,Ariège,2,H2,14,6234.403,1550.863,Inondation,13
2011,2010-2014,76,Occitanie,09,Ariège,2,H2,14,6234.403,1550.863,Sécheresse,129
2013,2010-2014,76,Occitanie,09,Ariège,2,H2,13,872.686,1086.521,Gel,201
2013,2010-2014,76,Occitanie,09,Ariège,2,H2,13,872.686,1086.521,Inondation,16
2013,2010-2014,76,Occitanie,09,Ariège,2,H2,13,872.686,1086.521,Sécheresse,112
2014,2010-2014,76,Occitanie,09,Ariège,2,H2,15,1222.747,-422.166,Gel,178
2014,2010-2014,76,Occitanie,09,Ariège,2,H2,15,1222.747,-422.166,Inondation,12
2014,2010-2014,76,Occitanie,09,Ariège,2,H2,15,1222.747,-422.166,Sécheresse,133
2015,2015-2019,76,Occitanie,09,Ariège,2,H2,41,6566.266,5399.000,Gel,173
2015,2015-2019,76,Occitanie,09,Ariège,2,H2,41,6566.266,5399.000,Inondation,15
2015,2015-2019,76,Occitanie,09,Ariège,2,H2,41,6566.266,5399.000,Sécheresse,119
2016,2015-2019,76,Occitanie,09,Ariège,2,H2,41,8358.670,1646.809,Gel,203
2016,2015-2019,76,Occitanie,09,Ariège,2,H2,41,8358.670,1646.809,Inondation,7
2016,2015-2019,76,Occitanie,09,Ariège,2,H2,41,8358.670,1646.809,Sécheresse,111
2017,2015-2019,76,Occitanie,09,Ariège,2,H2,37,4949.206,2246.126,Gel,183
2017,2015-2019,76,Occitanie,09,Ariège,2,H2,37,4949.206,2246.126,Inondation,14
2017,2015-2019,76,Occitanie,09,Ariège,2,H2,37,4949.206,2246.126,Sécheresse,129
2018,2015-2019,76,Occitanie,09,Ariège,2,H2,47,4455.596,2380.793,Gel,169
2018,2015-2019,76,Occitanie,09,Ariège,2,H2,47,4455.596,2380.793,Inondation,19
2018,2015-2019,76,Occitanie,09,Ariège,2,H2,47,4455.596,2380.793,Sécheresse,128
2019,2015-2019,76,Occitanie,09,Ariège,2,H2,51,5889.324,2384.562,Gel,198
2019,2015-2019,76,Occitanie,09,Ariège,2,H2,51,5889.324,2384.562,Inondation,10
2019,2015-2019,76,Occitanie,09,Ariège,2,H2,51,5889.324,2384.562,Sécheresse,111
2020,2020-2024,76,Occitanie,09,Ariège,2,H2,74,7013.432,3871.073,Gel,159
2020,2020-2024,76,Occitanie,09,Ariège,2,H2,74,7013.432,3871.073,Inondation,11
2020,2020-2024,76,Occitanie,09,Ariège,2,H2,74,7013.432,3871.073,Sécheresse,118
2021,2020-2024,76,Occitanie,09,Ariège,2,H2,72,7463.936,1992.172,Gel,184
2021,2020-2024,76,Occitanie,09,Ariège,2,H2,72,7463.936,1992.172,Inondation,6
2021,2020-2024,76,Occitanie,09,Ariège,2,H2,72,7463.936,1992.172,Sécheresse,102
2022,2020-2024,76,Occitanie,09,Ariège,2,H2,85,5621.689,219.765,Gel,155
2022,2020-2024,76,Occitanie,09,Ariège,2,H2,85,5621.689,219.765,Inondation,5
2022,2020-2024,76,Occitanie,09,Ariège,2,H2,85,5621.689,219.765,Sécheresse,147
2023,2020-2024,76,Occitanie,09,Ariège,2,H2,114,3718.028,16.703,Gel,163
2023,2020-2024,76,Occitanie,09,Ariège,2,H2,114,3718.028,16.703,Inondation,8
2023,2020-2024,76,Occitanie,09,Ariège,2,H2,114,3718.028,16.703,Sécheresse,141
2024,2020-2024,76,Occitanie,09,Ariège,2,H2,150,5310.556,3532.031,Gel,163
2024,2020-2024,76,Occitanie,09,Ariège,2,H2,150,5310.556,3532.031,Inondation,7
2024,2020-2024,76,Occitanie,09,Ariège,2,H2,150,5310.556,3532.031,Sécheresse,104
2010,2010-2014,44,Grand Est,10,Aube,1,H1,11,782.138,-38318.882,Gel,115
2010,2010-2014,44,Grand Est,10,Aube,1,H1,11,782.138,-38318.882,Inondation,3
2010,2010-2014,44,Grand Est,10,Aube,1,H1,11,782.138,-38318.882,Sécheresse,71
2011,2010-2014,44,Grand Est,10,Aube,1,H1,10,807.147,304.869,Gel,83
2011,2010-2014,44,Grand Est,10,Aube,1,H1,10,807.147,304.869,Inondation,4
2011,2010-2014,44,Grand Est,10,Aube,1,H1,10,807.147,304.869,Sécheresse,87
2012,2010-2014,44,Grand Est,10,Aube,1,H1,3,545.036,174.468,Gel,82
2012,2010-2014,44,Grand Est,10,Aube,1,H1,3,545.036,174.468,Inondation,5
2012,2010-2014,44,Grand Est,10,Aube,1,H1,3,545.036,174.468,Sécheresse,74
2013,2010-2014,44,Grand Est,10,Aube,1,H1,1,521.804,-185.686,Gel,98
2013,2010-2014,44,Grand Est,10,Aube,1,H1,1,521.804,-185.686,Inondation,8
2013,2010-2014,44,Grand Est,10,Aube,1,H1,1,521.804,-185.686,Sécheresse,79
2014,2010-2014,44,Grand Est,10,Aube,1,H1,8,434.178,66.731,Gel,59
2014,2010-2014,44,Grand Est,10,Aube,1,H1,8,434.178,66.731,Inondation,6
2014,2010-2014,44,Grand Est,10,Aube,1,H1,8,434.178,66.731,Sécheresse,67
2015,2015-2019,44,Grand Est,10,Aube,1,H1,11,1885.551,1592.662,Gel,89
2015,2015-2019,44,Grand Est,10,Aube,1,H1,11,1885.551,1592.662,Inondation,4
2015,2015-2019,44,Grand Est,10,Aube,1,H1,11,1885.551,1592.662,Sécheresse,75
2016,2015-2019,44,Grand Est,10,Aube,1,H1,19,2893.751,1146.305,Gel,99
2016,2015-2019,44,Grand Est,10,Aube,1,H1,19,2893.751,1146.305,Inondation,4
2016,2015-2019,44,Grand Est,10,Aube,1,H1,19,2893.751,1146.305,Sécheresse,79
2017,2015-2019,44,Grand Est,10,Aube,1,H1,12,2809.855,935.509,Gel,94
2017,2015-2019,44,Grand Est,10,Aube,1,H1,12,2809.855,935.509,Inondation,5
2017,2015-2019,44,Grand Est,10,Aube,1,H1,12,2809.855,935.509,Sécheresse,91
2018,2015-2019,44,Grand Est,10,Aube,1,H1,29,3301.029,1998.554,Gel,73
2018,2015-2019,44,Grand Est,10,Aube,1,H1,29,3301.029,1998.554,Inondation,6
2018,2015-2019,44,Grand Est,10,Aube,1,H1,29,3301.029,1998.554,Sécheresse,122
2019,2015-2019,44,Grand Est,10,Aube,1,H1,29,5001.876,2445.807,Gel,87
2019,2015-2019,44,Grand Est,10,Aube,1,H1,29,5001.876,2445.807,Inondation,2
2019,2015-2019,44,Grand Est,10,Aube,1,H1,29,5001.876,2445.807,Sécheresse,90
2020,2020-2024,44,Grand Est,10,Aube,1,H1,50,6296.900,4183.963,Gel,66
2020,2020-2024,44,Grand Est,10,Aube,1,H1,50,6296.900,4183.963,Inondation,3
2020,2020-2024,44,Grand Est,10,Aube,1,H1,50,6296.900,4183.963,Sécheresse,104
2021,2020-2024,44,Grand Est,10,Aube,1,H1,50,6978.525,3372.455,Gel,107
2021,2020-2024,44,Grand Est,10,Aube,1,H1,50,6978.525,3372.455,Inondation,2
2021,2020-2024,44,Grand Est,10,Aube,1,H1,50,6978.525,3372.455,Sécheresse,72
2022,2020-2024,44,Grand Est,10,Aube,1,H1,12,5927.104,2461.543,Gel,78
2022,2020-2024,44,Grand Est,10,Aube,1,H1,12,5927.104,2461.543,Inondation,2
2022,2020-2024,44,Grand Est,10,Aube,1,H1,12,5927.104,2461.543,Sécheresse,109
2023,2020-2024,44,Grand Est,10,Aube,1,H1,17,3139.868,-300.899,Gel,67
2023,2020-2024,44,Grand Est,10,Aube,1,H1,17,3139.868,-300.899,Inondation,0
2023,2020-2024,44,Grand Est,10,Aube,1,H1,17,3139.868,-300.899,Sécheresse,112
2024,2020-2024,44,Grand Est,10,Aube,1,H1,13,1863.885,223.360,Gel,54
2024,2020-2024,44,Grand Est,10,Aube,1,H1,13,1863.885,223.360,Inondation,1
2024,2020-2024,44,Grand Est,10,Aube,1,H1,13,1863.885,223.360,Sécheresse,77
2010,2010-2014,76,Occitanie,11,Aude,3,H3,40,5673.029,-1465.936,Gel,119
2010,2010-2014,76,Occitanie,11,Aude,3,H3,40,5673.029,-1465.936,Inondation,14
2010,2010-2014,76,Occitanie,11,Aude,3,H3,40,5673.029,-1465.936,Sécheresse,138
2011,2010-2014,76,Occitanie,11,Aude,3,H3,35,5640.404,3803.860,Gel,87
2011,2010-2014,76,Occitanie,11,Aude,3,H3,35,5640.404,3803.860,Inondation,22
2011,2010-2014,76,Occitanie,11,Aude,3,H3,35,5640.404,3803.860,Sécheresse,150
2012,2010-2014,76,Occitanie,11,Aude,3,H3,22,3934.408,1610.196,Gel,86
2012,2010-2014,76,Occitanie,11,Aude,3,H3,22,3934.408,1610.196,Inondation,10
2012,2010-2014,76,Occitanie,11,Aude,3,H3,22,3934.408,1610.196,Sécheresse,144
2013,2010-2014,76,Occitanie,11,Aude,3,H3,31,3616.571,3259.061,Gel,114
2013,2010-2014,76,Occitanie,11,Aude,3,H3,31,3616.571,3259.061,Inondation,16
2013,2010-2014,76,Occitanie,11,Aude,3,H3,31,3616.571,3259.061,Sécheresse,133
2014,2010-2014,76,Occitanie,11,Aude,3,H3,29,3947.916,-253.470,Gel,77
2014,2010-2014,76,Occitanie,11,Aude,3,H3,29,3947.916,-253.470,Inondation,18
2014,2010-2014,76,Occitanie,11,Aude,3,H3,29,3947.916,-253.470,Sécheresse,164
2015,2015-2019,76,Occitanie,11,Aude,3,H3,63,9053.345,7536.324,Gel,101
2015,2015-2019,76,Occitanie,11,Aude,3,H3,63,9053.345,7536.324,Inondation,17
2015,2015-2019,76,Occitanie,11,Aude,3,H3,63,9053.345,7536.324,Sécheresse,149
2016,2015-2019,76,Occitanie,11,Aude,3,H3,68,12329.060,2462.888,Gel,82
2016,2015-2019,76,Occitanie,11,Aude,3,H3,68,12329.060,2462.888,Inondation,10
2016,2015-2019,76,Occitanie,11,Aude,3,H3,68,12329.060,2462.888,Sécheresse,128
2017,2015-2019,76,Occitanie,11,Aude,3,H3,66,11335.004,2467.932,Gel,100
2017,2015-2019,76,Occitanie,11,Aude,3,H3,66,11335.004,2467.932,Inondation,7
2017,2015-2019,76,Occitanie,11,Aude,3,H3,66,11335.004,2467.932,Sécheresse,154
2018,2015-2019,76,Occitanie,11,Aude,3,H3,111,11590.731,6015.004,Gel,89
2018,2015-2019,76,Occitanie,11,Aude,3,H3,111,11590.731,6015.004,Inondation,28
2018,2015-2019,76,Occitanie,11,Aude,3,H3,111,11590.731,6015.004,Sécheresse,160
2019,2015-2019,76,Occitanie,11,Aude,3,H3,127,15174.646,6236.975,Gel,95
2019,2015-2019,76,Occitanie,11,Aude,3,H3,127,15174.646,6236.975,Inondation,10
2019,2015-2019,76,Occitanie,11,Aude,3,H3,127,15174.646,6236.975,Sécheresse,134
2020,2020-2024,76,Occitanie,11,Aude,3,H3,143,13450.972,4129.428,Gel,83
2020,2020-2024,76,Occitanie,11,Aude,3,H3,143,13450.972,4129.428,Inondation,11
2020,2020-2024,76,Occitanie,11,Aude,3,H3,143,13450.972,4129.428,Sécheresse,137
2021,2020-2024,76,Occitanie,11,Aude,3,H3,169,15224.074,8163.511,Gel,85
2021,2020-2024,76,Occitanie,11,Aude,3,H3,169,15224.074,8163.511,Inondation,12
2021,2020-2024,76,Occitanie,11,Aude,3,H3,169,15224.074,8163.511,Sécheresse,129
2022,2020-2024,76,Occitanie,11,Aude,3,H3,108,14253.990,2632.842,Gel,79
2022,2020-2024,76,Occitanie,11,Aude,3,H3,108,14253.990,2632.842,Inondation,6
2022,2020-2024,76,Occitanie,11,Aude,3,H3,108,14253.990,2632.842,Sécheresse,171
2023,2020-2024,76,Occitanie,11,Aude,3,H3,121,9962.023,-2748.475,Gel,85
2023,2020-2024,76,Occitanie,11,Aude,3,H3,121,9962.023,-2748.475,Inondation,8
2023,2020-2024,76,Occitanie,11,Aude,3,H3,121,9962.023,-2748.475,Sécheresse,162
2024,2020-2024,76,Occitanie,11,Aude,3,H3,108,10119.708,333.360,Gel,76
2024,2020-2024,76,Occitanie,11,Aude,3,H3,108,10119.708,333.360,Inondation,8
2024,2020-2024,76,Occitanie,11,Aude,3,H3,108,10119.708,333.360,Sécheresse,143
2010,2010-2014,76,Occitanie,12,Aveyron,2,H2,37,11440.830,-32451.279,Gel,168
2010,2010-2014,76,Occitanie,12,Aveyron,2,H2,37,11440.830,-32451.279,Inondation,11
2010,2010-2014,76,Occitanie,12,Aveyron,2,H2,37,11440.830,-32451.279,Sécheresse,108
2011,2010-2014,76,Occitanie,12,Aveyron,2,H2,22,7269.892,1976.785,Gel,122
2011,2010-2014,76,Occitanie,12,Aveyron,2,H2,22,7269.892,1976.785,Inondation,14
2011,2010-2014,76,Occitanie,12,Aveyron,2,H2,22,7269.892,1976.785,Sécheresse,129
2012,2010-2014,76,Occitanie,12,Aveyron,2,H2,15,3429.414,1193.025,Gel,143
2012,2010-2014,76,Occitanie,12,Aveyron,2,H2,15,3429.414,1193.025,Inondation,16
2012,2010-2014,76,Occitanie,12,Aveyron,2,H2,15,3429.414,1193.025,Sécheresse,121
2013,2010-2014,76,Occitanie,12,Aveyron,2,H2,13,2962.450,1152.424,Gel,139
2013,2010-2014,76,Occitanie,12,Aveyron,2,H2,13,2962.450,1152.424,Inondation,15
2013,2010-2014,76,Occitanie,12,Aveyron,2,H2,13,2962.450,1152.424,Sécheresse,97
2014,2010-2014,76,Occitanie,12,Aveyron,2,H2,23,4249.873,2422.703,Gel,108
2014,2010-2014,76,Occitanie,12,Aveyron,2,H2,23,4249.873,2422.703,Inondation,18
2014,2010-2014,76,Occitanie,12,Aveyron,2,H2,23,4249.873,2422.703,Sécheresse,113
2015,2015-2019,76,Occitanie,12,Aveyron,2,H2,67,10884.671,7598.327,Gel,135
2015,2015-2019,76,Occitanie,12,Aveyron,2,H2,67,10884.671,7598.327,Inondation,12
2015,2015-2019,76,Occitanie,12,Aveyron,2,H2,67,10884.671,7598.327,Sécheresse,114
2016,2015-2019,76,Occitanie,12,Aveyron,2,H2,121,20352.970,10245.732,Gel,149
2016,2015-2019,76,Occitanie,12,Aveyron,2,H2,121,20352.970,10245.732,Inondation,18
2016,2015-2019,76,Occitanie,12,Aveyron,2,H2,121,20352.970,10245.732,Sécheresse,99
2017,2015-2019,76,Occitanie,12,Aveyron,2,H2,83,23277.838,6668.926,Gel,150
2017,2015-2019,76,Occitanie,12,Aveyron,2,H2,83,23277.838,6668.926,Inondation,13
2017,2015-2019,76,Occitanie,12,Aveyron,2,H2,83,23277.838,6668.926,Sécheresse,113
2018,2015-2019,76,Occitanie,12,Aveyron,2,H2,54,14687.882,4196.539,Gel,112
2018,2015-2019,76,Occitanie,12,Aveyron,2,H2,54,14687.882,4196.539,Inondation,22
2018,2015-2019,76,Occitanie,12,Aveyron,2,H2,54,14687.882,4196.539,Sécheresse,139
2019,2015-2019,76,Occitanie,12,Aveyron,2,H2,71,8918.275,1618.554,Gel,140
2019,2015-2019,76,Occitanie,12,Aveyron,2,H2,71,8918.275,1618.554,Inondation,16
2019,2015-2019,76,Occitanie,12,Aveyron,2,H2,71,8918.275,1618.554,Sécheresse,111
2020,2020-2024,76,Occitanie,12,Aveyron,2,H2,72,7490.345,3475.178,Gel,114
2020,2020-2024,76,Occitanie,12,Aveyron,2,H2,72,7490.345,3475.178,Inondation,15
2020,2020-2024,76,Occitanie,12,Aveyron,2,H2,72,7490.345,3475.178,Sécheresse,111
2021,2020-2024,76,Occitanie,12,Aveyron,2,H2,79,7373.274,1274.248,Gel,136
2021,2020-2024,76,Occitanie,12,Aveyron,2,H2,79,7373.274,1274.248,Inondation,9
2021,2020-2024,76,Occitanie,12,Aveyron,2,H2,79,7373.274,1274.248,Sécheresse,95
2022,2020-2024,76,Occitanie,12,Aveyron,2,H2,76,7008.065,1249.948,Gel,98
2022,2020-2024,76,Occitanie,12,Aveyron,2,H2,76,7008.065,1249.948,Inondation,9
2022,2020-2024,76,Occitanie,12,Aveyron,2,H2,76,7008.065,1249.948,Sécheresse,146
2023,2020-2024,76,Occitanie,12,Aveyron,2,H2,83,5666.228,-1941.034,Gel,105
2023,2020-2024,76,Occitanie,12,Aveyron,2,H2,83,5666.228,-1941.034,Inondation,8
2023,2020-2024,76,Occitanie,12,Aveyron,2,H2,83,5666.228,-1941.034,Sécheresse,136
2024,2020-2024,76,Occitanie,12,Aveyron,2,H2,98,5107.985,-837.523,Gel,100
2024,2020-2024,76,Occitanie,12,Aveyron,2,H2,98,5107.985,-837.523,Inondation,16
2024,2020-2024,76,Occitanie,12,Aveyron,2,H2,98,5107.985,-837.523,Sécheresse,97
2010,2010-2014,93,Provence-Alpes-Côte d'Azur,13,Bouches-du-Rhône,3,H3,43,2712.016,-56319.263,Gel,95
2010,2010-2014,93,Provence-Alpes-Côte d'Azur,13,Bouches-du-Rhône,3,H3,43,2712.016,-56319.263,Inondation,7
2010,2010-2014,93,Provence-Alpes-Côte d'Azur,13,Bouches-du-Rhône,3,H3,43,2712.016,-56319.263,Sécheresse,133
2011,2010-2014,93,Provence-Alpes-Côte d'Azur,13,Bouches-du-Rhône,3,H3,49,4294.121,3551.273,Gel,72
2011,2010-2014,93,Provence-Alpes-Côte d'Azur,13,Bouches-du-Rhône,3,H3,49,4294.121,3551.273,Inondation,12
2011,2010-2014,93,Provence-Alpes-Côte d'Azur,13,Bouches-du-Rhône,3,H3,49,4294.121,3551.273,Sécheresse,161
2012,2010-2014,93,Provence-Alpes-Côte d'Azur,13,Bouches-du-Rhône,3,H3,36,5228.618,1615.423,Gel,85
2012,2010-2014,93,Provence-Alpes-Côte d'Azur,13,Bouches-du-Rhône,3,H3,36,5228.618,1615.423,Inondation,10
2012,2010-2014,93,Provence-Alpes-Côte d'Azur,13,Bouches-du-Rhône,3,H3,36,5228.618,1615.423,Sécheresse,148
2013,2010-2014,93,Provence-Alpes-Côte d'Azur,13,Bouches-du-Rhône,3,H3,31,4604.834,5103.725,Gel,93
2013,2010-2014,93,Provence-Alpes-Côte d'Azur,13,Bouches-du-Rhône,3,H3,31,4604.834,5103.725,Inondation,7
2013,2010-2014,93,Provence-Alpes-Côte d'Azur,13,Bouches-du-Rhône,3,H3,31,4604.834,5103.725,Sécheresse,137
2014,2010-2014,93,Provence-Alpes-Côte d'Azur,13,Bouches-du-Rhône,3,H3,37,3928.196,675.743,Gel,43
2014,2010-2014,93,Provence-Alpes-Côte d'Azur,13,Bouches-du-Rhône,3,H3,37,3928.196,675.743,Inondation,18
2014,2010-2014,93,Provence-Alpes-Côte d'Azur,13,Bouches-du-Rhône,3,H3,37,3928.196,675.743,Sécheresse,151
2015,2015-2019,93,Provence-Alpes-Côte d'Azur,13,Bouches-du-Rhône,3,H3,35,5572.969,3144.353,Gel,62
2015,2015-2019,93,Provence-Alpes-Côte d'Azur,13,Bouches-du-Rhône,3,H3,35,5572.969,3144.353,Inondation,10
2015,2015-2019,93,Provence-Alpes-Côte d'Azur,13,Bouches-du-Rhône,3,H3,35,5572.969,3144.353,Sécheresse,142
2016,2015-2019,93,Provence-Alpes-Côte d'Azur,13,Bouches-du-Rhône,3,H3,45,5205.427,154.087,Gel,67
2016,2015-2019,93,Provence-Alpes-Côte d'Azur,13,Bouches-du-Rhône,3,H3,45,5205.427,154.087,Inondation,7
2016,2015-2019,93,Provence-Alpes-Côte d'Azur,13,Bouches-du-Rhône,3,H3,45,5205.427,154.087,Sécheresse,133
2017,2015-2019,93,Provence-Alpes-Côte d'Azur,13,Bouches-du-Rhône,3,H3,68,5480.715,5073.593,Gel,78
2017,2015-2019,93,Provence-Alpes-Côte d'Azur,13,Bouches-du-Rhône,3,H3,68,5480.715,5073.593,Inondation,4
2017,2015-2019,93,Provence-Alpes-Côte d'Azur,13,Bouches-du-Rhône,3,H3,68,5480.715,5073.593,Sécheresse,153
2018,2015-2019,93,Provence-Alpes-Côte d'Azur,13,Bouches-du-Rhône,3,H3,90,6797.207,3484.874,Gel,58
2018,2015-2019,93,Provence-Alpes-Côte d'Azur,13,Bouches-du-Rhône,3,H3,90,6797.207,3484.874,Inondation,15
2018,2015-2019,93,Provence-Alpes-Côte d'Azur,13,Bouches-du-Rhône,3,H3,90,6797.207,3484.874,Sécheresse,161
2019,2015-2019,93,Provence-Alpes-Côte d'Azur,13,Bouches-du-Rhône,3,H3,92,9054.362,7450.301,Gel,81
2019,2015-2019,93,Provence-Alpes-Côte d'Azur,13,Bouches-du-Rhône,3,H3,92,9054.362,7450.301,Inondation,11
2019,2015-2019,93,Provence-Alpes-Côte d'Azur,13,Bouches-du-Rhône,3,H3,92,9054.362,7450.301,Sécheresse,147
2020,2020-2024,93,Provence-Alpes-Côte d'Azur,13,Bouches-du-Rhône,3,H3,111,10594.460,3628.502,Gel,57
2020,2020-2024,93,Provence-Alpes-Côte d'Azur,13,Bouches-du-Rhône,3,H3,111,10594.460,3628.502,Inondation,6
2020,2020-2024,93,Provence-Alpes-Côte d'Azur,13,Bouches-du-Rhône,3,H3,111,10594.460,3628.502,Sécheresse,144
2021,2020-2024,93,Provence-Alpes-Côte d'Azur,13,Bouches-du-Rhône,3,H3,104,8840.255,5450.667,Gel,76
2021,2020-2024,93,Provence-Alpes-Côte d'Azur,13,Bouches-du-Rhône,3,H3,104,8840.255,5450.667,Inondation,10
2021,2020-2024,93,Provence-Alpes-Côte d'Azur,13,Bouches-du-Rhône,3,H3,104,8840.255,5450.667,Sécheresse,139
2022,2020-2024,93,Provence-Alpes-Côte d'Azur,13,Bouches-du-Rhône,3,H3,63,6630.242,367.818,Gel,73
2022,2020-2024,93,Provence-Alpes-Côte d'Azur,13,Bouches-du-Rhône,3,H3,63,6630.242,367.818,Inondation,4
2022,2020-2024,93,Provence-Alpes-Côte d'Azur,13,Bouches-du-Rhône,3,H3,63,6630.242,367.818,Sécheresse,178
2023,2020-2024,93,Provence-Alpes-Côte d'Azur,13,Bouches-du-Rhône,3,H3,82,5271.046,-2729.243,Gel,76
2023,2020-2024,93,Provence-Alpes-Côte d'Azur,13,Bouches-du-Rhône,3,H3,82,5271.046,-2729.243,Inondation,3
2023,2020-2024,93,Provence-Alpes-Côte d'Azur,13,Bouches-du-Rhône,3,H3,82,5271.046,-2729.243,Sécheresse,165
2024,2020-2024,93,Provence-Alpes-Côte d'Azur,13,Bouches-du-Rhône,3,H3,79,5305.805,-4553.976,Gel,64
2022,2020-2024,76,Occitanie,81,Tarn,2,H2,82,5088.785,-176.619,Gel,75
2024,2020-2024,93,Provence-Alpes-Côte d'Azur,13,Bouches-du-Rhône,3,H3,79,5305.805,-4553.976,Inondation,8
2024,2020-2024,93,Provence-Alpes-Côte d'Azur,13,Bouches-du-Rhône,3,H3,79,5305.805,-4553.976,Sécheresse,161
2010,2010-2014,28,Normandie,14,Calvados,1,H1,27,3310.713,-37911.832,Gel,112
2010,2010-2014,28,Normandie,14,Calvados,1,H1,27,3310.713,-37911.832,Inondation,5
2010,2010-2014,28,Normandie,14,Calvados,1,H1,27,3310.713,-37911.832,Sécheresse,57
2011,2010-2014,28,Normandie,14,Calvados,1,H1,14,3868.262,2556.466,Gel,49
2011,2010-2014,28,Normandie,14,Calvados,1,H1,14,3868.262,2556.466,Inondation,2
2011,2010-2014,28,Normandie,14,Calvados,1,H1,14,3868.262,2556.466,Sécheresse,41
2012,2010-2014,28,Normandie,14,Calvados,1,H1,9,3255.288,881.670,Gel,60
2012,2010-2014,28,Normandie,14,Calvados,1,H1,9,3255.288,881.670,Inondation,2
2012,2010-2014,28,Normandie,14,Calvados,1,H1,9,3255.288,881.670,Sécheresse,36
2013,2010-2014,28,Normandie,14,Calvados,1,H1,7,1523.816,-548.313,Gel,72
2013,2010-2014,28,Normandie,14,Calvados,1,H1,7,1523.816,-548.313,Inondation,1
2013,2010-2014,28,Normandie,14,Calvados,1,H1,7,1523.816,-548.313,Sécheresse,52
2014,2010-2014,28,Normandie,14,Calvados,1,H1,16,1791.328,974.218,Gel,30
2014,2010-2014,28,Normandie,14,Calvados,1,H1,16,1791.328,974.218,Inondation,5
2014,2010-2014,28,Normandie,14,Calvados,1,H1,16,1791.328,974.218,Sécheresse,36
2015,2015-2019,28,Normandie,14,Calvados,1,H1,27,3678.734,2823.114,Gel,50
2015,2015-2019,28,Normandie,14,Calvados,1,H1,27,3678.734,2823.114,Inondation,1
2015,2015-2019,28,Normandie,14,Calvados,1,H1,27,3678.734,2823.114,Sécheresse,46
2016,2015-2019,28,Normandie,14,Calvados,1,H1,34,6554.235,4025.721,Gel,70
2016,2015-2019,28,Normandie,14,Calvados,1,H1,34,6554.235,4025.721,Inondation,2
2016,2015-2019,28,Normandie,14,Calvados,1,H1,34,6554.235,4025.721,Sécheresse,47
2017,2015-2019,28,Normandie,14,Calvados,1,H1,41,6898.962,2414.477,Gel,57
2017,2015-2019,28,Normandie,14,Calvados,1,H1,41,6898.962,2414.477,Inondation,3
2017,2015-2019,28,Normandie,14,Calvados,1,H1,41,6898.962,2414.477,Sécheresse,51
2018,2015-2019,28,Normandie,14,Calvados,1,H1,36,5052.077,1264.566,Gel,54
2018,2015-2019,28,Normandie,14,Calvados,1,H1,36,5052.077,1264.566,Inondation,4
2018,2015-2019,28,Normandie,14,Calvados,1,H1,36,5052.077,1264.566,Sécheresse,80
2019,2015-2019,28,Normandie,14,Calvados,1,H1,37,6241.254,4119.229,Gel,60
2019,2015-2019,28,Normandie,14,Calvados,1,H1,37,6241.254,4119.229,Inondation,2
2019,2015-2019,28,Normandie,14,Calvados,1,H1,37,6241.254,4119.229,Sécheresse,54
2020,2020-2024,28,Normandie,14,Calvados,1,H1,39,7210.324,3098.746,Gel,41
2020,2020-2024,28,Normandie,14,Calvados,1,H1,39,7210.324,3098.746,Inondation,4
2020,2020-2024,28,Normandie,14,Calvados,1,H1,39,7210.324,3098.746,Sécheresse,63
2021,2020-2024,28,Normandie,14,Calvados,1,H1,51,5711.594,2122.363,Gel,78
2021,2020-2024,28,Normandie,14,Calvados,1,H1,51,5711.594,2122.363,Inondation,5
2021,2020-2024,28,Normandie,14,Calvados,1,H1,51,5711.594,2122.363,Sécheresse,46
2022,2020-2024,28,Normandie,14,Calvados,1,H1,27,3937.692,645.697,Gel,51
2022,2020-2024,28,Normandie,14,Calvados,1,H1,27,3937.692,645.697,Inondation,1
2022,2020-2024,28,Normandie,14,Calvados,1,H1,27,3937.692,645.697,Sécheresse,75
2023,2020-2024,28,Normandie,14,Calvados,1,H1,30,2137.327,-2146.675,Gel,43
2023,2020-2024,28,Normandie,14,Calvados,1,H1,30,2137.327,-2146.675,Inondation,1
2023,2020-2024,28,Normandie,14,Calvados,1,H1,30,2137.327,-2146.675,Sécheresse,68
2024,2020-2024,28,Normandie,14,Calvados,1,H1,30,1366.821,-1825.847,Gel,34
2024,2020-2024,28,Normandie,14,Calvados,1,H1,30,1366.821,-1825.847,Inondation,4
2024,2020-2024,28,Normandie,14,Calvados,1,H1,30,1366.821,-1825.847,Sécheresse,37
2010,2010-2014,84,Auvergne-Rhône-Alpes,15,Cantal,1,H1,12,2676.970,-23526.741,Gel,167
2010,2010-2014,84,Auvergne-Rhône-Alpes,15,Cantal,1,H1,12,2676.970,-23526.741,Inondation,19
2010,2010-2014,84,Auvergne-Rhône-Alpes,15,Cantal,1,H1,12,2676.970,-23526.741,Sécheresse,99
2011,2010-2014,84,Auvergne-Rhône-Alpes,15,Cantal,1,H1,7,1221.178,462.596,Gel,138
2011,2010-2014,84,Auvergne-Rhône-Alpes,15,Cantal,1,H1,7,1221.178,462.596,Inondation,21
2011,2010-2014,84,Auvergne-Rhône-Alpes,15,Cantal,1,H1,7,1221.178,462.596,Sécheresse,123
2012,2010-2014,84,Auvergne-Rhône-Alpes,15,Cantal,1,H1,7,534.344,-20.168,Gel,165
2012,2010-2014,84,Auvergne-Rhône-Alpes,15,Cantal,1,H1,7,534.344,-20.168,Inondation,17
2012,2010-2014,84,Auvergne-Rhône-Alpes,15,Cantal,1,H1,7,534.344,-20.168,Sécheresse,114
2013,2010-2014,84,Auvergne-Rhône-Alpes,15,Cantal,1,H1,7,536.735,485.800,Gel,169
2013,2010-2014,84,Auvergne-Rhône-Alpes,15,Cantal,1,H1,7,536.735,485.800,Inondation,20
2013,2010-2014,84,Auvergne-Rhône-Alpes,15,Cantal,1,H1,7,536.735,485.800,Sécheresse,89
2014,2010-2014,84,Auvergne-Rhône-Alpes,15,Cantal,1,H1,7,1268.830,454.154,Gel,146
2014,2010-2014,84,Auvergne-Rhône-Alpes,15,Cantal,1,H1,7,1268.830,454.154,Inondation,18
2014,2010-2014,84,Auvergne-Rhône-Alpes,15,Cantal,1,H1,7,1268.830,454.154,Sécheresse,103
2015,2015-2019,84,Auvergne-Rhône-Alpes,15,Cantal,1,H1,23,3897.430,2680.361,Gel,162
2015,2015-2019,84,Auvergne-Rhône-Alpes,15,Cantal,1,H1,23,3897.430,2680.361,Inondation,17
2015,2015-2019,84,Auvergne-Rhône-Alpes,15,Cantal,1,H1,23,3897.430,2680.361,Sécheresse,107
2016,2015-2019,84,Auvergne-Rhône-Alpes,15,Cantal,1,H1,40,8621.232,5875.802,Gel,175
2016,2015-2019,84,Auvergne-Rhône-Alpes,15,Cantal,1,H1,40,8621.232,5875.802,Inondation,22
2016,2015-2019,84,Auvergne-Rhône-Alpes,15,Cantal,1,H1,40,8621.232,5875.802,Sécheresse,96
2017,2015-2019,84,Auvergne-Rhône-Alpes,15,Cantal,1,H1,39,8486.742,3058.766,Gel,174
2017,2015-2019,84,Auvergne-Rhône-Alpes,15,Cantal,1,H1,39,8486.742,3058.766,Inondation,14
2017,2015-2019,84,Auvergne-Rhône-Alpes,15,Cantal,1,H1,39,8486.742,3058.766,Sécheresse,110
2018,2015-2019,84,Auvergne-Rhône-Alpes,15,Cantal,1,H1,23,5572.998,1173.408,Gel,141
2018,2015-2019,84,Auvergne-Rhône-Alpes,15,Cantal,1,H1,23,5572.998,1173.408,Inondation,16
2018,2015-2019,84,Auvergne-Rhône-Alpes,15,Cantal,1,H1,23,5572.998,1173.408,Sécheresse,139
2019,2015-2019,84,Auvergne-Rhône-Alpes,15,Cantal,1,H1,31,3930.769,2484.625,Gel,165
2019,2015-2019,84,Auvergne-Rhône-Alpes,15,Cantal,1,H1,31,3930.769,2484.625,Inondation,22
2019,2015-2019,84,Auvergne-Rhône-Alpes,15,Cantal,1,H1,31,3930.769,2484.625,Sécheresse,108
2020,2020-2024,84,Auvergne-Rhône-Alpes,15,Cantal,1,H1,13,2835.485,-717.635,Gel,138
2020,2020-2024,84,Auvergne-Rhône-Alpes,15,Cantal,1,H1,13,2835.485,-717.635,Inondation,23
2020,2020-2024,84,Auvergne-Rhône-Alpes,15,Cantal,1,H1,13,2835.485,-717.635,Sécheresse,113
2021,2020-2024,84,Auvergne-Rhône-Alpes,15,Cantal,1,H1,19,1993.477,854.414,Gel,172
2021,2020-2024,84,Auvergne-Rhône-Alpes,15,Cantal,1,H1,19,1993.477,854.414,Inondation,18
2021,2020-2024,84,Auvergne-Rhône-Alpes,15,Cantal,1,H1,19,1993.477,854.414,Sécheresse,86
2022,2020-2024,84,Auvergne-Rhône-Alpes,15,Cantal,1,H1,26,2384.739,-69.564,Gel,129
2022,2020-2024,84,Auvergne-Rhône-Alpes,15,Cantal,1,H1,26,2384.739,-69.564,Inondation,14
2022,2020-2024,84,Auvergne-Rhône-Alpes,15,Cantal,1,H1,26,2384.739,-69.564,Sécheresse,128
2023,2020-2024,84,Auvergne-Rhône-Alpes,15,Cantal,1,H1,30,2306.489,-759.979,Gel,131
2023,2020-2024,84,Auvergne-Rhône-Alpes,15,Cantal,1,H1,30,2306.489,-759.979,Inondation,18
2023,2020-2024,84,Auvergne-Rhône-Alpes,15,Cantal,1,H1,30,2306.489,-759.979,Sécheresse,122
2024,2020-2024,84,Auvergne-Rhône-Alpes,15,Cantal,1,H1,20,2347.217,-585.028,Gel,139
2024,2020-2024,84,Auvergne-Rhône-Alpes,15,Cantal,1,H1,20,2347.217,-585.028,Inondation,23
2024,2020-2024,84,Auvergne-Rhône-Alpes,15,Cantal,1,H1,20,2347.217,-585.028,Sécheresse,77
2010,2010-2014,75,Nouvelle-Aquitaine,16,Charente,2,H2,12,2449.313,-16817.122,Gel,103
2010,2010-2014,75,Nouvelle-Aquitaine,16,Charente,2,H2,12,2449.313,-16817.122,Inondation,2
2010,2010-2014,75,Nouvelle-Aquitaine,16,Charente,2,H2,12,2449.313,-16817.122,Sécheresse,100
2011,2010-2014,75,Nouvelle-Aquitaine,16,Charente,2,H2,7,2205.820,1180.777,Gel,62
2011,2010-2014,75,Nouvelle-Aquitaine,16,Charente,2,H2,7,2205.820,1180.777,Inondation,4
2011,2010-2014,75,Nouvelle-Aquitaine,16,Charente,2,H2,7,2205.820,1180.777,Sécheresse,120
2012,2010-2014,75,Nouvelle-Aquitaine,16,Charente,2,H2,4,1756.470,266.000,Gel,76
2012,2010-2014,75,Nouvelle-Aquitaine,16,Charente,2,H2,4,1756.470,266.000,Inondation,3
2012,2010-2014,75,Nouvelle-Aquitaine,16,Charente,2,H2,4,1756.470,266.000,Sécheresse,103
2013,2010-2014,75,Nouvelle-Aquitaine,16,Charente,2,H2,5,1348.580,-152.570,Gel,83
2013,2010-2014,75,Nouvelle-Aquitaine,16,Charente,2,H2,5,1348.580,-152.570,Inondation,7
2013,2010-2014,75,Nouvelle-Aquitaine,16,Charente,2,H2,5,1348.580,-152.570,Sécheresse,87
2014,2010-2014,75,Nouvelle-Aquitaine,16,Charente,2,H2,11,1500.110,1278.770,Gel,37
2014,2010-2014,75,Nouvelle-Aquitaine,16,Charente,2,H2,11,1500.110,1278.770,Inondation,5
2014,2010-2014,75,Nouvelle-Aquitaine,16,Charente,2,H2,11,1500.110,1278.770,Sécheresse,106
2015,2015-2019,75,Nouvelle-Aquitaine,16,Charente,2,H2,24,3107.329,1909.359,Gel,66
2015,2015-2019,75,Nouvelle-Aquitaine,16,Charente,2,H2,24,3107.329,1909.359,Inondation,6
2015,2015-2019,75,Nouvelle-Aquitaine,16,Charente,2,H2,24,3107.329,1909.359,Sécheresse,104
2016,2015-2019,75,Nouvelle-Aquitaine,16,Charente,2,H2,31,5249.855,2591.796,Gel,73
2016,2015-2019,75,Nouvelle-Aquitaine,16,Charente,2,H2,31,5249.855,2591.796,Inondation,4
2016,2015-2019,75,Nouvelle-Aquitaine,16,Charente,2,H2,31,5249.855,2591.796,Sécheresse,99
2017,2015-2019,75,Nouvelle-Aquitaine,16,Charente,2,H2,22,5868.920,1640.612,Gel,73
2017,2015-2019,75,Nouvelle-Aquitaine,16,Charente,2,H2,22,5868.920,1640.612,Inondation,3
2017,2015-2019,75,Nouvelle-Aquitaine,16,Charente,2,H2,22,5868.920,1640.612,Sécheresse,99
2018,2015-2019,75,Nouvelle-Aquitaine,16,Charente,2,H2,34,5135.086,3158.380,Gel,55
2018,2015-2019,75,Nouvelle-Aquitaine,16,Charente,2,H2,34,5135.086,3158.380,Inondation,2
2018,2015-2019,75,Nouvelle-Aquitaine,16,Charente,2,H2,34,5135.086,3158.380,Sécheresse,125
2019,2015-2019,75,Nouvelle-Aquitaine,16,Charente,2,H2,27,5937.016,2860.719,Gel,57
2019,2015-2019,75,Nouvelle-Aquitaine,16,Charente,2,H2,27,5937.016,2860.719,Inondation,1
2019,2015-2019,75,Nouvelle-Aquitaine,16,Charente,2,H2,27,5937.016,2860.719,Sécheresse,92
2020,2020-2024,75,Nouvelle-Aquitaine,16,Charente,2,H2,39,6059.539,2658.482,Gel,36
2020,2020-2024,75,Nouvelle-Aquitaine,16,Charente,2,H2,39,6059.539,2658.482,Inondation,2
2020,2020-2024,75,Nouvelle-Aquitaine,16,Charente,2,H2,39,6059.539,2658.482,Sécheresse,111
2021,2020-2024,75,Nouvelle-Aquitaine,16,Charente,2,H2,49,5596.149,2077.430,Gel,75
2021,2020-2024,75,Nouvelle-Aquitaine,16,Charente,2,H2,49,5596.149,2077.430,Inondation,0
2021,2020-2024,75,Nouvelle-Aquitaine,16,Charente,2,H2,49,5596.149,2077.430,Sécheresse,91
2022,2020-2024,75,Nouvelle-Aquitaine,16,Charente,2,H2,20,3411.188,-586.414,Gel,61
2022,2020-2024,75,Nouvelle-Aquitaine,16,Charente,2,H2,20,3411.188,-586.414,Inondation,1
2022,2020-2024,75,Nouvelle-Aquitaine,16,Charente,2,H2,20,3411.188,-586.414,Sécheresse,131
2023,2020-2024,75,Nouvelle-Aquitaine,16,Charente,2,H2,27,1524.592,-1075.706,Gel,47
2023,2020-2024,75,Nouvelle-Aquitaine,16,Charente,2,H2,27,1524.592,-1075.706,Inondation,1
2023,2020-2024,75,Nouvelle-Aquitaine,16,Charente,2,H2,27,1524.592,-1075.706,Sécheresse,132
2024,2020-2024,75,Nouvelle-Aquitaine,16,Charente,2,H2,31,1365.531,-1460.143,Gel,34
2024,2020-2024,75,Nouvelle-Aquitaine,16,Charente,2,H2,31,1365.531,-1460.143,Inondation,2
2024,2020-2024,75,Nouvelle-Aquitaine,16,Charente,2,H2,31,1365.531,-1460.143,Sécheresse,85
2010,2010-2014,75,Nouvelle-Aquitaine,17,Charente-Maritime,2,H2,12,1625.869,-16489.868,Gel,95
2010,2010-2014,75,Nouvelle-Aquitaine,17,Charente-Maritime,2,H2,12,1625.869,-16489.868,Inondation,3
2010,2010-2014,75,Nouvelle-Aquitaine,17,Charente-Maritime,2,H2,12,1625.869,-16489.868,Sécheresse,94
2011,2010-2014,75,Nouvelle-Aquitaine,17,Charente-Maritime,2,H2,17,2343.031,862.594,Gel,59
2011,2010-2014,75,Nouvelle-Aquitaine,17,Charente-Maritime,2,H2,17,2343.031,862.594,Inondation,6
2011,2010-2014,75,Nouvelle-Aquitaine,17,Charente-Maritime,2,H2,17,2343.031,862.594,Sécheresse,111
2012,2010-2014,75,Nouvelle-Aquitaine,17,Charente-Maritime,2,H2,11,1437.479,504.375,Gel,72
2012,2010-2014,75,Nouvelle-Aquitaine,17,Charente-Maritime,2,H2,11,1437.479,504.375,Inondation,4
2012,2010-2014,75,Nouvelle-Aquitaine,17,Charente-Maritime,2,H2,11,1437.479,504.375,Sécheresse,90
2013,2010-2014,75,Nouvelle-Aquitaine,17,Charente-Maritime,2,H2,8,836.729,-253.422,Gel,78
2013,2010-2014,75,Nouvelle-Aquitaine,17,Charente-Maritime,2,H2,8,836.729,-253.422,Inondation,6
2013,2010-2014,75,Nouvelle-Aquitaine,17,Charente-Maritime,2,H2,8,836.729,-253.422,Sécheresse,85
2014,2010-2014,75,Nouvelle-Aquitaine,17,Charente-Maritime,2,H2,3,677.609,239.941,Gel,34
2014,2010-2014,75,Nouvelle-Aquitaine,17,Charente-Maritime,2,H2,3,677.609,239.941,Inondation,3
2014,2010-2014,75,Nouvelle-Aquitaine,17,Charente-Maritime,2,H2,3,677.609,239.941,Sécheresse,92
2015,2015-2019,75,Nouvelle-Aquitaine,17,Charente-Maritime,2,H2,15,1169.950,312.708,Gel,64
2015,2015-2019,75,Nouvelle-Aquitaine,17,Charente-Maritime,2,H2,15,1169.950,312.708,Inondation,7
2015,2015-2019,75,Nouvelle-Aquitaine,17,Charente-Maritime,2,H2,15,1169.950,312.708,Sécheresse,94
2016,2015-2019,75,Nouvelle-Aquitaine,17,Charente-Maritime,2,H2,39,4235.420,2840.966,Gel,65
2016,2015-2019,75,Nouvelle-Aquitaine,17,Charente-Maritime,2,H2,39,4235.420,2840.966,Inondation,4
2016,2015-2019,75,Nouvelle-Aquitaine,17,Charente-Maritime,2,H2,39,4235.420,2840.966,Sécheresse,90
2017,2015-2019,75,Nouvelle-Aquitaine,17,Charente-Maritime,2,H2,34,5226.160,1827.811,Gel,68
2017,2015-2019,75,Nouvelle-Aquitaine,17,Charente-Maritime,2,H2,34,5226.160,1827.811,Inondation,2
2017,2015-2019,75,Nouvelle-Aquitaine,17,Charente-Maritime,2,H2,34,5226.160,1827.811,Sécheresse,94
2018,2015-2019,75,Nouvelle-Aquitaine,17,Charente-Maritime,2,H2,40,4711.228,2072.413,Gel,41
2018,2015-2019,75,Nouvelle-Aquitaine,17,Charente-Maritime,2,H2,40,4711.228,2072.413,Inondation,5
2018,2015-2019,75,Nouvelle-Aquitaine,17,Charente-Maritime,2,H2,40,4711.228,2072.413,Sécheresse,123
2019,2015-2019,75,Nouvelle-Aquitaine,17,Charente-Maritime,2,H2,47,4535.745,2386.794,Gel,45
2019,2015-2019,75,Nouvelle-Aquitaine,17,Charente-Maritime,2,H2,47,4535.745,2386.794,Inondation,4
2019,2015-2019,75,Nouvelle-Aquitaine,17,Charente-Maritime,2,H2,47,4535.745,2386.794,Sécheresse,94
2020,2020-2024,75,Nouvelle-Aquitaine,17,Charente-Maritime,2,H2,57,3990.346,1926.992,Gel,22
2020,2020-2024,75,Nouvelle-Aquitaine,17,Charente-Maritime,2,H2,57,3990.346,1926.992,Inondation,4
2020,2020-2024,75,Nouvelle-Aquitaine,17,Charente-Maritime,2,H2,57,3990.346,1926.992,Sécheresse,104
2021,2020-2024,75,Nouvelle-Aquitaine,17,Charente-Maritime,2,H2,40,4225.170,1746.353,Gel,56
2021,2020-2024,75,Nouvelle-Aquitaine,17,Charente-Maritime,2,H2,40,4225.170,1746.353,Inondation,1
2021,2020-2024,75,Nouvelle-Aquitaine,17,Charente-Maritime,2,H2,40,4225.170,1746.353,Sécheresse,83
2022,2020-2024,75,Nouvelle-Aquitaine,17,Charente-Maritime,2,H2,35,2549.263,122.028,Gel,53
2022,2020-2024,75,Nouvelle-Aquitaine,17,Charente-Maritime,2,H2,35,2549.263,122.028,Inondation,1
2022,2020-2024,75,Nouvelle-Aquitaine,17,Charente-Maritime,2,H2,35,2549.263,122.028,Sécheresse,121
2023,2020-2024,75,Nouvelle-Aquitaine,17,Charente-Maritime,2,H2,33,1509.553,-467.614,Gel,43
2023,2020-2024,75,Nouvelle-Aquitaine,17,Charente-Maritime,2,H2,33,1509.553,-467.614,Inondation,4
2023,2020-2024,75,Nouvelle-Aquitaine,17,Charente-Maritime,2,H2,33,1509.553,-467.614,Sécheresse,122
2024,2020-2024,75,Nouvelle-Aquitaine,17,Charente-Maritime,2,H2,40,1209.055,-1054.263,Gel,26
2024,2020-2024,75,Nouvelle-Aquitaine,17,Charente-Maritime,2,H2,40,1209.055,-1054.263,Inondation,2
2024,2020-2024,75,Nouvelle-Aquitaine,17,Charente-Maritime,2,H2,40,1209.055,-1054.263,Sécheresse,79
2010,2010-2014,24,Centre-Val de Loire,18,Cher,2,H2,10,2427.352,-12311.154,Gel,114
2010,2010-2014,24,Centre-Val de Loire,18,Cher,2,H2,10,2427.352,-12311.154,Inondation,1
2010,2010-2014,24,Centre-Val de Loire,18,Cher,2,H2,10,2427.352,-12311.154,Sécheresse,88
2011,2010-2014,24,Centre-Val de Loire,18,Cher,2,H2,7,1571.544,578.141,Gel,84
2011,2010-2014,24,Centre-Val de Loire,18,Cher,2,H2,7,1571.544,578.141,Inondation,7
2011,2010-2014,24,Centre-Val de Loire,18,Cher,2,H2,7,1571.544,578.141,Sécheresse,115
2012,2010-2014,24,Centre-Val de Loire,18,Cher,2,H2,6,897.020,-16.520,Gel,89
2012,2010-2014,24,Centre-Val de Loire,18,Cher,2,H2,6,897.020,-16.520,Inondation,1
2012,2010-2014,24,Centre-Val de Loire,18,Cher,2,H2,6,897.020,-16.520,Sécheresse,100
2013,2010-2014,24,Centre-Val de Loire,18,Cher,2,H2,7,1166.750,752.552,Gel,104
2013,2010-2014,24,Centre-Val de Loire,18,Cher,2,H2,7,1166.750,752.552,Inondation,6
2013,2010-2014,24,Centre-Val de Loire,18,Cher,2,H2,7,1166.750,752.552,Sécheresse,88
2014,2010-2014,24,Centre-Val de Loire,18,Cher,2,H2,8,1478.550,692.216,Gel,52
2014,2010-2014,24,Centre-Val de Loire,18,Cher,2,H2,8,1478.550,692.216,Inondation,4
2014,2010-2014,24,Centre-Val de Loire,18,Cher,2,H2,8,1478.550,692.216,Sécheresse,94
2015,2015-2019,24,Centre-Val de Loire,18,Cher,2,H2,20,5385.133,4502.743,Gel,88
2015,2015-2019,24,Centre-Val de Loire,18,Cher,2,H2,20,5385.133,4502.743,Inondation,4
2015,2015-2019,24,Centre-Val de Loire,18,Cher,2,H2,20,5385.133,4502.743,Sécheresse,94
2016,2015-2019,24,Centre-Val de Loire,18,Cher,2,H2,6,4673.630,256.101,Gel,99
2016,2015-2019,24,Centre-Val de Loire,18,Cher,2,H2,6,4673.630,256.101,Inondation,3
2016,2015-2019,24,Centre-Val de Loire,18,Cher,2,H2,6,4673.630,256.101,Sécheresse,96
2017,2015-2019,24,Centre-Val de Loire,18,Cher,2,H2,18,3792.720,994.385,Gel,88
2017,2015-2019,24,Centre-Val de Loire,18,Cher,2,H2,18,3792.720,994.385,Inondation,2
2017,2015-2019,24,Centre-Val de Loire,18,Cher,2,H2,18,3792.720,994.385,Sécheresse,103
2018,2015-2019,24,Centre-Val de Loire,18,Cher,2,H2,26,3332.967,2028.007,Gel,71
2018,2015-2019,24,Centre-Val de Loire,18,Cher,2,H2,26,3332.967,2028.007,Inondation,1
2018,2015-2019,24,Centre-Val de Loire,18,Cher,2,H2,26,3332.967,2028.007,Sécheresse,140
2019,2015-2019,24,Centre-Val de Loire,18,Cher,2,H2,41,4880.922,2448.654,Gel,89
2019,2015-2019,24,Centre-Val de Loire,18,Cher,2,H2,41,4880.922,2448.654,Inondation,1
2019,2015-2019,24,Centre-Val de Loire,18,Cher,2,H2,41,4880.922,2448.654,Sécheresse,106
2020,2020-2024,24,Centre-Val de Loire,18,Cher,2,H2,57,6873.883,3411.276,Gel,63
2020,2020-2024,24,Centre-Val de Loire,18,Cher,2,H2,57,6873.883,3411.276,Inondation,1
2020,2020-2024,24,Centre-Val de Loire,18,Cher,2,H2,57,6873.883,3411.276,Sécheresse,117
2021,2020-2024,24,Centre-Val de Loire,18,Cher,2,H2,53,6810.392,3333.986,Gel,103
2021,2020-2024,24,Centre-Val de Loire,18,Cher,2,H2,53,6810.392,3333.986,Inondation,6
2021,2020-2024,24,Centre-Val de Loire,18,Cher,2,H2,53,6810.392,3333.986,Sécheresse,87
2022,2020-2024,24,Centre-Val de Loire,18,Cher,2,H2,35,4473.834,497.374,Gel,76
2022,2020-2024,24,Centre-Val de Loire,18,Cher,2,H2,35,4473.834,497.374,Inondation,1
2022,2020-2024,24,Centre-Val de Loire,18,Cher,2,H2,35,4473.834,497.374,Sécheresse,122
2023,2020-2024,24,Centre-Val de Loire,18,Cher,2,H2,15,2585.567,30.965,Gel,62
2023,2020-2024,24,Centre-Val de Loire,18,Cher,2,H2,15,2585.567,30.965,Inondation,0
2023,2020-2024,24,Centre-Val de Loire,18,Cher,2,H2,15,2585.567,30.965,Sécheresse,124
2024,2020-2024,24,Centre-Val de Loire,18,Cher,2,H2,15,1423.115,-604.106,Gel,55
2024,2020-2024,24,Centre-Val de Loire,18,Cher,2,H2,15,1423.115,-604.106,Inondation,5
2024,2020-2024,24,Centre-Val de Loire,18,Cher,2,H2,15,1423.115,-604.106,Sécheresse,89
2010,2010-2014,75,Nouvelle-Aquitaine,19,Corrèze,1,H1,5,1010.034,-20517.893,Gel,140
2010,2010-2014,75,Nouvelle-Aquitaine,19,Corrèze,1,H1,5,1010.034,-20517.893,Inondation,9
2010,2010-2014,75,Nouvelle-Aquitaine,19,Corrèze,1,H1,5,1010.034,-20517.893,Sécheresse,98
2011,2010-2014,75,Nouvelle-Aquitaine,19,Corrèze,1,H1,8,964.018,395.076,Gel,119
2011,2010-2014,75,Nouvelle-Aquitaine,19,Corrèze,1,H1,8,964.018,395.076,Inondation,10
2011,2010-2014,75,Nouvelle-Aquitaine,19,Corrèze,1,H1,8,964.018,395.076,Sécheresse,114
2012,2010-2014,75,Nouvelle-Aquitaine,19,Corrèze,1,H1,16,913.171,49.100,Gel,123
2012,2010-2014,75,Nouvelle-Aquitaine,19,Corrèze,1,H1,16,913.171,49.100,Inondation,4
2012,2010-2014,75,Nouvelle-Aquitaine,19,Corrèze,1,H1,16,913.171,49.100,Sécheresse,106
2013,2010-2014,75,Nouvelle-Aquitaine,19,Corrèze,1,H1,13,707.931,55.278,Gel,143
2013,2010-2014,75,Nouvelle-Aquitaine,19,Corrèze,1,H1,13,707.931,55.278,Inondation,7
2013,2010-2014,75,Nouvelle-Aquitaine,19,Corrèze,1,H1,13,707.931,55.278,Sécheresse,87
2014,2010-2014,75,Nouvelle-Aquitaine,19,Corrèze,1,H1,12,773.970,223.264,Gel,104
2014,2010-2014,75,Nouvelle-Aquitaine,19,Corrèze,1,H1,12,773.970,223.264,Inondation,8
2014,2010-2014,75,Nouvelle-Aquitaine,19,Corrèze,1,H1,12,773.970,223.264,Sécheresse,103
2015,2015-2019,75,Nouvelle-Aquitaine,19,Corrèze,1,H1,21,1193.239,819.142,Gel,129
2015,2015-2019,75,Nouvelle-Aquitaine,19,Corrèze,1,H1,21,1193.239,819.142,Inondation,11
2015,2015-2019,75,Nouvelle-Aquitaine,19,Corrèze,1,H1,21,1193.239,819.142,Sécheresse,101
2016,2015-2019,75,Nouvelle-Aquitaine,19,Corrèze,1,H1,25,2836.224,2117.398,Gel,131
2016,2015-2019,75,Nouvelle-Aquitaine,19,Corrèze,1,H1,25,2836.224,2117.398,Inondation,10
2016,2015-2019,75,Nouvelle-Aquitaine,19,Corrèze,1,H1,25,2836.224,2117.398,Sécheresse,98
2017,2015-2019,75,Nouvelle-Aquitaine,19,Corrèze,1,H1,32,2921.552,1343.350,Gel,135
2017,2015-2019,75,Nouvelle-Aquitaine,19,Corrèze,1,H1,32,2921.552,1343.350,Inondation,6
2017,2015-2019,75,Nouvelle-Aquitaine,19,Corrèze,1,H1,32,2921.552,1343.350,Sécheresse,106
2018,2015-2019,75,Nouvelle-Aquitaine,19,Corrèze,1,H1,19,1948.464,462.497,Gel,93
2018,2015-2019,75,Nouvelle-Aquitaine,19,Corrèze,1,H1,19,1948.464,462.497,Inondation,12
2018,2015-2019,75,Nouvelle-Aquitaine,19,Corrèze,1,H1,19,1948.464,462.497,Sécheresse,137
2019,2015-2019,75,Nouvelle-Aquitaine,19,Corrèze,1,H1,39,2458.806,1673.014,Gel,117
2019,2015-2019,75,Nouvelle-Aquitaine,19,Corrèze,1,H1,39,2458.806,1673.014,Inondation,9
2019,2015-2019,75,Nouvelle-Aquitaine,19,Corrèze,1,H1,39,2458.806,1673.014,Sécheresse,100
2020,2020-2024,75,Nouvelle-Aquitaine,19,Corrèze,1,H1,31,2893.005,1191.610,Gel,108
2020,2020-2024,75,Nouvelle-Aquitaine,19,Corrèze,1,H1,31,2893.005,1191.610,Inondation,9
2020,2020-2024,75,Nouvelle-Aquitaine,19,Corrèze,1,H1,31,2893.005,1191.610,Sécheresse,108
2021,2020-2024,75,Nouvelle-Aquitaine,19,Corrèze,1,H1,46,2933.582,1813.715,Gel,150
2021,2020-2024,75,Nouvelle-Aquitaine,19,Corrèze,1,H1,46,2933.582,1813.715,Inondation,12
2021,2020-2024,75,Nouvelle-Aquitaine,19,Corrèze,1,H1,46,2933.582,1813.715,Sécheresse,90
2022,2020-2024,75,Nouvelle-Aquitaine,19,Corrèze,1,H1,31,2286.435,245.149,Gel,101
2022,2020-2024,75,Nouvelle-Aquitaine,19,Corrèze,1,H1,31,2286.435,245.149,Inondation,5
2022,2020-2024,75,Nouvelle-Aquitaine,19,Corrèze,1,H1,31,2286.435,245.149,Sécheresse,143
2023,2020-2024,75,Nouvelle-Aquitaine,19,Corrèze,1,H1,67,2615.414,738.903,Gel,91
2023,2020-2024,75,Nouvelle-Aquitaine,19,Corrèze,1,H1,67,2615.414,738.903,Inondation,9
2023,2020-2024,75,Nouvelle-Aquitaine,19,Corrèze,1,H1,67,2615.414,738.903,Sécheresse,132
2024,2020-2024,75,Nouvelle-Aquitaine,19,Corrèze,1,H1,41,2899.698,127.101,Gel,90
2024,2020-2024,75,Nouvelle-Aquitaine,19,Corrèze,1,H1,41,2899.698,127.101,Inondation,16
2024,2020-2024,75,Nouvelle-Aquitaine,19,Corrèze,1,H1,41,2899.698,127.101,Sécheresse,99
2010,2010-2014,27,Bourgogne-Franche-Comté,21,Côte-d'Or,1,H1,31,4023.856,-4219.373,Gel,125
2010,2010-2014,27,Bourgogne-Franche-Comté,21,Côte-d'Or,1,H1,31,4023.856,-4219.373,Inondation,7
2010,2010-2014,27,Bourgogne-Franche-Comté,21,Côte-d'Or,1,H1,31,4023.856,-4219.373,Sécheresse,67
2011,2010-2014,27,Bourgogne-Franche-Comté,21,Côte-d'Or,1,H1,13,3649.436,1119.953,Gel,89
2011,2010-2014,27,Bourgogne-Franche-Comté,21,Côte-d'Or,1,H1,13,3649.436,1119.953,Inondation,4
2011,2010-2014,27,Bourgogne-Franche-Comté,21,Côte-d'Or,1,H1,13,3649.436,1119.953,Sécheresse,85
2012,2010-2014,27,Bourgogne-Franche-Comté,21,Côte-d'Or,1,H1,12,1472.728,-142.235,Gel,98
2012,2010-2014,27,Bourgogne-Franche-Comté,21,Côte-d'Or,1,H1,12,1472.728,-142.235,Inondation,7
2012,2010-2014,27,Bourgogne-Franche-Comté,21,Côte-d'Or,1,H1,12,1472.728,-142.235,Sécheresse,82
2013,2010-2014,27,Bourgogne-Franche-Comté,21,Côte-d'Or,1,H1,14,1672.852,96.083,Gel,119
2013,2010-2014,27,Bourgogne-Franche-Comté,21,Côte-d'Or,1,H1,14,1672.852,96.083,Inondation,11
2013,2010-2014,27,Bourgogne-Franche-Comté,21,Côte-d'Or,1,H1,14,1672.852,96.083,Sécheresse,73
2014,2010-2014,27,Bourgogne-Franche-Comté,21,Côte-d'Or,1,H1,7,2377.916,1226.574,Gel,75
2014,2010-2014,27,Bourgogne-Franche-Comté,21,Côte-d'Or,1,H1,7,2377.916,1226.574,Inondation,5
2014,2010-2014,27,Bourgogne-Franche-Comté,21,Côte-d'Or,1,H1,7,2377.916,1226.574,Sécheresse,67
2015,2015-2019,27,Bourgogne-Franche-Comté,21,Côte-d'Or,1,H1,31,6117.250,4058.605,Gel,107
2015,2015-2019,27,Bourgogne-Franche-Comté,21,Côte-d'Or,1,H1,31,6117.250,4058.605,Inondation,7
2015,2015-2019,27,Bourgogne-Franche-Comté,21,Côte-d'Or,1,H1,31,6117.250,4058.605,Sécheresse,78
2016,2015-2019,27,Bourgogne-Franche-Comté,21,Côte-d'Or,1,H1,47,9713.877,4358.111,Gel,109
2016,2015-2019,27,Bourgogne-Franche-Comté,21,Côte-d'Or,1,H1,47,9713.877,4358.111,Inondation,7
2016,2015-2019,27,Bourgogne-Franche-Comté,21,Côte-d'Or,1,H1,47,9713.877,4358.111,Sécheresse,78
2017,2015-2019,27,Bourgogne-Franche-Comté,21,Côte-d'Or,1,H1,29,9668.616,3219.846,Gel,109
2017,2015-2019,27,Bourgogne-Franche-Comté,21,Côte-d'Or,1,H1,29,9668.616,3219.846,Inondation,5
2017,2015-2019,27,Bourgogne-Franche-Comté,21,Côte-d'Or,1,H1,29,9668.616,3219.846,Sécheresse,97
2018,2015-2019,27,Bourgogne-Franche-Comté,21,Côte-d'Or,1,H1,62,11041.898,6019.449,Gel,80
2018,2015-2019,27,Bourgogne-Franche-Comté,21,Côte-d'Or,1,H1,62,11041.898,6019.449,Inondation,8
2018,2015-2019,27,Bourgogne-Franche-Comté,21,Côte-d'Or,1,H1,62,11041.898,6019.449,Sécheresse,122
2019,2015-2019,27,Bourgogne-Franche-Comté,21,Côte-d'Or,1,H1,78,15995.140,8999.492,Gel,108
2019,2015-2019,27,Bourgogne-Franche-Comté,21,Côte-d'Or,1,H1,78,15995.140,8999.492,Inondation,3
2019,2015-2019,27,Bourgogne-Franche-Comté,21,Côte-d'Or,1,H1,78,15995.140,8999.492,Sécheresse,102
2020,2020-2024,27,Bourgogne-Franche-Comté,21,Côte-d'Or,1,H1,121,16049.232,6433.809,Gel,90
2020,2020-2024,27,Bourgogne-Franche-Comté,21,Côte-d'Or,1,H1,121,16049.232,6433.809,Inondation,2
2020,2020-2024,27,Bourgogne-Franche-Comté,21,Côte-d'Or,1,H1,121,16049.232,6433.809,Sécheresse,109
2021,2020-2024,27,Bourgogne-Franche-Comté,21,Côte-d'Or,1,H1,134,16829.649,8288.892,Gel,120
2021,2020-2024,27,Bourgogne-Franche-Comté,21,Côte-d'Or,1,H1,134,16829.649,8288.892,Inondation,4
2021,2020-2024,27,Bourgogne-Franche-Comté,21,Côte-d'Or,1,H1,134,16829.649,8288.892,Sécheresse,70
2022,2020-2024,27,Bourgogne-Franche-Comté,21,Côte-d'Or,1,H1,47,12443.396,1857.607,Gel,92
2022,2020-2024,27,Bourgogne-Franche-Comté,21,Côte-d'Or,1,H1,47,12443.396,1857.607,Inondation,1
2022,2020-2024,27,Bourgogne-Franche-Comté,21,Côte-d'Or,1,H1,47,12443.396,1857.607,Sécheresse,114
2023,2020-2024,27,Bourgogne-Franche-Comté,21,Côte-d'Or,1,H1,52,6223.704,502.664,Gel,75
2023,2020-2024,27,Bourgogne-Franche-Comté,21,Côte-d'Or,1,H1,52,6223.704,502.664,Inondation,2
2023,2020-2024,27,Bourgogne-Franche-Comté,21,Côte-d'Or,1,H1,52,6223.704,502.664,Sécheresse,123
2024,2020-2024,27,Bourgogne-Franche-Comté,21,Côte-d'Or,1,H1,83,7868.403,-391.554,Gel,66
2024,2020-2024,27,Bourgogne-Franche-Comté,21,Côte-d'Or,1,H1,83,7868.403,-391.554,Inondation,6
2024,2020-2024,27,Bourgogne-Franche-Comté,21,Côte-d'Or,1,H1,83,7868.403,-391.554,Sécheresse,80
2010,2010-2014,53,Bretagne,22,Côtes-d'Armor,2,H2,43,3296.012,-46567.048,Gel,97
2010,2010-2014,53,Bretagne,22,Côtes-d'Armor,2,H2,43,3296.012,-46567.048,Inondation,7
2010,2010-2014,53,Bretagne,22,Côtes-d'Armor,2,H2,43,3296.012,-46567.048,Sécheresse,56
2011,2010-2014,53,Bretagne,22,Côtes-d'Armor,2,H2,23,4933.771,3237.097,Gel,40
2011,2010-2014,53,Bretagne,22,Côtes-d'Armor,2,H2,23,4933.771,3237.097,Inondation,3
2011,2010-2014,53,Bretagne,22,Côtes-d'Armor,2,H2,23,4933.771,3237.097,Sécheresse,48
2012,2010-2014,53,Bretagne,22,Côtes-d'Armor,2,H2,16,2316.684,891.224,Gel,53
2012,2010-2014,53,Bretagne,22,Côtes-d'Armor,2,H2,16,2316.684,891.224,Inondation,2
2012,2010-2014,53,Bretagne,22,Côtes-d'Armor,2,H2,16,2316.684,891.224,Sécheresse,37
2013,2010-2014,53,Bretagne,22,Côtes-d'Armor,2,H2,15,1609.991,502.788,Gel,67
2013,2010-2014,53,Bretagne,22,Côtes-d'Armor,2,H2,15,1609.991,502.788,Inondation,3
2013,2010-2014,53,Bretagne,22,Côtes-d'Armor,2,H2,15,1609.991,502.788,Sécheresse,62
2014,2010-2014,53,Bretagne,22,Côtes-d'Armor,2,H2,20,1479.350,635.634,Gel,22
2014,2010-2014,53,Bretagne,22,Côtes-d'Armor,2,H2,20,1479.350,635.634,Inondation,6
2014,2010-2014,53,Bretagne,22,Côtes-d'Armor,2,H2,20,1479.350,635.634,Sécheresse,56
2015,2015-2019,53,Bretagne,22,Côtes-d'Armor,2,H2,36,2165.387,1252.313,Gel,40
2015,2015-2019,53,Bretagne,22,Côtes-d'Armor,2,H2,36,2165.387,1252.313,Inondation,0
2015,2015-2019,53,Bretagne,22,Côtes-d'Armor,2,H2,36,2165.387,1252.313,Sécheresse,50
2016,2015-2019,53,Bretagne,22,Côtes-d'Armor,2,H2,69,4572.988,3678.046,Gel,56
2016,2015-2019,53,Bretagne,22,Côtes-d'Armor,2,H2,69,4572.988,3678.046,Inondation,1
2016,2015-2019,53,Bretagne,22,Côtes-d'Armor,2,H2,69,4572.988,3678.046,Sécheresse,60
2017,2015-2019,53,Bretagne,22,Côtes-d'Armor,2,H2,71,6619.831,3700.678,Gel,53
2017,2015-2019,53,Bretagne,22,Côtes-d'Armor,2,H2,71,6619.831,3700.678,Inondation,3
2017,2015-2019,53,Bretagne,22,Côtes-d'Armor,2,H2,71,6619.831,3700.678,Sécheresse,53
2018,2015-2019,53,Bretagne,22,Côtes-d'Armor,2,H2,92,8453.154,5836.866,Gel,45
2018,2015-2019,53,Bretagne,22,Côtes-d'Armor,2,H2,92,8453.154,5836.866,Inondation,3
2018,2015-2019,53,Bretagne,22,Côtes-d'Armor,2,H2,92,8453.154,5836.866,Sécheresse,77
2019,2015-2019,53,Bretagne,22,Côtes-d'Armor,2,H2,86,8944.752,4332.646,Gel,42
2019,2015-2019,53,Bretagne,22,Côtes-d'Armor,2,H2,86,8944.752,4332.646,Inondation,1
2019,2015-2019,53,Bretagne,22,Côtes-d'Armor,2,H2,86,8944.752,4332.646,Sécheresse,66
2020,2020-2024,53,Bretagne,22,Côtes-d'Armor,2,H2,64,7993.988,2794.499,Gel,29
2020,2020-2024,53,Bretagne,22,Côtes-d'Armor,2,H2,64,7993.988,2794.499,Inondation,7
2020,2020-2024,53,Bretagne,22,Côtes-d'Armor,2,H2,64,7993.988,2794.499,Sécheresse,68
2021,2020-2024,53,Bretagne,22,Côtes-d'Armor,2,H2,97,7529.644,3772.731,Gel,60
2021,2020-2024,53,Bretagne,22,Côtes-d'Armor,2,H2,97,7529.644,3772.731,Inondation,3
2021,2020-2024,53,Bretagne,22,Côtes-d'Armor,2,H2,97,7529.644,3772.731,Sécheresse,38
2022,2020-2024,53,Bretagne,22,Côtes-d'Armor,2,H2,77,5858.233,1055.526,Gel,37
2022,2020-2024,53,Bretagne,22,Côtes-d'Armor,2,H2,77,5858.233,1055.526,Inondation,4
2022,2020-2024,53,Bretagne,22,Côtes-d'Armor,2,H2,77,5858.233,1055.526,Sécheresse,71
2023,2020-2024,53,Bretagne,22,Côtes-d'Armor,2,H2,62,3744.539,-813.477,Gel,34
2023,2020-2024,53,Bretagne,22,Côtes-d'Armor,2,H2,62,3744.539,-813.477,Inondation,0
2023,2020-2024,53,Bretagne,22,Côtes-d'Armor,2,H2,62,3744.539,-813.477,Sécheresse,69
2024,2020-2024,53,Bretagne,22,Côtes-d'Armor,2,H2,67,2334.293,-410.866,Gel,24
2024,2020-2024,53,Bretagne,22,Côtes-d'Armor,2,H2,67,2334.293,-410.866,Inondation,2
2024,2020-2024,53,Bretagne,22,Côtes-d'Armor,2,H2,67,2334.293,-410.866,Sécheresse,39
2010,2010-2014,75,Nouvelle-Aquitaine,23,Creuse,1,H1,7,1965.987,-35296.623,Gel,139
2010,2010-2014,75,Nouvelle-Aquitaine,23,Creuse,1,H1,7,1965.987,-35296.623,Inondation,11
2010,2010-2014,75,Nouvelle-Aquitaine,23,Creuse,1,H1,7,1965.987,-35296.623,Sécheresse,67
2011,2010-2014,75,Nouvelle-Aquitaine,23,Creuse,1,H1,10,2013.658,1492.759,Gel,105
2011,2010-2014,75,Nouvelle-Aquitaine,23,Creuse,1,H1,10,2013.658,1492.759,Inondation,7
2011,2010-2014,75,Nouvelle-Aquitaine,23,Creuse,1,H1,10,2013.658,1492.759,Sécheresse,79
2012,2010-2014,75,Nouvelle-Aquitaine,23,Creuse,1,H1,9,1954.707,1148.864,Gel,121
2012,2010-2014,75,Nouvelle-Aquitaine,23,Creuse,1,H1,9,1954.707,1148.864,Inondation,5
2012,2010-2014,75,Nouvelle-Aquitaine,23,Creuse,1,H1,9,1954.707,1148.864,Sécheresse,77
2013,2010-2014,75,Nouvelle-Aquitaine,23,Creuse,1,H1,8,1713.876,0.276,Gel,128
2013,2010-2014,75,Nouvelle-Aquitaine,23,Creuse,1,H1,8,1713.876,0.276,Inondation,5
2013,2010-2014,75,Nouvelle-Aquitaine,23,Creuse,1,H1,8,1713.876,0.276,Sécheresse,70
2014,2010-2014,75,Nouvelle-Aquitaine,23,Creuse,1,H1,8,1344.053,1137.008,Gel,94
2014,2010-2014,75,Nouvelle-Aquitaine,23,Creuse,1,H1,8,1344.053,1137.008,Inondation,7
2014,2010-2014,75,Nouvelle-Aquitaine,23,Creuse,1,H1,8,1344.053,1137.008,Sécheresse,57
2015,2015-2019,75,Nouvelle-Aquitaine,23,Creuse,1,H1,11,2659.858,1439.373,Gel,128
2015,2015-2019,75,Nouvelle-Aquitaine,23,Creuse,1,H1,11,2659.858,1439.373,Inondation,7
2015,2015-2019,75,Nouvelle-Aquitaine,23,Creuse,1,H1,11,2659.858,1439.373,Sécheresse,73
2016,2015-2019,75,Nouvelle-Aquitaine,23,Creuse,1,H1,14,2991.000,528.363,Gel,128
2016,2015-2019,75,Nouvelle-Aquitaine,23,Creuse,1,H1,14,2991.000,528.363,Inondation,5
2016,2015-2019,75,Nouvelle-Aquitaine,23,Creuse,1,H1,14,2991.000,528.363,Sécheresse,70
2017,2015-2019,75,Nouvelle-Aquitaine,23,Creuse,1,H1,16,3183.305,1243.031,Gel,122
2017,2015-2019,75,Nouvelle-Aquitaine,23,Creuse,1,H1,16,3183.305,1243.031,Inondation,8
2017,2015-2019,75,Nouvelle-Aquitaine,23,Creuse,1,H1,16,3183.305,1243.031,Sécheresse,72
2018,2015-2019,75,Nouvelle-Aquitaine,23,Creuse,1,H1,23,3142.206,1600.126,Gel,92
2018,2015-2019,75,Nouvelle-Aquitaine,23,Creuse,1,H1,23,3142.206,1600.126,Inondation,12
2018,2015-2019,75,Nouvelle-Aquitaine,23,Creuse,1,H1,23,3142.206,1600.126,Sécheresse,99
2019,2015-2019,75,Nouvelle-Aquitaine,23,Creuse,1,H1,14,2653.650,1276.951,Gel,110
2019,2015-2019,75,Nouvelle-Aquitaine,23,Creuse,1,H1,14,2653.650,1276.951,Inondation,7
2019,2015-2019,75,Nouvelle-Aquitaine,23,Creuse,1,H1,14,2653.650,1276.951,Sécheresse,88
2020,2020-2024,75,Nouvelle-Aquitaine,23,Creuse,1,H1,16,2839.560,1010.102,Gel,97
2020,2020-2024,75,Nouvelle-Aquitaine,23,Creuse,1,H1,16,2839.560,1010.102,Inondation,10
2020,2020-2024,75,Nouvelle-Aquitaine,23,Creuse,1,H1,16,2839.560,1010.102,Sécheresse,89
2021,2020-2024,75,Nouvelle-Aquitaine,23,Creuse,1,H1,35,3826.027,1834.829,Gel,134
2021,2020-2024,75,Nouvelle-Aquitaine,23,Creuse,1,H1,35,3826.027,1834.829,Inondation,7
2021,2020-2024,75,Nouvelle-Aquitaine,23,Creuse,1,H1,35,3826.027,1834.829,Sécheresse,63
2022,2020-2024,75,Nouvelle-Aquitaine,23,Creuse,1,H1,44,4428.779,2425.436,Gel,104
2022,2020-2024,75,Nouvelle-Aquitaine,23,Creuse,1,H1,44,4428.779,2425.436,Inondation,5
2022,2020-2024,75,Nouvelle-Aquitaine,23,Creuse,1,H1,44,4428.779,2425.436,Sécheresse,115
2023,2020-2024,75,Nouvelle-Aquitaine,23,Creuse,1,H1,27,2369.330,-941.334,Gel,84
2023,2020-2024,75,Nouvelle-Aquitaine,23,Creuse,1,H1,27,2369.330,-941.334,Inondation,4
2023,2020-2024,75,Nouvelle-Aquitaine,23,Creuse,1,H1,27,2369.330,-941.334,Sécheresse,118
2024,2020-2024,75,Nouvelle-Aquitaine,23,Creuse,1,H1,39,2099.672,653.609,Gel,74
2024,2020-2024,75,Nouvelle-Aquitaine,23,Creuse,1,H1,39,2099.672,653.609,Inondation,9
2024,2020-2024,75,Nouvelle-Aquitaine,23,Creuse,1,H1,39,2099.672,653.609,Sécheresse,74
2010,2010-2014,75,Nouvelle-Aquitaine,24,Dordogne,2,H2,66,5677.754,-9210.490,Gel,97
2010,2010-2014,75,Nouvelle-Aquitaine,24,Dordogne,2,H2,66,5677.754,-9210.490,Inondation,5
2010,2010-2014,75,Nouvelle-Aquitaine,24,Dordogne,2,H2,66,5677.754,-9210.490,Sécheresse,115
2011,2010-2014,75,Nouvelle-Aquitaine,24,Dordogne,2,H2,18,4444.626,1073.159,Gel,58
2011,2010-2014,75,Nouvelle-Aquitaine,24,Dordogne,2,H2,18,4444.626,1073.159,Inondation,2
2011,2010-2014,75,Nouvelle-Aquitaine,24,Dordogne,2,H2,18,4444.626,1073.159,Sécheresse,141
2012,2010-2014,75,Nouvelle-Aquitaine,24,Dordogne,2,H2,31,3280.573,813.093,Gel,79
2012,2010-2014,75,Nouvelle-Aquitaine,24,Dordogne,2,H2,31,3280.573,813.093,Inondation,3
2012,2010-2014,75,Nouvelle-Aquitaine,24,Dordogne,2,H2,31,3280.573,813.093,Sécheresse,113
2013,2010-2014,75,Nouvelle-Aquitaine,24,Dordogne,2,H2,21,2195.986,1045.288,Gel,85
2013,2010-2014,75,Nouvelle-Aquitaine,24,Dordogne,2,H2,21,2195.986,1045.288,Inondation,4
2013,2010-2014,75,Nouvelle-Aquitaine,24,Dordogne,2,H2,21,2195.986,1045.288,Sécheresse,95
2014,2010-2014,75,Nouvelle-Aquitaine,24,Dordogne,2,H2,39,3498.694,1605.771,Gel,35
2014,2010-2014,75,Nouvelle-Aquitaine,24,Dordogne,2,H2,39,3498.694,1605.771,Inondation,5
2014,2010-2014,75,Nouvelle-Aquitaine,24,Dordogne,2,H2,39,3498.694,1605.771,Sécheresse,117
2015,2015-2019,75,Nouvelle-Aquitaine,24,Dordogne,2,H2,32,4758.372,3336.790,Gel,73
2015,2015-2019,75,Nouvelle-Aquitaine,24,Dordogne,2,H2,32,4758.372,3336.790,Inondation,5
2015,2015-2019,75,Nouvelle-Aquitaine,24,Dordogne,2,H2,32,4758.372,3336.790,Sécheresse,113
2016,2015-2019,75,Nouvelle-Aquitaine,24,Dordogne,2,H2,62,6554.873,2205.705,Gel,74
2016,2015-2019,75,Nouvelle-Aquitaine,24,Dordogne,2,H2,62,6554.873,2205.705,Inondation,3
2016,2015-2019,75,Nouvelle-Aquitaine,24,Dordogne,2,H2,62,6554.873,2205.705,Sécheresse,104
2017,2015-2019,75,Nouvelle-Aquitaine,24,Dordogne,2,H2,63,7440.608,4283.334,Gel,78
2017,2015-2019,75,Nouvelle-Aquitaine,24,Dordogne,2,H2,63,7440.608,4283.334,Inondation,4
2017,2015-2019,75,Nouvelle-Aquitaine,24,Dordogne,2,H2,63,7440.608,4283.334,Sécheresse,113
2018,2015-2019,75,Nouvelle-Aquitaine,24,Dordogne,2,H2,96,9471.969,3659.613,Gel,55
2018,2015-2019,75,Nouvelle-Aquitaine,24,Dordogne,2,H2,96,9471.969,3659.613,Inondation,11
2018,2015-2019,75,Nouvelle-Aquitaine,24,Dordogne,2,H2,96,9471.969,3659.613,Sécheresse,138
2019,2015-2019,75,Nouvelle-Aquitaine,24,Dordogne,2,H2,111,11118.962,4873.456,Gel,75
2019,2015-2019,75,Nouvelle-Aquitaine,24,Dordogne,2,H2,111,11118.962,4873.456,Inondation,4
2019,2015-2019,75,Nouvelle-Aquitaine,24,Dordogne,2,H2,111,11118.962,4873.456,Sécheresse,107
2020,2020-2024,75,Nouvelle-Aquitaine,24,Dordogne,2,H2,129,9568.109,3412.518,Gel,52
2020,2020-2024,75,Nouvelle-Aquitaine,24,Dordogne,2,H2,129,9568.109,3412.518,Inondation,5
2020,2020-2024,75,Nouvelle-Aquitaine,24,Dordogne,2,H2,129,9568.109,3412.518,Sécheresse,123
2021,2020-2024,75,Nouvelle-Aquitaine,24,Dordogne,2,H2,149,10673.664,4550.614,Gel,77
2021,2020-2024,75,Nouvelle-Aquitaine,24,Dordogne,2,H2,149,10673.664,4550.614,Inondation,6
2021,2020-2024,75,Nouvelle-Aquitaine,24,Dordogne,2,H2,149,10673.664,4550.614,Sécheresse,100
2022,2020-2024,75,Nouvelle-Aquitaine,24,Dordogne,2,H2,130,9416.917,2771.068,Gel,68
2022,2020-2024,75,Nouvelle-Aquitaine,24,Dordogne,2,H2,130,9416.917,2771.068,Inondation,1
2022,2020-2024,75,Nouvelle-Aquitaine,24,Dordogne,2,H2,130,9416.917,2771.068,Sécheresse,147
2023,2020-2024,75,Nouvelle-Aquitaine,24,Dordogne,2,H2,119,6276.042,-972.895,Gel,64
2023,2020-2024,75,Nouvelle-Aquitaine,24,Dordogne,2,H2,119,6276.042,-972.895,Inondation,1
2023,2020-2024,75,Nouvelle-Aquitaine,24,Dordogne,2,H2,119,6276.042,-972.895,Sécheresse,140
2024,2020-2024,75,Nouvelle-Aquitaine,24,Dordogne,2,H2,102,4799.594,-1137.961,Gel,42
2024,2020-2024,75,Nouvelle-Aquitaine,24,Dordogne,2,H2,102,4799.594,-1137.961,Inondation,4
2024,2020-2024,75,Nouvelle-Aquitaine,24,Dordogne,2,H2,102,4799.594,-1137.961,Sécheresse,99
2010,2010-2014,27,Bourgogne-Franche-Comté,25,Doubs,1,H1,6,2034.530,-34704.970,Gel,179
2010,2010-2014,27,Bourgogne-Franche-Comté,25,Doubs,1,H1,6,2034.530,-34704.970,Inondation,11
2010,2010-2014,27,Bourgogne-Franche-Comté,25,Doubs,1,H1,6,2034.530,-34704.970,Sécheresse,75
2011,2010-2014,27,Bourgogne-Franche-Comté,25,Doubs,1,H1,6,1453.976,353.060,Gel,168
2011,2010-2014,27,Bourgogne-Franche-Comté,25,Doubs,1,H1,6,1453.976,353.060,Inondation,6
2011,2010-2014,27,Bourgogne-Franche-Comté,25,Doubs,1,H1,6,1453.976,353.060,Sécheresse,106
2012,2010-2014,27,Bourgogne-Franche-Comté,25,Doubs,1,H1,4,710.230,283.100,Gel,170
2012,2010-2014,27,Bourgogne-Franche-Comté,25,Doubs,1,H1,4,710.230,283.100,Inondation,14
2012,2010-2014,27,Bourgogne-Franche-Comté,25,Doubs,1,H1,4,710.230,283.100,Sécheresse,90
2013,2010-2014,27,Bourgogne-Franche-Comté,25,Doubs,1,H1,4,311.961,-342.421,Gel,170
2013,2010-2014,27,Bourgogne-Franche-Comté,25,Doubs,1,H1,4,311.961,-342.421,Inondation,13
2013,2010-2014,27,Bourgogne-Franche-Comté,25,Doubs,1,H1,4,311.961,-342.421,Sécheresse,81
2014,2010-2014,27,Bourgogne-Franche-Comté,25,Doubs,1,H1,9,732.800,-24.689,Gel,153
2014,2010-2014,27,Bourgogne-Franche-Comté,25,Doubs,1,H1,9,732.800,-24.689,Inondation,14
2014,2010-2014,27,Bourgogne-Franche-Comté,25,Doubs,1,H1,9,732.800,-24.689,Sécheresse,80
2015,2015-2019,27,Bourgogne-Franche-Comté,25,Doubs,1,H1,7,976.975,447.535,Gel,184
2015,2015-2019,27,Bourgogne-Franche-Comté,25,Doubs,1,H1,7,976.975,447.535,Inondation,11
2015,2015-2019,27,Bourgogne-Franche-Comté,25,Doubs,1,H1,7,976.975,447.535,Sécheresse,86
2016,2015-2019,27,Bourgogne-Franche-Comté,25,Doubs,1,H1,12,1518.628,1036.349,Gel,175
2016,2015-2019,27,Bourgogne-Franche-Comté,25,Doubs,1,H1,12,1518.628,1036.349,Inondation,14
2016,2015-2019,27,Bourgogne-Franche-Comté,25,Doubs,1,H1,12,1518.628,1036.349,Sécheresse,85
2017,2015-2019,27,Bourgogne-Franche-Comté,25,Doubs,1,H1,17,1897.400,1082.050,Gel,179
2017,2015-2019,27,Bourgogne-Franche-Comté,25,Doubs,1,H1,17,1897.400,1082.050,Inondation,8
2017,2015-2019,27,Bourgogne-Franche-Comté,25,Doubs,1,H1,17,1897.400,1082.050,Sécheresse,95
2018,2015-2019,27,Bourgogne-Franche-Comté,25,Doubs,1,H1,19,2178.960,488.859,Gel,152
2018,2015-2019,27,Bourgogne-Franche-Comté,25,Doubs,1,H1,19,2178.960,488.859,Inondation,19
2018,2015-2019,27,Bourgogne-Franche-Comté,25,Doubs,1,H1,19,2178.960,488.859,Sécheresse,129
2019,2015-2019,27,Bourgogne-Franche-Comté,25,Doubs,1,H1,13,2005.220,687.532,Gel,165
2019,2015-2019,27,Bourgogne-Franche-Comté,25,Doubs,1,H1,13,2005.220,687.532,Inondation,10
2019,2015-2019,27,Bourgogne-Franche-Comté,25,Doubs,1,H1,13,2005.220,687.532,Sécheresse,100
2020,2020-2024,27,Bourgogne-Franche-Comté,25,Doubs,1,H1,31,2453.387,1216.152,Gel,168
2020,2020-2024,27,Bourgogne-Franche-Comté,25,Doubs,1,H1,31,2453.387,1216.152,Inondation,10
2020,2020-2024,27,Bourgogne-Franche-Comté,25,Doubs,1,H1,31,2453.387,1216.152,Sécheresse,104
2021,2020-2024,27,Bourgogne-Franche-Comté,25,Doubs,1,H1,27,2449.726,378.742,Gel,183
2021,2020-2024,27,Bourgogne-Franche-Comté,25,Doubs,1,H1,27,2449.726,378.742,Inondation,10
2021,2020-2024,27,Bourgogne-Franche-Comté,25,Doubs,1,H1,27,2449.726,378.742,Sécheresse,75
2022,2020-2024,27,Bourgogne-Franche-Comté,25,Doubs,1,H1,16,1247.929,445.744,Gel,152
2022,2020-2024,27,Bourgogne-Franche-Comté,25,Doubs,1,H1,16,1247.929,445.744,Inondation,10
2022,2020-2024,27,Bourgogne-Franche-Comté,25,Doubs,1,H1,16,1247.929,445.744,Sécheresse,116
2023,2020-2024,27,Bourgogne-Franche-Comté,25,Doubs,1,H1,21,578.817,-541.159,Gel,137
2023,2020-2024,27,Bourgogne-Franche-Comté,25,Doubs,1,H1,21,578.817,-541.159,Inondation,9
2023,2020-2024,27,Bourgogne-Franche-Comté,25,Doubs,1,H1,21,578.817,-541.159,Sécheresse,114
2024,2020-2024,27,Bourgogne-Franche-Comté,25,Doubs,1,H1,17,781.099,470.172,Gel,150
2024,2020-2024,27,Bourgogne-Franche-Comté,25,Doubs,1,H1,17,781.099,470.172,Inondation,9
2024,2020-2024,27,Bourgogne-Franche-Comté,25,Doubs,1,H1,17,781.099,470.172,Sécheresse,85
2010,2010-2014,84,Auvergne-Rhône-Alpes,26,Drôme,2,H2,70,6592.158,14044.572,Gel,161
2010,2010-2014,84,Auvergne-Rhône-Alpes,26,Drôme,2,H2,70,6592.158,14044.572,Inondation,14
2010,2010-2014,84,Auvergne-Rhône-Alpes,26,Drôme,2,H2,70,6592.158,14044.572,Sécheresse,129
2011,2010-2014,84,Auvergne-Rhône-Alpes,26,Drôme,2,H2,54,6467.612,2255.547,Gel,145
2011,2010-2014,84,Auvergne-Rhône-Alpes,26,Drôme,2,H2,54,6467.612,2255.547,Inondation,10
2011,2010-2014,84,Auvergne-Rhône-Alpes,26,Drôme,2,H2,54,6467.612,2255.547,Sécheresse,158
2012,2010-2014,84,Auvergne-Rhône-Alpes,26,Drôme,2,H2,32,4654.299,880.659,Gel,168
2012,2010-2014,84,Auvergne-Rhône-Alpes,26,Drôme,2,H2,32,4654.299,880.659,Inondation,22
2012,2010-2014,84,Auvergne-Rhône-Alpes,26,Drôme,2,H2,32,4654.299,880.659,Sécheresse,142
2013,2010-2014,84,Auvergne-Rhône-Alpes,26,Drôme,2,H2,39,3135.078,2182.512,Gel,159
2013,2010-2014,84,Auvergne-Rhône-Alpes,26,Drôme,2,H2,39,3135.078,2182.512,Inondation,20
2013,2010-2014,84,Auvergne-Rhône-Alpes,26,Drôme,2,H2,39,3135.078,2182.512,Sécheresse,134
2014,2010-2014,84,Auvergne-Rhône-Alpes,26,Drôme,2,H2,36,2831.030,940.261,Gel,151
2014,2010-2014,84,Auvergne-Rhône-Alpes,26,Drôme,2,H2,36,2831.030,940.261,Inondation,33
2014,2010-2014,84,Auvergne-Rhône-Alpes,26,Drôme,2,H2,36,2831.030,940.261,Sécheresse,152
2015,2015-2019,84,Auvergne-Rhône-Alpes,26,Drôme,2,H2,42,5593.618,3599.496,Gel,167
2015,2015-2019,84,Auvergne-Rhône-Alpes,26,Drôme,2,H2,42,5593.618,3599.496,Inondation,18
2015,2015-2019,84,Auvergne-Rhône-Alpes,26,Drôme,2,H2,42,5593.618,3599.496,Sécheresse,146
2016,2015-2019,84,Auvergne-Rhône-Alpes,26,Drôme,2,H2,77,7070.129,3853.358,Gel,173
2016,2015-2019,84,Auvergne-Rhône-Alpes,26,Drôme,2,H2,77,7070.129,3853.358,Inondation,17
2016,2015-2019,84,Auvergne-Rhône-Alpes,26,Drôme,2,H2,77,7070.129,3853.358,Sécheresse,129
2017,2015-2019,84,Auvergne-Rhône-Alpes,26,Drôme,2,H2,75,7438.734,2510.886,Gel,189
2017,2015-2019,84,Auvergne-Rhône-Alpes,26,Drôme,2,H2,75,7438.734,2510.886,Inondation,10
2017,2015-2019,84,Auvergne-Rhône-Alpes,26,Drôme,2,H2,75,7438.734,2510.886,Sécheresse,157
2018,2015-2019,84,Auvergne-Rhône-Alpes,26,Drôme,2,H2,98,6941.066,2610.252,Gel,129
2018,2015-2019,84,Auvergne-Rhône-Alpes,26,Drôme,2,H2,98,6941.066,2610.252,Inondation,18
2018,2015-2019,84,Auvergne-Rhône-Alpes,26,Drôme,2,H2,98,6941.066,2610.252,Sécheresse,166
2019,2015-2019,84,Auvergne-Rhône-Alpes,26,Drôme,2,H2,125,8181.711,4784.469,Gel,165
2019,2015-2019,84,Auvergne-Rhône-Alpes,26,Drôme,2,H2,125,8181.711,4784.469,Inondation,16
2019,2015-2019,84,Auvergne-Rhône-Alpes,26,Drôme,2,H2,125,8181.711,4784.469,Sécheresse,137
2020,2020-2024,84,Auvergne-Rhône-Alpes,26,Drôme,2,H2,186,10809.987,5647.889,Gel,158
2020,2020-2024,84,Auvergne-Rhône-Alpes,26,Drôme,2,H2,186,10809.987,5647.889,Inondation,12
2020,2020-2024,84,Auvergne-Rhône-Alpes,26,Drôme,2,H2,186,10809.987,5647.889,Sécheresse,141
2021,2020-2024,84,Auvergne-Rhône-Alpes,26,Drôme,2,H2,146,11011.848,946.869,Gel,178
2021,2020-2024,84,Auvergne-Rhône-Alpes,26,Drôme,2,H2,146,11011.848,946.869,Inondation,16
2021,2020-2024,84,Auvergne-Rhône-Alpes,26,Drôme,2,H2,146,11011.848,946.869,Sécheresse,130
2022,2020-2024,84,Auvergne-Rhône-Alpes,26,Drôme,2,H2,117,10394.451,4963.118,Gel,151
2022,2020-2024,84,Auvergne-Rhône-Alpes,26,Drôme,2,H2,117,10394.451,4963.118,Inondation,14
2022,2020-2024,84,Auvergne-Rhône-Alpes,26,Drôme,2,H2,117,10394.451,4963.118,Sécheresse,162
2023,2020-2024,84,Auvergne-Rhône-Alpes,26,Drôme,2,H2,97,6567.354,-1955.484,Gel,149
2023,2020-2024,84,Auvergne-Rhône-Alpes,26,Drôme,2,H2,97,6567.354,-1955.484,Inondation,16
2023,2020-2024,84,Auvergne-Rhône-Alpes,26,Drôme,2,H2,97,6567.354,-1955.484,Sécheresse,149
2024,2020-2024,84,Auvergne-Rhône-Alpes,26,Drôme,2,H2,84,5228.597,-2362.534,Gel,146
2024,2020-2024,84,Auvergne-Rhône-Alpes,26,Drôme,2,H2,84,5228.597,-2362.534,Inondation,14
2024,2020-2024,84,Auvergne-Rhône-Alpes,26,Drôme,2,H2,84,5228.597,-2362.534,Sécheresse,124
2010,2010-2014,28,Normandie,27,Eure,1,H1,15,1031.461,-57524.411,Gel,110
2010,2010-2014,28,Normandie,27,Eure,1,H1,15,1031.461,-57524.411,Inondation,3
2010,2010-2014,28,Normandie,27,Eure,1,H1,15,1031.461,-57524.411,Sécheresse,72
2011,2010-2014,28,Normandie,27,Eure,1,H1,4,977.535,408.905,Gel,57
2011,2010-2014,28,Normandie,27,Eure,1,H1,4,977.535,408.905,Inondation,1
2011,2010-2014,28,Normandie,27,Eure,1,H1,4,977.535,408.905,Sécheresse,65
2012,2010-2014,28,Normandie,27,Eure,1,H1,5,771.930,-16.543,Gel,68
2012,2010-2014,28,Normandie,27,Eure,1,H1,5,771.930,-16.543,Inondation,1
2012,2010-2014,28,Normandie,27,Eure,1,H1,5,771.930,-16.543,Sécheresse,57
2013,2010-2014,28,Normandie,27,Eure,1,H1,4,466.500,520.940,Gel,87
2013,2010-2014,28,Normandie,27,Eure,1,H1,4,466.500,520.940,Inondation,1
2013,2010-2014,28,Normandie,27,Eure,1,H1,4,466.500,520.940,Sécheresse,66
2014,2010-2014,28,Normandie,27,Eure,1,H1,6,305.164,75.985,Gel,43
2014,2010-2014,28,Normandie,27,Eure,1,H1,6,305.164,75.985,Inondation,4
2014,2010-2014,28,Normandie,27,Eure,1,H1,6,305.164,75.985,Sécheresse,63
2015,2015-2019,28,Normandie,27,Eure,1,H1,9,530.940,380.998,Gel,64
2015,2015-2019,28,Normandie,27,Eure,1,H1,9,530.940,380.998,Inondation,1
2015,2015-2019,28,Normandie,27,Eure,1,H1,9,530.940,380.998,Sécheresse,67
2016,2015-2019,28,Normandie,27,Eure,1,H1,13,963.093,228.160,Gel,86
2016,2015-2019,28,Normandie,27,Eure,1,H1,13,963.093,228.160,Inondation,2
2016,2015-2019,28,Normandie,27,Eure,1,H1,13,963.093,228.160,Sécheresse,68
2017,2015-2019,28,Normandie,27,Eure,1,H1,24,1741.760,1237.717,Gel,66
2017,2015-2019,28,Normandie,27,Eure,1,H1,24,1741.760,1237.717,Inondation,1
2017,2015-2019,28,Normandie,27,Eure,1,H1,24,1741.760,1237.717,Sécheresse,73
2018,2015-2019,28,Normandie,27,Eure,1,H1,22,2320.352,1008.410,Gel,62
2018,2015-2019,28,Normandie,27,Eure,1,H1,22,2320.352,1008.410,Inondation,7
2018,2015-2019,28,Normandie,27,Eure,1,H1,22,2320.352,1008.410,Sécheresse,102
2019,2015-2019,28,Normandie,27,Eure,1,H1,28,3298.333,1734.556,Gel,66
2019,2015-2019,28,Normandie,27,Eure,1,H1,28,3298.333,1734.556,Inondation,1
2019,2015-2019,28,Normandie,27,Eure,1,H1,28,3298.333,1734.556,Sécheresse,77
2020,2020-2024,28,Normandie,27,Eure,1,H1,26,4098.169,2603.181,Gel,46
2020,2020-2024,28,Normandie,27,Eure,1,H1,26,4098.169,2603.181,Inondation,1
2020,2020-2024,28,Normandie,27,Eure,1,H1,26,4098.169,2603.181,Sécheresse,84
2021,2020-2024,28,Normandie,27,Eure,1,H1,21,3762.835,1375.532,Gel,69
2021,2020-2024,28,Normandie,27,Eure,1,H1,21,3762.835,1375.532,Inondation,2
2021,2020-2024,28,Normandie,27,Eure,1,H1,21,3762.835,1375.532,Sécheresse,52
2022,2020-2024,28,Normandie,27,Eure,1,H1,21,2316.395,500.806,Gel,46
2022,2020-2024,28,Normandie,27,Eure,1,H1,21,2316.395,500.806,Inondation,1
2022,2020-2024,28,Normandie,27,Eure,1,H1,21,2316.395,500.806,Sécheresse,89
2023,2020-2024,28,Normandie,27,Eure,1,H1,15,1021.367,-393.298,Gel,46
2023,2020-2024,28,Normandie,27,Eure,1,H1,15,1021.367,-393.298,Inondation,0
2023,2020-2024,28,Normandie,27,Eure,1,H1,15,1021.367,-393.298,Sécheresse,84
2024,2020-2024,28,Normandie,27,Eure,1,H1,9,622.312,-207.256,Gel,34
2024,2020-2024,28,Normandie,27,Eure,1,H1,9,622.312,-207.256,Inondation,2
2024,2020-2024,28,Normandie,27,Eure,1,H1,9,622.312,-207.256,Sécheresse,58
2010,2010-2014,24,Centre-Val de Loire,28,Eure-et-Loir,1,H1,7,364.171,-10181.195,Gel,127
2010,2010-2014,24,Centre-Val de Loire,28,Eure-et-Loir,1,H1,7,364.171,-10181.195,Inondation,3
2010,2010-2014,24,Centre-Val de Loire,28,Eure-et-Loir,1,H1,7,364.171,-10181.195,Sécheresse,75
2011,2010-2014,24,Centre-Val de Loire,28,Eure-et-Loir,1,H1,4,639.770,492.075,Gel,79
2011,2010-2014,24,Centre-Val de Loire,28,Eure-et-Loir,1,H1,4,639.770,492.075,Inondation,0
2011,2010-2014,24,Centre-Val de Loire,28,Eure-et-Loir,1,H1,4,639.770,492.075,Sécheresse,75
2012,2010-2014,24,Centre-Val de Loire,28,Eure-et-Loir,1,H1,3,409.820,113.680,Gel,85
2012,2010-2014,24,Centre-Val de Loire,28,Eure-et-Loir,1,H1,3,409.820,113.680,Inondation,1
2012,2010-2014,24,Centre-Val de Loire,28,Eure-et-Loir,1,H1,3,409.820,113.680,Sécheresse,60
2013,2010-2014,24,Centre-Val de Loire,28,Eure-et-Loir,1,H1,4,276.880,56.015,Gel,104
2013,2010-2014,24,Centre-Val de Loire,28,Eure-et-Loir,1,H1,4,276.880,56.015,Inondation,1
2013,2010-2014,24,Centre-Val de Loire,28,Eure-et-Loir,1,H1,4,276.880,56.015,Sécheresse,77
2014,2010-2014,24,Centre-Val de Loire,28,Eure-et-Loir,1,H1,5,616.700,405.860,Gel,61
2014,2010-2014,24,Centre-Val de Loire,28,Eure-et-Loir,1,H1,5,616.700,405.860,Inondation,2
2014,2010-2014,24,Centre-Val de Loire,28,Eure-et-Loir,1,H1,5,616.700,405.860,Sécheresse,67
2015,2015-2019,24,Centre-Val de Loire,28,Eure-et-Loir,1,H1,6,650.260,297.430,Gel,79
2015,2015-2019,24,Centre-Val de Loire,28,Eure-et-Loir,1,H1,6,650.260,297.430,Inondation,2
2015,2015-2019,24,Centre-Val de Loire,28,Eure-et-Loir,1,H1,6,650.260,297.430,Sécheresse,67
2016,2015-2019,24,Centre-Val de Loire,28,Eure-et-Loir,1,H1,4,773.960,310.717,Gel,87
2016,2015-2019,24,Centre-Val de Loire,28,Eure-et-Loir,1,H1,4,773.960,310.717,Inondation,4
2016,2015-2019,24,Centre-Val de Loire,28,Eure-et-Loir,1,H1,4,773.960,310.717,Sécheresse,71
2017,2015-2019,24,Centre-Val de Loire,28,Eure-et-Loir,1,H1,19,1368.950,1049.825,Gel,77
2017,2015-2019,24,Centre-Val de Loire,28,Eure-et-Loir,1,H1,19,1368.950,1049.825,Inondation,2
2017,2015-2019,24,Centre-Val de Loire,28,Eure-et-Loir,1,H1,19,1368.950,1049.825,Sécheresse,75
2018,2015-2019,24,Centre-Val de Loire,28,Eure-et-Loir,1,H1,37,4256.211,3194.596,Gel,71
2018,2015-2019,24,Centre-Val de Loire,28,Eure-et-Loir,1,H1,37,4256.211,3194.596,Inondation,3
2018,2015-2019,24,Centre-Val de Loire,28,Eure-et-Loir,1,H1,37,4256.211,3194.596,Sécheresse,117
2019,2015-2019,24,Centre-Val de Loire,28,Eure-et-Loir,1,H1,22,5873.410,2184.310,Gel,77
2019,2015-2019,24,Centre-Val de Loire,28,Eure-et-Loir,1,H1,22,5873.410,2184.310,Inondation,1
2019,2015-2019,24,Centre-Val de Loire,28,Eure-et-Loir,1,H1,22,5873.410,2184.310,Sécheresse,84
2020,2020-2024,24,Centre-Val de Loire,28,Eure-et-Loir,1,H1,15,4620.413,1423.012,Gel,61
2020,2020-2024,24,Centre-Val de Loire,28,Eure-et-Loir,1,H1,15,4620.413,1423.012,Inondation,0
2020,2020-2024,24,Centre-Val de Loire,28,Eure-et-Loir,1,H1,15,4620.413,1423.012,Sécheresse,96
2021,2020-2024,24,Centre-Val de Loire,28,Eure-et-Loir,1,H1,13,3410.501,1595.947,Gel,93
2021,2020-2024,24,Centre-Val de Loire,28,Eure-et-Loir,1,H1,13,3410.501,1595.947,Inondation,2
2021,2020-2024,24,Centre-Val de Loire,28,Eure-et-Loir,1,H1,13,3410.501,1595.947,Sécheresse,62
2022,2020-2024,24,Centre-Val de Loire,28,Eure-et-Loir,1,H1,15,2369.084,1132.850,Gel,74
2022,2020-2024,24,Centre-Val de Loire,28,Eure-et-Loir,1,H1,15,2369.084,1132.850,Inondation,3
2022,2020-2024,24,Centre-Val de Loire,28,Eure-et-Loir,1,H1,15,2369.084,1132.850,Sécheresse,96
2023,2020-2024,24,Centre-Val de Loire,28,Eure-et-Loir,1,H1,10,1427.707,-139.867,Gel,58
2023,2020-2024,24,Centre-Val de Loire,28,Eure-et-Loir,1,H1,10,1427.707,-139.867,Inondation,1
2023,2020-2024,24,Centre-Val de Loire,28,Eure-et-Loir,1,H1,10,1427.707,-139.867,Sécheresse,92
2024,2020-2024,24,Centre-Val de Loire,28,Eure-et-Loir,1,H1,10,682.327,-1827.023,Gel,50
2024,2020-2024,24,Centre-Val de Loire,28,Eure-et-Loir,1,H1,10,682.327,-1827.023,Inondation,5
2024,2020-2024,24,Centre-Val de Loire,28,Eure-et-Loir,1,H1,10,682.327,-1827.023,Sécheresse,60
2010,2010-2014,53,Bretagne,29,Finistère,2,H2,42,2539.208,-1230.008,Gel,93
2010,2010-2014,53,Bretagne,29,Finistère,2,H2,42,2539.208,-1230.008,Inondation,12
2010,2010-2014,53,Bretagne,29,Finistère,2,H2,42,2539.208,-1230.008,Sécheresse,44
2011,2010-2014,53,Bretagne,29,Finistère,2,H2,40,3326.041,2057.765,Gel,34
2011,2010-2014,53,Bretagne,29,Finistère,2,H2,40,3326.041,2057.765,Inondation,7
2011,2010-2014,53,Bretagne,29,Finistère,2,H2,40,3326.041,2057.765,Sécheresse,43
2012,2010-2014,53,Bretagne,29,Finistère,2,H2,20,2523.568,1396.634,Gel,47
2012,2010-2014,53,Bretagne,29,Finistère,2,H2,20,2523.568,1396.634,Inondation,7
2012,2010-2014,53,Bretagne,29,Finistère,2,H2,20,2523.568,1396.634,Sécheresse,26
2013,2010-2014,53,Bretagne,29,Finistère,2,H2,28,2035.537,576.672,Gel,60
2013,2010-2014,53,Bretagne,29,Finistère,2,H2,28,2035.537,576.672,Inondation,6
2013,2010-2014,53,Bretagne,29,Finistère,2,H2,28,2035.537,576.672,Sécheresse,57
2014,2010-2014,53,Bretagne,29,Finistère,2,H2,21,1541.386,338.359,Gel,15
2014,2010-2014,53,Bretagne,29,Finistère,2,H2,21,1541.386,338.359,Inondation,10
2014,2010-2014,53,Bretagne,29,Finistère,2,H2,21,1541.386,338.359,Sécheresse,57
2015,2015-2019,53,Bretagne,29,Finistère,2,H2,45,2307.343,1385.700,Gel,36
2015,2015-2019,53,Bretagne,29,Finistère,2,H2,45,2307.343,1385.700,Inondation,6
2015,2015-2019,53,Bretagne,29,Finistère,2,H2,45,2307.343,1385.700,Sécheresse,35
2016,2015-2019,53,Bretagne,29,Finistère,2,H2,71,4782.899,3711.066,Gel,47
2016,2015-2019,53,Bretagne,29,Finistère,2,H2,71,4782.899,3711.066,Inondation,5
2016,2015-2019,53,Bretagne,29,Finistère,2,H2,71,4782.899,3711.066,Sécheresse,39
2017,2015-2019,53,Bretagne,29,Finistère,2,H2,60,5697.215,724.878,Gel,41
2017,2015-2019,53,Bretagne,29,Finistère,2,H2,60,5697.215,724.878,Inondation,2
2017,2015-2019,53,Bretagne,29,Finistère,2,H2,60,5697.215,724.878,Sécheresse,43
2018,2015-2019,53,Bretagne,29,Finistère,2,H2,94,6607.636,7556.403,Gel,42
2018,2015-2019,53,Bretagne,29,Finistère,2,H2,94,6607.636,7556.403,Inondation,8
2018,2015-2019,53,Bretagne,29,Finistère,2,H2,94,6607.636,7556.403,Sécheresse,63
2019,2015-2019,53,Bretagne,29,Finistère,2,H2,79,7031.913,2975.169,Gel,29
2019,2015-2019,53,Bretagne,29,Finistère,2,H2,79,7031.913,2975.169,Inondation,2
2019,2015-2019,53,Bretagne,29,Finistère,2,H2,79,7031.913,2975.169,Sécheresse,45
2020,2020-2024,53,Bretagne,29,Finistère,2,H2,91,6455.803,2926.225,Gel,17
2020,2020-2024,53,Bretagne,29,Finistère,2,H2,91,6455.803,2926.225,Inondation,13
2020,2020-2024,53,Bretagne,29,Finistère,2,H2,91,6455.803,2926.225,Sécheresse,50
2021,2020-2024,53,Bretagne,29,Finistère,2,H2,72,5411.753,2117.833,Gel,45
2021,2020-2024,53,Bretagne,29,Finistère,2,H2,72,5411.753,2117.833,Inondation,2
2021,2020-2024,53,Bretagne,29,Finistère,2,H2,72,5411.753,2117.833,Sécheresse,29
2022,2020-2024,53,Bretagne,29,Finistère,2,H2,77,4277.526,1216.811,Gel,38
2022,2020-2024,53,Bretagne,29,Finistère,2,H2,77,4277.526,1216.811,Inondation,3
2022,2020-2024,53,Bretagne,29,Finistère,2,H2,77,4277.526,1216.811,Sécheresse,60
2023,2020-2024,53,Bretagne,29,Finistère,2,H2,79,3614.837,-864.172,Gel,28
2023,2020-2024,53,Bretagne,29,Finistère,2,H2,79,3614.837,-864.172,Inondation,1
2023,2020-2024,53,Bretagne,29,Finistère,2,H2,79,3614.837,-864.172,Sécheresse,45
2024,2020-2024,53,Bretagne,29,Finistère,2,H2,100,3182.615,-49.599,Gel,22
2024,2020-2024,53,Bretagne,29,Finistère,2,H2,100,3182.615,-49.599,Inondation,7
2024,2020-2024,53,Bretagne,29,Finistère,2,H2,100,3182.615,-49.599,Sécheresse,19
2010,2010-2014,76,Occitanie,30,Gard,3,H3,50,6138.991,-21294.759,Gel,171
2010,2010-2014,76,Occitanie,30,Gard,3,H3,50,6138.991,-21294.759,Inondation,30
2010,2010-2014,76,Occitanie,30,Gard,3,H3,50,6138.991,-21294.759,Sécheresse,147
2011,2010-2014,76,Occitanie,30,Gard,3,H3,38,6662.538,3097.737,Gel,119
2011,2010-2014,76,Occitanie,30,Gard,3,H3,38,6662.538,3097.737,Inondation,22
2011,2010-2014,76,Occitanie,30,Gard,3,H3,38,6662.538,3097.737,Sécheresse,173
2012,2010-2014,76,Occitanie,30,Gard,3,H3,32,4752.568,291.079,Gel,152
2012,2010-2014,76,Occitanie,30,Gard,3,H3,32,4752.568,291.079,Inondation,18
2012,2010-2014,76,Occitanie,30,Gard,3,H3,32,4752.568,291.079,Sécheresse,154
2013,2010-2014,76,Occitanie,30,Gard,3,H3,23,4127.381,1175.212,Gel,165
2013,2010-2014,76,Occitanie,30,Gard,3,H3,23,4127.381,1175.212,Inondation,25
2013,2010-2014,76,Occitanie,30,Gard,3,H3,23,4127.381,1175.212,Sécheresse,141
2014,2010-2014,76,Occitanie,30,Gard,3,H3,30,4490.830,1930.150,Gel,127
2014,2010-2014,76,Occitanie,30,Gard,3,H3,30,4490.830,1930.150,Inondation,42
2014,2010-2014,76,Occitanie,30,Gard,3,H3,30,4490.830,1930.150,Sécheresse,165
2015,2015-2019,76,Occitanie,30,Gard,3,H3,34,3536.081,5.603,Gel,123
2015,2015-2019,76,Occitanie,30,Gard,3,H3,34,3536.081,5.603,Inondation,20
2015,2015-2019,76,Occitanie,30,Gard,3,H3,34,3536.081,5.603,Sécheresse,151
2016,2015-2019,76,Occitanie,30,Gard,3,H3,45,3497.156,1525.572,Gel,147
2016,2015-2019,76,Occitanie,30,Gard,3,H3,45,3497.156,1525.572,Inondation,28
2016,2015-2019,76,Occitanie,30,Gard,3,H3,45,3497.156,1525.572,Sécheresse,140
2017,2015-2019,76,Occitanie,30,Gard,3,H3,81,4912.329,1971.970,Gel,143
2017,2015-2019,76,Occitanie,30,Gard,3,H3,81,4912.329,1971.970,Inondation,13
2017,2015-2019,76,Occitanie,30,Gard,3,H3,81,4912.329,1971.970,Sécheresse,170
2018,2015-2019,76,Occitanie,30,Gard,3,H3,112,5956.955,3576.700,Gel,134
2018,2015-2019,76,Occitanie,30,Gard,3,H3,112,5956.955,3576.700,Inondation,39
2018,2015-2019,76,Occitanie,30,Gard,3,H3,112,5956.955,3576.700,Sécheresse,167
2019,2015-2019,76,Occitanie,30,Gard,3,H3,143,7824.941,4261.155,Gel,161
2019,2015-2019,76,Occitanie,30,Gard,3,H3,143,7824.941,4261.155,Inondation,22
2019,2015-2019,76,Occitanie,30,Gard,3,H3,143,7824.941,4261.155,Sécheresse,152
2020,2020-2024,76,Occitanie,30,Gard,3,H3,184,11283.366,5342.105,Gel,133
2020,2020-2024,76,Occitanie,30,Gard,3,H3,184,11283.366,5342.105,Inondation,19
2020,2020-2024,76,Occitanie,30,Gard,3,H3,184,11283.366,5342.105,Sécheresse,151
2021,2020-2024,76,Occitanie,30,Gard,3,H3,157,14598.757,6473.408,Gel,149
2021,2020-2024,76,Occitanie,30,Gard,3,H3,157,14598.757,6473.408,Inondation,15
2021,2020-2024,76,Occitanie,30,Gard,3,H3,157,14598.757,6473.408,Sécheresse,139
2022,2020-2024,76,Occitanie,30,Gard,3,H3,114,13449.261,2950.171,Gel,127
2022,2020-2024,76,Occitanie,30,Gard,3,H3,114,13449.261,2950.171,Inondation,17
2022,2020-2024,76,Occitanie,30,Gard,3,H3,114,13449.261,2950.171,Sécheresse,173
2023,2020-2024,76,Occitanie,30,Gard,3,H3,102,8172.567,-67.994,Gel,131
2023,2020-2024,76,Occitanie,30,Gard,3,H3,102,8172.567,-67.994,Inondation,13
2023,2020-2024,76,Occitanie,30,Gard,3,H3,102,8172.567,-67.994,Sécheresse,155
2024,2020-2024,76,Occitanie,30,Gard,3,H3,111,8810.669,1011.266,Gel,133
2024,2020-2024,76,Occitanie,30,Gard,3,H3,111,8810.669,1011.266,Inondation,30
2024,2020-2024,76,Occitanie,30,Gard,3,H3,111,8810.669,1011.266,Sécheresse,139
2010,2010-2014,76,Occitanie,31,Haute-Garonne,2,H2,28,2473.098,-40928.139,Gel,196
2010,2010-2014,76,Occitanie,31,Haute-Garonne,2,H2,28,2473.098,-40928.139,Inondation,11
2010,2010-2014,76,Occitanie,31,Haute-Garonne,2,H2,28,2473.098,-40928.139,Sécheresse,107
2011,2010-2014,76,Occitanie,31,Haute-Garonne,2,H2,26,3835.162,1720.190,Gel,183
2011,2010-2014,76,Occitanie,31,Haute-Garonne,2,H2,26,3835.162,1720.190,Inondation,12
2011,2010-2014,76,Occitanie,31,Haute-Garonne,2,H2,26,3835.162,1720.190,Sécheresse,121
2012,2010-2014,76,Occitanie,31,Haute-Garonne,2,H2,14,2484.242,714.022,Gel,153
2012,2010-2014,76,Occitanie,31,Haute-Garonne,2,H2,14,2484.242,714.022,Inondation,8
2012,2010-2014,76,Occitanie,31,Haute-Garonne,2,H2,14,2484.242,714.022,Sécheresse,123
2013,2010-2014,76,Occitanie,31,Haute-Garonne,2,H2,13,1124.527,389.467,Gel,212
2013,2010-2014,76,Occitanie,31,Haute-Garonne,2,H2,13,1124.527,389.467,Inondation,13
2013,2010-2014,76,Occitanie,31,Haute-Garonne,2,H2,13,1124.527,389.467,Sécheresse,99
2014,2010-2014,76,Occitanie,31,Haute-Garonne,2,H2,25,2990.562,2133.291,Gel,183
2014,2010-2014,76,Occitanie,31,Haute-Garonne,2,H2,25,2990.562,2133.291,Inondation,12
2014,2010-2014,76,Occitanie,31,Haute-Garonne,2,H2,25,2990.562,2133.291,Sécheresse,116
2015,2015-2019,76,Occitanie,31,Haute-Garonne,2,H2,63,11244.856,9492.835,Gel,175
2015,2015-2019,76,Occitanie,31,Haute-Garonne,2,H2,63,11244.856,9492.835,Inondation,16
2015,2015-2019,76,Occitanie,31,Haute-Garonne,2,H2,63,11244.856,9492.835,Sécheresse,106
2016,2015-2019,76,Occitanie,31,Haute-Garonne,2,H2,45,13425.432,3148.546,Gel,204
2016,2015-2019,76,Occitanie,31,Haute-Garonne,2,H2,45,13425.432,3148.546,Inondation,5
2016,2015-2019,76,Occitanie,31,Haute-Garonne,2,H2,45,13425.432,3148.546,Sécheresse,97
2017,2015-2019,76,Occitanie,31,Haute-Garonne,2,H2,38,8605.292,2986.137,Gel,189
2017,2015-2019,76,Occitanie,31,Haute-Garonne,2,H2,38,8605.292,2986.137,Inondation,10
2017,2015-2019,76,Occitanie,31,Haute-Garonne,2,H2,38,8605.292,2986.137,Sécheresse,113
2018,2015-2019,76,Occitanie,31,Haute-Garonne,2,H2,66,8427.362,4418.992,Gel,177
2018,2015-2019,76,Occitanie,31,Haute-Garonne,2,H2,66,8427.362,4418.992,Inondation,22
2018,2015-2019,76,Occitanie,31,Haute-Garonne,2,H2,66,8427.362,4418.992,Sécheresse,127
2019,2015-2019,76,Occitanie,31,Haute-Garonne,2,H2,78,12309.995,7154.431,Gel,209
2019,2015-2019,76,Occitanie,31,Haute-Garonne,2,H2,78,12309.995,7154.431,Inondation,6
2019,2015-2019,76,Occitanie,31,Haute-Garonne,2,H2,78,12309.995,7154.431,Sécheresse,109
2020,2020-2024,76,Occitanie,31,Haute-Garonne,2,H2,118,13626.481,6020.841,Gel,175
2020,2020-2024,76,Occitanie,31,Haute-Garonne,2,H2,118,13626.481,6020.841,Inondation,8
2020,2020-2024,76,Occitanie,31,Haute-Garonne,2,H2,118,13626.481,6020.841,Sécheresse,118
2021,2020-2024,76,Occitanie,31,Haute-Garonne,2,H2,159,11178.156,1743.544,Gel,198
2021,2020-2024,76,Occitanie,31,Haute-Garonne,2,H2,159,11178.156,1743.544,Inondation,6
2021,2020-2024,76,Occitanie,31,Haute-Garonne,2,H2,159,11178.156,1743.544,Sécheresse,111
2022,2020-2024,76,Occitanie,31,Haute-Garonne,2,H2,111,7897.281,2532.280,Gel,174
2022,2020-2024,76,Occitanie,31,Haute-Garonne,2,H2,111,7897.281,2532.280,Inondation,3
2022,2020-2024,76,Occitanie,31,Haute-Garonne,2,H2,111,7897.281,2532.280,Sécheresse,153
2023,2020-2024,76,Occitanie,31,Haute-Garonne,2,H2,119,5355.326,-2508.227,Gel,166
2023,2020-2024,76,Occitanie,31,Haute-Garonne,2,H2,119,5355.326,-2508.227,Inondation,1
2023,2020-2024,76,Occitanie,31,Haute-Garonne,2,H2,119,5355.326,-2508.227,Sécheresse,151
2024,2020-2024,76,Occitanie,31,Haute-Garonne,2,H2,219,9582.434,750.927,Gel,118
2024,2020-2024,76,Occitanie,31,Haute-Garonne,2,H2,219,9582.434,750.927,Inondation,7
2024,2020-2024,76,Occitanie,31,Haute-Garonne,2,H2,219,9582.434,750.927,Sécheresse,110
2010,2010-2014,76,Occitanie,32,Gers,2,H2,52,5419.888,-32947.608,Gel,87
2010,2010-2014,76,Occitanie,32,Gers,2,H2,52,5419.888,-32947.608,Inondation,7
2010,2010-2014,76,Occitanie,32,Gers,2,H2,52,5419.888,-32947.608,Sécheresse,112
2011,2010-2014,76,Occitanie,32,Gers,2,H2,25,7358.304,3442.479,Gel,44
2011,2010-2014,76,Occitanie,32,Gers,2,H2,25,7358.304,3442.479,Inondation,6
2011,2010-2014,76,Occitanie,32,Gers,2,H2,25,7358.304,3442.479,Sécheresse,132
2012,2010-2014,76,Occitanie,32,Gers,2,H2,33,6700.010,3281.488,Gel,60
2012,2010-2014,76,Occitanie,32,Gers,2,H2,33,6700.010,3281.488,Inondation,5
2012,2010-2014,76,Occitanie,32,Gers,2,H2,33,6700.010,3281.488,Sécheresse,118
2013,2010-2014,76,Occitanie,32,Gers,2,H2,40,5433.290,1522.738,Gel,63
2013,2010-2014,76,Occitanie,32,Gers,2,H2,40,5433.290,1522.738,Inondation,6
2013,2010-2014,76,Occitanie,32,Gers,2,H2,40,5433.290,1522.738,Sécheresse,102
2014,2010-2014,76,Occitanie,32,Gers,2,H2,50,8045.230,4716.180,Gel,32
2014,2010-2014,76,Occitanie,32,Gers,2,H2,50,8045.230,4716.180,Inondation,8
2014,2010-2014,76,Occitanie,32,Gers,2,H2,50,8045.230,4716.180,Sécheresse,128
2015,2015-2019,76,Occitanie,32,Gers,2,H2,148,25103.368,23702.589,Gel,60
2015,2015-2019,76,Occitanie,32,Gers,2,H2,148,25103.368,23702.589,Inondation,5
2015,2015-2019,76,Occitanie,32,Gers,2,H2,148,25103.368,23702.589,Sécheresse,116
2016,2015-2019,76,Occitanie,32,Gers,2,H2,94,28677.135,7105.328,Gel,49
2016,2015-2019,76,Occitanie,32,Gers,2,H2,94,28677.135,7105.328,Inondation,2
2016,2015-2019,76,Occitanie,32,Gers,2,H2,94,28677.135,7105.328,Sécheresse,110
2017,2015-2019,76,Occitanie,32,Gers,2,H2,76,19350.138,7313.744,Gel,79
2017,2015-2019,76,Occitanie,32,Gers,2,H2,76,19350.138,7313.744,Inondation,6
2017,2015-2019,76,Occitanie,32,Gers,2,H2,76,19350.138,7313.744,Sécheresse,120
2018,2015-2019,76,Occitanie,32,Gers,2,H2,146,21905.453,10963.540,Gel,37
2018,2015-2019,76,Occitanie,32,Gers,2,H2,146,21905.453,10963.540,Inondation,13
2018,2015-2019,76,Occitanie,32,Gers,2,H2,146,21905.453,10963.540,Sécheresse,136
2019,2015-2019,76,Occitanie,32,Gers,2,H2,160,28692.835,12703.918,Gel,47
2019,2015-2019,76,Occitanie,32,Gers,2,H2,160,28692.835,12703.918,Inondation,7
2019,2015-2019,76,Occitanie,32,Gers,2,H2,160,28692.835,12703.918,Sécheresse,109
2020,2020-2024,76,Occitanie,32,Gers,2,H2,191,27663.360,12011.703,Gel,37
2020,2020-2024,76,Occitanie,32,Gers,2,H2,191,27663.360,12011.703,Inondation,12
2020,2020-2024,76,Occitanie,32,Gers,2,H2,191,27663.360,12011.703,Sécheresse,126
2021,2020-2024,76,Occitanie,32,Gers,2,H2,222,29501.840,16931.230,Gel,44
2021,2020-2024,76,Occitanie,32,Gers,2,H2,222,29501.840,16931.230,Inondation,0
2021,2020-2024,76,Occitanie,32,Gers,2,H2,222,29501.840,16931.230,Sécheresse,109
2022,2020-2024,76,Occitanie,32,Gers,2,H2,102,20684.405,1478.380,Gel,44
2022,2020-2024,76,Occitanie,32,Gers,2,H2,102,20684.405,1478.380,Inondation,2
2022,2020-2024,76,Occitanie,32,Gers,2,H2,102,20684.405,1478.380,Sécheresse,149
2023,2020-2024,76,Occitanie,32,Gers,2,H2,144,13643.163,-7374.371,Gel,43
2023,2020-2024,76,Occitanie,32,Gers,2,H2,144,13643.163,-7374.371,Inondation,4
2023,2020-2024,76,Occitanie,32,Gers,2,H2,144,13643.163,-7374.371,Sécheresse,148
2024,2020-2024,76,Occitanie,32,Gers,2,H2,298,19467.247,-6774.959,Gel,26
2024,2020-2024,76,Occitanie,32,Gers,2,H2,298,19467.247,-6774.959,Inondation,1
2024,2020-2024,76,Occitanie,32,Gers,2,H2,298,19467.247,-6774.959,Sécheresse,100
2010,2010-2014,75,Nouvelle-Aquitaine,33,Gironde,2,H2,76,3606.972,-99144.879,Gel,108
2010,2010-2014,75,Nouvelle-Aquitaine,33,Gironde,2,H2,76,3606.972,-99144.879,Inondation,3
2010,2010-2014,75,Nouvelle-Aquitaine,33,Gironde,2,H2,76,3606.972,-99144.879,Sécheresse,119
2011,2010-2014,75,Nouvelle-Aquitaine,33,Gironde,2,H2,39,4906.379,2737.255,Gel,65
2011,2010-2014,75,Nouvelle-Aquitaine,33,Gironde,2,H2,39,4906.379,2737.255,Inondation,2
2011,2010-2014,75,Nouvelle-Aquitaine,33,Gironde,2,H2,39,4906.379,2737.255,Sécheresse,148
2012,2010-2014,75,Nouvelle-Aquitaine,33,Gironde,2,H2,29,4493.508,525.514,Gel,82
2012,2010-2014,75,Nouvelle-Aquitaine,33,Gironde,2,H2,29,4493.508,525.514,Inondation,5
2012,2010-2014,75,Nouvelle-Aquitaine,33,Gironde,2,H2,29,4493.508,525.514,Sécheresse,119
2013,2010-2014,75,Nouvelle-Aquitaine,33,Gironde,2,H2,22,2812.627,74.705,Gel,80
2013,2010-2014,75,Nouvelle-Aquitaine,33,Gironde,2,H2,22,2812.627,74.705,Inondation,8
2013,2010-2014,75,Nouvelle-Aquitaine,33,Gironde,2,H2,22,2812.627,74.705,Sécheresse,95
2014,2010-2014,75,Nouvelle-Aquitaine,33,Gironde,2,H2,21,1871.076,378.482,Gel,29
2014,2010-2014,75,Nouvelle-Aquitaine,33,Gironde,2,H2,21,1871.076,378.482,Inondation,6
2014,2010-2014,75,Nouvelle-Aquitaine,33,Gironde,2,H2,21,1871.076,378.482,Sécheresse,121
2015,2015-2019,75,Nouvelle-Aquitaine,33,Gironde,2,H2,29,2625.247,4130.713,Gel,58
2015,2015-2019,75,Nouvelle-Aquitaine,33,Gironde,2,H2,29,2625.247,4130.713,Inondation,1
2015,2015-2019,75,Nouvelle-Aquitaine,33,Gironde,2,H2,29,2625.247,4130.713,Sécheresse,119
2016,2015-2019,75,Nouvelle-Aquitaine,33,Gironde,2,H2,44,2401.127,253.684,Gel,58
2016,2015-2019,75,Nouvelle-Aquitaine,33,Gironde,2,H2,44,2401.127,253.684,Inondation,4
2016,2015-2019,75,Nouvelle-Aquitaine,33,Gironde,2,H2,44,2401.127,253.684,Sécheresse,109
2017,2015-2019,75,Nouvelle-Aquitaine,33,Gironde,2,H2,67,4399.902,2583.102,Gel,74
2017,2015-2019,75,Nouvelle-Aquitaine,33,Gironde,2,H2,67,4399.902,2583.102,Inondation,3
2017,2015-2019,75,Nouvelle-Aquitaine,33,Gironde,2,H2,67,4399.902,2583.102,Sécheresse,123
2018,2015-2019,75,Nouvelle-Aquitaine,33,Gironde,2,H2,108,6481.692,3257.188,Gel,50
2018,2015-2019,75,Nouvelle-Aquitaine,33,Gironde,2,H2,108,6481.692,3257.188,Inondation,7
2018,2015-2019,75,Nouvelle-Aquitaine,33,Gironde,2,H2,108,6481.692,3257.188,Sécheresse,140
2019,2015-2019,75,Nouvelle-Aquitaine,33,Gironde,2,H2,168,9444.129,5246.316,Gel,50
2019,2015-2019,75,Nouvelle-Aquitaine,33,Gironde,2,H2,168,9444.129,5246.316,Inondation,8
2019,2015-2019,75,Nouvelle-Aquitaine,33,Gironde,2,H2,168,9444.129,5246.316,Sécheresse,108
2020,2020-2024,75,Nouvelle-Aquitaine,33,Gironde,2,H2,229,14965.637,7932.096,Gel,29
2020,2020-2024,75,Nouvelle-Aquitaine,33,Gironde,2,H2,229,14965.637,7932.096,Inondation,7
2020,2020-2024,75,Nouvelle-Aquitaine,33,Gironde,2,H2,229,14965.637,7932.096,Sécheresse,123
2021,2020-2024,75,Nouvelle-Aquitaine,33,Gironde,2,H2,194,20989.155,9238.671,Gel,65
2021,2020-2024,75,Nouvelle-Aquitaine,33,Gironde,2,H2,194,20989.155,9238.671,Inondation,4
2021,2020-2024,75,Nouvelle-Aquitaine,33,Gironde,2,H2,194,20989.155,9238.671,Sécheresse,108
2022,2020-2024,75,Nouvelle-Aquitaine,33,Gironde,2,H2,96,18190.909,2159.582,Gel,53
2022,2020-2024,75,Nouvelle-Aquitaine,33,Gironde,2,H2,96,18190.909,2159.582,Inondation,0
2022,2020-2024,75,Nouvelle-Aquitaine,33,Gironde,2,H2,96,18190.909,2159.582,Sécheresse,147
2023,2020-2024,75,Nouvelle-Aquitaine,33,Gironde,2,H2,68,10795.738,-2192.657,Gel,46
2023,2020-2024,75,Nouvelle-Aquitaine,33,Gironde,2,H2,68,10795.738,-2192.657,Inondation,7
2023,2020-2024,75,Nouvelle-Aquitaine,33,Gironde,2,H2,68,10795.738,-2192.657,Sécheresse,142
2024,2020-2024,75,Nouvelle-Aquitaine,33,Gironde,2,H2,65,5871.087,-3349.088,Gel,30
2024,2020-2024,75,Nouvelle-Aquitaine,33,Gironde,2,H2,65,5871.087,-3349.088,Inondation,6
2024,2020-2024,75,Nouvelle-Aquitaine,33,Gironde,2,H2,65,5871.087,-3349.088,Sécheresse,98
2010,2010-2014,76,Occitanie,34,Hérault,3,H3,66,5948.791,-26359.405,Gel,108
2010,2010-2014,76,Occitanie,34,Hérault,3,H3,66,5948.791,-26359.405,Inondation,22
2010,2010-2014,76,Occitanie,34,Hérault,3,H3,66,5948.791,-26359.405,Sécheresse,142
2011,2010-2014,76,Occitanie,34,Hérault,3,H3,52,5208.993,2985.267,Gel,80
2011,2010-2014,76,Occitanie,34,Hérault,3,H3,52,5208.993,2985.267,Inondation,27
2011,2010-2014,76,Occitanie,34,Hérault,3,H3,52,5208.993,2985.267,Sécheresse,166
2012,2010-2014,76,Occitanie,34,Hérault,3,H3,25,5313.358,2586.977,Gel,100
2012,2010-2014,76,Occitanie,34,Hérault,3,H3,25,5313.358,2586.977,Inondation,25
2012,2010-2014,76,Occitanie,34,Hérault,3,H3,25,5313.358,2586.977,Sécheresse,148
2013,2010-2014,76,Occitanie,34,Hérault,3,H3,35,2574.942,-793.367,Gel,109
2013,2010-2014,76,Occitanie,34,Hérault,3,H3,35,2574.942,-793.367,Inondation,27
2013,2010-2014,76,Occitanie,34,Hérault,3,H3,35,2574.942,-793.367,Sécheresse,144
2014,2010-2014,76,Occitanie,34,Hérault,3,H3,17,2704.793,202.185,Gel,75
2014,2010-2014,76,Occitanie,34,Hérault,3,H3,17,2704.793,202.185,Inondation,29
2014,2010-2014,76,Occitanie,34,Hérault,3,H3,17,2704.793,202.185,Sécheresse,172
2015,2015-2019,76,Occitanie,34,Hérault,3,H3,40,3619.004,977.028,Gel,88
2015,2015-2019,76,Occitanie,34,Hérault,3,H3,40,3619.004,977.028,Inondation,18
2015,2015-2019,76,Occitanie,34,Hérault,3,H3,40,3619.004,977.028,Sécheresse,163
2016,2015-2019,76,Occitanie,34,Hérault,3,H3,47,4448.131,904.359,Gel,82
2016,2015-2019,76,Occitanie,34,Hérault,3,H3,47,4448.131,904.359,Inondation,21
2016,2015-2019,76,Occitanie,34,Hérault,3,H3,47,4448.131,904.359,Sécheresse,140
2017,2015-2019,76,Occitanie,34,Hérault,3,H3,85,6670.191,4922.095,Gel,98
2017,2015-2019,76,Occitanie,34,Hérault,3,H3,85,6670.191,4922.095,Inondation,14
2017,2015-2019,76,Occitanie,34,Hérault,3,H3,85,6670.191,4922.095,Sécheresse,167
2018,2015-2019,76,Occitanie,34,Hérault,3,H3,137,7722.237,3755.545,Gel,65
2018,2015-2019,76,Occitanie,34,Hérault,3,H3,137,7722.237,3755.545,Inondation,43
2018,2015-2019,76,Occitanie,34,Hérault,3,H3,137,7722.237,3755.545,Sécheresse,168
2019,2015-2019,76,Occitanie,34,Hérault,3,H3,139,9479.020,3129.535,Gel,105
2019,2015-2019,76,Occitanie,34,Hérault,3,H3,139,9479.020,3129.535,Inondation,17
2019,2015-2019,76,Occitanie,34,Hérault,3,H3,139,9479.020,3129.535,Sécheresse,149
2020,2020-2024,76,Occitanie,34,Hérault,3,H3,137,10662.031,3755.422,Gel,82
2020,2020-2024,76,Occitanie,34,Hérault,3,H3,137,10662.031,3755.422,Inondation,20
2020,2020-2024,76,Occitanie,34,Hérault,3,H3,137,10662.031,3755.422,Sécheresse,143
2021,2020-2024,76,Occitanie,34,Hérault,3,H3,134,10871.093,4007.882,Gel,109
2021,2020-2024,76,Occitanie,34,Hérault,3,H3,134,10871.093,4007.882,Inondation,16
2021,2020-2024,76,Occitanie,34,Hérault,3,H3,134,10871.093,4007.882,Sécheresse,137
2022,2020-2024,76,Occitanie,34,Hérault,3,H3,113,10992.490,2930.394,Gel,84
2022,2020-2024,76,Occitanie,34,Hérault,3,H3,113,10992.490,2930.394,Inondation,13
2022,2020-2024,76,Occitanie,34,Hérault,3,H3,113,10992.490,2930.394,Sécheresse,166
2023,2020-2024,76,Occitanie,34,Hérault,3,H3,111,9890.873,1974.729,Gel,85
2023,2020-2024,76,Occitanie,34,Hérault,3,H3,111,9890.873,1974.729,Inondation,12
2023,2020-2024,76,Occitanie,34,Hérault,3,H3,111,9890.873,1974.729,Sécheresse,156
2024,2020-2024,76,Occitanie,34,Hérault,3,H3,108,8491.937,-225.973,Gel,70
2024,2020-2024,76,Occitanie,34,Hérault,3,H3,108,8491.937,-225.973,Inondation,22
2024,2020-2024,76,Occitanie,34,Hérault,3,H3,108,8491.937,-225.973,Sécheresse,144
2010,2010-2014,53,Bretagne,35,Ille-et-Vilaine,2,H2,51,5524.818,-29598.410,Gel,97
2010,2010-2014,53,Bretagne,35,Ille-et-Vilaine,2,H2,51,5524.818,-29598.410,Inondation,2
2010,2010-2014,53,Bretagne,35,Ille-et-Vilaine,2,H2,51,5524.818,-29598.410,Sécheresse,60
2011,2010-2014,53,Bretagne,35,Ille-et-Vilaine,2,H2,15,5250.360,1801.109,Gel,38
2011,2010-2014,53,Bretagne,35,Ille-et-Vilaine,2,H2,15,5250.360,1801.109,Inondation,6
2011,2010-2014,53,Bretagne,35,Ille-et-Vilaine,2,H2,15,5250.360,1801.109,Sécheresse,50
2012,2010-2014,53,Bretagne,35,Ille-et-Vilaine,2,H2,20,2164.471,1016.270,Gel,52
2012,2010-2014,53,Bretagne,35,Ille-et-Vilaine,2,H2,20,2164.471,1016.270,Inondation,2
2012,2010-2014,53,Bretagne,35,Ille-et-Vilaine,2,H2,20,2164.471,1016.270,Sécheresse,38
2013,2010-2014,53,Bretagne,35,Ille-et-Vilaine,2,H2,18,1471.597,685.531,Gel,59
2013,2010-2014,53,Bretagne,35,Ille-et-Vilaine,2,H2,18,1471.597,685.531,Inondation,6
2013,2010-2014,53,Bretagne,35,Ille-et-Vilaine,2,H2,18,1471.597,685.531,Sécheresse,67
2014,2010-2014,53,Bretagne,35,Ille-et-Vilaine,2,H2,16,1637.890,525.053,Gel,17
2014,2010-2014,53,Bretagne,35,Ille-et-Vilaine,2,H2,16,1637.890,525.053,Inondation,4
2014,2010-2014,53,Bretagne,35,Ille-et-Vilaine,2,H2,16,1637.890,525.053,Sécheresse,53
2015,2015-2019,53,Bretagne,35,Ille-et-Vilaine,2,H2,30,1840.113,1243.148,Gel,35
2015,2015-2019,53,Bretagne,35,Ille-et-Vilaine,2,H2,30,1840.113,1243.148,Inondation,1
2015,2015-2019,53,Bretagne,35,Ille-et-Vilaine,2,H2,30,1840.113,1243.148,Sécheresse,53
2016,2015-2019,53,Bretagne,35,Ille-et-Vilaine,2,H2,97,6070.838,6644.012,Gel,54
2016,2015-2019,53,Bretagne,35,Ille-et-Vilaine,2,H2,97,6070.838,6644.012,Inondation,0
2016,2015-2019,53,Bretagne,35,Ille-et-Vilaine,2,H2,97,6070.838,6644.012,Sécheresse,59
2017,2015-2019,53,Bretagne,35,Ille-et-Vilaine,2,H2,63,8060.137,3906.161,Gel,56
2017,2015-2019,53,Bretagne,35,Ille-et-Vilaine,2,H2,63,8060.137,3906.161,Inondation,0
2017,2015-2019,53,Bretagne,35,Ille-et-Vilaine,2,H2,63,8060.137,3906.161,Sécheresse,57
2018,2015-2019,53,Bretagne,35,Ille-et-Vilaine,2,H2,68,6755.061,3806.572,Gel,44
2018,2015-2019,53,Bretagne,35,Ille-et-Vilaine,2,H2,68,6755.061,3806.572,Inondation,8
2018,2015-2019,53,Bretagne,35,Ille-et-Vilaine,2,H2,68,6755.061,3806.572,Sécheresse,93
2019,2015-2019,53,Bretagne,35,Ille-et-Vilaine,2,H2,71,6967.670,3422.609,Gel,42
2019,2015-2019,53,Bretagne,35,Ille-et-Vilaine,2,H2,71,6967.670,3422.609,Inondation,3
2019,2015-2019,53,Bretagne,35,Ille-et-Vilaine,2,H2,71,6967.670,3422.609,Sécheresse,65
2020,2020-2024,53,Bretagne,35,Ille-et-Vilaine,2,H2,87,8802.955,3952.956,Gel,30
2020,2020-2024,53,Bretagne,35,Ille-et-Vilaine,2,H2,87,8802.955,3952.956,Inondation,5
2020,2020-2024,53,Bretagne,35,Ille-et-Vilaine,2,H2,87,8802.955,3952.956,Sécheresse,66
2021,2020-2024,53,Bretagne,35,Ille-et-Vilaine,2,H2,73,9479.512,3966.662,Gel,71
2021,2020-2024,53,Bretagne,35,Ille-et-Vilaine,2,H2,73,9479.512,3966.662,Inondation,2
2021,2020-2024,53,Bretagne,35,Ille-et-Vilaine,2,H2,73,9479.512,3966.662,Sécheresse,41
2022,2020-2024,53,Bretagne,35,Ille-et-Vilaine,2,H2,53,5335.941,1469.879,Gel,42
2022,2020-2024,53,Bretagne,35,Ille-et-Vilaine,2,H2,53,5335.941,1469.879,Inondation,4
2022,2020-2024,53,Bretagne,35,Ille-et-Vilaine,2,H2,53,5335.941,1469.879,Sécheresse,86
2023,2020-2024,53,Bretagne,35,Ille-et-Vilaine,2,H2,60,4218.441,-952.019,Gel,41
2023,2020-2024,53,Bretagne,35,Ille-et-Vilaine,2,H2,60,4218.441,-952.019,Inondation,2
2023,2020-2024,53,Bretagne,35,Ille-et-Vilaine,2,H2,60,4218.441,-952.019,Sécheresse,88
2024,2020-2024,53,Bretagne,35,Ille-et-Vilaine,2,H2,64,2734.357,-705.016,Gel,35
2024,2020-2024,53,Bretagne,35,Ille-et-Vilaine,2,H2,64,2734.357,-705.016,Inondation,2
2024,2020-2024,53,Bretagne,35,Ille-et-Vilaine,2,H2,64,2734.357,-705.016,Sécheresse,48
2010,2010-2014,24,Centre-Val de Loire,36,Indre,2,H2,6,2640.328,-41015.470,Gel,107
2010,2010-2014,24,Centre-Val de Loire,36,Indre,2,H2,6,2640.328,-41015.470,Inondation,3
2010,2010-2014,24,Centre-Val de Loire,36,Indre,2,H2,6,2640.328,-41015.470,Sécheresse,95
2011,2010-2014,24,Centre-Val de Loire,36,Indre,2,H2,3,2134.420,1029.540,Gel,72
2011,2010-2014,24,Centre-Val de Loire,36,Indre,2,H2,3,2134.420,1029.540,Inondation,3
2011,2010-2014,24,Centre-Val de Loire,36,Indre,2,H2,3,2134.420,1029.540,Sécheresse,109
2012,2010-2014,24,Centre-Val de Loire,36,Indre,2,H2,5,1676.620,661.821,Gel,77
2012,2010-2014,24,Centre-Val de Loire,36,Indre,2,H2,5,1676.620,661.821,Inondation,4
2012,2010-2014,24,Centre-Val de Loire,36,Indre,2,H2,5,1676.620,661.821,Sécheresse,93
2013,2010-2014,24,Centre-Val de Loire,36,Indre,2,H2,5,1197.417,328.827,Gel,93
2013,2010-2014,24,Centre-Val de Loire,36,Indre,2,H2,5,1197.417,328.827,Inondation,6
2013,2010-2014,24,Centre-Val de Loire,36,Indre,2,H2,5,1197.417,328.827,Sécheresse,86
2014,2010-2014,24,Centre-Val de Loire,36,Indre,2,H2,8,1752.677,1063.098,Gel,42
2014,2010-2014,24,Centre-Val de Loire,36,Indre,2,H2,8,1752.677,1063.098,Inondation,9
2014,2010-2014,24,Centre-Val de Loire,36,Indre,2,H2,8,1752.677,1063.098,Sécheresse,93
2015,2015-2019,24,Centre-Val de Loire,36,Indre,2,H2,16,3350.577,2170.195,Gel,76
2015,2015-2019,24,Centre-Val de Loire,36,Indre,2,H2,16,3350.577,2170.195,Inondation,4
2015,2015-2019,24,Centre-Val de Loire,36,Indre,2,H2,16,3350.577,2170.195,Sécheresse,105
2016,2015-2019,24,Centre-Val de Loire,36,Indre,2,H2,8,3122.080,597.842,Gel,93
2016,2015-2019,24,Centre-Val de Loire,36,Indre,2,H2,8,3122.080,597.842,Inondation,6
2016,2015-2019,24,Centre-Val de Loire,36,Indre,2,H2,8,3122.080,597.842,Sécheresse,88
2017,2015-2019,24,Centre-Val de Loire,36,Indre,2,H2,15,3348.650,1543.110,Gel,84
2017,2015-2019,24,Centre-Val de Loire,36,Indre,2,H2,15,3348.650,1543.110,Inondation,3
2017,2015-2019,24,Centre-Val de Loire,36,Indre,2,H2,15,3348.650,1543.110,Sécheresse,103
2018,2015-2019,24,Centre-Val de Loire,36,Indre,2,H2,21,4280.119,2733.875,Gel,63
2018,2015-2019,24,Centre-Val de Loire,36,Indre,2,H2,21,4280.119,2733.875,Inondation,3
2018,2015-2019,24,Centre-Val de Loire,36,Indre,2,H2,21,4280.119,2733.875,Sécheresse,145
2019,2015-2019,24,Centre-Val de Loire,36,Indre,2,H2,21,5797.530,2653.826,Gel,78
2019,2015-2019,24,Centre-Val de Loire,36,Indre,2,H2,21,5797.530,2653.826,Inondation,0
2019,2015-2019,24,Centre-Val de Loire,36,Indre,2,H2,21,5797.530,2653.826,Sécheresse,109
2020,2020-2024,24,Centre-Val de Loire,36,Indre,2,H2,36,5366.476,1825.154,Gel,56
2020,2020-2024,24,Centre-Val de Loire,36,Indre,2,H2,36,5366.476,1825.154,Inondation,4
2020,2020-2024,24,Centre-Val de Loire,36,Indre,2,H2,36,5366.476,1825.154,Sécheresse,123
2021,2020-2024,24,Centre-Val de Loire,36,Indre,2,H2,26,5242.665,2077.238,Gel,103
2021,2020-2024,24,Centre-Val de Loire,36,Indre,2,H2,26,5242.665,2077.238,Inondation,3
2021,2020-2024,24,Centre-Val de Loire,36,Indre,2,H2,26,5242.665,2077.238,Sécheresse,98
2022,2020-2024,24,Centre-Val de Loire,36,Indre,2,H2,20,4651.239,1578.021,Gel,72
2022,2020-2024,24,Centre-Val de Loire,36,Indre,2,H2,20,4651.239,1578.021,Inondation,1
2022,2020-2024,24,Centre-Val de Loire,36,Indre,2,H2,20,4651.239,1578.021,Sécheresse,134
2023,2020-2024,24,Centre-Val de Loire,36,Indre,2,H2,14,3366.929,-1016.792,Gel,59
2023,2020-2024,24,Centre-Val de Loire,36,Indre,2,H2,14,3366.929,-1016.792,Inondation,3
2023,2020-2024,24,Centre-Val de Loire,36,Indre,2,H2,14,3366.929,-1016.792,Sécheresse,128
2024,2020-2024,24,Centre-Val de Loire,36,Indre,2,H2,13,2551.685,-281.765,Gel,45
2024,2020-2024,24,Centre-Val de Loire,36,Indre,2,H2,13,2551.685,-281.765,Inondation,6
2024,2020-2024,24,Centre-Val de Loire,36,Indre,2,H2,13,2551.685,-281.765,Sécheresse,91
2010,2010-2014,24,Centre-Val de Loire,37,Indre-et-Loire,2,H2,17,3418.565,-14261.489,Gel,100
2010,2010-2014,24,Centre-Val de Loire,37,Indre-et-Loire,2,H2,17,3418.565,-14261.489,Inondation,2
2010,2010-2014,24,Centre-Val de Loire,37,Indre-et-Loire,2,H2,17,3418.565,-14261.489,Sécheresse,85
2011,2010-2014,24,Centre-Val de Loire,37,Indre-et-Loire,2,H2,18,3367.104,349.710,Gel,47
2011,2010-2014,24,Centre-Val de Loire,37,Indre-et-Loire,2,H2,18,3367.104,349.710,Inondation,7
2011,2010-2014,24,Centre-Val de Loire,37,Indre-et-Loire,2,H2,18,3367.104,349.710,Sécheresse,87
2012,2010-2014,24,Centre-Val de Loire,37,Indre-et-Loire,2,H2,17,2115.889,777.287,Gel,63
2012,2010-2014,24,Centre-Val de Loire,37,Indre-et-Loire,2,H2,17,2115.889,777.287,Inondation,4
2012,2010-2014,24,Centre-Val de Loire,37,Indre-et-Loire,2,H2,17,2115.889,777.287,Sécheresse,69
2013,2010-2014,24,Centre-Val de Loire,37,Indre-et-Loire,2,H2,15,1476.893,660.676,Gel,74
2013,2010-2014,24,Centre-Val de Loire,37,Indre-et-Loire,2,H2,15,1476.893,660.676,Inondation,3
2013,2010-2014,24,Centre-Val de Loire,37,Indre-et-Loire,2,H2,15,1476.893,660.676,Sécheresse,77
2014,2010-2014,24,Centre-Val de Loire,37,Indre-et-Loire,2,H2,7,1733.480,72.724,Gel,28
2014,2010-2014,24,Centre-Val de Loire,37,Indre-et-Loire,2,H2,7,1733.480,72.724,Inondation,2
2014,2010-2014,24,Centre-Val de Loire,37,Indre-et-Loire,2,H2,7,1733.480,72.724,Sécheresse,79
2015,2015-2019,24,Centre-Val de Loire,37,Indre-et-Loire,2,H2,30,2828.850,1439.380,Gel,57
2015,2015-2019,24,Centre-Val de Loire,37,Indre-et-Loire,2,H2,30,2828.850,1439.380,Inondation,6
2015,2015-2019,24,Centre-Val de Loire,37,Indre-et-Loire,2,H2,30,2828.850,1439.380,Sécheresse,74
2016,2015-2019,24,Centre-Val de Loire,37,Indre-et-Loire,2,H2,10,2436.959,149.218,Gel,80
2016,2015-2019,24,Centre-Val de Loire,37,Indre-et-Loire,2,H2,10,2436.959,149.218,Inondation,2
2016,2015-2019,24,Centre-Val de Loire,37,Indre-et-Loire,2,H2,10,2436.959,149.218,Sécheresse,84
2017,2015-2019,24,Centre-Val de Loire,37,Indre-et-Loire,2,H2,23,2362.714,1205.364,Gel,65
2017,2015-2019,24,Centre-Val de Loire,37,Indre-et-Loire,2,H2,23,2362.714,1205.364,Inondation,0
2017,2015-2019,24,Centre-Val de Loire,37,Indre-et-Loire,2,H2,23,2362.714,1205.364,Sécheresse,97
2018,2015-2019,24,Centre-Val de Loire,37,Indre-et-Loire,2,H2,36,4891.047,2834.352,Gel,53
2018,2015-2019,24,Centre-Val de Loire,37,Indre-et-Loire,2,H2,36,4891.047,2834.352,Inondation,5
2018,2015-2019,24,Centre-Val de Loire,37,Indre-et-Loire,2,H2,36,4891.047,2834.352,Sécheresse,125
2019,2015-2019,24,Centre-Val de Loire,37,Indre-et-Loire,2,H2,43,5056.197,1368.948,Gel,68
2019,2015-2019,24,Centre-Val de Loire,37,Indre-et-Loire,2,H2,43,5056.197,1368.948,Inondation,1
2019,2015-2019,24,Centre-Val de Loire,37,Indre-et-Loire,2,H2,43,5056.197,1368.948,Sécheresse,99
2020,2020-2024,24,Centre-Val de Loire,37,Indre-et-Loire,2,H2,60,3949.229,2103.972,Gel,46
2020,2020-2024,24,Centre-Val de Loire,37,Indre-et-Loire,2,H2,60,3949.229,2103.972,Inondation,0
2020,2020-2024,24,Centre-Val de Loire,37,Indre-et-Loire,2,H2,60,3949.229,2103.972,Sécheresse,106
2021,2020-2024,24,Centre-Val de Loire,37,Indre-et-Loire,2,H2,56,4640.835,1475.535,Gel,78
2021,2020-2024,24,Centre-Val de Loire,37,Indre-et-Loire,2,H2,56,4640.835,1475.535,Inondation,4
2021,2020-2024,24,Centre-Val de Loire,37,Indre-et-Loire,2,H2,56,4640.835,1475.535,Sécheresse,83
2022,2020-2024,24,Centre-Val de Loire,37,Indre-et-Loire,2,H2,38,4581.591,1249.310,Gel,57
2022,2020-2024,24,Centre-Val de Loire,37,Indre-et-Loire,2,H2,38,4581.591,1249.310,Inondation,1
2022,2020-2024,24,Centre-Val de Loire,37,Indre-et-Loire,2,H2,38,4581.591,1249.310,Sécheresse,114
2023,2020-2024,24,Centre-Val de Loire,37,Indre-et-Loire,2,H2,32,3004.546,-296.168,Gel,46
2023,2020-2024,24,Centre-Val de Loire,37,Indre-et-Loire,2,H2,32,3004.546,-296.168,Inondation,0
2023,2020-2024,24,Centre-Val de Loire,37,Indre-et-Loire,2,H2,32,3004.546,-296.168,Sécheresse,116
2024,2020-2024,24,Centre-Val de Loire,37,Indre-et-Loire,2,H2,39,1984.859,-876.416,Gel,35
2024,2020-2024,24,Centre-Val de Loire,37,Indre-et-Loire,2,H2,39,1984.859,-876.416,Inondation,4
2024,2020-2024,24,Centre-Val de Loire,37,Indre-et-Loire,2,H2,39,1984.859,-876.416,Sécheresse,71
2010,2010-2014,84,Auvergne-Rhône-Alpes,38,Isère,1,H1,34,3574.691,-9994.322,Gel,275
2010,2010-2014,84,Auvergne-Rhône-Alpes,38,Isère,1,H1,34,3574.691,-9994.322,Inondation,20
2010,2010-2014,84,Auvergne-Rhône-Alpes,38,Isère,1,H1,34,3574.691,-9994.322,Sécheresse,108
2011,2010-2014,84,Auvergne-Rhône-Alpes,38,Isère,1,H1,30,3202.432,1295.742,Gel,265
2011,2010-2014,84,Auvergne-Rhône-Alpes,38,Isère,1,H1,30,3202.432,1295.742,Inondation,23
2011,2010-2014,84,Auvergne-Rhône-Alpes,38,Isère,1,H1,30,3202.432,1295.742,Sécheresse,134
2012,2010-2014,84,Auvergne-Rhône-Alpes,38,Isère,1,H1,17,2128.110,866.661,Gel,249
2012,2010-2014,84,Auvergne-Rhône-Alpes,38,Isère,1,H1,17,2128.110,866.661,Inondation,28
2012,2010-2014,84,Auvergne-Rhône-Alpes,38,Isère,1,H1,17,2128.110,866.661,Sécheresse,113
2013,2010-2014,84,Auvergne-Rhône-Alpes,38,Isère,1,H1,13,1157.214,20.909,Gel,262
2013,2010-2014,84,Auvergne-Rhône-Alpes,38,Isère,1,H1,13,1157.214,20.909,Inondation,30
2013,2010-2014,84,Auvergne-Rhône-Alpes,38,Isère,1,H1,13,1157.214,20.909,Sécheresse,109
2014,2010-2014,84,Auvergne-Rhône-Alpes,38,Isère,1,H1,14,947.514,-268.436,Gel,268
2014,2010-2014,84,Auvergne-Rhône-Alpes,38,Isère,1,H1,14,947.514,-268.436,Inondation,33
2014,2010-2014,84,Auvergne-Rhône-Alpes,38,Isère,1,H1,14,947.514,-268.436,Sécheresse,115
2015,2015-2019,84,Auvergne-Rhône-Alpes,38,Isère,1,H1,36,2395.787,1847.155,Gel,263
2015,2015-2019,84,Auvergne-Rhône-Alpes,38,Isère,1,H1,36,2395.787,1847.155,Inondation,24
2015,2015-2019,84,Auvergne-Rhône-Alpes,38,Isère,1,H1,36,2395.787,1847.155,Sécheresse,123
2016,2015-2019,84,Auvergne-Rhône-Alpes,38,Isère,1,H1,48,5458.286,4027.692,Gel,275
2016,2015-2019,84,Auvergne-Rhône-Alpes,38,Isère,1,H1,48,5458.286,4027.692,Inondation,24
2016,2015-2019,84,Auvergne-Rhône-Alpes,38,Isère,1,H1,48,5458.286,4027.692,Sécheresse,112
2017,2015-2019,84,Auvergne-Rhône-Alpes,38,Isère,1,H1,36,5651.465,1377.735,Gel,253
2017,2015-2019,84,Auvergne-Rhône-Alpes,38,Isère,1,H1,36,5651.465,1377.735,Inondation,18
2017,2015-2019,84,Auvergne-Rhône-Alpes,38,Isère,1,H1,36,5651.465,1377.735,Sécheresse,129
2018,2015-2019,84,Auvergne-Rhône-Alpes,38,Isère,1,H1,55,5634.591,3294.999,Gel,224
2018,2015-2019,84,Auvergne-Rhône-Alpes,38,Isère,1,H1,55,5634.591,3294.999,Inondation,22
2018,2015-2019,84,Auvergne-Rhône-Alpes,38,Isère,1,H1,55,5634.591,3294.999,Sécheresse,150
2019,2015-2019,84,Auvergne-Rhône-Alpes,38,Isère,1,H1,83,5813.075,2198.018,Gel,248
2019,2015-2019,84,Auvergne-Rhône-Alpes,38,Isère,1,H1,83,5813.075,2198.018,Inondation,35
2019,2015-2019,84,Auvergne-Rhône-Alpes,38,Isère,1,H1,83,5813.075,2198.018,Sécheresse,124
2020,2020-2024,84,Auvergne-Rhône-Alpes,38,Isère,1,H1,96,6505.299,3736.392,Gel,251
2020,2020-2024,84,Auvergne-Rhône-Alpes,38,Isère,1,H1,96,6505.299,3736.392,Inondation,22
2020,2020-2024,84,Auvergne-Rhône-Alpes,38,Isère,1,H1,96,6505.299,3736.392,Sécheresse,139
2021,2020-2024,84,Auvergne-Rhône-Alpes,38,Isère,1,H1,92,6145.705,1688.818,Gel,254
2021,2020-2024,84,Auvergne-Rhône-Alpes,38,Isère,1,H1,92,6145.705,1688.818,Inondation,22
2021,2020-2024,84,Auvergne-Rhône-Alpes,38,Isère,1,H1,92,6145.705,1688.818,Sécheresse,121
2022,2020-2024,84,Auvergne-Rhône-Alpes,38,Isère,1,H1,75,3827.035,234.697,Gel,225
2022,2020-2024,84,Auvergne-Rhône-Alpes,38,Isère,1,H1,75,3827.035,234.697,Inondation,17
2022,2020-2024,84,Auvergne-Rhône-Alpes,38,Isère,1,H1,75,3827.035,234.697,Sécheresse,152
2023,2020-2024,84,Auvergne-Rhône-Alpes,38,Isère,1,H1,69,2459.965,-602.424,Gel,239
2023,2020-2024,84,Auvergne-Rhône-Alpes,38,Isère,1,H1,69,2459.965,-602.424,Inondation,31
2023,2020-2024,84,Auvergne-Rhône-Alpes,38,Isère,1,H1,69,2459.965,-602.424,Sécheresse,143
2024,2020-2024,84,Auvergne-Rhône-Alpes,38,Isère,1,H1,65,2019.505,-288.615,Gel,250
2024,2020-2024,84,Auvergne-Rhône-Alpes,38,Isère,1,H1,65,2019.505,-288.615,Inondation,33
2024,2020-2024,84,Auvergne-Rhône-Alpes,38,Isère,1,H1,65,2019.505,-288.615,Sécheresse,116
2010,2010-2014,27,Bourgogne-Franche-Comté,39,Jura,1,H1,19,2044.286,-19590.677,Gel,162
2010,2010-2014,27,Bourgogne-Franche-Comté,39,Jura,1,H1,19,2044.286,-19590.677,Inondation,13
2010,2010-2014,27,Bourgogne-Franche-Comté,39,Jura,1,H1,19,2044.286,-19590.677,Sécheresse,81
2011,2010-2014,27,Bourgogne-Franche-Comté,39,Jura,1,H1,11,1560.748,653.094,Gel,140
2011,2010-2014,27,Bourgogne-Franche-Comté,39,Jura,1,H1,11,1560.748,653.094,Inondation,12
2011,2010-2014,27,Bourgogne-Franche-Comté,39,Jura,1,H1,11,1560.748,653.094,Sécheresse,106
2012,2010-2014,27,Bourgogne-Franche-Comté,39,Jura,1,H1,16,1203.289,-44.185,Gel,157
2012,2010-2014,27,Bourgogne-Franche-Comté,39,Jura,1,H1,16,1203.289,-44.185,Inondation,19
2012,2010-2014,27,Bourgogne-Franche-Comté,39,Jura,1,H1,16,1203.289,-44.185,Sécheresse,88
2013,2010-2014,27,Bourgogne-Franche-Comté,39,Jura,1,H1,9,657.430,537.981,Gel,159
2013,2010-2014,27,Bourgogne-Franche-Comté,39,Jura,1,H1,9,657.430,537.981,Inondation,17
2013,2010-2014,27,Bourgogne-Franche-Comté,39,Jura,1,H1,9,657.430,537.981,Sécheresse,81
2014,2010-2014,27,Bourgogne-Franche-Comté,39,Jura,1,H1,5,1187.838,745.845,Gel,151
2014,2010-2014,27,Bourgogne-Franche-Comté,39,Jura,1,H1,5,1187.838,745.845,Inondation,15
2014,2010-2014,27,Bourgogne-Franche-Comté,39,Jura,1,H1,5,1187.838,745.845,Sécheresse,77
2015,2015-2019,27,Bourgogne-Franche-Comté,39,Jura,1,H1,20,3013.424,2017.617,Gel,189
2015,2015-2019,27,Bourgogne-Franche-Comté,39,Jura,1,H1,20,3013.424,2017.617,Inondation,13
2015,2015-2019,27,Bourgogne-Franche-Comté,39,Jura,1,H1,20,3013.424,2017.617,Sécheresse,88
2016,2015-2019,27,Bourgogne-Franche-Comté,39,Jura,1,H1,22,4387.617,2011.702,Gel,177
2016,2015-2019,27,Bourgogne-Franche-Comté,39,Jura,1,H1,22,4387.617,2011.702,Inondation,16
2016,2015-2019,27,Bourgogne-Franche-Comté,39,Jura,1,H1,22,4387.617,2011.702,Sécheresse,86
2017,2015-2019,27,Bourgogne-Franche-Comté,39,Jura,1,H1,35,5594.140,3145.854,Gel,183
2017,2015-2019,27,Bourgogne-Franche-Comté,39,Jura,1,H1,35,5594.140,3145.854,Inondation,12
2017,2015-2019,27,Bourgogne-Franche-Comté,39,Jura,1,H1,35,5594.140,3145.854,Sécheresse,105
2018,2015-2019,27,Bourgogne-Franche-Comté,39,Jura,1,H1,34,5225.632,1696.296,Gel,146
2018,2015-2019,27,Bourgogne-Franche-Comté,39,Jura,1,H1,34,5225.632,1696.296,Inondation,18
2018,2015-2019,27,Bourgogne-Franche-Comté,39,Jura,1,H1,34,5225.632,1696.296,Sécheresse,138
2019,2015-2019,27,Bourgogne-Franche-Comté,39,Jura,1,H1,31,3391.420,1283.215,Gel,168
2019,2015-2019,27,Bourgogne-Franche-Comté,39,Jura,1,H1,31,3391.420,1283.215,Inondation,15
2019,2015-2019,27,Bourgogne-Franche-Comté,39,Jura,1,H1,31,3391.420,1283.215,Sécheresse,101
2020,2020-2024,27,Bourgogne-Franche-Comté,39,Jura,1,H1,36,2638.697,1370.587,Gel,161
2020,2020-2024,27,Bourgogne-Franche-Comté,39,Jura,1,H1,36,2638.697,1370.587,Inondation,10
2020,2020-2024,27,Bourgogne-Franche-Comté,39,Jura,1,H1,36,2638.697,1370.587,Sécheresse,118
2021,2020-2024,27,Bourgogne-Franche-Comté,39,Jura,1,H1,41,3745.843,1972.987,Gel,176
2021,2020-2024,27,Bourgogne-Franche-Comté,39,Jura,1,H1,41,3745.843,1972.987,Inondation,14
2021,2020-2024,27,Bourgogne-Franche-Comté,39,Jura,1,H1,41,3745.843,1972.987,Sécheresse,85
2022,2020-2024,27,Bourgogne-Franche-Comté,39,Jura,1,H1,36,3452.276,630.872,Gel,150
2022,2020-2024,27,Bourgogne-Franche-Comté,39,Jura,1,H1,36,3452.276,630.872,Inondation,9
2022,2020-2024,27,Bourgogne-Franche-Comté,39,Jura,1,H1,36,3452.276,630.872,Sécheresse,117
2023,2020-2024,27,Bourgogne-Franche-Comté,39,Jura,1,H1,44,2190.928,579.271,Gel,136
2023,2020-2024,27,Bourgogne-Franche-Comté,39,Jura,1,H1,44,2190.928,579.271,Inondation,11
2023,2020-2024,27,Bourgogne-Franche-Comté,39,Jura,1,H1,44,2190.928,579.271,Sécheresse,118
2024,2020-2024,27,Bourgogne-Franche-Comté,39,Jura,1,H1,36,2043.729,-260.341,Gel,148
2024,2020-2024,27,Bourgogne-Franche-Comté,39,Jura,1,H1,36,2043.729,-260.341,Inondation,10
2024,2020-2024,27,Bourgogne-Franche-Comté,39,Jura,1,H1,36,2043.729,-260.341,Sécheresse,88
2010,2010-2014,75,Nouvelle-Aquitaine,40,Landes,2,H2,12,768.189,-23569.387,Gel,89
2010,2010-2014,75,Nouvelle-Aquitaine,40,Landes,2,H2,12,768.189,-23569.387,Inondation,10
2010,2010-2014,75,Nouvelle-Aquitaine,40,Landes,2,H2,12,768.189,-23569.387,Sécheresse,126
2011,2010-2014,75,Nouvelle-Aquitaine,40,Landes,2,H2,9,795.038,528.061,Gel,60
2011,2010-2014,75,Nouvelle-Aquitaine,40,Landes,2,H2,9,795.038,528.061,Inondation,5
2011,2010-2014,75,Nouvelle-Aquitaine,40,Landes,2,H2,9,795.038,528.061,Sécheresse,149
2012,2010-2014,75,Nouvelle-Aquitaine,40,Landes,2,H2,4,567.752,79.477,Gel,77
2012,2010-2014,75,Nouvelle-Aquitaine,40,Landes,2,H2,4,567.752,79.477,Inondation,8
2012,2010-2014,75,Nouvelle-Aquitaine,40,Landes,2,H2,4,567.752,79.477,Sécheresse,128
2013,2010-2014,75,Nouvelle-Aquitaine,40,Landes,2,H2,7,266.560,-110.700,Gel,71
2013,2010-2014,75,Nouvelle-Aquitaine,40,Landes,2,H2,7,266.560,-110.700,Inondation,10
2013,2010-2014,75,Nouvelle-Aquitaine,40,Landes,2,H2,7,266.560,-110.700,Sécheresse,107
2014,2010-2014,75,Nouvelle-Aquitaine,40,Landes,2,H2,5,445.960,195.606,Gel,32
2014,2010-2014,75,Nouvelle-Aquitaine,40,Landes,2,H2,5,445.960,195.606,Inondation,12
2014,2010-2014,75,Nouvelle-Aquitaine,40,Landes,2,H2,5,445.960,195.606,Sécheresse,142
2015,2015-2019,75,Nouvelle-Aquitaine,40,Landes,2,H2,9,776.900,479.169,Gel,59
2015,2015-2019,75,Nouvelle-Aquitaine,40,Landes,2,H2,9,776.900,479.169,Inondation,8
2015,2015-2019,75,Nouvelle-Aquitaine,40,Landes,2,H2,9,776.900,479.169,Sécheresse,138
2016,2015-2019,75,Nouvelle-Aquitaine,40,Landes,2,H2,18,1138.590,602.544,Gel,70
2016,2015-2019,75,Nouvelle-Aquitaine,40,Landes,2,H2,18,1138.590,602.544,Inondation,15
2016,2015-2019,75,Nouvelle-Aquitaine,40,Landes,2,H2,18,1138.590,602.544,Sécheresse,122
2017,2015-2019,75,Nouvelle-Aquitaine,40,Landes,2,H2,29,1807.534,1716.601,Gel,76
2017,2015-2019,75,Nouvelle-Aquitaine,40,Landes,2,H2,29,1807.534,1716.601,Inondation,12
2017,2015-2019,75,Nouvelle-Aquitaine,40,Landes,2,H2,29,1807.534,1716.601,Sécheresse,143
2018,2015-2019,75,Nouvelle-Aquitaine,40,Landes,2,H2,36,3842.958,3023.086,Gel,43
2018,2015-2019,75,Nouvelle-Aquitaine,40,Landes,2,H2,36,3842.958,3023.086,Inondation,11
2018,2015-2019,75,Nouvelle-Aquitaine,40,Landes,2,H2,36,3842.958,3023.086,Sécheresse,142
2019,2015-2019,75,Nouvelle-Aquitaine,40,Landes,2,H2,45,4644.398,2052.516,Gel,54
2019,2015-2019,75,Nouvelle-Aquitaine,40,Landes,2,H2,45,4644.398,2052.516,Inondation,15
2019,2015-2019,75,Nouvelle-Aquitaine,40,Landes,2,H2,45,4644.398,2052.516,Sécheresse,130
2020,2020-2024,75,Nouvelle-Aquitaine,40,Landes,2,H2,31,3070.756,2493.204,Gel,48
2020,2020-2024,75,Nouvelle-Aquitaine,40,Landes,2,H2,31,3070.756,2493.204,Inondation,17
2020,2020-2024,75,Nouvelle-Aquitaine,40,Landes,2,H2,31,3070.756,2493.204,Sécheresse,135
2021,2020-2024,75,Nouvelle-Aquitaine,40,Landes,2,H2,29,1961.632,948.208,Gel,65
2021,2020-2024,75,Nouvelle-Aquitaine,40,Landes,2,H2,29,1961.632,948.208,Inondation,4
2021,2020-2024,75,Nouvelle-Aquitaine,40,Landes,2,H2,29,1961.632,948.208,Sécheresse,106
2022,2020-2024,75,Nouvelle-Aquitaine,40,Landes,2,H2,23,1093.910,-749.868,Gel,55
2022,2020-2024,75,Nouvelle-Aquitaine,40,Landes,2,H2,23,1093.910,-749.868,Inondation,5
2022,2020-2024,75,Nouvelle-Aquitaine,40,Landes,2,H2,23,1093.910,-749.868,Sécheresse,154
2023,2020-2024,75,Nouvelle-Aquitaine,40,Landes,2,H2,25,572.421,-2296.780,Gel,59
2023,2020-2024,75,Nouvelle-Aquitaine,40,Landes,2,H2,25,572.421,-2296.780,Inondation,13
2023,2020-2024,75,Nouvelle-Aquitaine,40,Landes,2,H2,25,572.421,-2296.780,Sécheresse,151
2024,2020-2024,75,Nouvelle-Aquitaine,40,Landes,2,H2,45,920.599,-699.981,Gel,37
2024,2020-2024,75,Nouvelle-Aquitaine,40,Landes,2,H2,45,920.599,-699.981,Inondation,12
2024,2020-2024,75,Nouvelle-Aquitaine,40,Landes,2,H2,45,920.599,-699.981,Sécheresse,111
2010,2010-2014,24,Centre-Val de Loire,41,Loir-et-Cher,2,H2,13,1462.205,-6666.176,Gel,117
2010,2010-2014,24,Centre-Val de Loire,41,Loir-et-Cher,2,H2,13,1462.205,-6666.176,Inondation,4
2010,2010-2014,24,Centre-Val de Loire,41,Loir-et-Cher,2,H2,13,1462.205,-6666.176,Sécheresse,83
2011,2010-2014,24,Centre-Val de Loire,41,Loir-et-Cher,2,H2,3,976.459,705.681,Gel,68
2011,2010-2014,24,Centre-Val de Loire,41,Loir-et-Cher,2,H2,3,976.459,705.681,Inondation,4
2011,2010-2014,24,Centre-Val de Loire,41,Loir-et-Cher,2,H2,3,976.459,705.681,Sécheresse,95
2012,2010-2014,24,Centre-Val de Loire,41,Loir-et-Cher,2,H2,1,699.594,31.310,Gel,82
2012,2010-2014,24,Centre-Val de Loire,41,Loir-et-Cher,2,H2,1,699.594,31.310,Inondation,6
2012,2010-2014,24,Centre-Val de Loire,41,Loir-et-Cher,2,H2,1,699.594,31.310,Sécheresse,72
2013,2010-2014,24,Centre-Val de Loire,41,Loir-et-Cher,2,H2,10,231.066,-298.572,Gel,91
2013,2010-2014,24,Centre-Val de Loire,41,Loir-et-Cher,2,H2,10,231.066,-298.572,Inondation,5
2013,2010-2014,24,Centre-Val de Loire,41,Loir-et-Cher,2,H2,10,231.066,-298.572,Sécheresse,78
2014,2010-2014,24,Centre-Val de Loire,41,Loir-et-Cher,2,H2,3,453.436,437.192,Gel,48
2014,2010-2014,24,Centre-Val de Loire,41,Loir-et-Cher,2,H2,3,453.436,437.192,Inondation,5
2014,2010-2014,24,Centre-Val de Loire,41,Loir-et-Cher,2,H2,3,453.436,437.192,Sécheresse,74
2015,2015-2019,24,Centre-Val de Loire,41,Loir-et-Cher,2,H2,7,1349.519,811.700,Gel,79
2015,2015-2019,24,Centre-Val de Loire,41,Loir-et-Cher,2,H2,7,1349.519,811.700,Inondation,5
2015,2015-2019,24,Centre-Val de Loire,41,Loir-et-Cher,2,H2,7,1349.519,811.700,Sécheresse,78
2016,2015-2019,24,Centre-Val de Loire,41,Loir-et-Cher,2,H2,9,1233.666,-306.015,Gel,91
2016,2015-2019,24,Centre-Val de Loire,41,Loir-et-Cher,2,H2,9,1233.666,-306.015,Inondation,3
2016,2015-2019,24,Centre-Val de Loire,41,Loir-et-Cher,2,H2,9,1233.666,-306.015,Sécheresse,78
2017,2015-2019,24,Centre-Val de Loire,41,Loir-et-Cher,2,H2,16,1265.350,880.850,Gel,83
2017,2015-2019,24,Centre-Val de Loire,41,Loir-et-Cher,2,H2,16,1265.350,880.850,Inondation,2
2017,2015-2019,24,Centre-Val de Loire,41,Loir-et-Cher,2,H2,16,1265.350,880.850,Sécheresse,90
2018,2015-2019,24,Centre-Val de Loire,41,Loir-et-Cher,2,H2,18,1541.177,869.923,Gel,68
2018,2015-2019,24,Centre-Val de Loire,41,Loir-et-Cher,2,H2,18,1541.177,869.923,Inondation,2
2018,2015-2019,24,Centre-Val de Loire,41,Loir-et-Cher,2,H2,18,1541.177,869.923,Sécheresse,124
2019,2015-2019,24,Centre-Val de Loire,41,Loir-et-Cher,2,H2,28,2662.129,1689.061,Gel,86
2019,2015-2019,24,Centre-Val de Loire,41,Loir-et-Cher,2,H2,28,2662.129,1689.061,Inondation,0
2019,2015-2019,24,Centre-Val de Loire,41,Loir-et-Cher,2,H2,28,2662.129,1689.061,Sécheresse,91
2020,2020-2024,24,Centre-Val de Loire,41,Loir-et-Cher,2,H2,24,3297.514,1115.661,Gel,59
2020,2020-2024,24,Centre-Val de Loire,41,Loir-et-Cher,2,H2,24,3297.514,1115.661,Inondation,2
2020,2020-2024,24,Centre-Val de Loire,41,Loir-et-Cher,2,H2,24,3297.514,1115.661,Sécheresse,94
2021,2020-2024,24,Centre-Val de Loire,41,Loir-et-Cher,2,H2,32,3296.404,996.692,Gel,90
2021,2020-2024,24,Centre-Val de Loire,41,Loir-et-Cher,2,H2,32,3296.404,996.692,Inondation,1
2021,2020-2024,24,Centre-Val de Loire,41,Loir-et-Cher,2,H2,32,3296.404,996.692,Sécheresse,64
2022,2020-2024,24,Centre-Val de Loire,41,Loir-et-Cher,2,H2,27,2736.423,867.495,Gel,61
2022,2020-2024,24,Centre-Val de Loire,41,Loir-et-Cher,2,H2,27,2736.423,867.495,Inondation,1
2022,2020-2024,24,Centre-Val de Loire,41,Loir-et-Cher,2,H2,27,2736.423,867.495,Sécheresse,105
2023,2020-2024,24,Centre-Val de Loire,41,Loir-et-Cher,2,H2,12,1822.643,-405.420,Gel,56
2023,2020-2024,24,Centre-Val de Loire,41,Loir-et-Cher,2,H2,12,1822.643,-405.420,Inondation,0
2023,2020-2024,24,Centre-Val de Loire,41,Loir-et-Cher,2,H2,12,1822.643,-405.420,Sécheresse,110
2024,2020-2024,24,Centre-Val de Loire,41,Loir-et-Cher,2,H2,16,1676.150,1.062,Gel,45
2024,2020-2024,24,Centre-Val de Loire,41,Loir-et-Cher,2,H2,16,1676.150,1.062,Inondation,4
2024,2020-2024,24,Centre-Val de Loire,41,Loir-et-Cher,2,H2,16,1676.150,1.062,Sécheresse,68
2010,2010-2014,84,Auvergne-Rhône-Alpes,42,Loire,1,H1,32,2908.180,-5594.195,Gel,167
2010,2010-2014,84,Auvergne-Rhône-Alpes,42,Loire,1,H1,32,2908.180,-5594.195,Inondation,9
2010,2010-2014,84,Auvergne-Rhône-Alpes,42,Loire,1,H1,32,2908.180,-5594.195,Sécheresse,107
2011,2010-2014,84,Auvergne-Rhône-Alpes,42,Loire,1,H1,19,3156.655,1690.071,Gel,139
2011,2010-2014,84,Auvergne-Rhône-Alpes,42,Loire,1,H1,19,3156.655,1690.071,Inondation,8
2011,2010-2014,84,Auvergne-Rhône-Alpes,42,Loire,1,H1,19,3156.655,1690.071,Sécheresse,142
2012,2010-2014,84,Auvergne-Rhône-Alpes,42,Loire,1,H1,11,1068.624,126.599,Gel,163
2012,2010-2014,84,Auvergne-Rhône-Alpes,42,Loire,1,H1,11,1068.624,126.599,Inondation,14
2012,2010-2014,84,Auvergne-Rhône-Alpes,42,Loire,1,H1,11,1068.624,126.599,Sécheresse,110
2013,2010-2014,84,Auvergne-Rhône-Alpes,42,Loire,1,H1,15,742.773,413.227,Gel,157
2013,2010-2014,84,Auvergne-Rhône-Alpes,42,Loire,1,H1,15,742.773,413.227,Inondation,15
2013,2010-2014,84,Auvergne-Rhône-Alpes,42,Loire,1,H1,15,742.773,413.227,Sécheresse,102
2014,2010-2014,84,Auvergne-Rhône-Alpes,42,Loire,1,H1,15,995.019,407.716,Gel,135
2014,2010-2014,84,Auvergne-Rhône-Alpes,42,Loire,1,H1,15,995.019,407.716,Inondation,18
2014,2010-2014,84,Auvergne-Rhône-Alpes,42,Loire,1,H1,15,995.019,407.716,Sécheresse,104
2015,2015-2019,84,Auvergne-Rhône-Alpes,42,Loire,1,H1,19,1753.525,1184.077,Gel,151
2015,2015-2019,84,Auvergne-Rhône-Alpes,42,Loire,1,H1,19,1753.525,1184.077,Inondation,12
2015,2015-2019,84,Auvergne-Rhône-Alpes,42,Loire,1,H1,19,1753.525,1184.077,Sécheresse,112
2016,2015-2019,84,Auvergne-Rhône-Alpes,42,Loire,1,H1,50,5615.240,4170.815,Gel,163
2016,2015-2019,84,Auvergne-Rhône-Alpes,42,Loire,1,H1,50,5615.240,4170.815,Inondation,10
2016,2015-2019,84,Auvergne-Rhône-Alpes,42,Loire,1,H1,50,5615.240,4170.815,Sécheresse,102
2017,2015-2019,84,Auvergne-Rhône-Alpes,42,Loire,1,H1,54,7972.688,3468.270,Gel,154
2017,2015-2019,84,Auvergne-Rhône-Alpes,42,Loire,1,H1,54,7972.688,3468.270,Inondation,6
2017,2015-2019,84,Auvergne-Rhône-Alpes,42,Loire,1,H1,54,7972.688,3468.270,Sécheresse,110
2018,2015-2019,84,Auvergne-Rhône-Alpes,42,Loire,1,H1,45,7208.274,2601.616,Gel,124
2018,2015-2019,84,Auvergne-Rhône-Alpes,42,Loire,1,H1,45,7208.274,2601.616,Inondation,10
2018,2015-2019,84,Auvergne-Rhône-Alpes,42,Loire,1,H1,45,7208.274,2601.616,Sécheresse,131
2019,2015-2019,84,Auvergne-Rhône-Alpes,42,Loire,1,H1,38,4204.443,1614.901,Gel,153
2019,2015-2019,84,Auvergne-Rhône-Alpes,42,Loire,1,H1,38,4204.443,1614.901,Inondation,11
2019,2015-2019,84,Auvergne-Rhône-Alpes,42,Loire,1,H1,38,4204.443,1614.901,Sécheresse,104
2020,2020-2024,84,Auvergne-Rhône-Alpes,42,Loire,1,H1,43,3327.221,1622.402,Gel,122
2020,2020-2024,84,Auvergne-Rhône-Alpes,42,Loire,1,H1,43,3327.221,1622.402,Inondation,7
2020,2020-2024,84,Auvergne-Rhône-Alpes,42,Loire,1,H1,43,3327.221,1622.402,Sécheresse,117
2021,2020-2024,84,Auvergne-Rhône-Alpes,42,Loire,1,H1,44,3544.851,1521.000,Gel,156
2021,2020-2024,84,Auvergne-Rhône-Alpes,42,Loire,1,H1,44,3544.851,1521.000,Inondation,14
2021,2020-2024,84,Auvergne-Rhône-Alpes,42,Loire,1,H1,44,3544.851,1521.000,Sécheresse,93
2022,2020-2024,84,Auvergne-Rhône-Alpes,42,Loire,1,H1,31,2080.155,380.882,Gel,129
2022,2020-2024,84,Auvergne-Rhône-Alpes,42,Loire,1,H1,31,2080.155,380.882,Inondation,2
2022,2020-2024,84,Auvergne-Rhône-Alpes,42,Loire,1,H1,31,2080.155,380.882,Sécheresse,137
2023,2020-2024,84,Auvergne-Rhône-Alpes,42,Loire,1,H1,38,2215.018,1325.294,Gel,123
2023,2020-2024,84,Auvergne-Rhône-Alpes,42,Loire,1,H1,38,2215.018,1325.294,Inondation,8
2023,2020-2024,84,Auvergne-Rhône-Alpes,42,Loire,1,H1,38,2215.018,1325.294,Sécheresse,132
2024,2020-2024,84,Auvergne-Rhône-Alpes,42,Loire,1,H1,37,1849.333,-1210.323,Gel,120
2024,2020-2024,84,Auvergne-Rhône-Alpes,42,Loire,1,H1,37,1849.333,-1210.323,Inondation,13
2024,2020-2024,84,Auvergne-Rhône-Alpes,42,Loire,1,H1,37,1849.333,-1210.323,Sécheresse,93
2010,2010-2014,84,Auvergne-Rhône-Alpes,43,Haute-Loire,1,H1,38,5113.929,-14922.127,Gel,179
2010,2010-2014,84,Auvergne-Rhône-Alpes,43,Haute-Loire,1,H1,38,5113.929,-14922.127,Inondation,10
2010,2010-2014,84,Auvergne-Rhône-Alpes,43,Haute-Loire,1,H1,38,5113.929,-14922.127,Sécheresse,80
2011,2010-2014,84,Auvergne-Rhône-Alpes,43,Haute-Loire,1,H1,19,4629.040,948.423,Gel,156
2011,2010-2014,84,Auvergne-Rhône-Alpes,43,Haute-Loire,1,H1,19,4629.040,948.423,Inondation,9
2011,2010-2014,84,Auvergne-Rhône-Alpes,43,Haute-Loire,1,H1,19,4629.040,948.423,Sécheresse,112
2012,2010-2014,84,Auvergne-Rhône-Alpes,43,Haute-Loire,1,H1,10,2179.879,988.281,Gel,173
2012,2010-2014,84,Auvergne-Rhône-Alpes,43,Haute-Loire,1,H1,10,2179.879,988.281,Inondation,15
2012,2010-2014,84,Auvergne-Rhône-Alpes,43,Haute-Loire,1,H1,10,2179.879,988.281,Sécheresse,95
2013,2010-2014,84,Auvergne-Rhône-Alpes,43,Haute-Loire,1,H1,11,1362.804,401.704,Gel,170
2013,2010-2014,84,Auvergne-Rhône-Alpes,43,Haute-Loire,1,H1,11,1362.804,401.704,Inondation,13
2013,2010-2014,84,Auvergne-Rhône-Alpes,43,Haute-Loire,1,H1,11,1362.804,401.704,Sécheresse,90
2014,2010-2014,84,Auvergne-Rhône-Alpes,43,Haute-Loire,1,H1,12,1508.067,375.646,Gel,150
2014,2010-2014,84,Auvergne-Rhône-Alpes,43,Haute-Loire,1,H1,12,1508.067,375.646,Inondation,20
2014,2010-2014,84,Auvergne-Rhône-Alpes,43,Haute-Loire,1,H1,12,1508.067,375.646,Sécheresse,87
2015,2015-2019,84,Auvergne-Rhône-Alpes,43,Haute-Loire,1,H1,26,2070.998,1324.233,Gel,173
2015,2015-2019,84,Auvergne-Rhône-Alpes,43,Haute-Loire,1,H1,26,2070.998,1324.233,Inondation,7
2015,2015-2019,84,Auvergne-Rhône-Alpes,43,Haute-Loire,1,H1,26,2070.998,1324.233,Sécheresse,100
2016,2015-2019,84,Auvergne-Rhône-Alpes,43,Haute-Loire,1,H1,68,8974.256,7568.334,Gel,177
2016,2015-2019,84,Auvergne-Rhône-Alpes,43,Haute-Loire,1,H1,68,8974.256,7568.334,Inondation,12
2016,2015-2019,84,Auvergne-Rhône-Alpes,43,Haute-Loire,1,H1,68,8974.256,7568.334,Sécheresse,89
2017,2015-2019,84,Auvergne-Rhône-Alpes,43,Haute-Loire,1,H1,26,10465.098,2588.107,Gel,175
2017,2015-2019,84,Auvergne-Rhône-Alpes,43,Haute-Loire,1,H1,26,10465.098,2588.107,Inondation,7
2017,2015-2019,84,Auvergne-Rhône-Alpes,43,Haute-Loire,1,H1,26,10465.098,2588.107,Sécheresse,112
2018,2015-2019,84,Auvergne-Rhône-Alpes,43,Haute-Loire,1,H1,26,6482.157,1519.668,Gel,140
2018,2015-2019,84,Auvergne-Rhône-Alpes,43,Haute-Loire,1,H1,26,6482.157,1519.668,Inondation,22
2018,2015-2019,84,Auvergne-Rhône-Alpes,43,Haute-Loire,1,H1,26,6482.157,1519.668,Sécheresse,120
2019,2015-2019,84,Auvergne-Rhône-Alpes,43,Haute-Loire,1,H1,37,4199.018,2012.672,Gel,169
2019,2015-2019,84,Auvergne-Rhône-Alpes,43,Haute-Loire,1,H1,37,4199.018,2012.672,Inondation,12
2019,2015-2019,84,Auvergne-Rhône-Alpes,43,Haute-Loire,1,H1,37,4199.018,2012.672,Sécheresse,97
2020,2020-2024,84,Auvergne-Rhône-Alpes,43,Haute-Loire,1,H1,36,3124.387,707.491,Gel,144
2020,2020-2024,84,Auvergne-Rhône-Alpes,43,Haute-Loire,1,H1,36,3124.387,707.491,Inondation,8
2020,2020-2024,84,Auvergne-Rhône-Alpes,43,Haute-Loire,1,H1,36,3124.387,707.491,Sécheresse,102
2021,2020-2024,84,Auvergne-Rhône-Alpes,43,Haute-Loire,1,H1,40,3348.852,1901.570,Gel,176
2021,2020-2024,84,Auvergne-Rhône-Alpes,43,Haute-Loire,1,H1,40,3348.852,1901.570,Inondation,4
2021,2020-2024,84,Auvergne-Rhône-Alpes,43,Haute-Loire,1,H1,40,3348.852,1901.570,Sécheresse,94
2022,2020-2024,84,Auvergne-Rhône-Alpes,43,Haute-Loire,1,H1,50,2863.356,41.904,Gel,147
2022,2020-2024,84,Auvergne-Rhône-Alpes,43,Haute-Loire,1,H1,50,2863.356,41.904,Inondation,3
2022,2020-2024,84,Auvergne-Rhône-Alpes,43,Haute-Loire,1,H1,50,2863.356,41.904,Sécheresse,132
2023,2020-2024,84,Auvergne-Rhône-Alpes,43,Haute-Loire,1,H1,32,1915.846,-246.443,Gel,136
2023,2020-2024,84,Auvergne-Rhône-Alpes,43,Haute-Loire,1,H1,32,1915.846,-246.443,Inondation,7
2023,2020-2024,84,Auvergne-Rhône-Alpes,43,Haute-Loire,1,H1,32,1915.846,-246.443,Sécheresse,129
2024,2020-2024,84,Auvergne-Rhône-Alpes,43,Haute-Loire,1,H1,40,1996.867,136.653,Gel,141
2024,2020-2024,84,Auvergne-Rhône-Alpes,43,Haute-Loire,1,H1,40,1996.867,136.653,Inondation,13
2024,2020-2024,84,Auvergne-Rhône-Alpes,43,Haute-Loire,1,H1,40,1996.867,136.653,Sécheresse,87
2010,2010-2014,52,Pays de la Loire,44,Loire-Atlantique,2,H2,61,8017.820,-1160.346,Gel,81
2010,2010-2014,52,Pays de la Loire,44,Loire-Atlantique,2,H2,61,8017.820,-1160.346,Inondation,3
2010,2010-2014,52,Pays de la Loire,44,Loire-Atlantique,2,H2,61,8017.820,-1160.346,Sécheresse,76
2011,2010-2014,52,Pays de la Loire,44,Loire-Atlantique,2,H2,30,9007.671,7494.046,Gel,29
2011,2010-2014,52,Pays de la Loire,44,Loire-Atlantique,2,H2,30,9007.671,7494.046,Inondation,2
2011,2010-2014,52,Pays de la Loire,44,Loire-Atlantique,2,H2,30,9007.671,7494.046,Sécheresse,64
2012,2010-2014,52,Pays de la Loire,44,Loire-Atlantique,2,H2,20,5088.320,2744.085,Gel,48
2012,2010-2014,52,Pays de la Loire,44,Loire-Atlantique,2,H2,20,5088.320,2744.085,Inondation,4
2012,2010-2014,52,Pays de la Loire,44,Loire-Atlantique,2,H2,20,5088.320,2744.085,Sécheresse,63
2013,2010-2014,52,Pays de la Loire,44,Loire-Atlantique,2,H2,23,3661.100,400.302,Gel,53
2013,2010-2014,52,Pays de la Loire,44,Loire-Atlantique,2,H2,23,3661.100,400.302,Inondation,5
2013,2010-2014,52,Pays de la Loire,44,Loire-Atlantique,2,H2,23,3661.100,400.302,Sécheresse,77
2014,2010-2014,52,Pays de la Loire,44,Loire-Atlantique,2,H2,21,3692.999,1531.364,Gel,20
2014,2010-2014,52,Pays de la Loire,44,Loire-Atlantique,2,H2,21,3692.999,1531.364,Inondation,4
2014,2010-2014,52,Pays de la Loire,44,Loire-Atlantique,2,H2,21,3692.999,1531.364,Sécheresse,74
2015,2015-2019,52,Pays de la Loire,44,Loire-Atlantique,2,H2,39,6561.803,3186.314,Gel,41
2015,2015-2019,52,Pays de la Loire,44,Loire-Atlantique,2,H2,39,6561.803,3186.314,Inondation,1
2015,2015-2019,52,Pays de la Loire,44,Loire-Atlantique,2,H2,39,6561.803,3186.314,Sécheresse,65
2016,2015-2019,52,Pays de la Loire,44,Loire-Atlantique,2,H2,77,12839.175,8138.127,Gel,48
2016,2015-2019,52,Pays de la Loire,44,Loire-Atlantique,2,H2,77,12839.175,8138.127,Inondation,1
2016,2015-2019,52,Pays de la Loire,44,Loire-Atlantique,2,H2,77,12839.175,8138.127,Sécheresse,67
2017,2015-2019,52,Pays de la Loire,44,Loire-Atlantique,2,H2,76,16375.973,7357.806,Gel,54
2017,2015-2019,52,Pays de la Loire,44,Loire-Atlantique,2,H2,76,16375.973,7357.806,Inondation,2
2017,2015-2019,52,Pays de la Loire,44,Loire-Atlantique,2,H2,76,16375.973,7357.806,Sécheresse,76
2018,2015-2019,52,Pays de la Loire,44,Loire-Atlantique,2,H2,74,15357.081,6407.115,Gel,38
2018,2015-2019,52,Pays de la Loire,44,Loire-Atlantique,2,H2,74,15357.081,6407.115,Inondation,5
2018,2015-2019,52,Pays de la Loire,44,Loire-Atlantique,2,H2,74,15357.081,6407.115,Sécheresse,111
2019,2015-2019,52,Pays de la Loire,44,Loire-Atlantique,2,H2,103,16821.938,8103.563,Gel,39
2019,2015-2019,52,Pays de la Loire,44,Loire-Atlantique,2,H2,103,16821.938,8103.563,Inondation,1
2019,2015-2019,52,Pays de la Loire,44,Loire-Atlantique,2,H2,103,16821.938,8103.563,Sécheresse,72
2020,2020-2024,52,Pays de la Loire,44,Loire-Atlantique,2,H2,94,15492.004,5079.503,Gel,31
2020,2020-2024,52,Pays de la Loire,44,Loire-Atlantique,2,H2,94,15492.004,5079.503,Inondation,6
2020,2020-2024,52,Pays de la Loire,44,Loire-Atlantique,2,H2,94,15492.004,5079.503,Sécheresse,85
2021,2020-2024,52,Pays de la Loire,44,Loire-Atlantique,2,H2,97,11966.312,3636.131,Gel,70
2021,2020-2024,52,Pays de la Loire,44,Loire-Atlantique,2,H2,97,11966.312,3636.131,Inondation,4
2021,2020-2024,52,Pays de la Loire,44,Loire-Atlantique,2,H2,97,11966.312,3636.131,Sécheresse,67
2022,2020-2024,52,Pays de la Loire,44,Loire-Atlantique,2,H2,67,9051.874,2873.344,Gel,47
2022,2020-2024,52,Pays de la Loire,44,Loire-Atlantique,2,H2,67,9051.874,2873.344,Inondation,2
2022,2020-2024,52,Pays de la Loire,44,Loire-Atlantique,2,H2,67,9051.874,2873.344,Sécheresse,102
2023,2020-2024,52,Pays de la Loire,44,Loire-Atlantique,2,H2,81,8527.144,1303.561,Gel,41
2023,2020-2024,52,Pays de la Loire,44,Loire-Atlantique,2,H2,81,8527.144,1303.561,Inondation,3
2023,2020-2024,52,Pays de la Loire,44,Loire-Atlantique,2,H2,81,8527.144,1303.561,Sécheresse,98
2024,2020-2024,52,Pays de la Loire,44,Loire-Atlantique,2,H2,215,6647.918,-1560.895,Gel,29
2024,2020-2024,52,Pays de la Loire,44,Loire-Atlantique,2,H2,215,6647.918,-1560.895,Inondation,3
2024,2020-2024,52,Pays de la Loire,44,Loire-Atlantique,2,H2,215,6647.918,-1560.895,Sécheresse,57
2010,2010-2014,24,Centre-Val de Loire,45,Loiret,1,H1,15,1156.707,-84323.489,Gel,102
2010,2010-2014,24,Centre-Val de Loire,45,Loiret,1,H1,15,1156.707,-84323.489,Inondation,6
2010,2010-2014,24,Centre-Val de Loire,45,Loiret,1,H1,15,1156.707,-84323.489,Sécheresse,79
2011,2010-2014,24,Centre-Val de Loire,45,Loiret,1,H1,2,987.205,432.121,Gel,67
2011,2010-2014,24,Centre-Val de Loire,45,Loiret,1,H1,2,987.205,432.121,Inondation,3
2011,2010-2014,24,Centre-Val de Loire,45,Loiret,1,H1,2,987.205,432.121,Sécheresse,89
2012,2010-2014,24,Centre-Val de Loire,45,Loiret,1,H1,2,964.480,446.467,Gel,69
2012,2010-2014,24,Centre-Val de Loire,45,Loiret,1,H1,2,964.480,446.467,Inondation,2
2012,2010-2014,24,Centre-Val de Loire,45,Loiret,1,H1,2,964.480,446.467,Sécheresse,72
2013,2010-2014,24,Centre-Val de Loire,45,Loiret,1,H1,4,610.409,381.847,Gel,85
2013,2010-2014,24,Centre-Val de Loire,45,Loiret,1,H1,4,610.409,381.847,Inondation,5
2013,2010-2014,24,Centre-Val de Loire,45,Loiret,1,H1,4,610.409,381.847,Sécheresse,78
2014,2010-2014,24,Centre-Val de Loire,45,Loiret,1,H1,6,543.600,144.250,Gel,41
2014,2010-2014,24,Centre-Val de Loire,45,Loiret,1,H1,6,543.600,144.250,Inondation,5
2014,2010-2014,24,Centre-Val de Loire,45,Loiret,1,H1,6,543.600,144.250,Sécheresse,76
2015,2015-2019,24,Centre-Val de Loire,45,Loiret,1,H1,6,933.570,124.745,Gel,75
2015,2015-2019,24,Centre-Val de Loire,45,Loiret,1,H1,6,933.570,124.745,Inondation,7
2015,2015-2019,24,Centre-Val de Loire,45,Loiret,1,H1,6,933.570,124.745,Sécheresse,78
2016,2015-2019,24,Centre-Val de Loire,45,Loiret,1,H1,6,1282.834,747.068,Gel,84
2016,2015-2019,24,Centre-Val de Loire,45,Loiret,1,H1,6,1282.834,747.068,Inondation,4
2016,2015-2019,24,Centre-Val de Loire,45,Loiret,1,H1,6,1282.834,747.068,Sécheresse,84
2017,2015-2019,24,Centre-Val de Loire,45,Loiret,1,H1,12,1324.794,502.775,Gel,75
2017,2015-2019,24,Centre-Val de Loire,45,Loiret,1,H1,12,1324.794,502.775,Inondation,2
2017,2015-2019,24,Centre-Val de Loire,45,Loiret,1,H1,12,1324.794,502.775,Sécheresse,92
2018,2015-2019,24,Centre-Val de Loire,45,Loiret,1,H1,18,2660.847,2252.612,Gel,60
2018,2015-2019,24,Centre-Val de Loire,45,Loiret,1,H1,18,2660.847,2252.612,Inondation,6
2018,2015-2019,24,Centre-Val de Loire,45,Loiret,1,H1,18,2660.847,2252.612,Sécheresse,129
2019,2015-2019,24,Centre-Val de Loire,45,Loiret,1,H1,19,3953.739,1880.946,Gel,72
2019,2015-2019,24,Centre-Val de Loire,45,Loiret,1,H1,19,3953.739,1880.946,Inondation,1
2019,2015-2019,24,Centre-Val de Loire,45,Loiret,1,H1,19,3953.739,1880.946,Sécheresse,99
2020,2020-2024,24,Centre-Val de Loire,45,Loiret,1,H1,24,4211.453,1788.437,Gel,55
2020,2020-2024,24,Centre-Val de Loire,45,Loiret,1,H1,24,4211.453,1788.437,Inondation,1
2020,2020-2024,24,Centre-Val de Loire,45,Loiret,1,H1,24,4211.453,1788.437,Sécheresse,109
2021,2020-2024,24,Centre-Val de Loire,45,Loiret,1,H1,21,3451.555,826.580,Gel,83
2021,2020-2024,24,Centre-Val de Loire,45,Loiret,1,H1,21,3451.555,826.580,Inondation,4
2021,2020-2024,24,Centre-Val de Loire,45,Loiret,1,H1,21,3451.555,826.580,Sécheresse,68
2022,2020-2024,24,Centre-Val de Loire,45,Loiret,1,H1,20,1658.714,119.641,Gel,62
2022,2020-2024,24,Centre-Val de Loire,45,Loiret,1,H1,20,1658.714,119.641,Inondation,1
2022,2020-2024,24,Centre-Val de Loire,45,Loiret,1,H1,20,1658.714,119.641,Sécheresse,107
2023,2020-2024,24,Centre-Val de Loire,45,Loiret,1,H1,12,1099.254,-210.401,Gel,55
2023,2020-2024,24,Centre-Val de Loire,45,Loiret,1,H1,12,1099.254,-210.401,Inondation,1
2023,2020-2024,24,Centre-Val de Loire,45,Loiret,1,H1,12,1099.254,-210.401,Sécheresse,113
2024,2020-2024,24,Centre-Val de Loire,45,Loiret,1,H1,16,833.846,-289.641,Gel,44
2024,2020-2024,24,Centre-Val de Loire,45,Loiret,1,H1,16,833.846,-289.641,Inondation,1
2024,2020-2024,24,Centre-Val de Loire,45,Loiret,1,H1,16,833.846,-289.641,Sécheresse,75
2010,2010-2014,76,Occitanie,46,Lot,2,H2,30,2459.319,-5659.308,Gel,104
2010,2010-2014,76,Occitanie,46,Lot,2,H2,30,2459.319,-5659.308,Inondation,9
2010,2010-2014,76,Occitanie,46,Lot,2,H2,30,2459.319,-5659.308,Sécheresse,117
2011,2010-2014,76,Occitanie,46,Lot,2,H2,11,1786.560,673.644,Gel,71
2011,2010-2014,76,Occitanie,46,Lot,2,H2,11,1786.560,673.644,Inondation,6
2011,2010-2014,76,Occitanie,46,Lot,2,H2,11,1786.560,673.644,Sécheresse,144
2012,2010-2014,76,Occitanie,46,Lot,2,H2,6,1204.070,369.333,Gel,79
2012,2010-2014,76,Occitanie,46,Lot,2,H2,6,1204.070,369.333,Inondation,4
2012,2010-2014,76,Occitanie,46,Lot,2,H2,6,1204.070,369.333,Sécheresse,132
2013,2010-2014,76,Occitanie,46,Lot,2,H2,13,1241.027,968.595,Gel,101
2013,2010-2014,76,Occitanie,46,Lot,2,H2,13,1241.027,968.595,Inondation,9
2013,2010-2014,76,Occitanie,46,Lot,2,H2,13,1241.027,968.595,Sécheresse,103
2014,2010-2014,76,Occitanie,46,Lot,2,H2,11,1761.436,630.045,Gel,49
2014,2010-2014,76,Occitanie,46,Lot,2,H2,11,1761.436,630.045,Inondation,6
2014,2010-2014,76,Occitanie,46,Lot,2,H2,11,1761.436,630.045,Sécheresse,128
2015,2015-2019,76,Occitanie,46,Lot,2,H2,28,4076.208,3270.251,Gel,77
2015,2015-2019,76,Occitanie,46,Lot,2,H2,28,4076.208,3270.251,Inondation,8
2015,2015-2019,76,Occitanie,46,Lot,2,H2,28,4076.208,3270.251,Sécheresse,130
2016,2015-2019,76,Occitanie,46,Lot,2,H2,31,6669.846,2739.379,Gel,71
2016,2015-2019,76,Occitanie,46,Lot,2,H2,31,6669.846,2739.379,Inondation,6
2016,2015-2019,76,Occitanie,46,Lot,2,H2,31,6669.846,2739.379,Sécheresse,106
2017,2015-2019,76,Occitanie,46,Lot,2,H2,36,6024.126,2090.224,Gel,76
2017,2015-2019,76,Occitanie,46,Lot,2,H2,36,6024.126,2090.224,Inondation,5
2017,2015-2019,76,Occitanie,46,Lot,2,H2,36,6024.126,2090.224,Sécheresse,115
2018,2015-2019,76,Occitanie,46,Lot,2,H2,45,4298.521,1401.796,Gel,56
2018,2015-2019,76,Occitanie,46,Lot,2,H2,45,4298.521,1401.796,Inondation,13
2018,2015-2019,76,Occitanie,46,Lot,2,H2,45,4298.521,1401.796,Sécheresse,139
2019,2015-2019,76,Occitanie,46,Lot,2,H2,77,4258.387,3798.945,Gel,87
2019,2015-2019,76,Occitanie,46,Lot,2,H2,77,4258.387,3798.945,Inondation,5
2019,2015-2019,76,Occitanie,46,Lot,2,H2,77,4258.387,3798.945,Sécheresse,110
2020,2020-2024,76,Occitanie,46,Lot,2,H2,72,6049.824,2929.376,Gel,71
2020,2020-2024,76,Occitanie,46,Lot,2,H2,72,6049.824,2929.376,Inondation,9
2020,2020-2024,76,Occitanie,46,Lot,2,H2,72,6049.824,2929.376,Sécheresse,112
2021,2020-2024,76,Occitanie,46,Lot,2,H2,80,6673.312,517.239,Gel,91
2021,2020-2024,76,Occitanie,46,Lot,2,H2,80,6673.312,517.239,Inondation,9
2021,2020-2024,76,Occitanie,46,Lot,2,H2,80,6673.312,517.239,Sécheresse,103
2022,2020-2024,76,Occitanie,46,Lot,2,H2,51,6041.356,2399.954,Gel,75
2022,2020-2024,76,Occitanie,46,Lot,2,H2,51,6041.356,2399.954,Inondation,4
2022,2020-2024,76,Occitanie,46,Lot,2,H2,51,6041.356,2399.954,Sécheresse,156
2023,2020-2024,76,Occitanie,46,Lot,2,H2,73,5469.372,1332.421,Gel,80
2023,2020-2024,76,Occitanie,46,Lot,2,H2,73,5469.372,1332.421,Inondation,3
2023,2020-2024,76,Occitanie,46,Lot,2,H2,73,5469.372,1332.421,Sécheresse,139
2024,2020-2024,76,Occitanie,46,Lot,2,H2,78,6450.831,319.066,Gel,62
2024,2020-2024,76,Occitanie,46,Lot,2,H2,78,6450.831,319.066,Inondation,5
2024,2020-2024,76,Occitanie,46,Lot,2,H2,78,6450.831,319.066,Sécheresse,109
2010,2010-2014,75,Nouvelle-Aquitaine,47,Lot-et-Garonne,2,H2,42,1499.082,-23434.807,Gel,101
2010,2010-2014,75,Nouvelle-Aquitaine,47,Lot-et-Garonne,2,H2,42,1499.082,-23434.807,Inondation,2
2010,2010-2014,75,Nouvelle-Aquitaine,47,Lot-et-Garonne,2,H2,42,1499.082,-23434.807,Sécheresse,112
2011,2010-2014,75,Nouvelle-Aquitaine,47,Lot-et-Garonne,2,H2,14,2012.597,968.854,Gel,62
2011,2010-2014,75,Nouvelle-Aquitaine,47,Lot-et-Garonne,2,H2,14,2012.597,968.854,Inondation,2
2011,2010-2014,75,Nouvelle-Aquitaine,47,Lot-et-Garonne,2,H2,14,2012.597,968.854,Sécheresse,136
2012,2010-2014,75,Nouvelle-Aquitaine,47,Lot-et-Garonne,2,H2,19,2182.070,1201.544,Gel,64
2012,2010-2014,75,Nouvelle-Aquitaine,47,Lot-et-Garonne,2,H2,19,2182.070,1201.544,Inondation,1
2012,2010-2014,75,Nouvelle-Aquitaine,47,Lot-et-Garonne,2,H2,19,2182.070,1201.544,Sécheresse,120
2013,2010-2014,75,Nouvelle-Aquitaine,47,Lot-et-Garonne,2,H2,14,1558.664,508.987,Gel,59
2013,2010-2014,75,Nouvelle-Aquitaine,47,Lot-et-Garonne,2,H2,14,1558.664,508.987,Inondation,4
2013,2010-2014,75,Nouvelle-Aquitaine,47,Lot-et-Garonne,2,H2,14,1558.664,508.987,Sécheresse,101
2014,2010-2014,75,Nouvelle-Aquitaine,47,Lot-et-Garonne,2,H2,17,2198.530,1160.415,Gel,26
2014,2010-2014,75,Nouvelle-Aquitaine,47,Lot-et-Garonne,2,H2,17,2198.530,1160.415,Inondation,3
2014,2010-2014,75,Nouvelle-Aquitaine,47,Lot-et-Garonne,2,H2,17,2198.530,1160.415,Sécheresse,123
2015,2015-2019,75,Nouvelle-Aquitaine,47,Lot-et-Garonne,2,H2,31,4678.484,9154.969,Gel,57
2015,2015-2019,75,Nouvelle-Aquitaine,47,Lot-et-Garonne,2,H2,31,4678.484,9154.969,Inondation,6
2015,2015-2019,75,Nouvelle-Aquitaine,47,Lot-et-Garonne,2,H2,31,4678.484,9154.969,Sécheresse,116
2016,2015-2019,75,Nouvelle-Aquitaine,47,Lot-et-Garonne,2,H2,40,7415.180,3925.159,Gel,58
2016,2015-2019,75,Nouvelle-Aquitaine,47,Lot-et-Garonne,2,H2,40,7415.180,3925.159,Inondation,1
2016,2015-2019,75,Nouvelle-Aquitaine,47,Lot-et-Garonne,2,H2,40,7415.180,3925.159,Sécheresse,109
2017,2015-2019,75,Nouvelle-Aquitaine,47,Lot-et-Garonne,2,H2,48,7716.046,3403.903,Gel,77
2017,2015-2019,75,Nouvelle-Aquitaine,47,Lot-et-Garonne,2,H2,48,7716.046,3403.903,Inondation,3
2017,2015-2019,75,Nouvelle-Aquitaine,47,Lot-et-Garonne,2,H2,48,7716.046,3403.903,Sécheresse,125
2018,2015-2019,75,Nouvelle-Aquitaine,47,Lot-et-Garonne,2,H2,92,7516.022,1718.104,Gel,45
2018,2015-2019,75,Nouvelle-Aquitaine,47,Lot-et-Garonne,2,H2,92,7516.022,1718.104,Inondation,6
2018,2015-2019,75,Nouvelle-Aquitaine,47,Lot-et-Garonne,2,H2,92,7516.022,1718.104,Sécheresse,146
2019,2015-2019,75,Nouvelle-Aquitaine,47,Lot-et-Garonne,2,H2,67,8636.836,5491.787,Gel,52
2019,2015-2019,75,Nouvelle-Aquitaine,47,Lot-et-Garonne,2,H2,67,8636.836,5491.787,Inondation,2
2019,2015-2019,75,Nouvelle-Aquitaine,47,Lot-et-Garonne,2,H2,67,8636.836,5491.787,Sécheresse,110
2020,2020-2024,75,Nouvelle-Aquitaine,47,Lot-et-Garonne,2,H2,99,9052.558,4659.317,Gel,38
2020,2020-2024,75,Nouvelle-Aquitaine,47,Lot-et-Garonne,2,H2,99,9052.558,4659.317,Inondation,8
2020,2020-2024,75,Nouvelle-Aquitaine,47,Lot-et-Garonne,2,H2,99,9052.558,4659.317,Sécheresse,121
2021,2020-2024,75,Nouvelle-Aquitaine,47,Lot-et-Garonne,2,H2,94,8619.991,3300.025,Gel,65
2021,2020-2024,75,Nouvelle-Aquitaine,47,Lot-et-Garonne,2,H2,94,8619.991,3300.025,Inondation,2
2021,2020-2024,75,Nouvelle-Aquitaine,47,Lot-et-Garonne,2,H2,94,8619.991,3300.025,Sécheresse,107
2022,2020-2024,75,Nouvelle-Aquitaine,47,Lot-et-Garonne,2,H2,65,7238.651,157.035,Gel,52
2022,2020-2024,75,Nouvelle-Aquitaine,47,Lot-et-Garonne,2,H2,65,7238.651,157.035,Inondation,0
2022,2020-2024,75,Nouvelle-Aquitaine,47,Lot-et-Garonne,2,H2,65,7238.651,157.035,Sécheresse,147
2023,2020-2024,75,Nouvelle-Aquitaine,47,Lot-et-Garonne,2,H2,79,4661.512,-2274.233,Gel,56
2023,2020-2024,75,Nouvelle-Aquitaine,47,Lot-et-Garonne,2,H2,79,4661.512,-2274.233,Inondation,1
2023,2020-2024,75,Nouvelle-Aquitaine,47,Lot-et-Garonne,2,H2,79,4661.512,-2274.233,Sécheresse,143
2024,2020-2024,75,Nouvelle-Aquitaine,47,Lot-et-Garonne,2,H2,63,3789.752,-1984.199,Gel,31
2024,2020-2024,75,Nouvelle-Aquitaine,47,Lot-et-Garonne,2,H2,63,3789.752,-1984.199,Inondation,2
2024,2020-2024,75,Nouvelle-Aquitaine,47,Lot-et-Garonne,2,H2,63,3789.752,-1984.199,Sécheresse,99
2010,2010-2014,76,Occitanie,48,Lozère,2,H2,15,4959.982,-22595.367,Gel,185
2010,2010-2014,76,Occitanie,48,Lozère,2,H2,15,4959.982,-22595.367,Inondation,24
2010,2010-2014,76,Occitanie,48,Lozère,2,H2,15,4959.982,-22595.367,Sécheresse,98
2011,2010-2014,76,Occitanie,48,Lozère,2,H2,15,2783.113,1320.222,Gel,164
2011,2010-2014,76,Occitanie,48,Lozère,2,H2,15,2783.113,1320.222,Inondation,20
2011,2010-2014,76,Occitanie,48,Lozère,2,H2,15,2783.113,1320.222,Sécheresse,118
2012,2010-2014,76,Occitanie,48,Lozère,2,H2,0,1032.340,163.747,Gel,183
2012,2010-2014,76,Occitanie,48,Lozère,2,H2,0,1032.340,163.747,Inondation,17
2012,2010-2014,76,Occitanie,48,Lozère,2,H2,0,1032.340,163.747,Sécheresse,114
2013,2010-2014,76,Occitanie,48,Lozère,2,H2,10,766.713,417.077,Gel,186
2013,2010-2014,76,Occitanie,48,Lozère,2,H2,10,766.713,417.077,Inondation,27
2013,2010-2014,76,Occitanie,48,Lozère,2,H2,10,766.713,417.077,Sécheresse,89
2014,2010-2014,76,Occitanie,48,Lozère,2,H2,13,1141.457,-833.651,Gel,164
2014,2010-2014,76,Occitanie,48,Lozère,2,H2,13,1141.457,-833.651,Inondation,35
2014,2010-2014,76,Occitanie,48,Lozère,2,H2,13,1141.457,-833.651,Sécheresse,104
2015,2015-2019,76,Occitanie,48,Lozère,2,H2,29,7524.300,7503.215,Gel,159
2015,2015-2019,76,Occitanie,48,Lozère,2,H2,29,7524.300,7503.215,Inondation,17
2015,2015-2019,76,Occitanie,48,Lozère,2,H2,29,7524.300,7503.215,Sécheresse,114
2016,2015-2019,76,Occitanie,48,Lozère,2,H2,53,18922.639,11942.503,Gel,178
2016,2015-2019,76,Occitanie,48,Lozère,2,H2,53,18922.639,11942.503,Inondation,22
2016,2015-2019,76,Occitanie,48,Lozère,2,H2,53,18922.639,11942.503,Sécheresse,98
2017,2015-2019,76,Occitanie,48,Lozère,2,H2,40,18649.756,4813.098,Gel,175
2017,2015-2019,76,Occitanie,48,Lozère,2,H2,40,18649.756,4813.098,Inondation,19
2017,2015-2019,76,Occitanie,48,Lozère,2,H2,40,18649.756,4813.098,Sécheresse,130
2018,2015-2019,76,Occitanie,48,Lozère,2,H2,18,8639.392,3029.769,Gel,150
2018,2015-2019,76,Occitanie,48,Lozère,2,H2,18,8639.392,3029.769,Inondation,41
2018,2015-2019,76,Occitanie,48,Lozère,2,H2,18,8639.392,3029.769,Sécheresse,130
2019,2015-2019,76,Occitanie,48,Lozère,2,H2,20,5315.272,926.738,Gel,174
2019,2015-2019,76,Occitanie,48,Lozère,2,H2,20,5315.272,926.738,Inondation,26
2019,2015-2019,76,Occitanie,48,Lozère,2,H2,20,5315.272,926.738,Sécheresse,112
2020,2020-2024,76,Occitanie,48,Lozère,2,H2,34,5538.169,2615.837,Gel,156
2020,2020-2024,76,Occitanie,48,Lozère,2,H2,34,5538.169,2615.837,Inondation,22
2020,2020-2024,76,Occitanie,48,Lozère,2,H2,34,5538.169,2615.837,Sécheresse,113
2021,2020-2024,76,Occitanie,48,Lozère,2,H2,38,5784.732,1919.807,Gel,181
2021,2020-2024,76,Occitanie,48,Lozère,2,H2,38,5784.732,1919.807,Inondation,14
2021,2020-2024,76,Occitanie,48,Lozère,2,H2,38,5784.732,1919.807,Sécheresse,103
2022,2020-2024,76,Occitanie,48,Lozère,2,H2,43,5008.540,1110.479,Gel,139
2022,2020-2024,76,Occitanie,48,Lozère,2,H2,43,5008.540,1110.479,Inondation,18
2022,2020-2024,76,Occitanie,48,Lozère,2,H2,43,5008.540,1110.479,Sécheresse,127
2023,2020-2024,76,Occitanie,48,Lozère,2,H2,37,4020.157,-3792.548,Gel,144
2023,2020-2024,76,Occitanie,48,Lozère,2,H2,37,4020.157,-3792.548,Inondation,16
2023,2020-2024,76,Occitanie,48,Lozère,2,H2,37,4020.157,-3792.548,Sécheresse,126
2024,2020-2024,76,Occitanie,48,Lozère,2,H2,36,4157.675,-1303.870,Gel,154
2024,2020-2024,76,Occitanie,48,Lozère,2,H2,36,4157.675,-1303.870,Inondation,32
2024,2020-2024,76,Occitanie,48,Lozère,2,H2,36,4157.675,-1303.870,Sécheresse,90
2010,2010-2014,52,Pays de la Loire,49,Maine-et-Loire,2,H2,53,5424.604,-24756.349,Gel,90
2010,2010-2014,52,Pays de la Loire,49,Maine-et-Loire,2,H2,53,5424.604,-24756.349,Inondation,3
2010,2010-2014,52,Pays de la Loire,49,Maine-et-Loire,2,H2,53,5424.604,-24756.349,Sécheresse,84
2011,2010-2014,52,Pays de la Loire,49,Maine-et-Loire,2,H2,41,5764.155,2613.932,Gel,38
2011,2010-2014,52,Pays de la Loire,49,Maine-et-Loire,2,H2,41,5764.155,2613.932,Inondation,4
2011,2010-2014,52,Pays de la Loire,49,Maine-et-Loire,2,H2,41,5764.155,2613.932,Sécheresse,77
2012,2010-2014,52,Pays de la Loire,49,Maine-et-Loire,2,H2,22,4209.281,1939.001,Gel,51
2012,2010-2014,52,Pays de la Loire,49,Maine-et-Loire,2,H2,22,4209.281,1939.001,Inondation,2
2012,2010-2014,52,Pays de la Loire,49,Maine-et-Loire,2,H2,22,4209.281,1939.001,Sécheresse,64
2013,2010-2014,52,Pays de la Loire,49,Maine-et-Loire,2,H2,22,3207.455,-286.605,Gel,67
2013,2010-2014,52,Pays de la Loire,49,Maine-et-Loire,2,H2,22,3207.455,-286.605,Inondation,2
2013,2010-2014,52,Pays de la Loire,49,Maine-et-Loire,2,H2,22,3207.455,-286.605,Sécheresse,76
2014,2010-2014,52,Pays de la Loire,49,Maine-et-Loire,2,H2,21,3485.217,2203.765,Gel,26
2014,2010-2014,52,Pays de la Loire,49,Maine-et-Loire,2,H2,21,3485.217,2203.765,Inondation,6
2014,2010-2014,52,Pays de la Loire,49,Maine-et-Loire,2,H2,21,3485.217,2203.765,Sécheresse,71
2015,2015-2019,52,Pays de la Loire,49,Maine-et-Loire,2,H2,37,5385.163,2371.242,Gel,49
2015,2015-2019,52,Pays de la Loire,49,Maine-et-Loire,2,H2,37,5385.163,2371.242,Inondation,2
2015,2015-2019,52,Pays de la Loire,49,Maine-et-Loire,2,H2,37,5385.163,2371.242,Sécheresse,71
2016,2015-2019,52,Pays de la Loire,49,Maine-et-Loire,2,H2,90,10534.668,6909.131,Gel,61
2016,2015-2019,52,Pays de la Loire,49,Maine-et-Loire,2,H2,90,10534.668,6909.131,Inondation,2
2016,2015-2019,52,Pays de la Loire,49,Maine-et-Loire,2,H2,90,10534.668,6909.131,Sécheresse,74
2017,2015-2019,52,Pays de la Loire,49,Maine-et-Loire,2,H2,62,10751.432,3625.516,Gel,55
2017,2015-2019,52,Pays de la Loire,49,Maine-et-Loire,2,H2,62,10751.432,3625.516,Inondation,2
2017,2015-2019,52,Pays de la Loire,49,Maine-et-Loire,2,H2,62,10751.432,3625.516,Sécheresse,87
2018,2015-2019,52,Pays de la Loire,49,Maine-et-Loire,2,H2,99,9774.800,4693.130,Gel,45
2018,2015-2019,52,Pays de la Loire,49,Maine-et-Loire,2,H2,99,9774.800,4693.130,Inondation,6
2018,2015-2019,52,Pays de la Loire,49,Maine-et-Loire,2,H2,99,9774.800,4693.130,Sécheresse,116
2019,2015-2019,52,Pays de la Loire,49,Maine-et-Loire,2,H2,96,11311.526,5703.298,Gel,50
2019,2015-2019,52,Pays de la Loire,49,Maine-et-Loire,2,H2,96,11311.526,5703.298,Inondation,0
2019,2015-2019,52,Pays de la Loire,49,Maine-et-Loire,2,H2,96,11311.526,5703.298,Sécheresse,88
2020,2020-2024,52,Pays de la Loire,49,Maine-et-Loire,2,H2,96,11765.271,4099.812,Gel,37
2020,2020-2024,52,Pays de la Loire,49,Maine-et-Loire,2,H2,96,11765.271,4099.812,Inondation,6
2020,2020-2024,52,Pays de la Loire,49,Maine-et-Loire,2,H2,96,11765.271,4099.812,Sécheresse,101
2021,2020-2024,52,Pays de la Loire,49,Maine-et-Loire,2,H2,101,11174.389,4099.695,Gel,71
2021,2020-2024,52,Pays de la Loire,49,Maine-et-Loire,2,H2,101,11174.389,4099.695,Inondation,4
2021,2020-2024,52,Pays de la Loire,49,Maine-et-Loire,2,H2,101,11174.389,4099.695,Sécheresse,77
2022,2020-2024,52,Pays de la Loire,49,Maine-et-Loire,2,H2,76,8099.296,1737.806,Gel,50
2022,2020-2024,52,Pays de la Loire,49,Maine-et-Loire,2,H2,76,8099.296,1737.806,Inondation,1
2022,2020-2024,52,Pays de la Loire,49,Maine-et-Loire,2,H2,76,8099.296,1737.806,Sécheresse,108
2023,2020-2024,52,Pays de la Loire,49,Maine-et-Loire,2,H2,64,5769.820,660.609,Gel,45
2023,2020-2024,52,Pays de la Loire,49,Maine-et-Loire,2,H2,64,5769.820,660.609,Inondation,2
2023,2020-2024,52,Pays de la Loire,49,Maine-et-Loire,2,H2,64,5769.820,660.609,Sécheresse,115
2024,2020-2024,52,Pays de la Loire,49,Maine-et-Loire,2,H2,54,3794.320,-996.361,Gel,36
2024,2020-2024,52,Pays de la Loire,49,Maine-et-Loire,2,H2,54,3794.320,-996.361,Inondation,3
2024,2020-2024,52,Pays de la Loire,49,Maine-et-Loire,2,H2,54,3794.320,-996.361,Sécheresse,71
2010,2010-2014,28,Normandie,50,Manche,2,H2,31,2608.072,-49538.042,Gel,95
2010,2010-2014,28,Normandie,50,Manche,2,H2,31,2608.072,-49538.042,Inondation,7
2010,2010-2014,28,Normandie,50,Manche,2,H2,31,2608.072,-49538.042,Sécheresse,43
2011,2010-2014,28,Normandie,50,Manche,2,H2,23,3974.869,3066.100,Gel,44
2011,2010-2014,28,Normandie,50,Manche,2,H2,23,3974.869,3066.100,Inondation,5
2011,2010-2014,28,Normandie,50,Manche,2,H2,23,3974.869,3066.100,Sécheresse,38
2012,2010-2014,28,Normandie,50,Manche,2,H2,15,2921.861,1474.429,Gel,64
2012,2010-2014,28,Normandie,50,Manche,2,H2,15,2921.861,1474.429,Inondation,3
2012,2010-2014,28,Normandie,50,Manche,2,H2,15,2921.861,1474.429,Sécheresse,33
2013,2010-2014,28,Normandie,50,Manche,2,H2,20,1828.557,341.284,Gel,71
2013,2010-2014,28,Normandie,50,Manche,2,H2,20,1828.557,341.284,Inondation,6
2013,2010-2014,28,Normandie,50,Manche,2,H2,20,1828.557,341.284,Sécheresse,48
2014,2010-2014,28,Normandie,50,Manche,2,H2,15,1903.062,924.335,Gel,23
2014,2010-2014,28,Normandie,50,Manche,2,H2,15,1903.062,924.335,Inondation,7
2014,2010-2014,28,Normandie,50,Manche,2,H2,15,1903.062,924.335,Sécheresse,35
2015,2015-2019,28,Normandie,50,Manche,2,H2,25,2532.397,1195.382,Gel,38
2015,2015-2019,28,Normandie,50,Manche,2,H2,25,2532.397,1195.382,Inondation,2
2015,2015-2019,28,Normandie,50,Manche,2,H2,25,2532.397,1195.382,Sécheresse,34
2016,2015-2019,28,Normandie,50,Manche,2,H2,46,6532.071,5172.329,Gel,67
2016,2015-2019,28,Normandie,50,Manche,2,H2,46,6532.071,5172.329,Inondation,3
2016,2015-2019,28,Normandie,50,Manche,2,H2,46,6532.071,5172.329,Sécheresse,36
2017,2015-2019,28,Normandie,50,Manche,2,H2,50,7802.030,2945.010,Gel,55
2017,2015-2019,28,Normandie,50,Manche,2,H2,50,7802.030,2945.010,Inondation,5
2017,2015-2019,28,Normandie,50,Manche,2,H2,50,7802.030,2945.010,Sécheresse,41
2018,2015-2019,28,Normandie,50,Manche,2,H2,47,6652.733,3507.177,Gel,47
2018,2015-2019,28,Normandie,50,Manche,2,H2,47,6652.733,3507.177,Inondation,6
2018,2015-2019,28,Normandie,50,Manche,2,H2,47,6652.733,3507.177,Sécheresse,71
2019,2015-2019,28,Normandie,50,Manche,2,H2,43,6848.971,3095.860,Gel,57
2019,2015-2019,28,Normandie,50,Manche,2,H2,43,6848.971,3095.860,Inondation,4
2019,2015-2019,28,Normandie,50,Manche,2,H2,43,6848.971,3095.860,Sécheresse,52
2020,2020-2024,28,Normandie,50,Manche,2,H2,46,6796.964,2858.882,Gel,42
2020,2020-2024,28,Normandie,50,Manche,2,H2,46,6796.964,2858.882,Inondation,7
2020,2020-2024,28,Normandie,50,Manche,2,H2,46,6796.964,2858.882,Sécheresse,63
2021,2020-2024,28,Normandie,50,Manche,2,H2,55,7806.981,3341.015,Gel,90
2021,2020-2024,28,Normandie,50,Manche,2,H2,55,7806.981,3341.015,Inondation,5
2021,2020-2024,28,Normandie,50,Manche,2,H2,55,7806.981,3341.015,Sécheresse,35
2022,2020-2024,28,Normandie,50,Manche,2,H2,26,5240.607,359.151,Gel,57
2022,2020-2024,28,Normandie,50,Manche,2,H2,26,5240.607,359.151,Inondation,4
2022,2020-2024,28,Normandie,50,Manche,2,H2,26,5240.607,359.151,Sécheresse,72
2023,2020-2024,28,Normandie,50,Manche,2,H2,37,2447.469,-1244.357,Gel,47
2023,2020-2024,28,Normandie,50,Manche,2,H2,37,2447.469,-1244.357,Inondation,5
2023,2020-2024,28,Normandie,50,Manche,2,H2,37,2447.469,-1244.357,Sécheresse,59
2024,2020-2024,28,Normandie,50,Manche,2,H2,41,2393.522,-736.853,Gel,37
2024,2020-2024,28,Normandie,50,Manche,2,H2,41,2393.522,-736.853,Inondation,5
2024,2020-2024,28,Normandie,50,Manche,2,H2,41,2393.522,-736.853,Sécheresse,30
2010,2010-2014,44,Grand Est,51,Marne,1,H1,11,1577.594,-33373.084,Gel,130
2010,2010-2014,44,Grand Est,51,Marne,1,H1,11,1577.594,-33373.084,Inondation,3
2010,2010-2014,44,Grand Est,51,Marne,1,H1,11,1577.594,-33373.084,Sécheresse,64
2011,2010-2014,44,Grand Est,51,Marne,1,H1,19,1573.103,397.679,Gel,95
2011,2010-2014,44,Grand Est,51,Marne,1,H1,19,1573.103,397.679,Inondation,1
2011,2010-2014,44,Grand Est,51,Marne,1,H1,19,1573.103,397.679,Sécheresse,78
2012,2010-2014,44,Grand Est,51,Marne,1,H1,13,1109.197,68.709,Inondation,2
2012,2010-2014,44,Grand Est,51,Marne,1,H1,13,1109.197,68.709,Sécheresse,67
2013,2010-2014,44,Grand Est,51,Marne,1,H1,11,920.749,322.703,Gel,115
2013,2010-2014,44,Grand Est,51,Marne,1,H1,11,920.749,322.703,Inondation,3
2013,2010-2014,44,Grand Est,51,Marne,1,H1,11,920.749,322.703,Sécheresse,72
2014,2010-2014,44,Grand Est,51,Marne,1,H1,14,1469.896,840.209,Gel,71
2014,2010-2014,44,Grand Est,51,Marne,1,H1,14,1469.896,840.209,Inondation,2
2014,2010-2014,44,Grand Est,51,Marne,1,H1,14,1469.896,840.209,Sécheresse,61
2015,2015-2019,44,Grand Est,51,Marne,1,H1,12,2193.487,897.852,Gel,104
2015,2015-2019,44,Grand Est,51,Marne,1,H1,12,2193.487,897.852,Inondation,1
2015,2015-2019,44,Grand Est,51,Marne,1,H1,12,2193.487,897.852,Sécheresse,69
2016,2015-2019,44,Grand Est,51,Marne,1,H1,24,2534.332,812.017,Gel,102
2016,2015-2019,44,Grand Est,51,Marne,1,H1,24,2534.332,812.017,Inondation,5
2016,2015-2019,44,Grand Est,51,Marne,1,H1,24,2534.332,812.017,Sécheresse,77
2017,2015-2019,44,Grand Est,51,Marne,1,H1,37,2330.112,563.676,Gel,110
2017,2015-2019,44,Grand Est,51,Marne,1,H1,37,2330.112,563.676,Inondation,4
2017,2015-2019,44,Grand Est,51,Marne,1,H1,37,2330.112,563.676,Sécheresse,79
2018,2015-2019,44,Grand Est,51,Marne,1,H1,42,3259.253,1667.644,Gel,92
2018,2015-2019,44,Grand Est,51,Marne,1,H1,42,3259.253,1667.644,Inondation,5
2018,2015-2019,44,Grand Est,51,Marne,1,H1,42,3259.253,1667.644,Sécheresse,117
2019,2015-2019,44,Grand Est,51,Marne,1,H1,59,4536.481,2224.039,Gel,97
2019,2015-2019,44,Grand Est,51,Marne,1,H1,59,4536.481,2224.039,Inondation,1
2019,2015-2019,44,Grand Est,51,Marne,1,H1,59,4536.481,2224.039,Sécheresse,90
2020,2020-2024,44,Grand Est,51,Marne,1,H1,128,5736.689,3235.176,Gel,79
2020,2020-2024,44,Grand Est,51,Marne,1,H1,128,5736.689,3235.176,Inondation,2
2020,2020-2024,44,Grand Est,51,Marne,1,H1,128,5736.689,3235.176,Sécheresse,104
2021,2020-2024,44,Grand Est,51,Marne,1,H1,105,5212.233,1775.091,Gel,103
2021,2020-2024,44,Grand Est,51,Marne,1,H1,105,5212.233,1775.091,Inondation,3
2021,2020-2024,44,Grand Est,51,Marne,1,H1,105,5212.233,1775.091,Sécheresse,67
2022,2020-2024,44,Grand Est,51,Marne,1,H1,48,3942.857,2512.892,Gel,84
2022,2020-2024,44,Grand Est,51,Marne,1,H1,48,3942.857,2512.892,Inondation,4
2022,2020-2024,44,Grand Est,51,Marne,1,H1,48,3942.857,2512.892,Sécheresse,102
2023,2020-2024,44,Grand Est,51,Marne,1,H1,33,2456.260,-1763.706,Gel,62
2023,2020-2024,44,Grand Est,51,Marne,1,H1,33,2456.260,-1763.706,Inondation,2
2023,2020-2024,44,Grand Est,51,Marne,1,H1,33,2456.260,-1763.706,Sécheresse,105
2024,2020-2024,44,Grand Est,51,Marne,1,H1,43,1816.472,-248.244,Gel,58
2024,2020-2024,44,Grand Est,51,Marne,1,H1,43,1816.472,-248.244,Inondation,2
2024,2020-2024,44,Grand Est,51,Marne,1,H1,43,1816.472,-248.244,Sécheresse,74
2010,2010-2014,44,Grand Est,52,Haute-Marne,1,H1,6,2757.850,-11605.319,Gel,141
2010,2010-2014,44,Grand Est,52,Haute-Marne,1,H1,6,2757.850,-11605.319,Inondation,3
2010,2010-2014,44,Grand Est,52,Haute-Marne,1,H1,6,2757.850,-11605.319,Sécheresse,68
2011,2010-2014,44,Grand Est,52,Haute-Marne,1,H1,1,2346.035,480.577,Gel,104
2011,2010-2014,44,Grand Est,52,Haute-Marne,1,H1,1,2346.035,480.577,Inondation,3
2011,2010-2014,44,Grand Est,52,Haute-Marne,1,H1,1,2346.035,480.577,Sécheresse,81
2012,2010-2014,44,Grand Est,52,Haute-Marne,1,H1,5,612.060,674.116,Gel,106
2012,2010-2014,44,Grand Est,52,Haute-Marne,1,H1,5,612.060,674.116,Inondation,1
2012,2010-2014,44,Grand Est,52,Haute-Marne,1,H1,5,612.060,674.116,Sécheresse,74
2013,2010-2014,44,Grand Est,52,Haute-Marne,1,H1,3,444.720,-265.040,Gel,113
2013,2010-2014,44,Grand Est,52,Haute-Marne,1,H1,3,444.720,-265.040,Inondation,9
2013,2010-2014,44,Grand Est,52,Haute-Marne,1,H1,3,444.720,-265.040,Sécheresse,69
2014,2010-2014,44,Grand Est,52,Haute-Marne,1,H1,6,444.961,321.188,Gel,92
2014,2010-2014,44,Grand Est,52,Haute-Marne,1,H1,6,444.961,321.188,Inondation,4
2014,2010-2014,44,Grand Est,52,Haute-Marne,1,H1,6,444.961,321.188,Sécheresse,67
2015,2015-2019,44,Grand Est,52,Haute-Marne,1,H1,18,2088.555,1461.208,Gel,120
2015,2015-2019,44,Grand Est,52,Haute-Marne,1,H1,18,2088.555,1461.208,Inondation,4
2015,2015-2019,44,Grand Est,52,Haute-Marne,1,H1,18,2088.555,1461.208,Sécheresse,77
2016,2015-2019,44,Grand Est,52,Haute-Marne,1,H1,12,3453.325,1501.730,Gel,116
2016,2015-2019,44,Grand Est,52,Haute-Marne,1,H1,12,3453.325,1501.730,Inondation,6
2016,2015-2019,44,Grand Est,52,Haute-Marne,1,H1,12,3453.325,1501.730,Sécheresse,75
2017,2015-2019,44,Grand Est,52,Haute-Marne,1,H1,9,2974.565,47.830,Gel,112
2017,2015-2019,44,Grand Est,52,Haute-Marne,1,H1,9,2974.565,47.830,Inondation,3
2017,2015-2019,44,Grand Est,52,Haute-Marne,1,H1,9,2974.565,47.830,Sécheresse,82
2018,2015-2019,44,Grand Est,52,Haute-Marne,1,H1,26,8488.922,7290.367,Gel,95
2018,2015-2019,44,Grand Est,52,Haute-Marne,1,H1,26,8488.922,7290.367,Inondation,9
2018,2015-2019,44,Grand Est,52,Haute-Marne,1,H1,26,8488.922,7290.367,Sécheresse,120
2019,2015-2019,44,Grand Est,52,Haute-Marne,1,H1,19,10896.369,3331.893,Gel,109
2019,2015-2019,44,Grand Est,52,Haute-Marne,1,H1,19,10896.369,3331.893,Inondation,2
2019,2015-2019,44,Grand Est,52,Haute-Marne,1,H1,19,10896.369,3331.893,Sécheresse,93
2020,2020-2024,44,Grand Est,52,Haute-Marne,1,H1,39,9770.362,5673.946,Gel,91
2020,2020-2024,44,Grand Est,52,Haute-Marne,1,H1,39,9770.362,5673.946,Inondation,2
2020,2020-2024,44,Grand Est,52,Haute-Marne,1,H1,39,9770.362,5673.946,Sécheresse,104
2021,2020-2024,44,Grand Est,52,Haute-Marne,1,H1,40,8775.661,3438.355,Gel,133
2021,2020-2024,44,Grand Est,52,Haute-Marne,1,H1,40,8775.661,3438.355,Inondation,3
2021,2020-2024,44,Grand Est,52,Haute-Marne,1,H1,40,8775.661,3438.355,Sécheresse,67
2022,2020-2024,44,Grand Est,52,Haute-Marne,1,H1,11,4904.520,739.982,Gel,106
2022,2020-2024,44,Grand Est,52,Haute-Marne,1,H1,11,4904.520,739.982,Inondation,1
2022,2020-2024,44,Grand Est,52,Haute-Marne,1,H1,11,4904.520,739.982,Sécheresse,106
2023,2020-2024,44,Grand Est,52,Haute-Marne,1,H1,18,2136.658,614.835,Gel,87
2023,2020-2024,44,Grand Est,52,Haute-Marne,1,H1,18,2136.658,614.835,Inondation,3
2023,2020-2024,44,Grand Est,52,Haute-Marne,1,H1,18,2136.658,614.835,Sécheresse,112
2024,2020-2024,44,Grand Est,52,Haute-Marne,1,H1,11,1952.090,-677.763,Gel,70
2024,2020-2024,44,Grand Est,52,Haute-Marne,1,H1,11,1952.090,-677.763,Inondation,6
2024,2020-2024,44,Grand Est,52,Haute-Marne,1,H1,11,1952.090,-677.763,Sécheresse,68
2010,2010-2014,52,Pays de la Loire,53,Mayenne,2,H2,20,3049.594,-19181.826,Gel,107
2010,2010-2014,52,Pays de la Loire,53,Mayenne,2,H2,20,3049.594,-19181.826,Inondation,1
2010,2010-2014,52,Pays de la Loire,53,Mayenne,2,H2,20,3049.594,-19181.826,Sécheresse,72
2011,2010-2014,52,Pays de la Loire,53,Mayenne,2,H2,13,2988.961,1227.164,Gel,54
2011,2010-2014,52,Pays de la Loire,53,Mayenne,2,H2,13,2988.961,1227.164,Inondation,3
2011,2010-2014,52,Pays de la Loire,53,Mayenne,2,H2,13,2988.961,1227.164,Sécheresse,70
2012,2010-2014,52,Pays de la Loire,53,Mayenne,2,H2,19,1826.237,1121.099,Gel,66
2012,2010-2014,52,Pays de la Loire,53,Mayenne,2,H2,19,1826.237,1121.099,Inondation,4
2012,2010-2014,52,Pays de la Loire,53,Mayenne,2,H2,19,1826.237,1121.099,Sécheresse,53
2013,2010-2014,52,Pays de la Loire,53,Mayenne,2,H2,7,968.340,70.938,Gel,84
2013,2010-2014,52,Pays de la Loire,53,Mayenne,2,H2,7,968.340,70.938,Inondation,3
2013,2010-2014,52,Pays de la Loire,53,Mayenne,2,H2,7,968.340,70.938,Sécheresse,76
2014,2010-2014,52,Pays de la Loire,53,Mayenne,2,H2,12,1049.060,544.381,Gel,42
2014,2010-2014,52,Pays de la Loire,53,Mayenne,2,H2,12,1049.060,544.381,Inondation,4
2014,2010-2014,52,Pays de la Loire,53,Mayenne,2,H2,12,1049.060,544.381,Sécheresse,61
2015,2015-2019,52,Pays de la Loire,53,Mayenne,2,H2,15,1458.699,1151.687,Gel,58
2015,2015-2019,52,Pays de la Loire,53,Mayenne,2,H2,15,1458.699,1151.687,Inondation,1
2015,2015-2019,52,Pays de la Loire,53,Mayenne,2,H2,15,1458.699,1151.687,Sécheresse,60
2016,2015-2019,52,Pays de la Loire,53,Mayenne,2,H2,45,4215.992,3049.612,Gel,81
2016,2015-2019,52,Pays de la Loire,53,Mayenne,2,H2,45,4215.992,3049.612,Inondation,0
2016,2015-2019,52,Pays de la Loire,53,Mayenne,2,H2,45,4215.992,3049.612,Sécheresse,65
2017,2015-2019,52,Pays de la Loire,53,Mayenne,2,H2,43,5689.342,3391.603,Gel,75
2017,2015-2019,52,Pays de la Loire,53,Mayenne,2,H2,43,5689.342,3391.603,Inondation,0
2017,2015-2019,52,Pays de la Loire,53,Mayenne,2,H2,43,5689.342,3391.603,Sécheresse,67
2018,2015-2019,52,Pays de la Loire,53,Mayenne,2,H2,44,6023.712,3309.645,Gel,62
2018,2015-2019,52,Pays de la Loire,53,Mayenne,2,H2,44,6023.712,3309.645,Inondation,7
2018,2015-2019,52,Pays de la Loire,53,Mayenne,2,H2,44,6023.712,3309.645,Sécheresse,112
2019,2015-2019,52,Pays de la Loire,53,Mayenne,2,H2,41,7540.401,4390.883,Gel,65
2019,2015-2019,52,Pays de la Loire,53,Mayenne,2,H2,41,7540.401,4390.883,Inondation,3
2019,2015-2019,52,Pays de la Loire,53,Mayenne,2,H2,41,7540.401,4390.883,Sécheresse,73
2020,2020-2024,52,Pays de la Loire,53,Mayenne,2,H2,55,7333.576,2517.647,Gel,52
2020,2020-2024,52,Pays de la Loire,53,Mayenne,2,H2,55,7333.576,2517.647,Inondation,4
2020,2020-2024,52,Pays de la Loire,53,Mayenne,2,H2,55,7333.576,2517.647,Sécheresse,94
2021,2020-2024,52,Pays de la Loire,53,Mayenne,2,H2,52,6351.977,2476.129,Gel,83
2021,2020-2024,52,Pays de la Loire,53,Mayenne,2,H2,52,6351.977,2476.129,Inondation,2
2021,2020-2024,52,Pays de la Loire,53,Mayenne,2,H2,52,6351.977,2476.129,Sécheresse,45
2022,2020-2024,52,Pays de la Loire,53,Mayenne,2,H2,34,3852.985,182.031,Gel,53
2022,2020-2024,52,Pays de la Loire,53,Mayenne,2,H2,34,3852.985,182.031,Inondation,1
2022,2020-2024,52,Pays de la Loire,53,Mayenne,2,H2,34,3852.985,182.031,Sécheresse,95
2023,2020-2024,52,Pays de la Loire,53,Mayenne,2,H2,33,2692.981,-1006.885,Gel,45
2023,2020-2024,52,Pays de la Loire,53,Mayenne,2,H2,33,2692.981,-1006.885,Inondation,1
2023,2020-2024,52,Pays de la Loire,53,Mayenne,2,H2,33,2692.981,-1006.885,Sécheresse,82
2024,2020-2024,52,Pays de la Loire,53,Mayenne,2,H2,21,2068.447,269.583,Gel,40
2024,2020-2024,52,Pays de la Loire,53,Mayenne,2,H2,21,2068.447,269.583,Inondation,5
2024,2020-2024,52,Pays de la Loire,53,Mayenne,2,H2,21,2068.447,269.583,Sécheresse,43
2010,2010-2014,44,Grand Est,54,Meurthe-et-Moselle,1,H1,10,1195.377,-28662.479,Gel,128
2010,2010-2014,44,Grand Est,54,Meurthe-et-Moselle,1,H1,10,1195.377,-28662.479,Inondation,3
2010,2010-2014,44,Grand Est,54,Meurthe-et-Moselle,1,H1,10,1195.377,-28662.479,Sécheresse,49
2011,2010-2014,44,Grand Est,54,Meurthe-et-Moselle,1,H1,12,1661.344,858.976,Gel,91
2011,2010-2014,44,Grand Est,54,Meurthe-et-Moselle,1,H1,12,1661.344,858.976,Inondation,2
2011,2010-2014,44,Grand Est,54,Meurthe-et-Moselle,1,H1,12,1661.344,858.976,Sécheresse,66
2012,2010-2014,44,Grand Est,54,Meurthe-et-Moselle,1,H1,6,899.542,222.847,Gel,85
2012,2010-2014,44,Grand Est,54,Meurthe-et-Moselle,1,H1,6,899.542,222.847,Inondation,3
2012,2010-2014,44,Grand Est,54,Meurthe-et-Moselle,1,H1,6,899.542,222.847,Sécheresse,60
2013,2010-2014,44,Grand Est,54,Meurthe-et-Moselle,1,H1,12,1255.744,675.770,Gel,105
2013,2010-2014,44,Grand Est,54,Meurthe-et-Moselle,1,H1,12,1255.744,675.770,Inondation,5
2013,2010-2014,44,Grand Est,54,Meurthe-et-Moselle,1,H1,12,1255.744,675.770,Sécheresse,59
2014,2010-2014,44,Grand Est,54,Meurthe-et-Moselle,1,H1,9,1350.330,529.145,Gel,71
2014,2010-2014,44,Grand Est,54,Meurthe-et-Moselle,1,H1,9,1350.330,529.145,Inondation,5
2014,2010-2014,44,Grand Est,54,Meurthe-et-Moselle,1,H1,9,1350.330,529.145,Sécheresse,58
2015,2015-2019,44,Grand Est,54,Meurthe-et-Moselle,1,H1,24,4837.680,4209.480,Gel,101
2015,2015-2019,44,Grand Est,54,Meurthe-et-Moselle,1,H1,24,4837.680,4209.480,Inondation,3
2015,2015-2019,44,Grand Est,54,Meurthe-et-Moselle,1,H1,24,4837.680,4209.480,Sécheresse,64
2016,2015-2019,44,Grand Est,54,Meurthe-et-Moselle,1,H1,21,7540.430,3252.323,Gel,106
2016,2015-2019,44,Grand Est,54,Meurthe-et-Moselle,1,H1,21,7540.430,3252.323,Inondation,1
2016,2015-2019,44,Grand Est,54,Meurthe-et-Moselle,1,H1,21,7540.430,3252.323,Sécheresse,67
2017,2015-2019,44,Grand Est,54,Meurthe-et-Moselle,1,H1,16,5399.350,607.394,Gel,100
2017,2015-2019,44,Grand Est,54,Meurthe-et-Moselle,1,H1,16,5399.350,607.394,Inondation,1
2017,2015-2019,44,Grand Est,54,Meurthe-et-Moselle,1,H1,16,5399.350,607.394,Sécheresse,73
2018,2015-2019,44,Grand Est,54,Meurthe-et-Moselle,1,H1,19,4532.276,2874.978,Gel,86
2018,2015-2019,44,Grand Est,54,Meurthe-et-Moselle,1,H1,19,4532.276,2874.978,Inondation,3
2018,2015-2019,44,Grand Est,54,Meurthe-et-Moselle,1,H1,19,4532.276,2874.978,Sécheresse,108
2019,2015-2019,44,Grand Est,54,Meurthe-et-Moselle,1,H1,26,8804.712,5594.506,Gel,92
2019,2015-2019,44,Grand Est,54,Meurthe-et-Moselle,1,H1,26,8804.712,5594.506,Inondation,1
2019,2015-2019,44,Grand Est,54,Meurthe-et-Moselle,1,H1,26,8804.712,5594.506,Sécheresse,81
2020,2020-2024,44,Grand Est,54,Meurthe-et-Moselle,1,H1,41,11011.703,5158.973,Gel,76
2020,2020-2024,44,Grand Est,54,Meurthe-et-Moselle,1,H1,41,11011.703,5158.973,Inondation,2
2020,2020-2024,44,Grand Est,54,Meurthe-et-Moselle,1,H1,41,11011.703,5158.973,Sécheresse,94
2021,2020-2024,44,Grand Est,54,Meurthe-et-Moselle,1,H1,25,7663.550,1997.518,Gel,114
2021,2020-2024,44,Grand Est,54,Meurthe-et-Moselle,1,H1,25,7663.550,1997.518,Inondation,4
2021,2020-2024,44,Grand Est,54,Meurthe-et-Moselle,1,H1,25,7663.550,1997.518,Sécheresse,61
2022,2020-2024,44,Grand Est,54,Meurthe-et-Moselle,1,H1,16,3564.101,551.942,Gel,86
2022,2020-2024,44,Grand Est,54,Meurthe-et-Moselle,1,H1,16,3564.101,551.942,Inondation,1
2022,2020-2024,44,Grand Est,54,Meurthe-et-Moselle,1,H1,16,3564.101,551.942,Sécheresse,105
2023,2020-2024,44,Grand Est,54,Meurthe-et-Moselle,1,H1,13,2025.437,-1591.001,Gel,75
2023,2020-2024,44,Grand Est,54,Meurthe-et-Moselle,1,H1,13,2025.437,-1591.001,Inondation,1
2023,2020-2024,44,Grand Est,54,Meurthe-et-Moselle,1,H1,13,2025.437,-1591.001,Sécheresse,103
2024,2020-2024,44,Grand Est,54,Meurthe-et-Moselle,1,H1,19,1118.886,-2276.751,Gel,54
2024,2020-2024,44,Grand Est,54,Meurthe-et-Moselle,1,H1,19,1118.886,-2276.751,Inondation,4
2024,2020-2024,44,Grand Est,54,Meurthe-et-Moselle,1,H1,19,1118.886,-2276.751,Sécheresse,73
2010,2010-2014,44,Grand Est,55,Meuse,1,H1,8,1746.149,-22482.917,Gel,126
2010,2010-2014,44,Grand Est,55,Meuse,1,H1,8,1746.149,-22482.917,Inondation,4
2010,2010-2014,44,Grand Est,55,Meuse,1,H1,8,1746.149,-22482.917,Sécheresse,57
2011,2010-2014,44,Grand Est,55,Meuse,1,H1,4,1944.959,949.831,Gel,91
2011,2010-2014,44,Grand Est,55,Meuse,1,H1,4,1944.959,949.831,Inondation,2
2011,2010-2014,44,Grand Est,55,Meuse,1,H1,4,1944.959,949.831,Sécheresse,73
2012,2010-2014,44,Grand Est,55,Meuse,1,H1,4,1237.100,279.565,Gel,84
2012,2010-2014,44,Grand Est,55,Meuse,1,H1,4,1237.100,279.565,Inondation,3
2012,2010-2014,44,Grand Est,55,Meuse,1,H1,4,1237.100,279.565,Sécheresse,60
2013,2010-2014,44,Grand Est,55,Meuse,1,H1,5,1050.060,361.385,Gel,104
2013,2010-2014,44,Grand Est,55,Meuse,1,H1,5,1050.060,361.385,Inondation,7
2013,2010-2014,44,Grand Est,55,Meuse,1,H1,5,1050.060,361.385,Sécheresse,58
2014,2010-2014,44,Grand Est,55,Meuse,1,H1,4,977.269,489.771,Gel,62
2014,2010-2014,44,Grand Est,55,Meuse,1,H1,4,977.269,489.771,Inondation,3
2014,2010-2014,44,Grand Est,55,Meuse,1,H1,4,977.269,489.771,Sécheresse,54
2015,2015-2019,44,Grand Est,55,Meuse,1,H1,5,1996.910,1148.653,Gel,93
2015,2015-2019,44,Grand Est,55,Meuse,1,H1,5,1996.910,1148.653,Inondation,4
2015,2015-2019,44,Grand Est,55,Meuse,1,H1,5,1996.910,1148.653,Sécheresse,61
2016,2015-2019,44,Grand Est,55,Meuse,1,H1,19,2930.360,1508.016,Gel,99
2016,2015-2019,44,Grand Est,55,Meuse,1,H1,19,2930.360,1508.016,Inondation,2
2016,2015-2019,44,Grand Est,55,Meuse,1,H1,19,2930.360,1508.016,Sécheresse,61
2017,2015-2019,44,Grand Est,55,Meuse,1,H1,20,3058.510,1007.786,Gel,97
2017,2015-2019,44,Grand Est,55,Meuse,1,H1,20,3058.510,1007.786,Inondation,5
2017,2015-2019,44,Grand Est,55,Meuse,1,H1,20,3058.510,1007.786,Sécheresse,70
2018,2015-2019,44,Grand Est,55,Meuse,1,H1,13,2415.160,757.458,Gel,84
2018,2015-2019,44,Grand Est,55,Meuse,1,H1,13,2415.160,757.458,Inondation,6
2018,2015-2019,44,Grand Est,55,Meuse,1,H1,13,2415.160,757.458,Sécheresse,103
2019,2015-2019,44,Grand Est,55,Meuse,1,H1,29,5665.507,4618.622,Gel,92
2019,2015-2019,44,Grand Est,55,Meuse,1,H1,29,5665.507,4618.622,Inondation,0
2019,2015-2019,44,Grand Est,55,Meuse,1,H1,29,5665.507,4618.622,Sécheresse,80
2020,2020-2024,44,Grand Est,55,Meuse,1,H1,22,7238.691,2414.933,Gel,75
2020,2020-2024,44,Grand Est,55,Meuse,1,H1,22,7238.691,2414.933,Inondation,3
2020,2020-2024,44,Grand Est,55,Meuse,1,H1,22,7238.691,2414.933,Sécheresse,95
2021,2020-2024,44,Grand Est,55,Meuse,1,H1,32,6365.065,3387.822,Gel,112
2021,2020-2024,44,Grand Est,55,Meuse,1,H1,32,6365.065,3387.822,Inondation,3
2021,2020-2024,44,Grand Est,55,Meuse,1,H1,32,6365.065,3387.822,Sécheresse,60
2022,2020-2024,44,Grand Est,55,Meuse,1,H1,16,4130.138,859.785,Gel,86
2022,2020-2024,44,Grand Est,55,Meuse,1,H1,16,4130.138,859.785,Inondation,4
2022,2020-2024,44,Grand Est,55,Meuse,1,H1,16,4130.138,859.785,Sécheresse,101
2023,2020-2024,44,Grand Est,55,Meuse,1,H1,20,1325.626,-1498.270,Gel,72
2023,2020-2024,44,Grand Est,55,Meuse,1,H1,20,1325.626,-1498.270,Inondation,3
2023,2020-2024,44,Grand Est,55,Meuse,1,H1,20,1325.626,-1498.270,Sécheresse,100
2024,2020-2024,44,Grand Est,55,Meuse,1,H1,20,2338.947,882.996,Gel,51
2024,2020-2024,44,Grand Est,55,Meuse,1,H1,20,2338.947,882.996,Inondation,3
2024,2020-2024,44,Grand Est,55,Meuse,1,H1,20,2338.947,882.996,Sécheresse,74
2010,2010-2014,53,Bretagne,56,Morbihan,2,H2,31,4682.827,-7442.011,Gel,103
2010,2010-2014,53,Bretagne,56,Morbihan,2,H2,31,4682.827,-7442.011,Inondation,9
2010,2010-2014,53,Bretagne,56,Morbihan,2,H2,31,4682.827,-7442.011,Sécheresse,61
2011,2010-2014,53,Bretagne,56,Morbihan,2,H2,26,3493.738,673.844,Gel,54
2011,2010-2014,53,Bretagne,56,Morbihan,2,H2,26,3493.738,673.844,Inondation,9
2011,2010-2014,53,Bretagne,56,Morbihan,2,H2,26,3493.738,673.844,Sécheresse,54
2012,2010-2014,53,Bretagne,56,Morbihan,2,H2,19,1599.248,513.037,Gel,71
2012,2010-2014,53,Bretagne,56,Morbihan,2,H2,19,1599.248,513.037,Inondation,5
2012,2010-2014,53,Bretagne,56,Morbihan,2,H2,19,1599.248,513.037,Sécheresse,42
2013,2010-2014,53,Bretagne,56,Morbihan,2,H2,22,1595.822,1346.660,Gel,79
2013,2010-2014,53,Bretagne,56,Morbihan,2,H2,22,1595.822,1346.660,Inondation,6
2013,2010-2014,53,Bretagne,56,Morbihan,2,H2,22,1595.822,1346.660,Sécheresse,73
2014,2010-2014,53,Bretagne,56,Morbihan,2,H2,18,1695.639,625.544,Gel,38
2014,2010-2014,53,Bretagne,56,Morbihan,2,H2,18,1695.639,625.544,Inondation,10
2014,2010-2014,53,Bretagne,56,Morbihan,2,H2,18,1695.639,625.544,Sécheresse,69
2015,2015-2019,53,Bretagne,56,Morbihan,2,H2,28,2055.464,849.669,Gel,60
2015,2015-2019,53,Bretagne,56,Morbihan,2,H2,28,2055.464,849.669,Inondation,5
2015,2015-2019,53,Bretagne,56,Morbihan,2,H2,28,2055.464,849.669,Sécheresse,55
2016,2015-2019,53,Bretagne,56,Morbihan,2,H2,65,5149.870,5090.829,Gel,63
2016,2015-2019,53,Bretagne,56,Morbihan,2,H2,65,5149.870,5090.829,Inondation,7
2016,2015-2019,53,Bretagne,56,Morbihan,2,H2,65,5149.870,5090.829,Sécheresse,60
2017,2015-2019,53,Bretagne,56,Morbihan,2,H2,67,6603.764,3306.635,Gel,58
2017,2015-2019,53,Bretagne,56,Morbihan,2,H2,67,6603.764,3306.635,Inondation,2
2017,2015-2019,53,Bretagne,56,Morbihan,2,H2,67,6603.764,3306.635,Sécheresse,65
2018,2015-2019,53,Bretagne,56,Morbihan,2,H2,62,5754.765,3640.593,Gel,46
2018,2015-2019,53,Bretagne,56,Morbihan,2,H2,62,5754.765,3640.593,Inondation,10
2018,2015-2019,53,Bretagne,56,Morbihan,2,H2,62,5754.765,3640.593,Sécheresse,88
2019,2015-2019,53,Bretagne,56,Morbihan,2,H2,63,6361.823,4190.325,Gel,50
2019,2015-2019,53,Bretagne,56,Morbihan,2,H2,63,6361.823,4190.325,Inondation,8
2019,2015-2019,53,Bretagne,56,Morbihan,2,H2,63,6361.823,4190.325,Sécheresse,70
2020,2020-2024,53,Bretagne,56,Morbihan,2,H2,68,5897.171,1291.072,Gel,35
2020,2020-2024,53,Bretagne,56,Morbihan,2,H2,68,5897.171,1291.072,Inondation,10
2020,2020-2024,53,Bretagne,56,Morbihan,2,H2,68,5897.171,1291.072,Sécheresse,74
2021,2020-2024,53,Bretagne,56,Morbihan,2,H2,70,4708.654,2439.638,Gel,74
2021,2020-2024,53,Bretagne,56,Morbihan,2,H2,70,4708.654,2439.638,Inondation,3
2021,2020-2024,53,Bretagne,56,Morbihan,2,H2,70,4708.654,2439.638,Sécheresse,35
2022,2020-2024,53,Bretagne,56,Morbihan,2,H2,75,3079.101,233.249,Gel,44
2022,2020-2024,53,Bretagne,56,Morbihan,2,H2,75,3079.101,233.249,Inondation,4
2022,2020-2024,53,Bretagne,56,Morbihan,2,H2,75,3079.101,233.249,Sécheresse,80
2023,2020-2024,53,Bretagne,56,Morbihan,2,H2,65,2757.470,418.537,Gel,42
2023,2020-2024,53,Bretagne,56,Morbihan,2,H2,65,2757.470,418.537,Inondation,3
2023,2020-2024,53,Bretagne,56,Morbihan,2,H2,65,2757.470,418.537,Sécheresse,68
2024,2020-2024,53,Bretagne,56,Morbihan,2,H2,60,2318.335,1255.044,Gel,34
2024,2020-2024,53,Bretagne,56,Morbihan,2,H2,60,2318.335,1255.044,Inondation,5
2024,2020-2024,53,Bretagne,56,Morbihan,2,H2,60,2318.335,1255.044,Sécheresse,30
2010,2010-2014,44,Grand Est,57,Moselle,1,H1,20,4623.318,-30449.365,Gel,133
2010,2010-2014,44,Grand Est,57,Moselle,1,H1,20,4623.318,-30449.365,Inondation,4
2010,2010-2014,44,Grand Est,57,Moselle,1,H1,20,4623.318,-30449.365,Sécheresse,61
2011,2010-2014,44,Grand Est,57,Moselle,1,H1,9,4501.297,1308.384,Gel,106
2011,2010-2014,44,Grand Est,57,Moselle,1,H1,9,4501.297,1308.384,Inondation,3
2011,2010-2014,44,Grand Est,57,Moselle,1,H1,9,4501.297,1308.384,Sécheresse,80
2012,2010-2014,44,Grand Est,57,Moselle,1,H1,5,1791.640,656.194,Gel,107
2012,2010-2014,44,Grand Est,57,Moselle,1,H1,5,1791.640,656.194,Inondation,2
2012,2010-2014,44,Grand Est,57,Moselle,1,H1,5,1791.640,656.194,Sécheresse,77
2013,2010-2014,44,Grand Est,57,Moselle,1,H1,3,900.568,-485.104,Gel,121
2013,2010-2014,44,Grand Est,57,Moselle,1,H1,3,900.568,-485.104,Inondation,12
2013,2010-2014,44,Grand Est,57,Moselle,1,H1,3,900.568,-485.104,Sécheresse,61
2014,2010-2014,44,Grand Est,57,Moselle,1,H1,5,1057.030,1455.738,Gel,84
2014,2010-2014,44,Grand Est,57,Moselle,1,H1,5,1057.030,1455.738,Inondation,5
2014,2010-2014,44,Grand Est,57,Moselle,1,H1,5,1057.030,1455.738,Sécheresse,65
2015,2015-2019,44,Grand Est,57,Moselle,1,H1,17,2098.810,845.839,Gel,115
2015,2015-2019,44,Grand Est,57,Moselle,1,H1,17,2098.810,845.839,Inondation,1
2015,2015-2019,44,Grand Est,57,Moselle,1,H1,17,2098.810,845.839,Sécheresse,67
2016,2015-2019,44,Grand Est,57,Moselle,1,H1,33,7569.933,5849.345,Gel,113
2016,2015-2019,44,Grand Est,57,Moselle,1,H1,33,7569.933,5849.345,Inondation,3
2016,2015-2019,44,Grand Est,57,Moselle,1,H1,33,7569.933,5849.345,Sécheresse,73
2017,2015-2019,44,Grand Est,57,Moselle,1,H1,16,8589.860,2062.535,Gel,109
2017,2015-2019,44,Grand Est,57,Moselle,1,H1,16,8589.860,2062.535,Inondation,4
2017,2015-2019,44,Grand Est,57,Moselle,1,H1,16,8589.860,2062.535,Sécheresse,77
2018,2015-2019,44,Grand Est,57,Moselle,1,H1,19,5648.288,1356.649,Gel,93
2018,2015-2019,44,Grand Est,57,Moselle,1,H1,19,5648.288,1356.649,Inondation,6
2018,2015-2019,44,Grand Est,57,Moselle,1,H1,19,5648.288,1356.649,Sécheresse,113
2019,2015-2019,44,Grand Est,57,Moselle,1,H1,17,4913.362,1699.177,Gel,109
2019,2015-2019,44,Grand Est,57,Moselle,1,H1,17,4913.362,1699.177,Inondation,1
2019,2015-2019,44,Grand Est,57,Moselle,1,H1,17,4913.362,1699.177,Sécheresse,89
2020,2020-2024,44,Grand Est,57,Moselle,1,H1,38,7771.826,5447.651,Gel,101
2020,2020-2024,44,Grand Est,57,Moselle,1,H1,38,7771.826,5447.651,Inondation,4
2020,2020-2024,44,Grand Est,57,Moselle,1,H1,38,7771.826,5447.651,Sécheresse,92
2021,2020-2024,44,Grand Est,57,Moselle,1,H1,34,7027.834,1284.765,Gel,132
2021,2020-2024,44,Grand Est,57,Moselle,1,H1,34,7027.834,1284.765,Inondation,4
2021,2020-2024,44,Grand Est,57,Moselle,1,H1,34,7027.834,1284.765,Sécheresse,62
2022,2020-2024,44,Grand Est,57,Moselle,1,H1,18,3426.132,80.992,Gel,100
2022,2020-2024,44,Grand Est,57,Moselle,1,H1,18,3426.132,80.992,Inondation,2
2022,2020-2024,44,Grand Est,57,Moselle,1,H1,18,3426.132,80.992,Sécheresse,102
2023,2020-2024,44,Grand Est,57,Moselle,1,H1,21,1865.399,156.466,Gel,79
2023,2020-2024,44,Grand Est,57,Moselle,1,H1,21,1865.399,156.466,Inondation,4
2023,2020-2024,44,Grand Est,57,Moselle,1,H1,21,1865.399,156.466,Sécheresse,102
2024,2020-2024,44,Grand Est,57,Moselle,1,H1,17,1949.307,-2856.448,Gel,68
2024,2020-2024,44,Grand Est,57,Moselle,1,H1,17,1949.307,-2856.448,Inondation,4
2024,2020-2024,44,Grand Est,57,Moselle,1,H1,17,1949.307,-2856.448,Sécheresse,74
2010,2010-2014,27,Bourgogne-Franche-Comté,58,Nièvre,1,H1,14,3028.080,-19768.335,Gel,127
2010,2010-2014,27,Bourgogne-Franche-Comté,58,Nièvre,1,H1,14,3028.080,-19768.335,Inondation,7
2010,2010-2014,27,Bourgogne-Franche-Comté,58,Nièvre,1,H1,14,3028.080,-19768.335,Sécheresse,88
2011,2010-2014,27,Bourgogne-Franche-Comté,58,Nièvre,1,H1,4,2413.629,645.429,Gel,94
2011,2010-2014,27,Bourgogne-Franche-Comté,58,Nièvre,1,H1,4,2413.629,645.429,Inondation,10
2011,2010-2014,27,Bourgogne-Franche-Comté,58,Nièvre,1,H1,4,2413.629,645.429,Sécheresse,104
2012,2010-2014,27,Bourgogne-Franche-Comté,58,Nièvre,1,H1,6,1209.239,334.817,Gel,110
2012,2010-2014,27,Bourgogne-Franche-Comté,58,Nièvre,1,H1,6,1209.239,334.817,Inondation,6
2012,2010-2014,27,Bourgogne-Franche-Comté,58,Nièvre,1,H1,6,1209.239,334.817,Sécheresse,96
2013,2010-2014,27,Bourgogne-Franche-Comté,58,Nièvre,1,H1,3,1120.407,-1090.886,Gel,125
2013,2010-2014,27,Bourgogne-Franche-Comté,58,Nièvre,1,H1,3,1120.407,-1090.886,Inondation,12
2013,2010-2014,27,Bourgogne-Franche-Comté,58,Nièvre,1,H1,3,1120.407,-1090.886,Sécheresse,89
2014,2010-2014,27,Bourgogne-Franche-Comté,58,Nièvre,1,H1,6,842.580,748.184,Gel,98
2014,2010-2014,27,Bourgogne-Franche-Comté,58,Nièvre,1,H1,6,842.580,748.184,Inondation,8
2014,2010-2014,27,Bourgogne-Franche-Comté,58,Nièvre,1,H1,6,842.580,748.184,Sécheresse,89
2015,2015-2019,27,Bourgogne-Franche-Comté,58,Nièvre,1,H1,13,2497.061,1455.436,Gel,133
2015,2015-2019,27,Bourgogne-Franche-Comté,58,Nièvre,1,H1,13,2497.061,1455.436,Inondation,11
2015,2015-2019,27,Bourgogne-Franche-Comté,58,Nièvre,1,H1,13,2497.061,1455.436,Sécheresse,90
2016,2015-2019,27,Bourgogne-Franche-Comté,58,Nièvre,1,H1,21,4655.790,2136.254,Gel,122
2016,2015-2019,27,Bourgogne-Franche-Comté,58,Nièvre,1,H1,21,4655.790,2136.254,Inondation,7
2016,2015-2019,27,Bourgogne-Franche-Comté,58,Nièvre,1,H1,21,4655.790,2136.254,Sécheresse,88
2017,2015-2019,27,Bourgogne-Franche-Comté,58,Nièvre,1,H1,21,4934.240,1976.420,Gel,118
2017,2015-2019,27,Bourgogne-Franche-Comté,58,Nièvre,1,H1,21,4934.240,1976.420,Inondation,6
2017,2015-2019,27,Bourgogne-Franche-Comté,58,Nièvre,1,H1,21,4934.240,1976.420,Sécheresse,92
2018,2015-2019,27,Bourgogne-Franche-Comté,58,Nièvre,1,H1,17,5669.842,2619.208,Gel,87
2018,2015-2019,27,Bourgogne-Franche-Comté,58,Nièvre,1,H1,17,5669.842,2619.208,Inondation,12
2018,2015-2019,27,Bourgogne-Franche-Comté,58,Nièvre,1,H1,17,5669.842,2619.208,Sécheresse,128
2019,2015-2019,27,Bourgogne-Franche-Comté,58,Nièvre,1,H1,28,6663.479,3418.926,Gel,106
2019,2015-2019,27,Bourgogne-Franche-Comté,58,Nièvre,1,H1,28,6663.479,3418.926,Inondation,3
2019,2015-2019,27,Bourgogne-Franche-Comté,58,Nièvre,1,H1,28,6663.479,3418.926,Sécheresse,95
2020,2020-2024,27,Bourgogne-Franche-Comté,58,Nièvre,1,H1,39,6928.587,2740.987,Gel,80
2020,2020-2024,27,Bourgogne-Franche-Comté,58,Nièvre,1,H1,39,6928.587,2740.987,Inondation,5
2020,2020-2024,27,Bourgogne-Franche-Comté,58,Nièvre,1,H1,39,6928.587,2740.987,Sécheresse,105
2021,2020-2024,27,Bourgogne-Franche-Comté,58,Nièvre,1,H1,34,7897.099,4112.164,Gel,122
2021,2020-2024,27,Bourgogne-Franche-Comté,58,Nièvre,1,H1,34,7897.099,4112.164,Inondation,4
2021,2020-2024,27,Bourgogne-Franche-Comté,58,Nièvre,1,H1,34,7897.099,4112.164,Sécheresse,76
2022,2020-2024,27,Bourgogne-Franche-Comté,58,Nièvre,1,H1,22,5329.709,1008.539,Gel,88
2022,2020-2024,27,Bourgogne-Franche-Comté,58,Nièvre,1,H1,22,5329.709,1008.539,Inondation,3
2022,2020-2024,27,Bourgogne-Franche-Comté,58,Nièvre,1,H1,22,5329.709,1008.539,Sécheresse,113
2023,2020-2024,27,Bourgogne-Franche-Comté,58,Nièvre,1,H1,19,2351.972,-1301.025,Gel,71
2023,2020-2024,27,Bourgogne-Franche-Comté,58,Nièvre,1,H1,19,2351.972,-1301.025,Inondation,2
2023,2020-2024,27,Bourgogne-Franche-Comté,58,Nièvre,1,H1,19,2351.972,-1301.025,Sécheresse,121
2024,2020-2024,27,Bourgogne-Franche-Comté,58,Nièvre,1,H1,16,2410.721,94.212,Gel,68
2024,2020-2024,27,Bourgogne-Franche-Comté,58,Nièvre,1,H1,16,2410.721,94.212,Inondation,8
2024,2020-2024,27,Bourgogne-Franche-Comté,58,Nièvre,1,H1,16,2410.721,94.212,Sécheresse,77
2010,2010-2014,32,Hauts-de-France,59,Nord,1,H1,19,586.126,-24342.368,Gel,94
2010,2010-2014,32,Hauts-de-France,59,Nord,1,H1,19,586.126,-24342.368,Inondation,4
2010,2010-2014,32,Hauts-de-France,59,Nord,1,H1,19,586.126,-24342.368,Sécheresse,47
2011,2010-2014,32,Hauts-de-France,59,Nord,1,H1,14,1106.876,957.385,Gel,48
2011,2010-2014,32,Hauts-de-France,59,Nord,1,H1,14,1106.876,957.385,Inondation,3
2011,2010-2014,32,Hauts-de-France,59,Nord,1,H1,14,1106.876,957.385,Sécheresse,48
2012,2010-2014,32,Hauts-de-France,59,Nord,1,H1,10,729.370,42.541,Gel,58
2012,2010-2014,32,Hauts-de-France,59,Nord,1,H1,10,729.370,42.541,Inondation,3
2012,2010-2014,32,Hauts-de-France,59,Nord,1,H1,10,729.370,42.541,Sécheresse,43
2013,2010-2014,32,Hauts-de-France,59,Nord,1,H1,9,174.990,12.777,Gel,84
2013,2010-2014,32,Hauts-de-France,59,Nord,1,H1,9,174.990,12.777,Inondation,6
2013,2010-2014,32,Hauts-de-France,59,Nord,1,H1,9,174.990,12.777,Sécheresse,46
2014,2010-2014,32,Hauts-de-France,59,Nord,1,H1,13,452.065,418.632,Gel,37
2014,2010-2014,32,Hauts-de-France,59,Nord,1,H1,13,452.065,418.632,Inondation,2
2014,2010-2014,32,Hauts-de-France,59,Nord,1,H1,13,452.065,418.632,Sécheresse,36
2015,2015-2019,32,Hauts-de-France,59,Nord,1,H1,24,1171.340,1533.275,Gel,59
2015,2015-2019,32,Hauts-de-France,59,Nord,1,H1,24,1171.340,1533.275,Inondation,3
2015,2015-2019,32,Hauts-de-France,59,Nord,1,H1,24,1171.340,1533.275,Sécheresse,44
2016,2015-2019,32,Hauts-de-France,59,Nord,1,H1,35,3091.150,2088.454,Gel,63
2016,2015-2019,32,Hauts-de-France,59,Nord,1,H1,35,3091.150,2088.454,Inondation,7
2016,2015-2019,32,Hauts-de-France,59,Nord,1,H1,35,3091.150,2088.454,Sécheresse,50
2017,2015-2019,32,Hauts-de-France,59,Nord,1,H1,28,3636.980,2248.713,Gel,64
2017,2015-2019,32,Hauts-de-France,59,Nord,1,H1,28,3636.980,2248.713,Inondation,1
2017,2015-2019,32,Hauts-de-France,59,Nord,1,H1,28,3636.980,2248.713,Sécheresse,51
2018,2015-2019,32,Hauts-de-France,59,Nord,1,H1,34,2409.670,980.301,Gel,61
2018,2015-2019,32,Hauts-de-France,59,Nord,1,H1,34,2409.670,980.301,Inondation,3
2018,2015-2019,32,Hauts-de-France,59,Nord,1,H1,34,2409.670,980.301,Sécheresse,83
2019,2015-2019,32,Hauts-de-France,59,Nord,1,H1,39,2345.950,1190.193,Gel,51
2019,2015-2019,32,Hauts-de-France,59,Nord,1,H1,39,2345.950,1190.193,Inondation,3
2019,2015-2019,32,Hauts-de-France,59,Nord,1,H1,39,2345.950,1190.193,Sécheresse,56
2020,2020-2024,32,Hauts-de-France,59,Nord,1,H1,43,2168.713,1462.518,Gel,39
2020,2020-2024,32,Hauts-de-France,59,Nord,1,H1,43,2168.713,1462.518,Inondation,4
2020,2020-2024,32,Hauts-de-France,59,Nord,1,H1,43,2168.713,1462.518,Sécheresse,63
2021,2020-2024,32,Hauts-de-France,59,Nord,1,H1,33,2313.693,1388.686,Gel,61
2021,2020-2024,32,Hauts-de-France,59,Nord,1,H1,33,2313.693,1388.686,Inondation,6
2021,2020-2024,32,Hauts-de-France,59,Nord,1,H1,33,2313.693,1388.686,Sécheresse,44
2022,2020-2024,32,Hauts-de-France,59,Nord,1,H1,22,1683.286,310.226,Gel,50
2022,2020-2024,32,Hauts-de-France,59,Nord,1,H1,22,1683.286,310.226,Inondation,0
2022,2020-2024,32,Hauts-de-France,59,Nord,1,H1,22,1683.286,310.226,Sécheresse,81
2023,2020-2024,32,Hauts-de-France,59,Nord,1,H1,16,819.124,-857.713,Gel,41
2023,2020-2024,32,Hauts-de-France,59,Nord,1,H1,16,819.124,-857.713,Inondation,2
2023,2020-2024,32,Hauts-de-France,59,Nord,1,H1,16,819.124,-857.713,Sécheresse,75
2024,2020-2024,32,Hauts-de-France,59,Nord,1,H1,19,480.321,-522.042,Gel,32
2024,2020-2024,32,Hauts-de-France,59,Nord,1,H1,19,480.321,-522.042,Inondation,1
2024,2020-2024,32,Hauts-de-France,59,Nord,1,H1,19,480.321,-522.042,Sécheresse,54
2010,2010-2014,32,Hauts-de-France,60,Oise,1,H1,10,871.904,-10907.827,Gel,113
2010,2010-2014,32,Hauts-de-France,60,Oise,1,H1,10,871.904,-10907.827,Inondation,4
2010,2010-2014,32,Hauts-de-France,60,Oise,1,H1,10,871.904,-10907.827,Sécheresse,52
2011,2010-2014,32,Hauts-de-France,60,Oise,1,H1,4,1478.400,890.314,Gel,57
2011,2010-2014,32,Hauts-de-France,60,Oise,1,H1,4,1478.400,890.314,Inondation,1
2011,2010-2014,32,Hauts-de-France,60,Oise,1,H1,4,1478.400,890.314,Sécheresse,60
2012,2010-2014,32,Hauts-de-France,60,Oise,1,H1,5,1142.510,343.100,Gel,66
2012,2010-2014,32,Hauts-de-France,60,Oise,1,H1,5,1142.510,343.100,Inondation,2
2012,2010-2014,32,Hauts-de-France,60,Oise,1,H1,5,1142.510,343.100,Sécheresse,52
2013,2010-2014,32,Hauts-de-France,60,Oise,1,H1,2,722.470,161.457,Gel,86
2013,2010-2014,32,Hauts-de-France,60,Oise,1,H1,2,722.470,161.457,Inondation,5
2013,2010-2014,32,Hauts-de-France,60,Oise,1,H1,2,722.470,161.457,Sécheresse,53
2014,2010-2014,32,Hauts-de-France,60,Oise,1,H1,2,591.860,172.170,Gel,39
2014,2010-2014,32,Hauts-de-France,60,Oise,1,H1,2,591.860,172.170,Inondation,4
2014,2010-2014,32,Hauts-de-France,60,Oise,1,H1,2,591.860,172.170,Sécheresse,53
2015,2015-2019,32,Hauts-de-France,60,Oise,1,H1,4,579.040,107.880,Gel,58
2015,2015-2019,32,Hauts-de-France,60,Oise,1,H1,4,579.040,107.880,Inondation,0
2015,2015-2019,32,Hauts-de-France,60,Oise,1,H1,4,579.040,107.880,Sécheresse,60
2016,2015-2019,32,Hauts-de-France,60,Oise,1,H1,12,2069.850,1723.647,Gel,78
2016,2015-2019,32,Hauts-de-France,60,Oise,1,H1,12,2069.850,1723.647,Inondation,2
2016,2015-2019,32,Hauts-de-France,60,Oise,1,H1,12,2069.850,1723.647,Sécheresse,61
2017,2015-2019,32,Hauts-de-France,60,Oise,1,H1,7,2478.531,608.758,Gel,68
2017,2015-2019,32,Hauts-de-France,60,Oise,1,H1,7,2478.531,608.758,Inondation,3
2017,2015-2019,32,Hauts-de-France,60,Oise,1,H1,7,2478.531,608.758,Sécheresse,62
2018,2015-2019,32,Hauts-de-France,60,Oise,1,H1,25,3210.272,2217.170,Gel,65
2018,2015-2019,32,Hauts-de-France,60,Oise,1,H1,25,3210.272,2217.170,Inondation,4
2018,2015-2019,32,Hauts-de-France,60,Oise,1,H1,25,3210.272,2217.170,Sécheresse,96
2019,2015-2019,32,Hauts-de-France,60,Oise,1,H1,24,4954.443,2575.496,Gel,66
2019,2015-2019,32,Hauts-de-France,60,Oise,1,H1,24,4954.443,2575.496,Inondation,1
2019,2015-2019,32,Hauts-de-France,60,Oise,1,H1,24,4954.443,2575.496,Sécheresse,72
2020,2020-2024,32,Hauts-de-France,60,Oise,1,H1,27,4452.186,1013.835,Gel,56
2020,2020-2024,32,Hauts-de-France,60,Oise,1,H1,27,4452.186,1013.835,Inondation,1
2020,2020-2024,32,Hauts-de-France,60,Oise,1,H1,27,4452.186,1013.835,Sécheresse,88
2021,2020-2024,32,Hauts-de-France,60,Oise,1,H1,17,3047.301,1886.018,Gel,82
2021,2020-2024,32,Hauts-de-France,60,Oise,1,H1,17,3047.301,1886.018,Inondation,4
2021,2020-2024,32,Hauts-de-France,60,Oise,1,H1,17,3047.301,1886.018,Sécheresse,54
2022,2020-2024,32,Hauts-de-France,60,Oise,1,H1,10,1857.014,-43.944,Gel,70
2022,2020-2024,32,Hauts-de-France,60,Oise,1,H1,10,1857.014,-43.944,Inondation,0
2022,2020-2024,32,Hauts-de-France,60,Oise,1,H1,10,1857.014,-43.944,Sécheresse,88
2023,2020-2024,32,Hauts-de-France,60,Oise,1,H1,5,992.940,-809.907,Gel,57
2023,2020-2024,32,Hauts-de-France,60,Oise,1,H1,5,992.940,-809.907,Inondation,0
2023,2020-2024,32,Hauts-de-France,60,Oise,1,H1,5,992.940,-809.907,Sécheresse,86
2024,2020-2024,32,Hauts-de-France,60,Oise,1,H1,7,704.491,-344.008,Gel,41
2024,2020-2024,32,Hauts-de-France,60,Oise,1,H1,7,704.491,-344.008,Inondation,3
2024,2020-2024,32,Hauts-de-France,60,Oise,1,H1,7,704.491,-344.008,Sécheresse,55
2010,2010-2014,28,Normandie,61,Orne,1,H1,27,4125.720,638.414,Gel,125
2010,2010-2014,28,Normandie,61,Orne,1,H1,27,4125.720,638.414,Inondation,3
2010,2010-2014,28,Normandie,61,Orne,1,H1,27,4125.720,638.414,Sécheresse,59
2011,2010-2014,28,Normandie,61,Orne,1,H1,18,4527.134,2825.388,Gel,74
2011,2010-2014,28,Normandie,61,Orne,1,H1,18,4527.134,2825.388,Inondation,4
2011,2010-2014,28,Normandie,61,Orne,1,H1,18,4527.134,2825.388,Sécheresse,49
2012,2010-2014,28,Normandie,61,Orne,1,H1,10,2985.638,621.827,Gel,76
2012,2010-2014,28,Normandie,61,Orne,1,H1,10,2985.638,621.827,Inondation,3
2012,2010-2014,28,Normandie,61,Orne,1,H1,10,2985.638,621.827,Sécheresse,42
2013,2010-2014,28,Normandie,61,Orne,1,H1,11,2083.775,358.721,Gel,94
2013,2010-2014,28,Normandie,61,Orne,1,H1,11,2083.775,358.721,Inondation,3
2013,2010-2014,28,Normandie,61,Orne,1,H1,11,2083.775,358.721,Sécheresse,58
2014,2010-2014,28,Normandie,61,Orne,1,H1,6,2048.937,917.698,Gel,42
2014,2010-2014,28,Normandie,61,Orne,1,H1,6,2048.937,917.698,Inondation,6
2014,2010-2014,28,Normandie,61,Orne,1,H1,6,2048.937,917.698,Sécheresse,40
2015,2015-2019,28,Normandie,61,Orne,1,H1,20,3290.392,2482.496,Gel,60
2015,2015-2019,28,Normandie,61,Orne,1,H1,20,3290.392,2482.496,Inondation,2
2015,2015-2019,28,Normandie,61,Orne,1,H1,20,3290.392,2482.496,Sécheresse,55
2016,2015-2019,28,Normandie,61,Orne,1,H1,34,4379.746,2058.641,Gel,87
2016,2015-2019,28,Normandie,61,Orne,1,H1,34,4379.746,2058.641,Inondation,0
2016,2015-2019,28,Normandie,61,Orne,1,H1,34,4379.746,2058.641,Sécheresse,55
2017,2015-2019,28,Normandie,61,Orne,1,H1,36,4802.908,2465.423,Gel,70
2017,2015-2019,28,Normandie,61,Orne,1,H1,36,4802.908,2465.423,Inondation,1
2017,2015-2019,28,Normandie,61,Orne,1,H1,36,4802.908,2465.423,Sécheresse,57
2018,2015-2019,28,Normandie,61,Orne,1,H1,24,4813.758,2389.819,Gel,66
2018,2015-2019,28,Normandie,61,Orne,1,H1,24,4813.758,2389.819,Inondation,8
2018,2015-2019,28,Normandie,61,Orne,1,H1,24,4813.758,2389.819,Sécheresse,89
2019,2015-2019,28,Normandie,61,Orne,1,H1,36,5024.319,2619.447,Gel,69
2019,2015-2019,28,Normandie,61,Orne,1,H1,36,5024.319,2619.447,Inondation,2
2019,2015-2019,28,Normandie,61,Orne,1,H1,36,5024.319,2619.447,Sécheresse,68
2020,2020-2024,28,Normandie,61,Orne,1,H1,29,5250.038,1986.948,Gel,53
2020,2020-2024,28,Normandie,61,Orne,1,H1,29,5250.038,1986.948,Inondation,1
2020,2020-2024,28,Normandie,61,Orne,1,H1,29,5250.038,1986.948,Sécheresse,80
2021,2020-2024,28,Normandie,61,Orne,1,H1,41,5887.475,1636.311,Gel,96
2021,2020-2024,28,Normandie,61,Orne,1,H1,41,5887.475,1636.311,Inondation,3
2021,2020-2024,28,Normandie,61,Orne,1,H1,41,5887.475,1636.311,Sécheresse,38
2022,2020-2024,28,Normandie,61,Orne,1,H1,35,3830.554,1078.698,Gel,63
2022,2020-2024,28,Normandie,61,Orne,1,H1,35,3830.554,1078.698,Inondation,1
2022,2020-2024,28,Normandie,61,Orne,1,H1,35,3830.554,1078.698,Sécheresse,83
2023,2020-2024,28,Normandie,61,Orne,1,H1,22,2365.283,-950.533,Gel,54
2023,2020-2024,28,Normandie,61,Orne,1,H1,22,2365.283,-950.533,Inondation,2
2023,2020-2024,28,Normandie,61,Orne,1,H1,22,2365.283,-950.533,Sécheresse,70
2024,2020-2024,28,Normandie,61,Orne,1,H1,30,2281.657,161.117,Gel,49
2024,2020-2024,28,Normandie,61,Orne,1,H1,30,2281.657,161.117,Inondation,5
2024,2020-2024,28,Normandie,61,Orne,1,H1,30,2281.657,161.117,Sécheresse,36
2010,2010-2014,32,Hauts-de-France,62,Pas-de-Calais,1,H1,11,1093.204,-32626.197,Gel,92
2010,2010-2014,32,Hauts-de-France,62,Pas-de-Calais,1,H1,11,1093.204,-32626.197,Inondation,2
2010,2010-2014,32,Hauts-de-France,62,Pas-de-Calais,1,H1,11,1093.204,-32626.197,Sécheresse,41
2011,2010-2014,32,Hauts-de-France,62,Pas-de-Calais,1,H1,5,1030.527,400.947,Gel,44
2011,2010-2014,32,Hauts-de-France,62,Pas-de-Calais,1,H1,5,1030.527,400.947,Inondation,4
2011,2010-2014,32,Hauts-de-France,62,Pas-de-Calais,1,H1,5,1030.527,400.947,Sécheresse,33
2012,2010-2014,32,Hauts-de-France,62,Pas-de-Calais,1,H1,8,575.252,334.728,Gel,51
2012,2010-2014,32,Hauts-de-France,62,Pas-de-Calais,1,H1,8,575.252,334.728,Inondation,7
2012,2010-2014,32,Hauts-de-France,62,Pas-de-Calais,1,H1,8,575.252,334.728,Sécheresse,34
2013,2010-2014,32,Hauts-de-France,62,Pas-de-Calais,1,H1,5,211.670,-407.979,Gel,78
2013,2010-2014,32,Hauts-de-France,62,Pas-de-Calais,1,H1,5,211.670,-407.979,Inondation,5
2013,2010-2014,32,Hauts-de-France,62,Pas-de-Calais,1,H1,5,211.670,-407.979,Sécheresse,43
2014,2010-2014,32,Hauts-de-France,62,Pas-de-Calais,1,H1,3,218.420,-167.398,Gel,32
2014,2010-2014,32,Hauts-de-France,62,Pas-de-Calais,1,H1,3,218.420,-167.398,Inondation,2
2014,2010-2014,32,Hauts-de-France,62,Pas-de-Calais,1,H1,3,218.420,-167.398,Sécheresse,30
2015,2015-2019,32,Hauts-de-France,62,Pas-de-Calais,1,H1,9,211.119,-20.151,Gel,47
2015,2015-2019,32,Hauts-de-France,62,Pas-de-Calais,1,H1,9,211.119,-20.151,Inondation,4
2015,2015-2019,32,Hauts-de-France,62,Pas-de-Calais,1,H1,9,211.119,-20.151,Sécheresse,43
2016,2015-2019,32,Hauts-de-France,62,Pas-de-Calais,1,H1,15,730.319,523.605,Gel,55
2016,2015-2019,32,Hauts-de-France,62,Pas-de-Calais,1,H1,15,730.319,523.605,Inondation,7
2016,2015-2019,32,Hauts-de-France,62,Pas-de-Calais,1,H1,15,730.319,523.605,Sécheresse,45
2017,2015-2019,32,Hauts-de-France,62,Pas-de-Calais,1,H1,29,1447.866,985.582,Gel,53
2017,2015-2019,32,Hauts-de-France,62,Pas-de-Calais,1,H1,29,1447.866,985.582,Inondation,3
2017,2015-2019,32,Hauts-de-France,62,Pas-de-Calais,1,H1,29,1447.866,985.582,Sécheresse,47
2018,2015-2019,32,Hauts-de-France,62,Pas-de-Calais,1,H1,21,1713.805,676.841,Gel,54
2018,2015-2019,32,Hauts-de-France,62,Pas-de-Calais,1,H1,21,1713.805,676.841,Inondation,2
2018,2015-2019,32,Hauts-de-France,62,Pas-de-Calais,1,H1,21,1713.805,676.841,Sécheresse,64
2019,2015-2019,32,Hauts-de-France,62,Pas-de-Calais,1,H1,32,2078.620,986.541,Gel,52
2019,2015-2019,32,Hauts-de-France,62,Pas-de-Calais,1,H1,32,2078.620,986.541,Inondation,2
2019,2015-2019,32,Hauts-de-France,62,Pas-de-Calais,1,H1,32,2078.620,986.541,Sécheresse,54
2020,2020-2024,32,Hauts-de-France,62,Pas-de-Calais,1,H1,22,2644.819,1661.170,Gel,44
2020,2020-2024,32,Hauts-de-France,62,Pas-de-Calais,1,H1,22,2644.819,1661.170,Inondation,5
2020,2020-2024,32,Hauts-de-France,62,Pas-de-Calais,1,H1,22,2644.819,1661.170,Sécheresse,54
2021,2020-2024,32,Hauts-de-France,62,Pas-de-Calais,1,H1,31,2809.923,1192.768,Gel,67
2021,2020-2024,32,Hauts-de-France,62,Pas-de-Calais,1,H1,31,2809.923,1192.768,Inondation,3
2021,2020-2024,32,Hauts-de-France,62,Pas-de-Calais,1,H1,31,2809.923,1192.768,Sécheresse,35
2022,2020-2024,32,Hauts-de-France,62,Pas-de-Calais,1,H1,12,1780.076,623.849,Gel,53
2022,2020-2024,32,Hauts-de-France,62,Pas-de-Calais,1,H1,12,1780.076,623.849,Inondation,6
2022,2020-2024,32,Hauts-de-France,62,Pas-de-Calais,1,H1,12,1780.076,623.849,Sécheresse,70
2023,2020-2024,32,Hauts-de-France,62,Pas-de-Calais,1,H1,10,555.373,-937.627,Gel,40
2023,2020-2024,32,Hauts-de-France,62,Pas-de-Calais,1,H1,10,555.373,-937.627,Inondation,5
2023,2020-2024,32,Hauts-de-France,62,Pas-de-Calais,1,H1,10,555.373,-937.627,Sécheresse,61
2024,2020-2024,32,Hauts-de-France,62,Pas-de-Calais,1,H1,12,768.193,707.921,Gel,33
2024,2020-2024,32,Hauts-de-France,62,Pas-de-Calais,1,H1,12,768.193,707.921,Inondation,4
2024,2020-2024,32,Hauts-de-France,62,Pas-de-Calais,1,H1,12,768.193,707.921,Sécheresse,44
2010,2010-2014,84,Auvergne-Rhône-Alpes,63,Puy-de-Dôme,1,H1,25,2991.250,64.299,Gel,179
2010,2010-2014,84,Auvergne-Rhône-Alpes,63,Puy-de-Dôme,1,H1,25,2991.250,64.299,Inondation,17
2010,2010-2014,84,Auvergne-Rhône-Alpes,63,Puy-de-Dôme,1,H1,25,2991.250,64.299,Sécheresse,75
2011,2010-2014,84,Auvergne-Rhône-Alpes,63,Puy-de-Dôme,1,H1,17,2153.253,783.760,Gel,140
2011,2010-2014,84,Auvergne-Rhône-Alpes,63,Puy-de-Dôme,1,H1,17,2153.253,783.760,Inondation,17
2011,2010-2014,84,Auvergne-Rhône-Alpes,63,Puy-de-Dôme,1,H1,17,2153.253,783.760,Sécheresse,101
2012,2010-2014,84,Auvergne-Rhône-Alpes,63,Puy-de-Dôme,1,H1,12,1027.968,-73.156,Gel,175
2012,2010-2014,84,Auvergne-Rhône-Alpes,63,Puy-de-Dôme,1,H1,12,1027.968,-73.156,Inondation,19
2012,2010-2014,84,Auvergne-Rhône-Alpes,63,Puy-de-Dôme,1,H1,12,1027.968,-73.156,Sécheresse,90
2013,2010-2014,84,Auvergne-Rhône-Alpes,63,Puy-de-Dôme,1,H1,12,575.259,165.219,Gel,171
2013,2010-2014,84,Auvergne-Rhône-Alpes,63,Puy-de-Dôme,1,H1,12,575.259,165.219,Inondation,16
2013,2010-2014,84,Auvergne-Rhône-Alpes,63,Puy-de-Dôme,1,H1,12,575.259,165.219,Sécheresse,72
2014,2010-2014,84,Auvergne-Rhône-Alpes,63,Puy-de-Dôme,1,H1,10,641.855,281.887,Gel,162
2014,2010-2014,84,Auvergne-Rhône-Alpes,63,Puy-de-Dôme,1,H1,10,641.855,281.887,Inondation,19
2014,2010-2014,84,Auvergne-Rhône-Alpes,63,Puy-de-Dôme,1,H1,10,641.855,281.887,Sécheresse,67
2015,2015-2019,84,Auvergne-Rhône-Alpes,63,Puy-de-Dôme,1,H1,27,1697.742,962.220,Gel,172
2015,2015-2019,84,Auvergne-Rhône-Alpes,63,Puy-de-Dôme,1,H1,27,1697.742,962.220,Inondation,15
2015,2015-2019,84,Auvergne-Rhône-Alpes,63,Puy-de-Dôme,1,H1,27,1697.742,962.220,Sécheresse,83
2016,2015-2019,84,Auvergne-Rhône-Alpes,63,Puy-de-Dôme,1,H1,55,7065.337,5627.501,Gel,190
2016,2015-2019,84,Auvergne-Rhône-Alpes,63,Puy-de-Dôme,1,H1,55,7065.337,5627.501,Inondation,18
2016,2015-2019,84,Auvergne-Rhône-Alpes,63,Puy-de-Dôme,1,H1,55,7065.337,5627.501,Sécheresse,78
2017,2015-2019,84,Auvergne-Rhône-Alpes,63,Puy-de-Dôme,1,H1,42,8984.782,3133.021,Gel,175
2017,2015-2019,84,Auvergne-Rhône-Alpes,63,Puy-de-Dôme,1,H1,42,8984.782,3133.021,Inondation,15
2017,2015-2019,84,Auvergne-Rhône-Alpes,63,Puy-de-Dôme,1,H1,42,8984.782,3133.021,Sécheresse,95
2018,2015-2019,84,Auvergne-Rhône-Alpes,63,Puy-de-Dôme,1,H1,48,6295.036,2530.695,Gel,151
2018,2015-2019,84,Auvergne-Rhône-Alpes,63,Puy-de-Dôme,1,H1,48,6295.036,2530.695,Inondation,17
2018,2015-2019,84,Auvergne-Rhône-Alpes,63,Puy-de-Dôme,1,H1,48,6295.036,2530.695,Sécheresse,109
2019,2015-2019,84,Auvergne-Rhône-Alpes,63,Puy-de-Dôme,1,H1,46,4632.315,960.435,Gel,178
2019,2015-2019,84,Auvergne-Rhône-Alpes,63,Puy-de-Dôme,1,H1,46,4632.315,960.435,Inondation,17
2019,2015-2019,84,Auvergne-Rhône-Alpes,63,Puy-de-Dôme,1,H1,46,4632.315,960.435,Sécheresse,93
2020,2020-2024,84,Auvergne-Rhône-Alpes,63,Puy-de-Dôme,1,H1,49,3996.982,1816.189,Gel,160
2020,2020-2024,84,Auvergne-Rhône-Alpes,63,Puy-de-Dôme,1,H1,49,3996.982,1816.189,Inondation,15
2020,2020-2024,84,Auvergne-Rhône-Alpes,63,Puy-de-Dôme,1,H1,49,3996.982,1816.189,Sécheresse,99
2021,2020-2024,84,Auvergne-Rhône-Alpes,63,Puy-de-Dôme,1,H1,51,4490.003,2097.191,Gel,197
2021,2020-2024,84,Auvergne-Rhône-Alpes,63,Puy-de-Dôme,1,H1,51,4490.003,2097.191,Inondation,22
2021,2020-2024,84,Auvergne-Rhône-Alpes,63,Puy-de-Dôme,1,H1,51,4490.003,2097.191,Sécheresse,75
2022,2020-2024,84,Auvergne-Rhône-Alpes,63,Puy-de-Dôme,1,H1,48,3689.449,1565.668,Gel,140
2022,2020-2024,84,Auvergne-Rhône-Alpes,63,Puy-de-Dôme,1,H1,48,3689.449,1565.668,Inondation,10
2022,2020-2024,84,Auvergne-Rhône-Alpes,63,Puy-de-Dôme,1,H1,48,3689.449,1565.668,Sécheresse,121
2023,2020-2024,84,Auvergne-Rhône-Alpes,63,Puy-de-Dôme,1,H1,49,2151.495,-1447.463,Gel,136
2023,2020-2024,84,Auvergne-Rhône-Alpes,63,Puy-de-Dôme,1,H1,49,2151.495,-1447.463,Inondation,18
2023,2020-2024,84,Auvergne-Rhône-Alpes,63,Puy-de-Dôme,1,H1,49,2151.495,-1447.463,Sécheresse,126
2024,2020-2024,84,Auvergne-Rhône-Alpes,63,Puy-de-Dôme,1,H1,51,2570.814,758.198,Gel,133
2024,2020-2024,84,Auvergne-Rhône-Alpes,63,Puy-de-Dôme,1,H1,51,2570.814,758.198,Inondation,10
2024,2020-2024,84,Auvergne-Rhône-Alpes,63,Puy-de-Dôme,1,H1,51,2570.814,758.198,Sécheresse,85
2010,2010-2014,75,Nouvelle-Aquitaine,64,Pyrénées-Atlantiques,2,H2,25,1203.352,-23540.347,Gel,180
2010,2010-2014,75,Nouvelle-Aquitaine,64,Pyrénées-Atlantiques,2,H2,25,1203.352,-23540.347,Inondation,22
2010,2010-2014,75,Nouvelle-Aquitaine,64,Pyrénées-Atlantiques,2,H2,25,1203.352,-23540.347,Sécheresse,110
2011,2010-2014,75,Nouvelle-Aquitaine,64,Pyrénées-Atlantiques,2,H2,12,1616.164,1087.579,Gel,151
2011,2010-2014,75,Nouvelle-Aquitaine,64,Pyrénées-Atlantiques,2,H2,12,1616.164,1087.579,Inondation,26
2011,2010-2014,75,Nouvelle-Aquitaine,64,Pyrénées-Atlantiques,2,H2,12,1616.164,1087.579,Sécheresse,128
2012,2010-2014,75,Nouvelle-Aquitaine,64,Pyrénées-Atlantiques,2,H2,16,1042.740,881.540,Gel,174
2012,2010-2014,75,Nouvelle-Aquitaine,64,Pyrénées-Atlantiques,2,H2,16,1042.740,881.540,Inondation,18
2012,2010-2014,75,Nouvelle-Aquitaine,64,Pyrénées-Atlantiques,2,H2,16,1042.740,881.540,Sécheresse,119
2013,2010-2014,75,Nouvelle-Aquitaine,64,Pyrénées-Atlantiques,2,H2,11,654.674,-701.370,Gel,194
2013,2010-2014,75,Nouvelle-Aquitaine,64,Pyrénées-Atlantiques,2,H2,11,654.674,-701.370,Inondation,37
2013,2010-2014,75,Nouvelle-Aquitaine,64,Pyrénées-Atlantiques,2,H2,11,654.674,-701.370,Sécheresse,114
2014,2010-2014,75,Nouvelle-Aquitaine,64,Pyrénées-Atlantiques,2,H2,16,522.290,292.713,Gel,161
2014,2010-2014,75,Nouvelle-Aquitaine,64,Pyrénées-Atlantiques,2,H2,16,522.290,292.713,Inondation,33
2014,2010-2014,75,Nouvelle-Aquitaine,64,Pyrénées-Atlantiques,2,H2,16,522.290,292.713,Sécheresse,130
2015,2015-2019,75,Nouvelle-Aquitaine,64,Pyrénées-Atlantiques,2,H2,31,1159.870,1054.387,Gel,146
2015,2015-2019,75,Nouvelle-Aquitaine,64,Pyrénées-Atlantiques,2,H2,31,1159.870,1054.387,Inondation,27
2015,2015-2019,75,Nouvelle-Aquitaine,64,Pyrénées-Atlantiques,2,H2,31,1159.870,1054.387,Sécheresse,124
2016,2015-2019,75,Nouvelle-Aquitaine,64,Pyrénées-Atlantiques,2,H2,42,1925.076,1364.083,Gel,178
2016,2015-2019,75,Nouvelle-Aquitaine,64,Pyrénées-Atlantiques,2,H2,42,1925.076,1364.083,Inondation,25
2016,2015-2019,75,Nouvelle-Aquitaine,64,Pyrénées-Atlantiques,2,H2,42,1925.076,1364.083,Sécheresse,126
2017,2015-2019,75,Nouvelle-Aquitaine,64,Pyrénées-Atlantiques,2,H2,50,3106.499,2402.964,Gel,165
2017,2015-2019,75,Nouvelle-Aquitaine,64,Pyrénées-Atlantiques,2,H2,50,3106.499,2402.964,Inondation,26
2017,2015-2019,75,Nouvelle-Aquitaine,64,Pyrénées-Atlantiques,2,H2,50,3106.499,2402.964,Sécheresse,126
2018,2015-2019,75,Nouvelle-Aquitaine,64,Pyrénées-Atlantiques,2,H2,67,4385.410,2037.067,Gel,163
2018,2015-2019,75,Nouvelle-Aquitaine,64,Pyrénées-Atlantiques,2,H2,67,4385.410,2037.067,Inondation,30
2018,2015-2019,75,Nouvelle-Aquitaine,64,Pyrénées-Atlantiques,2,H2,67,4385.410,2037.067,Sécheresse,130
2019,2015-2019,75,Nouvelle-Aquitaine,64,Pyrénées-Atlantiques,2,H2,64,3921.052,1346.094,Gel,186
2019,2015-2019,75,Nouvelle-Aquitaine,64,Pyrénées-Atlantiques,2,H2,64,3921.052,1346.094,Inondation,33
2019,2015-2019,75,Nouvelle-Aquitaine,64,Pyrénées-Atlantiques,2,H2,64,3921.052,1346.094,Sécheresse,121
2020,2020-2024,75,Nouvelle-Aquitaine,64,Pyrénées-Atlantiques,2,H2,68,3291.648,1860.153,Gel,150
2020,2020-2024,75,Nouvelle-Aquitaine,64,Pyrénées-Atlantiques,2,H2,68,3291.648,1860.153,Inondation,29
2020,2020-2024,75,Nouvelle-Aquitaine,64,Pyrénées-Atlantiques,2,H2,68,3291.648,1860.153,Sécheresse,130
2021,2020-2024,75,Nouvelle-Aquitaine,64,Pyrénées-Atlantiques,2,H2,100,3417.622,1435.741,Gel,157
2021,2020-2024,75,Nouvelle-Aquitaine,64,Pyrénées-Atlantiques,2,H2,100,3417.622,1435.741,Inondation,19
2021,2020-2024,75,Nouvelle-Aquitaine,64,Pyrénées-Atlantiques,2,H2,100,3417.622,1435.741,Sécheresse,113
2022,2020-2024,75,Nouvelle-Aquitaine,64,Pyrénées-Atlantiques,2,H2,67,2929.392,1235.823,Gel,141
2022,2020-2024,75,Nouvelle-Aquitaine,64,Pyrénées-Atlantiques,2,H2,67,2929.392,1235.823,Inondation,16
2022,2020-2024,75,Nouvelle-Aquitaine,64,Pyrénées-Atlantiques,2,H2,67,2929.392,1235.823,Sécheresse,148
2023,2020-2024,75,Nouvelle-Aquitaine,64,Pyrénées-Atlantiques,2,H2,83,2059.419,-2111.437,Gel,154
2023,2020-2024,75,Nouvelle-Aquitaine,64,Pyrénées-Atlantiques,2,H2,83,2059.419,-2111.437,Inondation,29
2023,2020-2024,75,Nouvelle-Aquitaine,64,Pyrénées-Atlantiques,2,H2,83,2059.419,-2111.437,Sécheresse,147
2024,2020-2024,75,Nouvelle-Aquitaine,64,Pyrénées-Atlantiques,2,H2,88,1957.768,641.331,Gel,144
2024,2020-2024,75,Nouvelle-Aquitaine,64,Pyrénées-Atlantiques,2,H2,88,1957.768,641.331,Inondation,26
2024,2020-2024,75,Nouvelle-Aquitaine,64,Pyrénées-Atlantiques,2,H2,88,1957.768,641.331,Sécheresse,122
2010,2010-2014,76,Occitanie,65,Hautes-Pyrénées,2,H2,13,682.850,-16007.892,Gel,251
2010,2010-2014,76,Occitanie,65,Hautes-Pyrénées,2,H2,13,682.850,-16007.892,Inondation,17
2010,2010-2014,76,Occitanie,65,Hautes-Pyrénées,2,H2,13,682.850,-16007.892,Sécheresse,102
2011,2010-2014,76,Occitanie,65,Hautes-Pyrénées,2,H2,6,853.080,198.774,Gel,234
2011,2010-2014,76,Occitanie,65,Hautes-Pyrénées,2,H2,6,853.080,198.774,Inondation,18
2011,2010-2014,76,Occitanie,65,Hautes-Pyrénées,2,H2,6,853.080,198.774,Sécheresse,125
2012,2010-2014,76,Occitanie,65,Hautes-Pyrénées,2,H2,6,461.288,261.478,Gel,237
2012,2010-2014,76,Occitanie,65,Hautes-Pyrénées,2,H2,6,461.288,261.478,Inondation,13
2012,2010-2014,76,Occitanie,65,Hautes-Pyrénées,2,H2,6,461.288,261.478,Sécheresse,105
2013,2010-2014,76,Occitanie,65,Hautes-Pyrénées,2,H2,1,314.028,15.582,Gel,249
2013,2010-2014,76,Occitanie,65,Hautes-Pyrénées,2,H2,1,314.028,15.582,Inondation,23
2013,2010-2014,76,Occitanie,65,Hautes-Pyrénées,2,H2,1,314.028,15.582,Sécheresse,100
2014,2010-2014,76,Occitanie,65,Hautes-Pyrénées,2,H2,1,177.670,19.772,Gel,232
2014,2010-2014,76,Occitanie,65,Hautes-Pyrénées,2,H2,1,177.670,19.772,Inondation,21
2014,2010-2014,76,Occitanie,65,Hautes-Pyrénées,2,H2,1,177.670,19.772,Sécheresse,122
2015,2015-2019,76,Occitanie,65,Hautes-Pyrénées,2,H2,31,1682.273,2023.624,Gel,230
2015,2015-2019,76,Occitanie,65,Hautes-Pyrénées,2,H2,31,1682.273,2023.624,Inondation,19
2015,2015-2019,76,Occitanie,65,Hautes-Pyrénées,2,H2,31,1682.273,2023.624,Sécheresse,101
2016,2015-2019,76,Occitanie,65,Hautes-Pyrénées,2,H2,23,2654.733,1079.460,Gel,248
2016,2015-2019,76,Occitanie,65,Hautes-Pyrénées,2,H2,23,2654.733,1079.460,Inondation,10
2016,2015-2019,76,Occitanie,65,Hautes-Pyrénées,2,H2,23,2654.733,1079.460,Sécheresse,100
2017,2015-2019,76,Occitanie,65,Hautes-Pyrénées,2,H2,20,1515.173,684.298,Gel,232
2017,2015-2019,76,Occitanie,65,Hautes-Pyrénées,2,H2,20,1515.173,684.298,Inondation,14
2017,2015-2019,76,Occitanie,65,Hautes-Pyrénées,2,H2,20,1515.173,684.298,Sécheresse,115
2018,2015-2019,76,Occitanie,65,Hautes-Pyrénées,2,H2,45,3231.958,2333.175,Gel,221
2018,2015-2019,76,Occitanie,65,Hautes-Pyrénées,2,H2,45,3231.958,2333.175,Inondation,21
2018,2015-2019,76,Occitanie,65,Hautes-Pyrénées,2,H2,45,3231.958,2333.175,Sécheresse,120
2019,2015-2019,76,Occitanie,65,Hautes-Pyrénées,2,H2,33,3469.874,634.146,Gel,240
2019,2015-2019,76,Occitanie,65,Hautes-Pyrénées,2,H2,33,3469.874,634.146,Inondation,17
2019,2015-2019,76,Occitanie,65,Hautes-Pyrénées,2,H2,33,3469.874,634.146,Sécheresse,108
2020,2020-2024,76,Occitanie,65,Hautes-Pyrénées,2,H2,33,1799.005,407.516,Gel,241
2020,2020-2024,76,Occitanie,65,Hautes-Pyrénées,2,H2,33,1799.005,407.516,Inondation,12
2020,2020-2024,76,Occitanie,65,Hautes-Pyrénées,2,H2,33,1799.005,407.516,Sécheresse,113
2021,2020-2024,76,Occitanie,65,Hautes-Pyrénées,2,H2,44,1653.105,1263.512,Gel,239
2021,2020-2024,76,Occitanie,65,Hautes-Pyrénées,2,H2,44,1653.105,1263.512,Inondation,8
2021,2020-2024,76,Occitanie,65,Hautes-Pyrénées,2,H2,44,1653.105,1263.512,Sécheresse,101
2022,2020-2024,76,Occitanie,65,Hautes-Pyrénées,2,H2,32,1496.001,-134.394,Gel,205
2022,2020-2024,76,Occitanie,65,Hautes-Pyrénées,2,H2,32,1496.001,-134.394,Inondation,11
2022,2020-2024,76,Occitanie,65,Hautes-Pyrénées,2,H2,32,1496.001,-134.394,Sécheresse,149
2023,2020-2024,76,Occitanie,65,Hautes-Pyrénées,2,H2,78,1250.591,898.898,Gel,225
2023,2020-2024,76,Occitanie,65,Hautes-Pyrénées,2,H2,78,1250.591,898.898,Inondation,17
2023,2020-2024,76,Occitanie,65,Hautes-Pyrénées,2,H2,78,1250.591,898.898,Sécheresse,143
2024,2020-2024,76,Occitanie,65,Hautes-Pyrénées,2,H2,109,2087.665,-714.864,Gel,228
2024,2020-2024,76,Occitanie,65,Hautes-Pyrénées,2,H2,109,2087.665,-714.864,Inondation,12
2024,2020-2024,76,Occitanie,65,Hautes-Pyrénées,2,H2,109,2087.665,-714.864,Sécheresse,108
2010,2010-2014,76,Occitanie,66,Pyrénées-Orientales,3,H3,38,2725.333,-1238.511,Gel,215
2010,2010-2014,76,Occitanie,66,Pyrénées-Orientales,3,H3,38,2725.333,-1238.511,Inondation,19
2010,2010-2014,76,Occitanie,66,Pyrénées-Orientales,3,H3,38,2725.333,-1238.511,Sécheresse,148
2011,2010-2014,76,Occitanie,66,Pyrénées-Orientales,3,H3,32,3054.015,1858.802,Gel,191
2011,2010-2014,76,Occitanie,66,Pyrénées-Orientales,3,H3,32,3054.015,1858.802,Inondation,22
2011,2010-2014,76,Occitanie,66,Pyrénées-Orientales,3,H3,32,3054.015,1858.802,Sécheresse,156
2012,2010-2014,76,Occitanie,66,Pyrénées-Orientales,3,H3,19,2263.999,442.450,Gel,210
2012,2010-2014,76,Occitanie,66,Pyrénées-Orientales,3,H3,19,2263.999,442.450,Inondation,9
2012,2010-2014,76,Occitanie,66,Pyrénées-Orientales,3,H3,19,2263.999,442.450,Sécheresse,148
2013,2010-2014,76,Occitanie,66,Pyrénées-Orientales,3,H3,18,1841.705,1043.333,Gel,209
2013,2010-2014,76,Occitanie,66,Pyrénées-Orientales,3,H3,18,1841.705,1043.333,Inondation,12
2013,2010-2014,76,Occitanie,66,Pyrénées-Orientales,3,H3,18,1841.705,1043.333,Sécheresse,142
2014,2010-2014,76,Occitanie,66,Pyrénées-Orientales,3,H3,16,1641.341,-19.494,Gel,186
2014,2010-2014,76,Occitanie,66,Pyrénées-Orientales,3,H3,16,1641.341,-19.494,Inondation,13
2014,2010-2014,76,Occitanie,66,Pyrénées-Orientales,3,H3,16,1641.341,-19.494,Sécheresse,155
2015,2015-2019,76,Occitanie,66,Pyrénées-Orientales,3,H3,45,3258.544,1098.523,Gel,178
2015,2015-2019,76,Occitanie,66,Pyrénées-Orientales,3,H3,45,3258.544,1098.523,Inondation,14
2015,2015-2019,76,Occitanie,66,Pyrénées-Orientales,3,H3,45,3258.544,1098.523,Sécheresse,151
2016,2015-2019,76,Occitanie,66,Pyrénées-Orientales,3,H3,36,4370.729,2385.316,Gel,212
2016,2015-2019,76,Occitanie,66,Pyrénées-Orientales,3,H3,36,4370.729,2385.316,Inondation,7
2016,2015-2019,76,Occitanie,66,Pyrénées-Orientales,3,H3,36,4370.729,2385.316,Sécheresse,140
2017,2015-2019,76,Occitanie,66,Pyrénées-Orientales,3,H3,48,3027.527,2176.449,Gel,193
2017,2015-2019,76,Occitanie,66,Pyrénées-Orientales,3,H3,48,3027.527,2176.449,Inondation,12
2017,2015-2019,76,Occitanie,66,Pyrénées-Orientales,3,H3,48,3027.527,2176.449,Sécheresse,172
2018,2015-2019,76,Occitanie,66,Pyrénées-Orientales,3,H3,75,3831.729,1455.918,Gel,176
2018,2015-2019,76,Occitanie,66,Pyrénées-Orientales,3,H3,75,3831.729,1455.918,Inondation,24
2018,2015-2019,76,Occitanie,66,Pyrénées-Orientales,3,H3,75,3831.729,1455.918,Sécheresse,151
2019,2015-2019,76,Occitanie,66,Pyrénées-Orientales,3,H3,100,5076.331,4850.180,Gel,208
2019,2015-2019,76,Occitanie,66,Pyrénées-Orientales,3,H3,100,5076.331,4850.180,Inondation,10
2019,2015-2019,76,Occitanie,66,Pyrénées-Orientales,3,H3,100,5076.331,4850.180,Sécheresse,142
2020,2020-2024,76,Occitanie,66,Pyrénées-Orientales,3,H3,71,6398.841,1200.867,Gel,179
2020,2020-2024,76,Occitanie,66,Pyrénées-Orientales,3,H3,71,6398.841,1200.867,Inondation,17
2020,2020-2024,76,Occitanie,66,Pyrénées-Orientales,3,H3,71,6398.841,1200.867,Sécheresse,138
2021,2020-2024,76,Occitanie,66,Pyrénées-Orientales,3,H3,71,5537.364,1745.975,Gel,199
2021,2020-2024,76,Occitanie,66,Pyrénées-Orientales,3,H3,71,5537.364,1745.975,Inondation,10
2021,2020-2024,76,Occitanie,66,Pyrénées-Orientales,3,H3,71,5537.364,1745.975,Sécheresse,146
2022,2020-2024,76,Occitanie,66,Pyrénées-Orientales,3,H3,55,3848.942,-1582.802,Gel,166
2022,2020-2024,76,Occitanie,66,Pyrénées-Orientales,3,H3,55,3848.942,-1582.802,Inondation,7
2022,2020-2024,76,Occitanie,66,Pyrénées-Orientales,3,H3,55,3848.942,-1582.802,Sécheresse,166
2023,2020-2024,76,Occitanie,66,Pyrénées-Orientales,3,H3,67,3853.000,1577.922,Gel,174
2023,2020-2024,76,Occitanie,66,Pyrénées-Orientales,3,H3,67,3853.000,1577.922,Inondation,3
2023,2020-2024,76,Occitanie,66,Pyrénées-Orientales,3,H3,67,3853.000,1577.922,Sécheresse,170
2024,2020-2024,76,Occitanie,66,Pyrénées-Orientales,3,H3,67,2467.982,-4208.976,Gel,175
2024,2020-2024,76,Occitanie,66,Pyrénées-Orientales,3,H3,67,2467.982,-4208.976,Inondation,7
2024,2020-2024,76,Occitanie,66,Pyrénées-Orientales,3,H3,67,2467.982,-4208.976,Sécheresse,148
2010,2010-2014,44,Grand Est,67,Bas-Rhin,1,H1,25,2721.222,-13776.850,Gel,145
2010,2010-2014,44,Grand Est,67,Bas-Rhin,1,H1,25,2721.222,-13776.850,Inondation,5
2010,2010-2014,44,Grand Est,67,Bas-Rhin,1,H1,25,2721.222,-13776.850,Sécheresse,64
2011,2010-2014,44,Grand Est,67,Bas-Rhin,1,H1,12,1894.231,994.014,Gel,125
2011,2010-2014,44,Grand Est,67,Bas-Rhin,1,H1,12,1894.231,994.014,Inondation,7
2011,2010-2014,44,Grand Est,67,Bas-Rhin,1,H1,12,1894.231,994.014,Sécheresse,97
2012,2010-2014,44,Grand Est,67,Bas-Rhin,1,H1,10,1013.392,419.238,Gel,128
2012,2010-2014,44,Grand Est,67,Bas-Rhin,1,H1,10,1013.392,419.238,Inondation,3
2012,2010-2014,44,Grand Est,67,Bas-Rhin,1,H1,10,1013.392,419.238,Sécheresse,90
2013,2010-2014,44,Grand Est,67,Bas-Rhin,1,H1,9,879.849,418.863,Gel,149
2013,2010-2014,44,Grand Est,67,Bas-Rhin,1,H1,9,879.849,418.863,Inondation,8
2013,2010-2014,44,Grand Est,67,Bas-Rhin,1,H1,9,879.849,418.863,Sécheresse,80
2014,2010-2014,44,Grand Est,67,Bas-Rhin,1,H1,11,1179.019,342.592,Gel,104
2014,2010-2014,44,Grand Est,67,Bas-Rhin,1,H1,11,1179.019,342.592,Inondation,7
2014,2010-2014,44,Grand Est,67,Bas-Rhin,1,H1,11,1179.019,342.592,Sécheresse,84
2015,2015-2019,44,Grand Est,67,Bas-Rhin,1,H1,20,1587.534,1321.416,Gel,126
2015,2015-2019,44,Grand Est,67,Bas-Rhin,1,H1,20,1587.534,1321.416,Inondation,3
2015,2015-2019,44,Grand Est,67,Bas-Rhin,1,H1,20,1587.534,1321.416,Sécheresse,77
2016,2015-2019,44,Grand Est,67,Bas-Rhin,1,H1,21,2427.278,1319.076,Gel,149
2016,2015-2019,44,Grand Est,67,Bas-Rhin,1,H1,21,2427.278,1319.076,Inondation,5
2016,2015-2019,44,Grand Est,67,Bas-Rhin,1,H1,21,2427.278,1319.076,Sécheresse,88
2017,2015-2019,44,Grand Est,67,Bas-Rhin,1,H1,29,3248.554,1133.689,Gel,138
2017,2015-2019,44,Grand Est,67,Bas-Rhin,1,H1,29,3248.554,1133.689,Inondation,3
2017,2015-2019,44,Grand Est,67,Bas-Rhin,1,H1,29,3248.554,1133.689,Sécheresse,91
2018,2015-2019,44,Grand Est,67,Bas-Rhin,1,H1,47,3241.834,1476.733,Gel,124
2018,2015-2019,44,Grand Est,67,Bas-Rhin,1,H1,47,3241.834,1476.733,Inondation,11
2018,2015-2019,44,Grand Est,67,Bas-Rhin,1,H1,47,3241.834,1476.733,Sécheresse,122
2019,2015-2019,44,Grand Est,67,Bas-Rhin,1,H1,76,3848.002,2195.270,Gel,139
2019,2015-2019,44,Grand Est,67,Bas-Rhin,1,H1,76,3848.002,2195.270,Inondation,3
2019,2015-2019,44,Grand Est,67,Bas-Rhin,1,H1,76,3848.002,2195.270,Sécheresse,96
2020,2020-2024,44,Grand Est,67,Bas-Rhin,1,H1,89,5022.353,2200.975,Gel,127
2020,2020-2024,44,Grand Est,67,Bas-Rhin,1,H1,89,5022.353,2200.975,Inondation,5
2020,2020-2024,44,Grand Est,67,Bas-Rhin,1,H1,89,5022.353,2200.975,Sécheresse,109
2021,2020-2024,44,Grand Est,67,Bas-Rhin,1,H1,64,5352.007,1793.531,Gel,157
2021,2020-2024,44,Grand Est,67,Bas-Rhin,1,H1,64,5352.007,1793.531,Inondation,7
2021,2020-2024,44,Grand Est,67,Bas-Rhin,1,H1,64,5352.007,1793.531,Sécheresse,74
2022,2020-2024,44,Grand Est,67,Bas-Rhin,1,H1,20,2980.704,397.599,Gel,119
2022,2020-2024,44,Grand Est,67,Bas-Rhin,1,H1,20,2980.704,397.599,Inondation,4
2022,2020-2024,44,Grand Est,67,Bas-Rhin,1,H1,20,2980.704,397.599,Sécheresse,118
2023,2020-2024,44,Grand Est,67,Bas-Rhin,1,H1,11,1280.848,-1170.992,Gel,106
2023,2020-2024,44,Grand Est,67,Bas-Rhin,1,H1,11,1280.848,-1170.992,Inondation,3
2023,2020-2024,44,Grand Est,67,Bas-Rhin,1,H1,11,1280.848,-1170.992,Sécheresse,120
2024,2020-2024,44,Grand Est,67,Bas-Rhin,1,H1,18,1073.697,-0.635,Gel,97
2024,2020-2024,44,Grand Est,67,Bas-Rhin,1,H1,18,1073.697,-0.635,Inondation,4
2024,2020-2024,44,Grand Est,67,Bas-Rhin,1,H1,18,1073.697,-0.635,Sécheresse,91
2010,2010-2014,44,Grand Est,68,Haut-Rhin,1,H1,20,682.272,-17134.611,Gel,156
2010,2010-2014,44,Grand Est,68,Haut-Rhin,1,H1,20,682.272,-17134.611,Inondation,14
2010,2010-2014,44,Grand Est,68,Haut-Rhin,1,H1,20,682.272,-17134.611,Sécheresse,74
2011,2010-2014,44,Grand Est,68,Haut-Rhin,1,H1,25,1039.760,1046.570,Gel,132
2011,2010-2014,44,Grand Est,68,Haut-Rhin,1,H1,25,1039.760,1046.570,Inondation,13
2011,2010-2014,44,Grand Est,68,Haut-Rhin,1,H1,25,1039.760,1046.570,Sécheresse,99
2012,2010-2014,44,Grand Est,68,Haut-Rhin,1,H1,8,851.930,120.315,Gel,149
2012,2010-2014,44,Grand Est,68,Haut-Rhin,1,H1,8,851.930,120.315,Inondation,22
2012,2010-2014,44,Grand Est,68,Haut-Rhin,1,H1,8,851.930,120.315,Sécheresse,86
2013,2010-2014,44,Grand Est,68,Haut-Rhin,1,H1,15,632.844,340.838,Gel,158
2013,2010-2014,44,Grand Est,68,Haut-Rhin,1,H1,15,632.844,340.838,Inondation,20
2013,2010-2014,44,Grand Est,68,Haut-Rhin,1,H1,15,632.844,340.838,Sécheresse,83
2014,2010-2014,44,Grand Est,68,Haut-Rhin,1,H1,7,332.040,-148.037,Gel,116
2014,2010-2014,44,Grand Est,68,Haut-Rhin,1,H1,7,332.040,-148.037,Inondation,11
2014,2010-2014,44,Grand Est,68,Haut-Rhin,1,H1,7,332.040,-148.037,Sécheresse,74
2015,2015-2019,44,Grand Est,68,Haut-Rhin,1,H1,15,655.067,372.184,Gel,132
2015,2015-2019,44,Grand Est,68,Haut-Rhin,1,H1,15,655.067,372.184,Inondation,11
2015,2015-2019,44,Grand Est,68,Haut-Rhin,1,H1,15,655.067,372.184,Sécheresse,83
2016,2015-2019,44,Grand Est,68,Haut-Rhin,1,H1,54,1373.914,672.962,Gel,149
2016,2015-2019,44,Grand Est,68,Haut-Rhin,1,H1,54,1373.914,672.962,Inondation,15
2016,2015-2019,44,Grand Est,68,Haut-Rhin,1,H1,54,1373.914,672.962,Sécheresse,90
2017,2015-2019,44,Grand Est,68,Haut-Rhin,1,H1,33,1725.578,978.306,Gel,144
2017,2015-2019,44,Grand Est,68,Haut-Rhin,1,H1,33,1725.578,978.306,Inondation,12
2017,2015-2019,44,Grand Est,68,Haut-Rhin,1,H1,33,1725.578,978.306,Sécheresse,94
2018,2015-2019,44,Grand Est,68,Haut-Rhin,1,H1,42,1877.703,986.769,Gel,123
2018,2015-2019,44,Grand Est,68,Haut-Rhin,1,H1,42,1877.703,986.769,Inondation,29
2018,2015-2019,44,Grand Est,68,Haut-Rhin,1,H1,42,1877.703,986.769,Sécheresse,129
2019,2015-2019,44,Grand Est,68,Haut-Rhin,1,H1,48,2200.939,1398.080,Gel,141
2019,2015-2019,44,Grand Est,68,Haut-Rhin,1,H1,48,2200.939,1398.080,Inondation,16
2019,2015-2019,44,Grand Est,68,Haut-Rhin,1,H1,48,2200.939,1398.080,Sécheresse,94
2020,2020-2024,44,Grand Est,68,Haut-Rhin,1,H1,85,2805.194,1494.874,Gel,120
2020,2020-2024,44,Grand Est,68,Haut-Rhin,1,H1,85,2805.194,1494.874,Inondation,17
2020,2020-2024,44,Grand Est,68,Haut-Rhin,1,H1,85,2805.194,1494.874,Sécheresse,110
2021,2020-2024,44,Grand Est,68,Haut-Rhin,1,H1,59,3096.250,968.595,Gel,157
2021,2020-2024,44,Grand Est,68,Haut-Rhin,1,H1,59,3096.250,968.595,Inondation,20
2021,2020-2024,44,Grand Est,68,Haut-Rhin,1,H1,59,3096.250,968.595,Sécheresse,72
2022,2020-2024,44,Grand Est,68,Haut-Rhin,1,H1,24,2203.161,207.367,Gel,118
2022,2020-2024,44,Grand Est,68,Haut-Rhin,1,H1,24,2203.161,207.367,Inondation,13
2022,2020-2024,44,Grand Est,68,Haut-Rhin,1,H1,24,2203.161,207.367,Sécheresse,118
2023,2020-2024,44,Grand Est,68,Haut-Rhin,1,H1,23,994.059,-884.478,Gel,110
2023,2020-2024,44,Grand Est,68,Haut-Rhin,1,H1,23,994.059,-884.478,Inondation,13
2023,2020-2024,44,Grand Est,68,Haut-Rhin,1,H1,23,994.059,-884.478,Sécheresse,120
2024,2020-2024,44,Grand Est,68,Haut-Rhin,1,H1,19,704.264,231.751,Gel,109
2024,2020-2024,44,Grand Est,68,Haut-Rhin,1,H1,19,704.264,231.751,Inondation,12
2024,2020-2024,44,Grand Est,68,Haut-Rhin,1,H1,19,704.264,231.751,Sécheresse,88
2010,2010-2014,84,Auvergne-Rhône-Alpes,69,Rhône,1,H1,18,1478.471,-8396.329,Gel,121
2010,2010-2014,84,Auvergne-Rhône-Alpes,69,Rhône,1,H1,18,1478.471,-8396.329,Inondation,6
2010,2010-2014,84,Auvergne-Rhône-Alpes,69,Rhône,1,H1,18,1478.471,-8396.329,Sécheresse,101
2011,2010-2014,84,Auvergne-Rhône-Alpes,69,Rhône,1,H1,14,1882.282,971.234,Gel,102
2011,2010-2014,84,Auvergne-Rhône-Alpes,69,Rhône,1,H1,14,1882.282,971.234,Inondation,8
2011,2010-2014,84,Auvergne-Rhône-Alpes,69,Rhône,1,H1,14,1882.282,971.234,Sécheresse,134
2012,2010-2014,84,Auvergne-Rhône-Alpes,69,Rhône,1,H1,18,1684.621,873.965,Gel,105
2012,2010-2014,84,Auvergne-Rhône-Alpes,69,Rhône,1,H1,18,1684.621,873.965,Inondation,9
2012,2010-2014,84,Auvergne-Rhône-Alpes,69,Rhône,1,H1,18,1684.621,873.965,Sécheresse,109
2013,2010-2014,84,Auvergne-Rhône-Alpes,69,Rhône,1,H1,16,1029.682,-945.512,Gel,131
2013,2010-2014,84,Auvergne-Rhône-Alpes,69,Rhône,1,H1,16,1029.682,-945.512,Inondation,9
2013,2010-2014,84,Auvergne-Rhône-Alpes,69,Rhône,1,H1,16,1029.682,-945.512,Sécheresse,102
2014,2010-2014,84,Auvergne-Rhône-Alpes,69,Rhône,1,H1,10,744.209,-25.577,Gel,87
2014,2010-2014,84,Auvergne-Rhône-Alpes,69,Rhône,1,H1,10,744.209,-25.577,Inondation,12
2014,2010-2014,84,Auvergne-Rhône-Alpes,69,Rhône,1,H1,10,744.209,-25.577,Sécheresse,109
2015,2015-2019,84,Auvergne-Rhône-Alpes,69,Rhône,1,H1,32,1072.059,765.119,Gel,115
2015,2015-2019,84,Auvergne-Rhône-Alpes,69,Rhône,1,H1,32,1072.059,765.119,Inondation,7
2015,2015-2019,84,Auvergne-Rhône-Alpes,69,Rhône,1,H1,32,1072.059,765.119,Sécheresse,116
2016,2015-2019,84,Auvergne-Rhône-Alpes,69,Rhône,1,H1,61,4617.363,3759.247,Gel,115
2016,2015-2019,84,Auvergne-Rhône-Alpes,69,Rhône,1,H1,61,4617.363,3759.247,Inondation,4
2016,2015-2019,84,Auvergne-Rhône-Alpes,69,Rhône,1,H1,61,4617.363,3759.247,Sécheresse,107
2017,2015-2019,84,Auvergne-Rhône-Alpes,69,Rhône,1,H1,44,6003.226,1809.091,Gel,121
2017,2015-2019,84,Auvergne-Rhône-Alpes,69,Rhône,1,H1,44,6003.226,1809.091,Inondation,3
2017,2015-2019,84,Auvergne-Rhône-Alpes,69,Rhône,1,H1,44,6003.226,1809.091,Sécheresse,120
2018,2015-2019,84,Auvergne-Rhône-Alpes,69,Rhône,1,H1,60,3935.391,1469.912,Gel,80
2018,2015-2019,84,Auvergne-Rhône-Alpes,69,Rhône,1,H1,60,3935.391,1469.912,Inondation,8
2018,2015-2019,84,Auvergne-Rhône-Alpes,69,Rhône,1,H1,60,3935.391,1469.912,Sécheresse,148
2019,2015-2019,84,Auvergne-Rhône-Alpes,69,Rhône,1,H1,69,3796.807,1703.771,Gel,112
2019,2015-2019,84,Auvergne-Rhône-Alpes,69,Rhône,1,H1,69,3796.807,1703.771,Inondation,10
2019,2015-2019,84,Auvergne-Rhône-Alpes,69,Rhône,1,H1,69,3796.807,1703.771,Sécheresse,116
2020,2020-2024,84,Auvergne-Rhône-Alpes,69,Rhône,1,H1,89,4525.062,2623.746,Gel,89
2020,2020-2024,84,Auvergne-Rhône-Alpes,69,Rhône,1,H1,89,4525.062,2623.746,Inondation,6
2020,2020-2024,84,Auvergne-Rhône-Alpes,69,Rhône,1,H1,89,4525.062,2623.746,Sécheresse,131
2021,2020-2024,84,Auvergne-Rhône-Alpes,69,Rhône,1,H1,73,4828.980,1503.568,Gel,121
2021,2020-2024,84,Auvergne-Rhône-Alpes,69,Rhône,1,H1,73,4828.980,1503.568,Inondation,7
2021,2020-2024,84,Auvergne-Rhône-Alpes,69,Rhône,1,H1,73,4828.980,1503.568,Sécheresse,103
2022,2020-2024,84,Auvergne-Rhône-Alpes,69,Rhône,1,H1,46,3304.265,682.382,Gel,88
2022,2020-2024,84,Auvergne-Rhône-Alpes,69,Rhône,1,H1,46,3304.265,682.382,Inondation,3
2022,2020-2024,84,Auvergne-Rhône-Alpes,69,Rhône,1,H1,46,3304.265,682.382,Sécheresse,137
2023,2020-2024,84,Auvergne-Rhône-Alpes,69,Rhône,1,H1,34,2210.509,85.879,Gel,78
2023,2020-2024,84,Auvergne-Rhône-Alpes,69,Rhône,1,H1,34,2210.509,85.879,Inondation,4
2023,2020-2024,84,Auvergne-Rhône-Alpes,69,Rhône,1,H1,34,2210.509,85.879,Sécheresse,133
2024,2020-2024,84,Auvergne-Rhône-Alpes,69,Rhône,1,H1,38,1853.459,-293.597,Gel,80
2024,2020-2024,84,Auvergne-Rhône-Alpes,69,Rhône,1,H1,38,1853.459,-293.597,Inondation,9
2024,2020-2024,84,Auvergne-Rhône-Alpes,69,Rhône,1,H1,38,1853.459,-293.597,Sécheresse,105
2010,2010-2014,27,Bourgogne-Franche-Comté,70,Haute-Saône,1,H1,24,3258.290,-9584.534,Gel,159
2010,2010-2014,27,Bourgogne-Franche-Comté,70,Haute-Saône,1,H1,24,3258.290,-9584.534,Inondation,9
2010,2010-2014,27,Bourgogne-Franche-Comté,70,Haute-Saône,1,H1,24,3258.290,-9584.534,Sécheresse,72
2011,2010-2014,27,Bourgogne-Franche-Comté,70,Haute-Saône,1,H1,5,3611.850,2477.071,Gel,128
2011,2010-2014,27,Bourgogne-Franche-Comté,70,Haute-Saône,1,H1,5,3611.850,2477.071,Inondation,12
2011,2010-2014,27,Bourgogne-Franche-Comté,70,Haute-Saône,1,H1,5,3611.850,2477.071,Sécheresse,92
2012,2010-2014,27,Bourgogne-Franche-Comté,70,Haute-Saône,1,H1,6,1406.540,192.396,Gel,152
2012,2010-2014,27,Bourgogne-Franche-Comté,70,Haute-Saône,1,H1,6,1406.540,192.396,Inondation,9
2012,2010-2014,27,Bourgogne-Franche-Comté,70,Haute-Saône,1,H1,6,1406.540,192.396,Sécheresse,86
2013,2010-2014,27,Bourgogne-Franche-Comté,70,Haute-Saône,1,H1,4,759.420,-6.711,Gel,153
2013,2010-2014,27,Bourgogne-Franche-Comté,70,Haute-Saône,1,H1,4,759.420,-6.711,Inondation,16
2013,2010-2014,27,Bourgogne-Franche-Comté,70,Haute-Saône,1,H1,4,759.420,-6.711,Sécheresse,77
2014,2010-2014,27,Bourgogne-Franche-Comté,70,Haute-Saône,1,H1,5,1235.165,454.315,Gel,119
2014,2010-2014,27,Bourgogne-Franche-Comté,70,Haute-Saône,1,H1,5,1235.165,454.315,Inondation,10
2014,2010-2014,27,Bourgogne-Franche-Comté,70,Haute-Saône,1,H1,5,1235.165,454.315,Sécheresse,79
2015,2015-2019,27,Bourgogne-Franche-Comté,70,Haute-Saône,1,H1,23,5904.160,4689.718,Gel,138
2015,2015-2019,27,Bourgogne-Franche-Comté,70,Haute-Saône,1,H1,23,5904.160,4689.718,Inondation,12
2015,2015-2019,27,Bourgogne-Franche-Comté,70,Haute-Saône,1,H1,23,5904.160,4689.718,Sécheresse,89
2016,2015-2019,27,Bourgogne-Franche-Comté,70,Haute-Saône,1,H1,20,9598.780,3907.275,Gel,155
2016,2015-2019,27,Bourgogne-Franche-Comté,70,Haute-Saône,1,H1,20,9598.780,3907.275,Inondation,13
2016,2015-2019,27,Bourgogne-Franche-Comté,70,Haute-Saône,1,H1,20,9598.780,3907.275,Sécheresse,87
2017,2015-2019,27,Bourgogne-Franche-Comté,70,Haute-Saône,1,H1,26,9145.140,4194.930,Gel,142
2017,2015-2019,27,Bourgogne-Franche-Comté,70,Haute-Saône,1,H1,26,9145.140,4194.930,Inondation,13
2017,2015-2019,27,Bourgogne-Franche-Comté,70,Haute-Saône,1,H1,26,9145.140,4194.930,Sécheresse,98
2018,2015-2019,27,Bourgogne-Franche-Comté,70,Haute-Saône,1,H1,17,6708.530,1426.979,Gel,124
2018,2015-2019,27,Bourgogne-Franche-Comté,70,Haute-Saône,1,H1,17,6708.530,1426.979,Inondation,17
2018,2015-2019,27,Bourgogne-Franche-Comté,70,Haute-Saône,1,H1,17,6708.530,1426.979,Sécheresse,136
2019,2015-2019,27,Bourgogne-Franche-Comté,70,Haute-Saône,1,H1,24,5541.560,2792.108,Gel,138
2019,2015-2019,27,Bourgogne-Franche-Comté,70,Haute-Saône,1,H1,24,5541.560,2792.108,Inondation,9
2019,2015-2019,27,Bourgogne-Franche-Comté,70,Haute-Saône,1,H1,24,5541.560,2792.108,Sécheresse,100
2020,2020-2024,27,Bourgogne-Franche-Comté,70,Haute-Saône,1,H1,25,6108.297,2631.427,Gel,118
2020,2020-2024,27,Bourgogne-Franche-Comté,70,Haute-Saône,1,H1,25,6108.297,2631.427,Inondation,13
2020,2020-2024,27,Bourgogne-Franche-Comté,70,Haute-Saône,1,H1,25,6108.297,2631.427,Sécheresse,112
2021,2020-2024,27,Bourgogne-Franche-Comté,70,Haute-Saône,1,H1,22,4423.571,1130.855,Gel,153
2021,2020-2024,27,Bourgogne-Franche-Comté,70,Haute-Saône,1,H1,22,4423.571,1130.855,Inondation,15
2021,2020-2024,27,Bourgogne-Franche-Comté,70,Haute-Saône,1,H1,22,4423.571,1130.855,Sécheresse,73
2022,2020-2024,27,Bourgogne-Franche-Comté,70,Haute-Saône,1,H1,12,2059.588,-1156.348,Gel,114
2022,2020-2024,27,Bourgogne-Franche-Comté,70,Haute-Saône,1,H1,12,2059.588,-1156.348,Inondation,9
2022,2020-2024,27,Bourgogne-Franche-Comté,70,Haute-Saône,1,H1,12,2059.588,-1156.348,Sécheresse,111
2023,2020-2024,27,Bourgogne-Franche-Comté,70,Haute-Saône,1,H1,18,1935.392,-508.027,Gel,108
2023,2020-2024,27,Bourgogne-Franche-Comté,70,Haute-Saône,1,H1,18,1935.392,-508.027,Inondation,9
2023,2020-2024,27,Bourgogne-Franche-Comté,70,Haute-Saône,1,H1,18,1935.392,-508.027,Sécheresse,114
2024,2020-2024,27,Bourgogne-Franche-Comté,70,Haute-Saône,1,H1,6,1956.432,-1454.592,Gel,115
2024,2020-2024,27,Bourgogne-Franche-Comté,70,Haute-Saône,1,H1,6,1956.432,-1454.592,Inondation,15
2024,2020-2024,27,Bourgogne-Franche-Comté,70,Haute-Saône,1,H1,6,1956.432,-1454.592,Sécheresse,82
2010,2010-2014,27,Bourgogne-Franche-Comté,71,Saône-et-Loire,1,H1,13,1610.702,-24518.196,Gel,128
2010,2010-2014,27,Bourgogne-Franche-Comté,71,Saône-et-Loire,1,H1,13,1610.702,-24518.196,Inondation,10
2010,2010-2014,27,Bourgogne-Franche-Comté,71,Saône-et-Loire,1,H1,13,1610.702,-24518.196,Sécheresse,92
2011,2010-2014,27,Bourgogne-Franche-Comté,71,Saône-et-Loire,1,H1,9,1339.985,795.545,Gel,101
2011,2010-2014,27,Bourgogne-Franche-Comté,71,Saône-et-Loire,1,H1,9,1339.985,795.545,Inondation,13
2011,2010-2014,27,Bourgogne-Franche-Comté,71,Saône-et-Loire,1,H1,9,1339.985,795.545,Sécheresse,125
2012,2010-2014,27,Bourgogne-Franche-Comté,71,Saône-et-Loire,1,H1,8,603.020,268.691,Gel,112
2012,2010-2014,27,Bourgogne-Franche-Comté,71,Saône-et-Loire,1,H1,8,603.020,268.691,Inondation,15
2012,2010-2014,27,Bourgogne-Franche-Comté,71,Saône-et-Loire,1,H1,8,603.020,268.691,Sécheresse,104
2013,2010-2014,27,Bourgogne-Franche-Comté,71,Saône-et-Loire,1,H1,10,630.733,297.391,Gel,127
2013,2010-2014,27,Bourgogne-Franche-Comté,71,Saône-et-Loire,1,H1,10,630.733,297.391,Inondation,17
2013,2010-2014,27,Bourgogne-Franche-Comté,71,Saône-et-Loire,1,H1,10,630.733,297.391,Sécheresse,90
2014,2010-2014,27,Bourgogne-Franche-Comté,71,Saône-et-Loire,1,H1,7,687.291,68.340,Gel,86
2014,2010-2014,27,Bourgogne-Franche-Comté,71,Saône-et-Loire,1,H1,7,687.291,68.340,Inondation,13
2014,2010-2014,27,Bourgogne-Franche-Comté,71,Saône-et-Loire,1,H1,7,687.291,68.340,Sécheresse,90
2015,2015-2019,27,Bourgogne-Franche-Comté,71,Saône-et-Loire,1,H1,23,3953.217,3170.086,Gel,122
2015,2015-2019,27,Bourgogne-Franche-Comté,71,Saône-et-Loire,1,H1,23,3953.217,3170.086,Inondation,11
2015,2015-2019,27,Bourgogne-Franche-Comté,71,Saône-et-Loire,1,H1,23,3953.217,3170.086,Sécheresse,101
2016,2015-2019,27,Bourgogne-Franche-Comté,71,Saône-et-Loire,1,H1,33,6014.595,2346.403,Gel,117
2016,2015-2019,27,Bourgogne-Franche-Comté,71,Saône-et-Loire,1,H1,33,6014.595,2346.403,Inondation,14
2016,2015-2019,27,Bourgogne-Franche-Comté,71,Saône-et-Loire,1,H1,33,6014.595,2346.403,Sécheresse,94
2017,2015-2019,27,Bourgogne-Franche-Comté,71,Saône-et-Loire,1,H1,28,4200.713,819.010,Gel,118
2017,2015-2019,27,Bourgogne-Franche-Comté,71,Saône-et-Loire,1,H1,28,4200.713,819.010,Inondation,8
2017,2015-2019,27,Bourgogne-Franche-Comté,71,Saône-et-Loire,1,H1,28,4200.713,819.010,Sécheresse,108
2018,2015-2019,27,Bourgogne-Franche-Comté,71,Saône-et-Loire,1,H1,35,3467.266,2003.123,Gel,81
2018,2015-2019,27,Bourgogne-Franche-Comté,71,Saône-et-Loire,1,H1,35,3467.266,2003.123,Inondation,20
2018,2015-2019,27,Bourgogne-Franche-Comté,71,Saône-et-Loire,1,H1,35,3467.266,2003.123,Sécheresse,142
2019,2015-2019,27,Bourgogne-Franche-Comté,71,Saône-et-Loire,1,H1,61,4227.494,2154.182,Gel,104
2019,2015-2019,27,Bourgogne-Franche-Comté,71,Saône-et-Loire,1,H1,61,4227.494,2154.182,Inondation,8
2019,2015-2019,27,Bourgogne-Franche-Comté,71,Saône-et-Loire,1,H1,61,4227.494,2154.182,Sécheresse,107
2020,2020-2024,27,Bourgogne-Franche-Comté,71,Saône-et-Loire,1,H1,48,4529.443,1805.704,Gel,85
2020,2020-2024,27,Bourgogne-Franche-Comté,71,Saône-et-Loire,1,H1,48,4529.443,1805.704,Inondation,7
2020,2020-2024,27,Bourgogne-Franche-Comté,71,Saône-et-Loire,1,H1,48,4529.443,1805.704,Sécheresse,121
2021,2020-2024,27,Bourgogne-Franche-Comté,71,Saône-et-Loire,1,H1,75,6157.709,2355.423,Gel,120
2021,2020-2024,27,Bourgogne-Franche-Comté,71,Saône-et-Loire,1,H1,75,6157.709,2355.423,Inondation,6
2021,2020-2024,27,Bourgogne-Franche-Comté,71,Saône-et-Loire,1,H1,75,6157.709,2355.423,Sécheresse,82
2022,2020-2024,27,Bourgogne-Franche-Comté,71,Saône-et-Loire,1,H1,50,4503.237,419.709,Gel,97
2022,2020-2024,27,Bourgogne-Franche-Comté,71,Saône-et-Loire,1,H1,50,4503.237,419.709,Inondation,1
2022,2020-2024,27,Bourgogne-Franche-Comté,71,Saône-et-Loire,1,H1,50,4503.237,419.709,Sécheresse,125
2023,2020-2024,27,Bourgogne-Franche-Comté,71,Saône-et-Loire,1,H1,46,2998.716,-286.910,Gel,78
2023,2020-2024,27,Bourgogne-Franche-Comté,71,Saône-et-Loire,1,H1,46,2998.716,-286.910,Inondation,4
2023,2020-2024,27,Bourgogne-Franche-Comté,71,Saône-et-Loire,1,H1,46,2998.716,-286.910,Sécheresse,126
2024,2020-2024,27,Bourgogne-Franche-Comté,71,Saône-et-Loire,1,H1,60,2663.585,923.263,Gel,74
2024,2020-2024,27,Bourgogne-Franche-Comté,71,Saône-et-Loire,1,H1,60,2663.585,923.263,Inondation,8
2024,2020-2024,27,Bourgogne-Franche-Comté,71,Saône-et-Loire,1,H1,60,2663.585,923.263,Sécheresse,87
2010,2010-2014,52,Pays de la Loire,72,Sarthe,2,H2,7,2306.237,-14229.616,Gel,97
2010,2010-2014,52,Pays de la Loire,72,Sarthe,2,H2,7,2306.237,-14229.616,Inondation,3
2010,2010-2014,52,Pays de la Loire,72,Sarthe,2,H2,7,2306.237,-14229.616,Sécheresse,82
2011,2010-2014,52,Pays de la Loire,72,Sarthe,2,H2,9,1529.941,-2037.556,Gel,53
2011,2010-2014,52,Pays de la Loire,72,Sarthe,2,H2,9,1529.941,-2037.556,Inondation,1
2011,2010-2014,52,Pays de la Loire,72,Sarthe,2,H2,9,1529.941,-2037.556,Sécheresse,76
2012,2010-2014,52,Pays de la Loire,72,Sarthe,2,H2,32,1110.392,3241.581,Gel,65
2012,2010-2014,52,Pays de la Loire,72,Sarthe,2,H2,32,1110.392,3241.581,Inondation,2
2012,2010-2014,52,Pays de la Loire,72,Sarthe,2,H2,32,1110.392,3241.581,Sécheresse,57
2013,2010-2014,52,Pays de la Loire,72,Sarthe,2,H2,5,882.179,133.835,Gel,82
2013,2010-2014,52,Pays de la Loire,72,Sarthe,2,H2,5,882.179,133.835,Inondation,2
2013,2010-2014,52,Pays de la Loire,72,Sarthe,2,H2,5,882.179,133.835,Sécheresse,75
2014,2010-2014,52,Pays de la Loire,72,Sarthe,2,H2,11,1531.759,1008.014,Gel,34
2014,2010-2014,52,Pays de la Loire,72,Sarthe,2,H2,11,1531.759,1008.014,Inondation,5
2014,2010-2014,52,Pays de la Loire,72,Sarthe,2,H2,11,1531.759,1008.014,Sécheresse,64
2015,2015-2019,52,Pays de la Loire,72,Sarthe,2,H2,13,2525.569,1032.891,Gel,58
2015,2015-2019,52,Pays de la Loire,72,Sarthe,2,H2,13,2525.569,1032.891,Inondation,1
2015,2015-2019,52,Pays de la Loire,72,Sarthe,2,H2,13,2525.569,1032.891,Sécheresse,66
2016,2015-2019,52,Pays de la Loire,72,Sarthe,2,H2,29,4448.662,2215.135,Gel,78
2016,2015-2019,52,Pays de la Loire,72,Sarthe,2,H2,29,4448.662,2215.135,Inondation,1
2016,2015-2019,52,Pays de la Loire,72,Sarthe,2,H2,29,4448.662,2215.135,Sécheresse,77
2017,2015-2019,52,Pays de la Loire,72,Sarthe,2,H2,34,4352.837,1538.682,Gel,68
2017,2015-2019,52,Pays de la Loire,72,Sarthe,2,H2,34,4352.837,1538.682,Inondation,2
2017,2015-2019,52,Pays de la Loire,72,Sarthe,2,H2,34,4352.837,1538.682,Sécheresse,76
2018,2015-2019,52,Pays de la Loire,72,Sarthe,2,H2,29,4674.499,2763.395,Gel,59
2018,2015-2019,52,Pays de la Loire,72,Sarthe,2,H2,29,4674.499,2763.395,Inondation,3
2018,2015-2019,52,Pays de la Loire,72,Sarthe,2,H2,29,4674.499,2763.395,Sécheresse,114
2019,2015-2019,52,Pays de la Loire,72,Sarthe,2,H2,26,3973.359,852.976,Gel,62
2019,2015-2019,52,Pays de la Loire,72,Sarthe,2,H2,26,3973.359,852.976,Inondation,0
2019,2015-2019,52,Pays de la Loire,72,Sarthe,2,H2,26,3973.359,852.976,Sécheresse,80
2020,2020-2024,52,Pays de la Loire,72,Sarthe,2,H2,32,3490.285,1655.341,Gel,43
2020,2020-2024,52,Pays de la Loire,72,Sarthe,2,H2,32,3490.285,1655.341,Inondation,0
2020,2020-2024,52,Pays de la Loire,72,Sarthe,2,H2,32,3490.285,1655.341,Sécheresse,93
2021,2020-2024,52,Pays de la Loire,72,Sarthe,2,H2,24,2792.529,166.306,Gel,80
2021,2020-2024,52,Pays de la Loire,72,Sarthe,2,H2,24,2792.529,166.306,Inondation,3
2021,2020-2024,52,Pays de la Loire,72,Sarthe,2,H2,24,2792.529,166.306,Sécheresse,58
2022,2020-2024,52,Pays de la Loire,72,Sarthe,2,H2,34,2461.276,436.506,Gel,53
2022,2020-2024,52,Pays de la Loire,72,Sarthe,2,H2,34,2461.276,436.506,Inondation,2
2022,2020-2024,52,Pays de la Loire,72,Sarthe,2,H2,34,2461.276,436.506,Sécheresse,104
2023,2020-2024,52,Pays de la Loire,72,Sarthe,2,H2,28,2044.405,-1072.517,Gel,46
2023,2020-2024,52,Pays de la Loire,72,Sarthe,2,H2,28,2044.405,-1072.517,Inondation,0
2023,2020-2024,52,Pays de la Loire,72,Sarthe,2,H2,28,2044.405,-1072.517,Sécheresse,100
2024,2020-2024,52,Pays de la Loire,72,Sarthe,2,H2,23,1572.622,-275.740,Gel,45
2024,2020-2024,52,Pays de la Loire,72,Sarthe,2,H2,23,1572.622,-275.740,Inondation,5
2024,2020-2024,52,Pays de la Loire,72,Sarthe,2,H2,23,1572.622,-275.740,Sécheresse,57
2010,2010-2014,84,Auvergne-Rhône-Alpes,73,Savoie,1,H1,6,128.250,-19065.974,Gel,283
2010,2010-2014,84,Auvergne-Rhône-Alpes,73,Savoie,1,H1,6,128.250,-19065.974,Inondation,14
2010,2010-2014,84,Auvergne-Rhône-Alpes,73,Savoie,1,H1,6,128.250,-19065.974,Sécheresse,94
2011,2010-2014,84,Auvergne-Rhône-Alpes,73,Savoie,1,H1,7,239.652,-17.767,Gel,267
2011,2010-2014,84,Auvergne-Rhône-Alpes,73,Savoie,1,H1,7,239.652,-17.767,Inondation,21
2011,2010-2014,84,Auvergne-Rhône-Alpes,73,Savoie,1,H1,7,239.652,-17.767,Sécheresse,119
2012,2010-2014,84,Auvergne-Rhône-Alpes,73,Savoie,1,H1,6,623.646,446.388,Gel,261
2012,2010-2014,84,Auvergne-Rhône-Alpes,73,Savoie,1,H1,6,623.646,446.388,Inondation,23
2012,2010-2014,84,Auvergne-Rhône-Alpes,73,Savoie,1,H1,6,623.646,446.388,Sécheresse,114
2013,2010-2014,84,Auvergne-Rhône-Alpes,73,Savoie,1,H1,12,940.727,1296.424,Gel,271
2013,2010-2014,84,Auvergne-Rhône-Alpes,73,Savoie,1,H1,12,940.727,1296.424,Inondation,25
2013,2010-2014,84,Auvergne-Rhône-Alpes,73,Savoie,1,H1,12,940.727,1296.424,Sécheresse,97
2014,2010-2014,84,Auvergne-Rhône-Alpes,73,Savoie,1,H1,4,996.319,-448.743,Gel,275
2014,2010-2014,84,Auvergne-Rhône-Alpes,73,Savoie,1,H1,4,996.319,-448.743,Inondation,23
2014,2010-2014,84,Auvergne-Rhône-Alpes,73,Savoie,1,H1,4,996.319,-448.743,Sécheresse,92
2015,2015-2019,84,Auvergne-Rhône-Alpes,73,Savoie,1,H1,5,483.677,483.380,Gel,276
2015,2015-2019,84,Auvergne-Rhône-Alpes,73,Savoie,1,H1,5,483.677,483.380,Inondation,18
2015,2015-2019,84,Auvergne-Rhône-Alpes,73,Savoie,1,H1,5,483.677,483.380,Sécheresse,103
2016,2015-2019,84,Auvergne-Rhône-Alpes,73,Savoie,1,H1,11,362.738,-858.619,Gel,277
2016,2015-2019,84,Auvergne-Rhône-Alpes,73,Savoie,1,H1,11,362.738,-858.619,Inondation,21
2016,2015-2019,84,Auvergne-Rhône-Alpes,73,Savoie,1,H1,11,362.738,-858.619,Sécheresse,100
2017,2015-2019,84,Auvergne-Rhône-Alpes,73,Savoie,1,H1,22,511.090,435.210,Gel,272
2017,2015-2019,84,Auvergne-Rhône-Alpes,73,Savoie,1,H1,22,511.090,435.210,Inondation,18
2017,2015-2019,84,Auvergne-Rhône-Alpes,73,Savoie,1,H1,22,511.090,435.210,Sécheresse,104
2018,2015-2019,84,Auvergne-Rhône-Alpes,73,Savoie,1,H1,10,613.367,374.570,Gel,247
2018,2015-2019,84,Auvergne-Rhône-Alpes,73,Savoie,1,H1,10,613.367,374.570,Inondation,22
2018,2015-2019,84,Auvergne-Rhône-Alpes,73,Savoie,1,H1,10,613.367,374.570,Sécheresse,146
2019,2015-2019,84,Auvergne-Rhône-Alpes,73,Savoie,1,H1,29,799.162,667.539,Gel,262
2019,2015-2019,84,Auvergne-Rhône-Alpes,73,Savoie,1,H1,29,799.162,667.539,Inondation,24
2019,2015-2019,84,Auvergne-Rhône-Alpes,73,Savoie,1,H1,29,799.162,667.539,Sécheresse,115
2020,2020-2024,84,Auvergne-Rhône-Alpes,73,Savoie,1,H1,26,1085.571,796.955,Gel,270
2020,2020-2024,84,Auvergne-Rhône-Alpes,73,Savoie,1,H1,26,1085.571,796.955,Inondation,17
2020,2020-2024,84,Auvergne-Rhône-Alpes,73,Savoie,1,H1,26,1085.571,796.955,Sécheresse,124
2021,2020-2024,84,Auvergne-Rhône-Alpes,73,Savoie,1,H1,31,952.234,345.649,Gel,276
2021,2020-2024,84,Auvergne-Rhône-Alpes,73,Savoie,1,H1,31,952.234,345.649,Inondation,15
2021,2020-2024,84,Auvergne-Rhône-Alpes,73,Savoie,1,H1,31,952.234,345.649,Sécheresse,105
2022,2020-2024,84,Auvergne-Rhône-Alpes,73,Savoie,1,H1,22,683.072,-905.909,Gel,232
2022,2020-2024,84,Auvergne-Rhône-Alpes,73,Savoie,1,H1,22,683.072,-905.909,Inondation,11
2022,2020-2024,84,Auvergne-Rhône-Alpes,73,Savoie,1,H1,22,683.072,-905.909,Sécheresse,136
2023,2020-2024,84,Auvergne-Rhône-Alpes,73,Savoie,1,H1,29,823.128,884.224,Gel,245
2023,2020-2024,84,Auvergne-Rhône-Alpes,73,Savoie,1,H1,29,823.128,884.224,Inondation,27
2023,2020-2024,84,Auvergne-Rhône-Alpes,73,Savoie,1,H1,29,823.128,884.224,Sécheresse,128
2024,2020-2024,84,Auvergne-Rhône-Alpes,73,Savoie,1,H1,13,1268.092,316.565,Gel,263
2024,2020-2024,84,Auvergne-Rhône-Alpes,73,Savoie,1,H1,13,1268.092,316.565,Inondation,23
2024,2020-2024,84,Auvergne-Rhône-Alpes,73,Savoie,1,H1,13,1268.092,316.565,Sécheresse,100
2010,2010-2014,84,Auvergne-Rhône-Alpes,74,Haute-Savoie,1,H1,9,306.501,-3480.262,Gel,350
2010,2010-2014,84,Auvergne-Rhône-Alpes,74,Haute-Savoie,1,H1,9,306.501,-3480.262,Inondation,16
2010,2010-2014,84,Auvergne-Rhône-Alpes,74,Haute-Savoie,1,H1,9,306.501,-3480.262,Sécheresse,80
2011,2010-2014,84,Auvergne-Rhône-Alpes,74,Haute-Savoie,1,H1,10,251.305,367.353,Gel,350
2011,2010-2014,84,Auvergne-Rhône-Alpes,74,Haute-Savoie,1,H1,10,251.305,367.353,Inondation,16
2011,2010-2014,84,Auvergne-Rhône-Alpes,74,Haute-Savoie,1,H1,10,251.305,367.353,Sécheresse,112
2012,2010-2014,84,Auvergne-Rhône-Alpes,74,Haute-Savoie,1,H1,11,385.261,281.276,Gel,347
2012,2010-2014,84,Auvergne-Rhône-Alpes,74,Haute-Savoie,1,H1,11,385.261,281.276,Inondation,21
2012,2010-2014,84,Auvergne-Rhône-Alpes,74,Haute-Savoie,1,H1,11,385.261,281.276,Sécheresse,96
2013,2010-2014,84,Auvergne-Rhône-Alpes,74,Haute-Savoie,1,H1,4,291.258,-91.906,Gel,332
2013,2010-2014,84,Auvergne-Rhône-Alpes,74,Haute-Savoie,1,H1,4,291.258,-91.906,Inondation,24
2013,2010-2014,84,Auvergne-Rhône-Alpes,74,Haute-Savoie,1,H1,4,291.258,-91.906,Sécheresse,90
2014,2010-2014,84,Auvergne-Rhône-Alpes,74,Haute-Savoie,1,H1,5,270.209,-261.223,Gel,354
2014,2010-2014,84,Auvergne-Rhône-Alpes,74,Haute-Savoie,1,H1,5,270.209,-261.223,Inondation,12
2014,2010-2014,84,Auvergne-Rhône-Alpes,74,Haute-Savoie,1,H1,5,270.209,-261.223,Sécheresse,78
2015,2015-2019,84,Auvergne-Rhône-Alpes,74,Haute-Savoie,1,H1,7,828.366,945.601,Gel,255
2015,2015-2019,84,Auvergne-Rhône-Alpes,74,Haute-Savoie,1,H1,7,828.366,945.601,Inondation,23
2015,2015-2019,84,Auvergne-Rhône-Alpes,74,Haute-Savoie,1,H1,7,828.366,945.601,Sécheresse,96
2016,2015-2019,84,Auvergne-Rhône-Alpes,74,Haute-Savoie,1,H1,9,665.040,-149.480,Gel,342
2016,2015-2019,84,Auvergne-Rhône-Alpes,74,Haute-Savoie,1,H1,9,665.040,-149.480,Inondation,20
2016,2015-2019,84,Auvergne-Rhône-Alpes,74,Haute-Savoie,1,H1,9,665.040,-149.480,Sécheresse,90
2017,2015-2019,84,Auvergne-Rhône-Alpes,74,Haute-Savoie,1,H1,14,1132.884,1073.258,Gel,339
2017,2015-2019,84,Auvergne-Rhône-Alpes,74,Haute-Savoie,1,H1,14,1132.884,1073.258,Inondation,12
2017,2015-2019,84,Auvergne-Rhône-Alpes,74,Haute-Savoie,1,H1,14,1132.884,1073.258,Sécheresse,101
2018,2015-2019,84,Auvergne-Rhône-Alpes,74,Haute-Savoie,1,H1,23,1295.597,509.588,Gel,345
2018,2015-2019,84,Auvergne-Rhône-Alpes,74,Haute-Savoie,1,H1,23,1295.597,509.588,Inondation,19
2018,2015-2019,84,Auvergne-Rhône-Alpes,74,Haute-Savoie,1,H1,23,1295.597,509.588,Sécheresse,138
2019,2015-2019,84,Auvergne-Rhône-Alpes,74,Haute-Savoie,1,H1,24,1184.776,1022.560,Gel,342
2019,2015-2019,84,Auvergne-Rhône-Alpes,74,Haute-Savoie,1,H1,24,1184.776,1022.560,Inondation,21
2019,2015-2019,84,Auvergne-Rhône-Alpes,74,Haute-Savoie,1,H1,24,1184.776,1022.560,Sécheresse,105
2020,2020-2024,84,Auvergne-Rhône-Alpes,74,Haute-Savoie,1,H1,25,1339.033,839.647,Gel,226
2020,2020-2024,84,Auvergne-Rhône-Alpes,74,Haute-Savoie,1,H1,25,1339.033,839.647,Inondation,17
2020,2020-2024,84,Auvergne-Rhône-Alpes,74,Haute-Savoie,1,H1,25,1339.033,839.647,Sécheresse,112
2021,2020-2024,84,Auvergne-Rhône-Alpes,74,Haute-Savoie,1,H1,33,1122.846,616.459,Gel,325
2021,2020-2024,84,Auvergne-Rhône-Alpes,74,Haute-Savoie,1,H1,33,1122.846,616.459,Inondation,21
2021,2020-2024,84,Auvergne-Rhône-Alpes,74,Haute-Savoie,1,H1,33,1122.846,616.459,Sécheresse,91
2022,2020-2024,84,Auvergne-Rhône-Alpes,74,Haute-Savoie,1,H1,24,1006.591,373.066,Gel,336
2022,2020-2024,84,Auvergne-Rhône-Alpes,74,Haute-Savoie,1,H1,24,1006.591,373.066,Inondation,15
2022,2020-2024,84,Auvergne-Rhône-Alpes,74,Haute-Savoie,1,H1,24,1006.591,373.066,Sécheresse,126
2023,2020-2024,84,Auvergne-Rhône-Alpes,74,Haute-Savoie,1,H1,24,532.394,-732.652,Gel,325
2023,2020-2024,84,Auvergne-Rhône-Alpes,74,Haute-Savoie,1,H1,24,532.394,-732.652,Inondation,30
2023,2020-2024,84,Auvergne-Rhône-Alpes,74,Haute-Savoie,1,H1,24,532.394,-732.652,Sécheresse,123
2024,2020-2024,84,Auvergne-Rhône-Alpes,74,Haute-Savoie,1,H1,17,650.833,1184.700,Gel,339
2024,2020-2024,84,Auvergne-Rhône-Alpes,74,Haute-Savoie,1,H1,17,650.833,1184.700,Inondation,21
2024,2020-2024,84,Auvergne-Rhône-Alpes,74,Haute-Savoie,1,H1,17,650.833,1184.700,Sécheresse,91
2011,2010-2014,11,Île-de-France,75,Paris,1,H1,0,146.300,-8027.001,Gel,38
2011,2010-2014,11,Île-de-France,75,Paris,1,H1,0,146.300,-8027.001,Inondation,0
2011,2010-2014,11,Île-de-France,75,Paris,1,H1,0,146.300,-8027.001,Sécheresse,80
2012,2010-2014,11,Île-de-France,75,Paris,1,H1,1,68.130,-94.230,Gel,49
2012,2010-2014,11,Île-de-France,75,Paris,1,H1,1,68.130,-94.230,Inondation,0
2012,2010-2014,11,Île-de-France,75,Paris,1,H1,1,68.130,-94.230,Sécheresse,64
2016,2015-2019,11,Île-de-France,75,Paris,1,H1,3,13.980,-141.700,Gel,49
2016,2015-2019,11,Île-de-France,75,Paris,1,H1,3,13.980,-141.700,Inondation,1
2016,2015-2019,11,Île-de-France,75,Paris,1,H1,3,13.980,-141.700,Sécheresse,68
2017,2015-2019,11,Île-de-France,75,Paris,1,H1,3,23.430,8.980,Gel,50
2017,2015-2019,11,Île-de-France,75,Paris,1,H1,3,23.430,8.980,Inondation,1
2017,2015-2019,11,Île-de-France,75,Paris,1,H1,3,23.430,8.980,Sécheresse,71
2018,2015-2019,11,Île-de-France,75,Paris,1,H1,4,101.089,145.661,Gel,48
2018,2015-2019,11,Île-de-France,75,Paris,1,H1,4,101.089,145.661,Inondation,2
2018,2015-2019,11,Île-de-France,75,Paris,1,H1,4,101.089,145.661,Sécheresse,118
2019,2015-2019,11,Île-de-France,75,Paris,1,H1,2,101.060,83.189,Gel,42
2019,2015-2019,11,Île-de-France,75,Paris,1,H1,2,101.060,83.189,Inondation,1
2019,2015-2019,11,Île-de-France,75,Paris,1,H1,2,101.060,83.189,Sécheresse,88
2020,2020-2024,11,Île-de-France,75,Paris,1,H1,8,34.680,-212.861,Gel,28
2020,2020-2024,11,Île-de-France,75,Paris,1,H1,8,34.680,-212.861,Inondation,1
2020,2020-2024,11,Île-de-France,75,Paris,1,H1,8,34.680,-212.861,Sécheresse,99
2021,2020-2024,11,Île-de-France,75,Paris,1,H1,12,36.140,1.684,Gel,49
2021,2020-2024,11,Île-de-France,75,Paris,1,H1,12,36.140,1.684,Inondation,4
2021,2020-2024,11,Île-de-France,75,Paris,1,H1,12,36.140,1.684,Sécheresse,67
2022,2020-2024,11,Île-de-France,75,Paris,1,H1,3,21.081,4.934,Gel,46
2022,2020-2024,11,Île-de-France,75,Paris,1,H1,3,21.081,4.934,Inondation,0
2022,2020-2024,11,Île-de-France,75,Paris,1,H1,3,21.081,4.934,Sécheresse,94
2023,2020-2024,11,Île-de-France,75,Paris,1,H1,5,28.534,169.021,Gel,40
2023,2020-2024,11,Île-de-France,75,Paris,1,H1,5,28.534,169.021,Inondation,1
2023,2020-2024,11,Île-de-France,75,Paris,1,H1,5,28.534,169.021,Sécheresse,100
2024,2020-2024,11,Île-de-France,75,Paris,1,H1,4,2.948,-49.657,Gel,33
2024,2020-2024,11,Île-de-France,75,Paris,1,H1,4,2.948,-49.657,Inondation,2
2024,2020-2024,11,Île-de-France,75,Paris,1,H1,4,2.948,-49.657,Sécheresse,66
2010,2010-2014,28,Normandie,76,Seine-Maritime,1,H1,18,1468.222,2924.577,Gel,92
2010,2010-2014,28,Normandie,76,Seine-Maritime,1,H1,18,1468.222,2924.577,Inondation,4
2010,2010-2014,28,Normandie,76,Seine-Maritime,1,H1,18,1468.222,2924.577,Sécheresse,55
2011,2010-2014,28,Normandie,76,Seine-Maritime,1,H1,12,1329.142,814.403,Gel,36
2011,2010-2014,28,Normandie,76,Seine-Maritime,1,H1,12,1329.142,814.403,Inondation,4
2011,2010-2014,28,Normandie,76,Seine-Maritime,1,H1,12,1329.142,814.403,Sécheresse,63
2012,2010-2014,28,Normandie,76,Seine-Maritime,1,H1,5,977.380,364.508,Gel,49
2012,2010-2014,28,Normandie,76,Seine-Maritime,1,H1,5,977.380,364.508,Inondation,3
2012,2010-2014,28,Normandie,76,Seine-Maritime,1,H1,5,977.380,364.508,Sécheresse,50
2013,2010-2014,28,Normandie,76,Seine-Maritime,1,H1,7,629.280,-343.292,Gel,75
2013,2010-2014,28,Normandie,76,Seine-Maritime,1,H1,7,629.280,-343.292,Inondation,5
2013,2010-2014,28,Normandie,76,Seine-Maritime,1,H1,7,629.280,-343.292,Sécheresse,59
2014,2010-2014,28,Normandie,76,Seine-Maritime,1,H1,9,381.940,85.673,Gel,25
2014,2010-2014,28,Normandie,76,Seine-Maritime,1,H1,9,381.940,85.673,Inondation,4
2014,2010-2014,28,Normandie,76,Seine-Maritime,1,H1,9,381.940,85.673,Sécheresse,50
2015,2015-2019,28,Normandie,76,Seine-Maritime,1,H1,15,394.910,-235.635,Gel,59
2015,2015-2019,28,Normandie,76,Seine-Maritime,1,H1,15,394.910,-235.635,Inondation,1
2015,2015-2019,28,Normandie,76,Seine-Maritime,1,H1,15,394.910,-235.635,Sécheresse,54
2016,2015-2019,28,Normandie,76,Seine-Maritime,1,H1,17,1534.970,1557.923,Gel,71
2016,2015-2019,28,Normandie,76,Seine-Maritime,1,H1,17,1534.970,1557.923,Inondation,5
2016,2015-2019,28,Normandie,76,Seine-Maritime,1,H1,17,1534.970,1557.923,Sécheresse,57
2017,2015-2019,28,Normandie,76,Seine-Maritime,1,H1,24,2615.510,1357.970,Gel,66
2017,2015-2019,28,Normandie,76,Seine-Maritime,1,H1,24,2615.510,1357.970,Inondation,6
2017,2015-2019,28,Normandie,76,Seine-Maritime,1,H1,24,2615.510,1357.970,Sécheresse,70
2018,2015-2019,28,Normandie,76,Seine-Maritime,1,H1,22,2470.257,1095.966,Gel,59
2018,2015-2019,28,Normandie,76,Seine-Maritime,1,H1,22,2470.257,1095.966,Inondation,5
2018,2015-2019,28,Normandie,76,Seine-Maritime,1,H1,22,2470.257,1095.966,Sécheresse,94
2019,2015-2019,28,Normandie,76,Seine-Maritime,1,H1,29,2649.150,1100.661,Gel,55
2019,2015-2019,28,Normandie,76,Seine-Maritime,1,H1,29,2649.150,1100.661,Inondation,7
2019,2015-2019,28,Normandie,76,Seine-Maritime,1,H1,29,2649.150,1100.661,Sécheresse,80
2020,2020-2024,28,Normandie,76,Seine-Maritime,1,H1,31,2994.830,1564.247,Gel,42
2020,2020-2024,28,Normandie,76,Seine-Maritime,1,H1,31,2994.830,1564.247,Inondation,4
2020,2020-2024,28,Normandie,76,Seine-Maritime,1,H1,31,2994.830,1564.247,Sécheresse,90
2021,2020-2024,28,Normandie,76,Seine-Maritime,1,H1,21,2484.740,671.207,Gel,75
2021,2020-2024,28,Normandie,76,Seine-Maritime,1,H1,21,2484.740,671.207,Inondation,1
2021,2020-2024,28,Normandie,76,Seine-Maritime,1,H1,21,2484.740,671.207,Sécheresse,60
2022,2020-2024,28,Normandie,76,Seine-Maritime,1,H1,13,1918.978,803.109,Gel,58
2022,2020-2024,28,Normandie,76,Seine-Maritime,1,H1,13,1918.978,803.109,Inondation,2
2022,2020-2024,28,Normandie,76,Seine-Maritime,1,H1,13,1918.978,803.109,Sécheresse,82
2023,2020-2024,28,Normandie,76,Seine-Maritime,1,H1,9,1302.831,-242.980,Gel,49
2023,2020-2024,28,Normandie,76,Seine-Maritime,1,H1,9,1302.831,-242.980,Inondation,3
2023,2020-2024,28,Normandie,76,Seine-Maritime,1,H1,9,1302.831,-242.980,Sécheresse,78
2024,2020-2024,28,Normandie,76,Seine-Maritime,1,H1,16,649.275,-222.079,Gel,39
2024,2020-2024,28,Normandie,76,Seine-Maritime,1,H1,16,649.275,-222.079,Inondation,3
2024,2020-2024,28,Normandie,76,Seine-Maritime,1,H1,16,649.275,-222.079,Sécheresse,54
2010,2010-2014,11,Île-de-France,77,Seine-et-Marne,1,H1,6,1248.330,-8361.174,Gel,106
2010,2010-2014,11,Île-de-France,77,Seine-et-Marne,1,H1,6,1248.330,-8361.174,Inondation,4
2010,2010-2014,11,Île-de-France,77,Seine-et-Marne,1,H1,6,1248.330,-8361.174,Sécheresse,68
2011,2010-2014,11,Île-de-France,77,Seine-et-Marne,1,H1,8,1487.645,511.003,Gel,72
2011,2010-2014,11,Île-de-France,77,Seine-et-Marne,1,H1,8,1487.645,511.003,Inondation,4
2011,2010-2014,11,Île-de-France,77,Seine-et-Marne,1,H1,8,1487.645,511.003,Sécheresse,85
2012,2010-2014,11,Île-de-France,77,Seine-et-Marne,1,H1,4,509.728,79.371,Gel,76
2012,2010-2014,11,Île-de-France,77,Seine-et-Marne,1,H1,4,509.728,79.371,Inondation,2
2012,2010-2014,11,Île-de-France,77,Seine-et-Marne,1,H1,4,509.728,79.371,Sécheresse,69
2013,2010-2014,11,Île-de-France,77,Seine-et-Marne,1,H1,4,576.598,276.160,Gel,97
2013,2010-2014,11,Île-de-France,77,Seine-et-Marne,1,H1,4,576.598,276.160,Inondation,6
2013,2010-2014,11,Île-de-France,77,Seine-et-Marne,1,H1,4,576.598,276.160,Sécheresse,81
2014,2010-2014,11,Île-de-France,77,Seine-et-Marne,1,H1,4,544.725,117.454,Gel,58
2014,2010-2014,11,Île-de-France,77,Seine-et-Marne,1,H1,4,544.725,117.454,Inondation,3
2014,2010-2014,11,Île-de-France,77,Seine-et-Marne,1,H1,4,544.725,117.454,Sécheresse,69
2015,2015-2019,11,Île-de-France,77,Seine-et-Marne,1,H1,6,1133.510,660.263,Gel,75
2015,2015-2019,11,Île-de-France,77,Seine-et-Marne,1,H1,6,1133.510,660.263,Inondation,1
2015,2015-2019,11,Île-de-France,77,Seine-et-Marne,1,H1,6,1133.510,660.263,Sécheresse,70
2016,2015-2019,11,Île-de-France,77,Seine-et-Marne,1,H1,13,1742.292,1005.171,Gel,88
2016,2015-2019,11,Île-de-France,77,Seine-et-Marne,1,H1,13,1742.292,1005.171,Inondation,3
2016,2015-2019,11,Île-de-France,77,Seine-et-Marne,1,H1,13,1742.292,1005.171,Sécheresse,74
2017,2015-2019,11,Île-de-France,77,Seine-et-Marne,1,H1,15,2579.911,853.657,Gel,79
2017,2015-2019,11,Île-de-France,77,Seine-et-Marne,1,H1,15,2579.911,853.657,Inondation,6
2017,2015-2019,11,Île-de-France,77,Seine-et-Marne,1,H1,15,2579.911,853.657,Sécheresse,82
2018,2015-2019,11,Île-de-France,77,Seine-et-Marne,1,H1,19,5247.521,4008.780,Gel,75
2018,2015-2019,11,Île-de-France,77,Seine-et-Marne,1,H1,19,5247.521,4008.780,Inondation,4
2018,2015-2019,11,Île-de-France,77,Seine-et-Marne,1,H1,19,5247.521,4008.780,Sécheresse,116
2019,2015-2019,11,Île-de-France,77,Seine-et-Marne,1,H1,34,7288.278,3360.368,Gel,79
2019,2015-2019,11,Île-de-France,77,Seine-et-Marne,1,H1,34,7288.278,3360.368,Inondation,3
2019,2015-2019,11,Île-de-France,77,Seine-et-Marne,1,H1,34,7288.278,3360.368,Sécheresse,88
2020,2020-2024,11,Île-de-France,77,Seine-et-Marne,1,H1,35,6628.922,2519.597,Gel,65
2020,2020-2024,11,Île-de-France,77,Seine-et-Marne,1,H1,35,6628.922,2519.597,Inondation,1
2020,2020-2024,11,Île-de-France,77,Seine-et-Marne,1,H1,35,6628.922,2519.597,Sécheresse,106
2021,2020-2024,11,Île-de-France,77,Seine-et-Marne,1,H1,31,5311.654,1618.053,Gel,91
2021,2020-2024,11,Île-de-France,77,Seine-et-Marne,1,H1,31,5311.654,1618.053,Inondation,3
2021,2020-2024,11,Île-de-France,77,Seine-et-Marne,1,H1,31,5311.654,1618.053,Sécheresse,71
2022,2020-2024,11,Île-de-France,77,Seine-et-Marne,1,H1,16,3320.791,2490.429,Gel,77
2022,2020-2024,11,Île-de-France,77,Seine-et-Marne,1,H1,16,3320.791,2490.429,Inondation,3
2022,2020-2024,11,Île-de-France,77,Seine-et-Marne,1,H1,16,3320.791,2490.429,Sécheresse,105
2023,2020-2024,11,Île-de-France,77,Seine-et-Marne,1,H1,14,1935.813,-1536.524,Gel,61
2023,2020-2024,11,Île-de-France,77,Seine-et-Marne,1,H1,14,1935.813,-1536.524,Inondation,2
2023,2020-2024,11,Île-de-France,77,Seine-et-Marne,1,H1,14,1935.813,-1536.524,Sécheresse,114
2024,2020-2024,11,Île-de-France,77,Seine-et-Marne,1,H1,13,1880.122,102.226,Gel,50
2024,2020-2024,11,Île-de-France,77,Seine-et-Marne,1,H1,13,1880.122,102.226,Inondation,6
2024,2020-2024,11,Île-de-France,77,Seine-et-Marne,1,H1,13,1880.122,102.226,Sécheresse,73
2010,2010-2014,11,Île-de-France,78,Yvelines,1,H1,9,416.919,-17701.583,Gel,99
2010,2010-2014,11,Île-de-France,78,Yvelines,1,H1,9,416.919,-17701.583,Inondation,3
2010,2010-2014,11,Île-de-France,78,Yvelines,1,H1,9,416.919,-17701.583,Sécheresse,67
2011,2010-2014,11,Île-de-France,78,Yvelines,1,H1,2,596.049,222.210,Gel,61
2011,2010-2014,11,Île-de-France,78,Yvelines,1,H1,2,596.049,222.210,Inondation,1
2011,2010-2014,11,Île-de-France,78,Yvelines,1,H1,2,596.049,222.210,Sécheresse,66
2012,2010-2014,11,Île-de-France,78,Yvelines,1,H1,2,400.652,-5.108,Gel,61
2012,2010-2014,11,Île-de-France,78,Yvelines,1,H1,2,400.652,-5.108,Inondation,2
2012,2010-2014,11,Île-de-France,78,Yvelines,1,H1,2,400.652,-5.108,Sécheresse,59
2013,2010-2014,11,Île-de-France,78,Yvelines,1,H1,6,277.451,226.188,Gel,78
2013,2010-2014,11,Île-de-France,78,Yvelines,1,H1,6,277.451,226.188,Inondation,3
2013,2010-2014,11,Île-de-France,78,Yvelines,1,H1,6,277.451,226.188,Sécheresse,70
2014,2010-2014,11,Île-de-France,78,Yvelines,1,H1,1,608.240,427.790,Gel,37
2014,2010-2014,11,Île-de-France,78,Yvelines,1,H1,1,608.240,427.790,Inondation,4
2014,2010-2014,11,Île-de-France,78,Yvelines,1,H1,1,608.240,427.790,Sécheresse,63
2015,2015-2019,11,Île-de-France,78,Yvelines,1,H1,2,896.330,520.064,Gel,58
2015,2015-2019,11,Île-de-France,78,Yvelines,1,H1,2,896.330,520.064,Inondation,2
2015,2015-2019,11,Île-de-France,78,Yvelines,1,H1,2,896.330,520.064,Sécheresse,66
2016,2015-2019,11,Île-de-France,78,Yvelines,1,H1,3,1290.653,976.336,Gel,73
2016,2015-2019,11,Île-de-France,78,Yvelines,1,H1,3,1290.653,976.336,Inondation,2
2016,2015-2019,11,Île-de-France,78,Yvelines,1,H1,3,1290.653,976.336,Sécheresse,76
2017,2015-2019,11,Île-de-France,78,Yvelines,1,H1,12,1402.130,447.032,Gel,61
2017,2015-2019,11,Île-de-France,78,Yvelines,1,H1,12,1402.130,447.032,Inondation,2
2017,2015-2019,11,Île-de-France,78,Yvelines,1,H1,12,1402.130,447.032,Sécheresse,88
2018,2015-2019,11,Île-de-France,78,Yvelines,1,H1,21,1728.017,818.924,Gel,62
2018,2015-2019,11,Île-de-France,78,Yvelines,1,H1,21,1728.017,818.924,Inondation,3
2018,2015-2019,11,Île-de-France,78,Yvelines,1,H1,21,1728.017,818.924,Sécheresse,115
2019,2015-2019,11,Île-de-France,78,Yvelines,1,H1,17,2905.169,1488.273,Gel,56
2019,2015-2019,11,Île-de-France,78,Yvelines,1,H1,17,2905.169,1488.273,Inondation,1
2019,2015-2019,11,Île-de-France,78,Yvelines,1,H1,17,2905.169,1488.273,Sécheresse,84
2020,2020-2024,11,Île-de-France,78,Yvelines,1,H1,16,3288.784,1505.865,Gel,45
2020,2020-2024,11,Île-de-France,78,Yvelines,1,H1,16,3288.784,1505.865,Inondation,1
2020,2020-2024,11,Île-de-France,78,Yvelines,1,H1,16,3288.784,1505.865,Sécheresse,94
2021,2020-2024,11,Île-de-France,78,Yvelines,1,H1,13,2492.280,816.916,Gel,67
2021,2020-2024,11,Île-de-France,78,Yvelines,1,H1,13,2492.280,816.916,Inondation,2
2021,2020-2024,11,Île-de-France,78,Yvelines,1,H1,13,2492.280,816.916,Sécheresse,57
2022,2020-2024,11,Île-de-France,78,Yvelines,1,H1,7,1172.447,585.160,Gel,54
2022,2020-2024,11,Île-de-France,78,Yvelines,1,H1,7,1172.447,585.160,Inondation,2
2022,2020-2024,11,Île-de-France,78,Yvelines,1,H1,7,1172.447,585.160,Sécheresse,94
2023,2020-2024,11,Île-de-France,78,Yvelines,1,H1,8,782.018,-368.790,Gel,50
2023,2020-2024,11,Île-de-France,78,Yvelines,1,H1,8,782.018,-368.790,Inondation,0
2023,2020-2024,11,Île-de-France,78,Yvelines,1,H1,8,782.018,-368.790,Sécheresse,99
2024,2020-2024,11,Île-de-France,78,Yvelines,1,H1,8,236.249,-725.389,Gel,43
2024,2020-2024,11,Île-de-France,78,Yvelines,1,H1,8,236.249,-725.389,Inondation,2
2024,2020-2024,11,Île-de-France,78,Yvelines,1,H1,8,236.249,-725.389,Sécheresse,64
2010,2010-2014,75,Nouvelle-Aquitaine,79,Deux-Sèvres,2,H2,21,3045.992,980.840,Gel,95
2010,2010-2014,75,Nouvelle-Aquitaine,79,Deux-Sèvres,2,H2,21,3045.992,980.840,Inondation,1
2010,2010-2014,75,Nouvelle-Aquitaine,79,Deux-Sèvres,2,H2,21,3045.992,980.840,Sécheresse,94
2011,2010-2014,75,Nouvelle-Aquitaine,79,Deux-Sèvres,2,H2,18,3435.808,616.980,Gel,58
2011,2010-2014,75,Nouvelle-Aquitaine,79,Deux-Sèvres,2,H2,18,3435.808,616.980,Inondation,5
2011,2010-2014,75,Nouvelle-Aquitaine,79,Deux-Sèvres,2,H2,18,3435.808,616.980,Sécheresse,105
2012,2010-2014,75,Nouvelle-Aquitaine,79,Deux-Sèvres,2,H2,13,2273.197,1970.427,Gel,75
2012,2010-2014,75,Nouvelle-Aquitaine,79,Deux-Sèvres,2,H2,13,2273.197,1970.427,Inondation,9
2012,2010-2014,75,Nouvelle-Aquitaine,79,Deux-Sèvres,2,H2,13,2273.197,1970.427,Sécheresse,88
2013,2010-2014,75,Nouvelle-Aquitaine,79,Deux-Sèvres,2,H2,4,1555.509,285.913,Gel,84
2013,2010-2014,75,Nouvelle-Aquitaine,79,Deux-Sèvres,2,H2,4,1555.509,285.913,Inondation,7
2013,2010-2014,75,Nouvelle-Aquitaine,79,Deux-Sèvres,2,H2,4,1555.509,285.913,Sécheresse,84
2014,2010-2014,75,Nouvelle-Aquitaine,79,Deux-Sèvres,2,H2,21,2122.128,836.825,Gel,34
2014,2010-2014,75,Nouvelle-Aquitaine,79,Deux-Sèvres,2,H2,21,2122.128,836.825,Inondation,7
2014,2010-2014,75,Nouvelle-Aquitaine,79,Deux-Sèvres,2,H2,21,2122.128,836.825,Sécheresse,85
2015,2015-2019,75,Nouvelle-Aquitaine,79,Deux-Sèvres,2,H2,30,4284.967,3104.643,Gel,63
2015,2015-2019,75,Nouvelle-Aquitaine,79,Deux-Sèvres,2,H2,30,4284.967,3104.643,Inondation,5
2015,2015-2019,75,Nouvelle-Aquitaine,79,Deux-Sèvres,2,H2,30,4284.967,3104.643,Sécheresse,81
2016,2015-2019,75,Nouvelle-Aquitaine,79,Deux-Sèvres,2,H2,39,5652.576,2314.650,Gel,71
2016,2015-2019,75,Nouvelle-Aquitaine,79,Deux-Sèvres,2,H2,39,5652.576,2314.650,Inondation,1
2016,2015-2019,75,Nouvelle-Aquitaine,79,Deux-Sèvres,2,H2,39,5652.576,2314.650,Sécheresse,83
2017,2015-2019,75,Nouvelle-Aquitaine,79,Deux-Sèvres,2,H2,37,6822.460,3735.437,Gel,61
2017,2015-2019,75,Nouvelle-Aquitaine,79,Deux-Sèvres,2,H2,37,6822.460,3735.437,Inondation,1
2017,2015-2019,75,Nouvelle-Aquitaine,79,Deux-Sèvres,2,H2,37,6822.460,3735.437,Sécheresse,89
2018,2015-2019,75,Nouvelle-Aquitaine,79,Deux-Sèvres,2,H2,54,9328.009,5903.277,Gel,41
2018,2015-2019,75,Nouvelle-Aquitaine,79,Deux-Sèvres,2,H2,54,9328.009,5903.277,Inondation,6
2018,2015-2019,75,Nouvelle-Aquitaine,79,Deux-Sèvres,2,H2,54,9328.009,5903.277,Sécheresse,121
2019,2015-2019,75,Nouvelle-Aquitaine,79,Deux-Sèvres,2,H2,58,13835.488,6725.989,Gel,54
2019,2015-2019,75,Nouvelle-Aquitaine,79,Deux-Sèvres,2,H2,58,13835.488,6725.989,Inondation,7
2019,2015-2019,75,Nouvelle-Aquitaine,79,Deux-Sèvres,2,H2,58,13835.488,6725.989,Sécheresse,88
2020,2020-2024,75,Nouvelle-Aquitaine,79,Deux-Sèvres,2,H2,55,12792.288,5065.186,Gel,53
2020,2020-2024,75,Nouvelle-Aquitaine,79,Deux-Sèvres,2,H2,55,12792.288,5065.186,Inondation,1
2020,2020-2024,75,Nouvelle-Aquitaine,79,Deux-Sèvres,2,H2,55,12792.288,5065.186,Sécheresse,95
2021,2020-2024,75,Nouvelle-Aquitaine,79,Deux-Sèvres,2,H2,58,9725.271,2730.063,Gel,83
2021,2020-2024,75,Nouvelle-Aquitaine,79,Deux-Sèvres,2,H2,58,9725.271,2730.063,Inondation,3
2021,2020-2024,75,Nouvelle-Aquitaine,79,Deux-Sèvres,2,H2,58,9725.271,2730.063,Sécheresse,86
2022,2020-2024,75,Nouvelle-Aquitaine,79,Deux-Sèvres,2,H2,37,5233.166,660.309,Gel,63
2022,2020-2024,75,Nouvelle-Aquitaine,79,Deux-Sèvres,2,H2,37,5233.166,660.309,Inondation,1
2022,2020-2024,75,Nouvelle-Aquitaine,79,Deux-Sèvres,2,H2,37,5233.166,660.309,Sécheresse,114
2023,2020-2024,75,Nouvelle-Aquitaine,79,Deux-Sèvres,2,H2,35,2837.435,-1109.481,Gel,47
2023,2020-2024,75,Nouvelle-Aquitaine,79,Deux-Sèvres,2,H2,35,2837.435,-1109.481,Inondation,5
2023,2020-2024,75,Nouvelle-Aquitaine,79,Deux-Sèvres,2,H2,35,2837.435,-1109.481,Sécheresse,121
2024,2020-2024,75,Nouvelle-Aquitaine,79,Deux-Sèvres,2,H2,20,2303.632,-1645.906,Gel,35
2024,2020-2024,75,Nouvelle-Aquitaine,79,Deux-Sèvres,2,H2,20,2303.632,-1645.906,Inondation,4
2024,2020-2024,75,Nouvelle-Aquitaine,79,Deux-Sèvres,2,H2,20,2303.632,-1645.906,Sécheresse,72
2010,2010-2014,32,Hauts-de-France,80,Somme,1,H1,6,570.474,-38949.298,Gel,109
2010,2010-2014,32,Hauts-de-France,80,Somme,1,H1,6,570.474,-38949.298,Inondation,5
2010,2010-2014,32,Hauts-de-France,80,Somme,1,H1,6,570.474,-38949.298,Sécheresse,48
2011,2010-2014,32,Hauts-de-France,80,Somme,1,H1,8,1054.340,612.949,Gel,51
2011,2010-2014,32,Hauts-de-France,80,Somme,1,H1,8,1054.340,612.949,Inondation,3
2011,2010-2014,32,Hauts-de-France,80,Somme,1,H1,8,1054.340,612.949,Sécheresse,47
2012,2010-2014,32,Hauts-de-France,80,Somme,1,H1,3,957.730,212.396,Gel,62
2012,2010-2014,32,Hauts-de-France,80,Somme,1,H1,3,957.730,212.396,Inondation,2
2012,2010-2014,32,Hauts-de-France,80,Somme,1,H1,3,957.730,212.396,Sécheresse,44
2013,2010-2014,32,Hauts-de-France,80,Somme,1,H1,7,499.740,68.024,Gel,80
2013,2010-2014,32,Hauts-de-France,80,Somme,1,H1,7,499.740,68.024,Inondation,7
2013,2010-2014,32,Hauts-de-France,80,Somme,1,H1,7,499.740,68.024,Sécheresse,48
2014,2010-2014,32,Hauts-de-France,80,Somme,1,H1,2,540.060,156.728,Gel,27
2014,2010-2014,32,Hauts-de-France,80,Somme,1,H1,2,540.060,156.728,Inondation,3
2014,2010-2014,32,Hauts-de-France,80,Somme,1,H1,2,540.060,156.728,Sécheresse,38
2015,2015-2019,32,Hauts-de-France,80,Somme,1,H1,10,644.310,368.610,Gel,50
2015,2015-2019,32,Hauts-de-France,80,Somme,1,H1,10,644.310,368.610,Inondation,2
2015,2015-2019,32,Hauts-de-France,80,Somme,1,H1,10,644.310,368.610,Sécheresse,46
2016,2015-2019,32,Hauts-de-France,80,Somme,1,H1,12,1338.495,884.706,Gel,62
2016,2015-2019,32,Hauts-de-France,80,Somme,1,H1,12,1338.495,884.706,Inondation,1
2016,2015-2019,32,Hauts-de-France,80,Somme,1,H1,12,1338.495,884.706,Sécheresse,45
2017,2015-2019,32,Hauts-de-France,80,Somme,1,H1,24,1656.795,561.485,Gel,56
2017,2015-2019,32,Hauts-de-France,80,Somme,1,H1,24,1656.795,561.485,Inondation,4
2017,2015-2019,32,Hauts-de-France,80,Somme,1,H1,24,1656.795,561.485,Sécheresse,61
2018,2015-2019,32,Hauts-de-France,80,Somme,1,H1,16,1629.403,763.149,Gel,53
2018,2015-2019,32,Hauts-de-France,80,Somme,1,H1,16,1629.403,763.149,Inondation,2
2018,2015-2019,32,Hauts-de-France,80,Somme,1,H1,16,1629.403,763.149,Sécheresse,75
2019,2015-2019,32,Hauts-de-France,80,Somme,1,H1,24,1804.250,1120.091,Gel,49
2019,2015-2019,32,Hauts-de-France,80,Somme,1,H1,24,1804.250,1120.091,Inondation,1
2019,2015-2019,32,Hauts-de-France,80,Somme,1,H1,24,1804.250,1120.091,Sécheresse,63
2020,2020-2024,32,Hauts-de-France,80,Somme,1,H1,18,2563.845,1347.272,Gel,50
2020,2020-2024,32,Hauts-de-France,80,Somme,1,H1,18,2563.845,1347.272,Inondation,2
2020,2020-2024,32,Hauts-de-France,80,Somme,1,H1,18,2563.845,1347.272,Sécheresse,75
2021,2020-2024,32,Hauts-de-France,80,Somme,1,H1,19,2267.116,563.300,Gel,85
2021,2020-2024,32,Hauts-de-France,80,Somme,1,H1,19,2267.116,563.300,Inondation,6
2021,2020-2024,32,Hauts-de-France,80,Somme,1,H1,19,2267.116,563.300,Sécheresse,45
2022,2020-2024,32,Hauts-de-France,80,Somme,1,H1,11,1123.474,-56.178,Gel,67
2022,2020-2024,32,Hauts-de-France,80,Somme,1,H1,11,1123.474,-56.178,Inondation,2
2022,2020-2024,32,Hauts-de-France,80,Somme,1,H1,11,1123.474,-56.178,Sécheresse,81
2023,2020-2024,32,Hauts-de-France,80,Somme,1,H1,8,465.028,-196.386,Gel,53
2023,2020-2024,32,Hauts-de-France,80,Somme,1,H1,8,465.028,-196.386,Inondation,4
2023,2020-2024,32,Hauts-de-France,80,Somme,1,H1,8,465.028,-196.386,Sécheresse,74
2024,2020-2024,32,Hauts-de-France,80,Somme,1,H1,8,268.610,-653.781,Gel,41
2024,2020-2024,32,Hauts-de-France,80,Somme,1,H1,8,268.610,-653.781,Inondation,1
2024,2020-2024,32,Hauts-de-France,80,Somme,1,H1,8,268.610,-653.781,Sécheresse,50
2010,2010-2014,76,Occitanie,81,Tarn,2,H2,25,2362.492,-69.891,Gel,117
2010,2010-2014,76,Occitanie,81,Tarn,2,H2,25,2362.492,-69.891,Inondation,12
2010,2010-2014,76,Occitanie,81,Tarn,2,H2,25,2362.492,-69.891,Sécheresse,116
2011,2010-2014,76,Occitanie,81,Tarn,2,H2,18,3288.980,1609.149,Gel,73
2011,2010-2014,76,Occitanie,81,Tarn,2,H2,18,3288.980,1609.149,Inondation,25
2011,2010-2014,76,Occitanie,81,Tarn,2,H2,18,3288.980,1609.149,Sécheresse,129
2012,2010-2014,76,Occitanie,81,Tarn,2,H2,18,2556.439,803.652,Gel,87
2012,2010-2014,76,Occitanie,81,Tarn,2,H2,18,2556.439,803.652,Inondation,16
2012,2010-2014,76,Occitanie,81,Tarn,2,H2,18,2556.439,803.652,Sécheresse,128
2013,2010-2014,76,Occitanie,81,Tarn,2,H2,19,2112.441,1044.621,Gel,118
2013,2010-2014,76,Occitanie,81,Tarn,2,H2,19,2112.441,1044.621,Inondation,18
2013,2010-2014,76,Occitanie,81,Tarn,2,H2,19,2112.441,1044.621,Sécheresse,105
2014,2010-2014,76,Occitanie,81,Tarn,2,H2,23,2290.220,1241.392,Gel,70
2014,2010-2014,76,Occitanie,81,Tarn,2,H2,23,2290.220,1241.392,Inondation,19
2014,2010-2014,76,Occitanie,81,Tarn,2,H2,23,2290.220,1241.392,Sécheresse,125
2015,2015-2019,76,Occitanie,81,Tarn,2,H2,37,4627.949,3989.670,Gel,93
2015,2015-2019,76,Occitanie,81,Tarn,2,H2,37,4627.949,3989.670,Inondation,14
2015,2015-2019,76,Occitanie,81,Tarn,2,H2,37,4627.949,3989.670,Sécheresse,118
2016,2015-2019,76,Occitanie,81,Tarn,2,H2,50,8653.880,4079.231,Gel,86
2016,2015-2019,76,Occitanie,81,Tarn,2,H2,50,8653.880,4079.231,Inondation,19
2016,2015-2019,76,Occitanie,81,Tarn,2,H2,50,8653.880,4079.231,Sécheresse,116
2017,2015-2019,76,Occitanie,81,Tarn,2,H2,53,8053.714,2117.634,Gel,110
2017,2015-2019,76,Occitanie,81,Tarn,2,H2,53,8053.714,2117.634,Inondation,13
2017,2015-2019,76,Occitanie,81,Tarn,2,H2,53,8053.714,2117.634,Sécheresse,121
2018,2015-2019,76,Occitanie,81,Tarn,2,H2,61,7529.752,3029.454,Gel,77
2018,2015-2019,76,Occitanie,81,Tarn,2,H2,61,7529.752,3029.454,Inondation,26
2018,2015-2019,76,Occitanie,81,Tarn,2,H2,61,7529.752,3029.454,Sécheresse,133
2019,2015-2019,76,Occitanie,81,Tarn,2,H2,62,6977.382,2388.197,Gel,107
2019,2015-2019,76,Occitanie,81,Tarn,2,H2,62,6977.382,2388.197,Inondation,10
2019,2015-2019,76,Occitanie,81,Tarn,2,H2,62,6977.382,2388.197,Sécheresse,111
2020,2020-2024,76,Occitanie,81,Tarn,2,H2,82,5988.488,2788.178,Gel,81
2020,2020-2024,76,Occitanie,81,Tarn,2,H2,82,5988.488,2788.178,Inondation,15
2020,2020-2024,76,Occitanie,81,Tarn,2,H2,82,5988.488,2788.178,Sécheresse,117
2021,2020-2024,76,Occitanie,81,Tarn,2,H2,84,6682.131,2987.762,Gel,103
2021,2020-2024,76,Occitanie,81,Tarn,2,H2,84,6682.131,2987.762,Inondation,9
2021,2020-2024,76,Occitanie,81,Tarn,2,H2,84,6682.131,2987.762,Sécheresse,104
2022,2020-2024,76,Occitanie,81,Tarn,2,H2,82,5088.785,-176.619,Inondation,8
2022,2020-2024,76,Occitanie,81,Tarn,2,H2,82,5088.785,-176.619,Sécheresse,148
2023,2020-2024,76,Occitanie,81,Tarn,2,H2,92,4553.069,-731.069,Gel,84
2023,2020-2024,76,Occitanie,81,Tarn,2,H2,92,4553.069,-731.069,Inondation,7
2023,2020-2024,76,Occitanie,81,Tarn,2,H2,92,4553.069,-731.069,Sécheresse,141
2024,2020-2024,76,Occitanie,81,Tarn,2,H2,95,4473.593,848.515,Gel,74
2024,2020-2024,76,Occitanie,81,Tarn,2,H2,95,4473.593,848.515,Inondation,8
2024,2020-2024,76,Occitanie,81,Tarn,2,H2,95,4473.593,848.515,Sécheresse,91
2010,2010-2014,76,Occitanie,82,Tarn-et-Garonne,2,H2,17,1265.638,-27565.736,Gel,92
2010,2010-2014,76,Occitanie,82,Tarn-et-Garonne,2,H2,17,1265.638,-27565.736,Inondation,5
2010,2010-2014,76,Occitanie,82,Tarn-et-Garonne,2,H2,17,1265.638,-27565.736,Sécheresse,117
2011,2010-2014,76,Occitanie,82,Tarn-et-Garonne,2,H2,15,1273.348,910.790,Gel,45
2011,2010-2014,76,Occitanie,82,Tarn-et-Garonne,2,H2,15,1273.348,910.790,Inondation,4
2011,2010-2014,76,Occitanie,82,Tarn-et-Garonne,2,H2,15,1273.348,910.790,Sécheresse,151
2012,2010-2014,76,Occitanie,82,Tarn-et-Garonne,2,H2,9,1018.630,234.872,Gel,70
2012,2010-2014,76,Occitanie,82,Tarn-et-Garonne,2,H2,9,1018.630,234.872,Inondation,2
2012,2010-2014,76,Occitanie,82,Tarn-et-Garonne,2,H2,9,1018.630,234.872,Sécheresse,132
2013,2010-2014,76,Occitanie,82,Tarn-et-Garonne,2,H2,5,675.180,-100.894,Gel,71
2013,2010-2014,76,Occitanie,82,Tarn-et-Garonne,2,H2,5,675.180,-100.894,Inondation,4
2013,2010-2014,76,Occitanie,82,Tarn-et-Garonne,2,H2,5,675.180,-100.894,Sécheresse,111
2014,2010-2014,76,Occitanie,82,Tarn-et-Garonne,2,H2,11,1635.640,1243.975,Gel,34
2014,2010-2014,76,Occitanie,82,Tarn-et-Garonne,2,H2,11,1635.640,1243.975,Inondation,4
2014,2010-2014,76,Occitanie,82,Tarn-et-Garonne,2,H2,11,1635.640,1243.975,Sécheresse,135
2015,2015-2019,76,Occitanie,82,Tarn-et-Garonne,2,H2,28,3212.023,4091.803,Gel,66
2015,2015-2019,76,Occitanie,82,Tarn-et-Garonne,2,H2,28,3212.023,4091.803,Inondation,7
2015,2015-2019,76,Occitanie,82,Tarn-et-Garonne,2,H2,28,3212.023,4091.803,Sécheresse,125
2016,2015-2019,76,Occitanie,82,Tarn-et-Garonne,2,H2,35,5028.940,2352.847,Gel,57
2016,2015-2019,76,Occitanie,82,Tarn-et-Garonne,2,H2,35,5028.940,2352.847,Inondation,1
2016,2015-2019,76,Occitanie,82,Tarn-et-Garonne,2,H2,35,5028.940,2352.847,Sécheresse,115
2017,2015-2019,76,Occitanie,82,Tarn-et-Garonne,2,H2,43,5339.720,1858.875,Gel,80
2017,2015-2019,76,Occitanie,82,Tarn-et-Garonne,2,H2,43,5339.720,1858.875,Inondation,6
2017,2015-2019,76,Occitanie,82,Tarn-et-Garonne,2,H2,43,5339.720,1858.875,Sécheresse,125
2018,2015-2019,76,Occitanie,82,Tarn-et-Garonne,2,H2,64,4906.349,2479.107,Gel,40
2018,2015-2019,76,Occitanie,82,Tarn-et-Garonne,2,H2,64,4906.349,2479.107,Inondation,9
2018,2015-2019,76,Occitanie,82,Tarn-et-Garonne,2,H2,64,4906.349,2479.107,Sécheresse,143
2019,2015-2019,76,Occitanie,82,Tarn-et-Garonne,2,H2,37,5381.993,1697.397,Gel,71
2019,2015-2019,76,Occitanie,82,Tarn-et-Garonne,2,H2,37,5381.993,1697.397,Inondation,4
2019,2015-2019,76,Occitanie,82,Tarn-et-Garonne,2,H2,37,5381.993,1697.397,Sécheresse,121
2020,2020-2024,76,Occitanie,82,Tarn-et-Garonne,2,H2,50,4669.766,2481.226,Gel,44
2020,2020-2024,76,Occitanie,82,Tarn-et-Garonne,2,H2,50,4669.766,2481.226,Inondation,4
2020,2020-2024,76,Occitanie,82,Tarn-et-Garonne,2,H2,50,4669.766,2481.226,Sécheresse,123
2021,2020-2024,76,Occitanie,82,Tarn-et-Garonne,2,H2,155,6708.160,3845.814,Gel,67
2021,2020-2024,76,Occitanie,82,Tarn-et-Garonne,2,H2,155,6708.160,3845.814,Inondation,3
2021,2020-2024,76,Occitanie,82,Tarn-et-Garonne,2,H2,155,6708.160,3845.814,Sécheresse,114
2022,2020-2024,76,Occitanie,82,Tarn-et-Garonne,2,H2,69,5940.370,-125.857,Gel,53
2022,2020-2024,76,Occitanie,82,Tarn-et-Garonne,2,H2,69,5940.370,-125.857,Inondation,1
2022,2020-2024,76,Occitanie,82,Tarn-et-Garonne,2,H2,69,5940.370,-125.857,Sécheresse,150
2023,2020-2024,76,Occitanie,82,Tarn-et-Garonne,2,H2,70,3539.089,-1584.174,Gel,57
2023,2020-2024,76,Occitanie,82,Tarn-et-Garonne,2,H2,70,3539.089,-1584.174,Inondation,0
2023,2020-2024,76,Occitanie,82,Tarn-et-Garonne,2,H2,70,3539.089,-1584.174,Sécheresse,144
2024,2020-2024,76,Occitanie,82,Tarn-et-Garonne,2,H2,127,4903.029,669.264,Gel,30
2024,2020-2024,76,Occitanie,82,Tarn-et-Garonne,2,H2,127,4903.029,669.264,Inondation,3
2024,2020-2024,76,Occitanie,82,Tarn-et-Garonne,2,H2,127,4903.029,669.264,Sécheresse,96
2010,2010-2014,93,Provence-Alpes-Côte d'Azur,83,Var,3,H3,37,1779.188,-17715.265,Gel,120
2010,2010-2014,93,Provence-Alpes-Côte d'Azur,83,Var,3,H3,37,1779.188,-17715.265,Inondation,21
2010,2010-2014,93,Provence-Alpes-Côte d'Azur,83,Var,3,H3,37,1779.188,-17715.265,Sécheresse,144
2011,2010-2014,93,Provence-Alpes-Côte d'Azur,83,Var,3,H3,34,1834.297,2451.484,Gel,101
2011,2010-2014,93,Provence-Alpes-Côte d'Azur,83,Var,3,H3,34,1834.297,2451.484,Inondation,26
2011,2010-2014,93,Provence-Alpes-Côte d'Azur,83,Var,3,H3,34,1834.297,2451.484,Sécheresse,166
2012,2010-2014,93,Provence-Alpes-Côte d'Azur,83,Var,3,H3,26,2836.485,1341.228,Gel,115
2012,2010-2014,93,Provence-Alpes-Côte d'Azur,83,Var,3,H3,26,2836.485,1341.228,Inondation,20
2012,2010-2014,93,Provence-Alpes-Côte d'Azur,83,Var,3,H3,26,2836.485,1341.228,Sécheresse,160
2013,2010-2014,93,Provence-Alpes-Côte d'Azur,83,Var,3,H3,30,2428.868,-275.164,Gel,103
2013,2010-2014,93,Provence-Alpes-Côte d'Azur,83,Var,3,H3,30,2428.868,-275.164,Inondation,19
2013,2010-2014,93,Provence-Alpes-Côte d'Azur,83,Var,3,H3,30,2428.868,-275.164,Sécheresse,151
2014,2010-2014,93,Provence-Alpes-Côte d'Azur,83,Var,3,H3,19,2454.222,912.989,Gel,58
2014,2010-2014,93,Provence-Alpes-Côte d'Azur,83,Var,3,H3,19,2454.222,912.989,Inondation,37
2014,2010-2014,93,Provence-Alpes-Côte d'Azur,83,Var,3,H3,19,2454.222,912.989,Sécheresse,174
2015,2015-2019,93,Provence-Alpes-Côte d'Azur,83,Var,3,H3,28,2598.892,445.206,Gel,84
2015,2015-2019,93,Provence-Alpes-Côte d'Azur,83,Var,3,H3,28,2598.892,445.206,Inondation,20
2015,2015-2019,93,Provence-Alpes-Côte d'Azur,83,Var,3,H3,28,2598.892,445.206,Sécheresse,165
2016,2015-2019,93,Provence-Alpes-Côte d'Azur,83,Var,3,H3,36,1727.469,-24.283,Gel,90
2016,2015-2019,93,Provence-Alpes-Côte d'Azur,83,Var,3,H3,36,1727.469,-24.283,Inondation,14
2016,2015-2019,93,Provence-Alpes-Côte d'Azur,83,Var,3,H3,36,1727.469,-24.283,Sécheresse,156
2017,2015-2019,93,Provence-Alpes-Côte d'Azur,83,Var,3,H3,67,2942.719,1629.310,Gel,99
2017,2015-2019,93,Provence-Alpes-Côte d'Azur,83,Var,3,H3,67,2942.719,1629.310,Inondation,7
2017,2015-2019,93,Provence-Alpes-Côte d'Azur,83,Var,3,H3,67,2942.719,1629.310,Sécheresse,180
2018,2015-2019,93,Provence-Alpes-Côte d'Azur,83,Var,3,H3,92,4886.341,2408.208,Gel,70
2018,2015-2019,93,Provence-Alpes-Côte d'Azur,83,Var,3,H3,92,4886.341,2408.208,Inondation,33
2018,2015-2019,93,Provence-Alpes-Côte d'Azur,83,Var,3,H3,92,4886.341,2408.208,Sécheresse,169
2019,2015-2019,93,Provence-Alpes-Côte d'Azur,83,Var,3,H3,97,6478.243,2587.770,Gel,114
2019,2015-2019,93,Provence-Alpes-Côte d'Azur,83,Var,3,H3,97,6478.243,2587.770,Inondation,18
2019,2015-2019,93,Provence-Alpes-Côte d'Azur,83,Var,3,H3,97,6478.243,2587.770,Sécheresse,153
2020,2020-2024,93,Provence-Alpes-Côte d'Azur,83,Var,3,H3,110,5553.757,4156.715,Gel,137
2020,2020-2024,93,Provence-Alpes-Côte d'Azur,83,Var,3,H3,110,5553.757,4156.715,Inondation,13
2020,2020-2024,93,Provence-Alpes-Côte d'Azur,83,Var,3,H3,110,5553.757,4156.715,Sécheresse,147
2021,2020-2024,93,Provence-Alpes-Côte d'Azur,83,Var,3,H3,105,7262.231,2599.544,Gel,147
2021,2020-2024,93,Provence-Alpes-Côte d'Azur,83,Var,3,H3,105,7262.231,2599.544,Inondation,13
2021,2020-2024,93,Provence-Alpes-Côte d'Azur,83,Var,3,H3,105,7262.231,2599.544,Sécheresse,146
2022,2020-2024,93,Provence-Alpes-Côte d'Azur,83,Var,3,H3,107,5538.604,-470.625,Gel,121
2022,2020-2024,93,Provence-Alpes-Côte d'Azur,83,Var,3,H3,107,5538.604,-470.625,Inondation,12
2022,2020-2024,93,Provence-Alpes-Côte d'Azur,83,Var,3,H3,107,5538.604,-470.625,Sécheresse,175
2023,2020-2024,93,Provence-Alpes-Côte d'Azur,83,Var,3,H3,68,4450.772,277.825,Gel,121
2023,2020-2024,93,Provence-Alpes-Côte d'Azur,83,Var,3,H3,68,4450.772,277.825,Inondation,14
2023,2020-2024,93,Provence-Alpes-Côte d'Azur,83,Var,3,H3,68,4450.772,277.825,Sécheresse,175
2024,2020-2024,93,Provence-Alpes-Côte d'Azur,83,Var,3,H3,106,4721.518,924.675,Gel,114
2024,2020-2024,93,Provence-Alpes-Côte d'Azur,83,Var,3,H3,106,4721.518,924.675,Inondation,24
2024,2020-2024,93,Provence-Alpes-Côte d'Azur,83,Var,3,H3,106,4721.518,924.675,Sécheresse,156
2010,2010-2014,93,Provence-Alpes-Côte d'Azur,84,Vaucluse,2,H2,71,6132.180,-13418.542,Gel,159
2010,2010-2014,93,Provence-Alpes-Côte d'Azur,84,Vaucluse,2,H2,71,6132.180,-13418.542,Inondation,17
2010,2010-2014,93,Provence-Alpes-Côte d'Azur,84,Vaucluse,2,H2,71,6132.180,-13418.542,Sécheresse,137
2011,2010-2014,93,Provence-Alpes-Côte d'Azur,84,Vaucluse,2,H2,58,6970.858,2694.068,Gel,130
2011,2010-2014,93,Provence-Alpes-Côte d'Azur,84,Vaucluse,2,H2,58,6970.858,2694.068,Inondation,11
2011,2010-2014,93,Provence-Alpes-Côte d'Azur,84,Vaucluse,2,H2,58,6970.858,2694.068,Sécheresse,160
2012,2010-2014,93,Provence-Alpes-Côte d'Azur,84,Vaucluse,2,H2,29,5128.887,1293.344,Gel,161
2012,2010-2014,93,Provence-Alpes-Côte d'Azur,84,Vaucluse,2,H2,29,5128.887,1293.344,Inondation,19
2012,2010-2014,93,Provence-Alpes-Côte d'Azur,84,Vaucluse,2,H2,29,5128.887,1293.344,Sécheresse,144
2013,2010-2014,93,Provence-Alpes-Côte d'Azur,84,Vaucluse,2,H2,23,3385.319,372.714,Gel,162
2013,2010-2014,93,Provence-Alpes-Côte d'Azur,84,Vaucluse,2,H2,23,3385.319,372.714,Inondation,19
2013,2010-2014,93,Provence-Alpes-Côte d'Azur,84,Vaucluse,2,H2,23,3385.319,372.714,Sécheresse,131
2014,2010-2014,93,Provence-Alpes-Côte d'Azur,84,Vaucluse,2,H2,26,2706.014,-477.216,Gel,123
2014,2010-2014,93,Provence-Alpes-Côte d'Azur,84,Vaucluse,2,H2,26,2706.014,-477.216,Inondation,27
2014,2010-2014,93,Provence-Alpes-Côte d'Azur,84,Vaucluse,2,H2,26,2706.014,-477.216,Sécheresse,154
2015,2015-2019,93,Provence-Alpes-Côte d'Azur,84,Vaucluse,2,H2,30,2145.074,-629.777,Gel,130
2015,2015-2019,93,Provence-Alpes-Côte d'Azur,84,Vaucluse,2,H2,30,2145.074,-629.777,Inondation,17
2015,2015-2019,93,Provence-Alpes-Côte d'Azur,84,Vaucluse,2,H2,30,2145.074,-629.777,Sécheresse,147
2016,2015-2019,93,Provence-Alpes-Côte d'Azur,84,Vaucluse,2,H2,47,3013.204,1859.834,Gel,130
2016,2015-2019,93,Provence-Alpes-Côte d'Azur,84,Vaucluse,2,H2,47,3013.204,1859.834,Inondation,14
2016,2015-2019,93,Provence-Alpes-Côte d'Azur,84,Vaucluse,2,H2,47,3013.204,1859.834,Sécheresse,136
2017,2015-2019,93,Provence-Alpes-Côte d'Azur,84,Vaucluse,2,H2,73,3657.113,1681.891,Gel,125
2017,2015-2019,93,Provence-Alpes-Côte d'Azur,84,Vaucluse,2,H2,73,3657.113,1681.891,Inondation,6
2017,2015-2019,93,Provence-Alpes-Côte d'Azur,84,Vaucluse,2,H2,73,3657.113,1681.891,Sécheresse,156
2018,2015-2019,93,Provence-Alpes-Côte d'Azur,84,Vaucluse,2,H2,72,5889.542,2537.655,Gel,97
2018,2015-2019,93,Provence-Alpes-Côte d'Azur,84,Vaucluse,2,H2,72,5889.542,2537.655,Inondation,27
2018,2015-2019,93,Provence-Alpes-Côte d'Azur,84,Vaucluse,2,H2,72,5889.542,2537.655,Sécheresse,163
2019,2015-2019,93,Provence-Alpes-Côte d'Azur,84,Vaucluse,2,H2,109,6754.104,2612.045,Gel,150
2019,2015-2019,93,Provence-Alpes-Côte d'Azur,84,Vaucluse,2,H2,109,6754.104,2612.045,Inondation,13
2019,2015-2019,93,Provence-Alpes-Côte d'Azur,84,Vaucluse,2,H2,109,6754.104,2612.045,Sécheresse,140
2020,2020-2024,93,Provence-Alpes-Côte d'Azur,84,Vaucluse,2,H2,115,7409.866,2768.777,Gel,135
2020,2020-2024,93,Provence-Alpes-Côte d'Azur,84,Vaucluse,2,H2,115,7409.866,2768.777,Inondation,10
2020,2020-2024,93,Provence-Alpes-Côte d'Azur,84,Vaucluse,2,H2,115,7409.866,2768.777,Sécheresse,135
2021,2020-2024,93,Provence-Alpes-Côte d'Azur,84,Vaucluse,2,H2,179,9455.901,4429.469,Gel,157
2021,2020-2024,93,Provence-Alpes-Côte d'Azur,84,Vaucluse,2,H2,179,9455.901,4429.469,Inondation,11
2021,2020-2024,93,Provence-Alpes-Côte d'Azur,84,Vaucluse,2,H2,179,9455.901,4429.469,Sécheresse,137
2022,2020-2024,93,Provence-Alpes-Côte d'Azur,84,Vaucluse,2,H2,107,8557.898,2101.702,Gel,123
2022,2020-2024,93,Provence-Alpes-Côte d'Azur,84,Vaucluse,2,H2,107,8557.898,2101.702,Inondation,12
2022,2020-2024,93,Provence-Alpes-Côte d'Azur,84,Vaucluse,2,H2,107,8557.898,2101.702,Sécheresse,176
2023,2020-2024,93,Provence-Alpes-Côte d'Azur,84,Vaucluse,2,H2,93,9673.253,3195.905,Gel,131
2023,2020-2024,93,Provence-Alpes-Côte d'Azur,84,Vaucluse,2,H2,93,9673.253,3195.905,Inondation,5
2023,2020-2024,93,Provence-Alpes-Côte d'Azur,84,Vaucluse,2,H2,93,9673.253,3195.905,Sécheresse,158
2024,2020-2024,93,Provence-Alpes-Côte d'Azur,84,Vaucluse,2,H2,71,6460.402,-69.781,Gel,120
2024,2020-2024,93,Provence-Alpes-Côte d'Azur,84,Vaucluse,2,H2,71,6460.402,-69.781,Inondation,13
2024,2020-2024,93,Provence-Alpes-Côte d'Azur,84,Vaucluse,2,H2,71,6460.402,-69.781,Sécheresse,153
2010,2010-2014,52,Pays de la Loire,85,Vendée,2,H2,20,5280.918,-21943.796,Gel,83
2010,2010-2014,52,Pays de la Loire,85,Vendée,2,H2,20,5280.918,-21943.796,Inondation,2
2010,2010-2014,52,Pays de la Loire,85,Vendée,2,H2,20,5280.918,-21943.796,Sécheresse,82
2011,2010-2014,52,Pays de la Loire,85,Vendée,2,H2,22,4945.256,336.410,Gel,41
2011,2010-2014,52,Pays de la Loire,85,Vendée,2,H2,22,4945.256,336.410,Inondation,2
2011,2010-2014,52,Pays de la Loire,85,Vendée,2,H2,22,4945.256,336.410,Sécheresse,82
2012,2010-2014,52,Pays de la Loire,85,Vendée,2,H2,6,2884.785,2116.979,Gel,61
2012,2010-2014,52,Pays de la Loire,85,Vendée,2,H2,6,2884.785,2116.979,Inondation,5
2012,2010-2014,52,Pays de la Loire,85,Vendée,2,H2,6,2884.785,2116.979,Sécheresse,69
2013,2010-2014,52,Pays de la Loire,85,Vendée,2,H2,15,2040.556,812.104,Gel,67
2013,2010-2014,52,Pays de la Loire,85,Vendée,2,H2,15,2040.556,812.104,Inondation,4
2013,2010-2014,52,Pays de la Loire,85,Vendée,2,H2,15,2040.556,812.104,Sécheresse,81
2014,2010-2014,52,Pays de la Loire,85,Vendée,2,H2,20,1841.251,759.356,Gel,25
2014,2010-2014,52,Pays de la Loire,85,Vendée,2,H2,20,1841.251,759.356,Inondation,5
2014,2010-2014,52,Pays de la Loire,85,Vendée,2,H2,20,1841.251,759.356,Sécheresse,77
2015,2015-2019,52,Pays de la Loire,85,Vendée,2,H2,32,4943.524,3003.577,Gel,46
2015,2015-2019,52,Pays de la Loire,85,Vendée,2,H2,32,4943.524,3003.577,Inondation,3
2015,2015-2019,52,Pays de la Loire,85,Vendée,2,H2,32,4943.524,3003.577,Sécheresse,71
2016,2015-2019,52,Pays de la Loire,85,Vendée,2,H2,58,9987.617,5616.639,Gel,52
2016,2015-2019,52,Pays de la Loire,85,Vendée,2,H2,58,9987.617,5616.639,Inondation,3
2016,2015-2019,52,Pays de la Loire,85,Vendée,2,H2,58,9987.617,5616.639,Sécheresse,74
2017,2015-2019,52,Pays de la Loire,85,Vendée,2,H2,72,11238.890,4193.657,Gel,59
2017,2015-2019,52,Pays de la Loire,85,Vendée,2,H2,72,11238.890,4193.657,Inondation,0
2017,2015-2019,52,Pays de la Loire,85,Vendée,2,H2,72,11238.890,4193.657,Sécheresse,88
2018,2015-2019,52,Pays de la Loire,85,Vendée,2,H2,68,13040.425,6888.230,Gel,43
2018,2015-2019,52,Pays de la Loire,85,Vendée,2,H2,68,13040.425,6888.230,Inondation,4
2018,2015-2019,52,Pays de la Loire,85,Vendée,2,H2,68,13040.425,6888.230,Sécheresse,115
2019,2015-2019,52,Pays de la Loire,85,Vendée,2,H2,70,13979.174,6633.469,Gel,48
2019,2015-2019,52,Pays de la Loire,85,Vendée,2,H2,70,13979.174,6633.469,Inondation,2
2019,2015-2019,52,Pays de la Loire,85,Vendée,2,H2,70,13979.174,6633.469,Sécheresse,79
2020,2020-2024,52,Pays de la Loire,85,Vendée,2,H2,68,12238.571,4531.650,Gel,32
2020,2020-2024,52,Pays de la Loire,85,Vendée,2,H2,68,12238.571,4531.650,Inondation,7
2020,2020-2024,52,Pays de la Loire,85,Vendée,2,H2,68,12238.571,4531.650,Sécheresse,96
2021,2020-2024,52,Pays de la Loire,85,Vendée,2,H2,59,9222.570,2375.919,Gel,68
2021,2020-2024,52,Pays de la Loire,85,Vendée,2,H2,59,9222.570,2375.919,Inondation,3
2021,2020-2024,52,Pays de la Loire,85,Vendée,2,H2,59,9222.570,2375.919,Sécheresse,75
2022,2020-2024,52,Pays de la Loire,85,Vendée,2,H2,52,6259.313,1559.701,Gel,48
2022,2020-2024,52,Pays de la Loire,85,Vendée,2,H2,52,6259.313,1559.701,Inondation,1
2022,2020-2024,52,Pays de la Loire,85,Vendée,2,H2,52,6259.313,1559.701,Sécheresse,107
2023,2020-2024,52,Pays de la Loire,85,Vendée,2,H2,37,4607.047,-144.205,Gel,43
2023,2020-2024,52,Pays de la Loire,85,Vendée,2,H2,37,4607.047,-144.205,Inondation,2
2023,2020-2024,52,Pays de la Loire,85,Vendée,2,H2,37,4607.047,-144.205,Sécheresse,114
2024,2020-2024,52,Pays de la Loire,85,Vendée,2,H2,114,2744.198,-1046.930,Gel,30
2024,2020-2024,52,Pays de la Loire,85,Vendée,2,H2,114,2744.198,-1046.930,Inondation,4
2024,2020-2024,52,Pays de la Loire,85,Vendée,2,H2,114,2744.198,-1046.930,Sécheresse,70
2010,2010-2014,75,Nouvelle-Aquitaine,86,Vienne,2,H2,15,2184.445,-44817.874,Gel,101
2010,2010-2014,75,Nouvelle-Aquitaine,86,Vienne,2,H2,15,2184.445,-44817.874,Inondation,2
2010,2010-2014,75,Nouvelle-Aquitaine,86,Vienne,2,H2,15,2184.445,-44817.874,Sécheresse,87
2011,2010-2014,75,Nouvelle-Aquitaine,86,Vienne,2,H2,11,3539.571,1680.022,Gel,65
2011,2010-2014,75,Nouvelle-Aquitaine,86,Vienne,2,H2,11,3539.571,1680.022,Inondation,5
2011,2010-2014,75,Nouvelle-Aquitaine,86,Vienne,2,H2,11,3539.571,1680.022,Sécheresse,99
2012,2010-2014,75,Nouvelle-Aquitaine,86,Vienne,2,H2,4,2230.859,1595.374,Gel,76
2012,2010-2014,75,Nouvelle-Aquitaine,86,Vienne,2,H2,4,2230.859,1595.374,Inondation,4
2012,2010-2014,75,Nouvelle-Aquitaine,86,Vienne,2,H2,4,2230.859,1595.374,Sécheresse,82
2013,2010-2014,75,Nouvelle-Aquitaine,86,Vienne,2,H2,9,1846.521,531.207,Gel,78
2013,2010-2014,75,Nouvelle-Aquitaine,86,Vienne,2,H2,9,1846.521,531.207,Inondation,5
2013,2010-2014,75,Nouvelle-Aquitaine,86,Vienne,2,H2,9,1846.521,531.207,Sécheresse,79
2014,2010-2014,75,Nouvelle-Aquitaine,86,Vienne,2,H2,16,2722.214,1453.464,Gel,26
2014,2010-2014,75,Nouvelle-Aquitaine,86,Vienne,2,H2,16,2722.214,1453.464,Inondation,4
2014,2010-2014,75,Nouvelle-Aquitaine,86,Vienne,2,H2,16,2722.214,1453.464,Sécheresse,86
2015,2015-2019,75,Nouvelle-Aquitaine,86,Vienne,2,H2,26,7956.233,5117.271,Gel,61
2015,2015-2019,75,Nouvelle-Aquitaine,86,Vienne,2,H2,26,7956.233,5117.271,Inondation,3
2015,2015-2019,75,Nouvelle-Aquitaine,86,Vienne,2,H2,26,7956.233,5117.271,Sécheresse,79
2016,2015-2019,75,Nouvelle-Aquitaine,86,Vienne,2,H2,49,11430.022,4285.215,Gel,72
2016,2015-2019,75,Nouvelle-Aquitaine,86,Vienne,2,H2,49,11430.022,4285.215,Inondation,2
2016,2015-2019,75,Nouvelle-Aquitaine,86,Vienne,2,H2,49,11430.022,4285.215,Sécheresse,79
2017,2015-2019,75,Nouvelle-Aquitaine,86,Vienne,2,H2,25,9533.183,2271.172,Gel,59
2017,2015-2019,75,Nouvelle-Aquitaine,86,Vienne,2,H2,25,9533.183,2271.172,Inondation,2
2017,2015-2019,75,Nouvelle-Aquitaine,86,Vienne,2,H2,25,9533.183,2271.172,Sécheresse,87
2018,2015-2019,75,Nouvelle-Aquitaine,86,Vienne,2,H2,58,9982.501,7401.509,Gel,45
2018,2015-2019,75,Nouvelle-Aquitaine,86,Vienne,2,H2,58,9982.501,7401.509,Inondation,4
2018,2015-2019,75,Nouvelle-Aquitaine,86,Vienne,2,H2,58,9982.501,7401.509,Sécheresse,113
2019,2015-2019,75,Nouvelle-Aquitaine,86,Vienne,2,H2,34,11163.556,4495.863,Gel,63
2019,2015-2019,75,Nouvelle-Aquitaine,86,Vienne,2,H2,34,11163.556,4495.863,Inondation,6
2019,2015-2019,75,Nouvelle-Aquitaine,86,Vienne,2,H2,34,11163.556,4495.863,Sécheresse,90
2020,2020-2024,75,Nouvelle-Aquitaine,86,Vienne,2,H2,50,8736.995,2999.596,Gel,39
2020,2020-2024,75,Nouvelle-Aquitaine,86,Vienne,2,H2,50,8736.995,2999.596,Inondation,2
2020,2020-2024,75,Nouvelle-Aquitaine,86,Vienne,2,H2,50,8736.995,2999.596,Sécheresse,95
2021,2020-2024,75,Nouvelle-Aquitaine,86,Vienne,2,H2,58,9726.011,5784.953,Gel,79
2021,2020-2024,75,Nouvelle-Aquitaine,86,Vienne,2,H2,58,9726.011,5784.953,Inondation,4
2021,2020-2024,75,Nouvelle-Aquitaine,86,Vienne,2,H2,58,9726.011,5784.953,Sécheresse,83
2022,2020-2024,75,Nouvelle-Aquitaine,86,Vienne,2,H2,32,6360.768,-2914.794,Gel,65
2022,2020-2024,75,Nouvelle-Aquitaine,86,Vienne,2,H2,32,6360.768,-2914.794,Inondation,1
2022,2020-2024,75,Nouvelle-Aquitaine,86,Vienne,2,H2,32,6360.768,-2914.794,Sécheresse,120
2023,2020-2024,75,Nouvelle-Aquitaine,86,Vienne,2,H2,29,3087.232,-1969.207,Gel,52
2023,2020-2024,75,Nouvelle-Aquitaine,86,Vienne,2,H2,29,3087.232,-1969.207,Inondation,2
2023,2020-2024,75,Nouvelle-Aquitaine,86,Vienne,2,H2,29,3087.232,-1969.207,Sécheresse,124
2024,2020-2024,75,Nouvelle-Aquitaine,86,Vienne,2,H2,25,2296.169,-2327.125,Gel,40
2024,2020-2024,75,Nouvelle-Aquitaine,86,Vienne,2,H2,25,2296.169,-2327.125,Inondation,2
2024,2020-2024,75,Nouvelle-Aquitaine,86,Vienne,2,H2,25,2296.169,-2327.125,Sécheresse,78
2010,2010-2014,75,Nouvelle-Aquitaine,87,Haute-Vienne,1,H1,10,2868.715,-30631.220,Gel,116
2010,2010-2014,75,Nouvelle-Aquitaine,87,Haute-Vienne,1,H1,10,2868.715,-30631.220,Inondation,8
2010,2010-2014,75,Nouvelle-Aquitaine,87,Haute-Vienne,1,H1,10,2868.715,-30631.220,Sécheresse,78
2011,2010-2014,75,Nouvelle-Aquitaine,87,Haute-Vienne,1,H1,18,4076.095,2539.849,Gel,78
2011,2010-2014,75,Nouvelle-Aquitaine,87,Haute-Vienne,1,H1,18,4076.095,2539.849,Inondation,7
2011,2010-2014,75,Nouvelle-Aquitaine,87,Haute-Vienne,1,H1,18,4076.095,2539.849,Sécheresse,96
2012,2010-2014,75,Nouvelle-Aquitaine,87,Haute-Vienne,1,H1,8,3613.260,853.915,Gel,85
2012,2010-2014,75,Nouvelle-Aquitaine,87,Haute-Vienne,1,H1,8,3613.260,853.915,Inondation,5
2012,2010-2014,75,Nouvelle-Aquitaine,87,Haute-Vienne,1,H1,8,3613.260,853.915,Sécheresse,78
2013,2010-2014,75,Nouvelle-Aquitaine,87,Haute-Vienne,1,H1,15,2951.197,1496.007,Gel,113
2013,2010-2014,75,Nouvelle-Aquitaine,87,Haute-Vienne,1,H1,15,2951.197,1496.007,Inondation,6
2013,2010-2014,75,Nouvelle-Aquitaine,87,Haute-Vienne,1,H1,15,2951.197,1496.007,Sécheresse,80
2014,2010-2014,75,Nouvelle-Aquitaine,87,Haute-Vienne,1,H1,20,3340.716,993.885,Gel,59
2014,2010-2014,75,Nouvelle-Aquitaine,87,Haute-Vienne,1,H1,20,3340.716,993.885,Inondation,9
2014,2010-2014,75,Nouvelle-Aquitaine,87,Haute-Vienne,1,H1,20,3340.716,993.885,Sécheresse,80
2015,2015-2019,75,Nouvelle-Aquitaine,87,Haute-Vienne,1,H1,37,5224.910,2919.654,Gel,87
2015,2015-2019,75,Nouvelle-Aquitaine,87,Haute-Vienne,1,H1,37,5224.910,2919.654,Inondation,10
2015,2015-2019,75,Nouvelle-Aquitaine,87,Haute-Vienne,1,H1,37,5224.910,2919.654,Sécheresse,82
2016,2015-2019,75,Nouvelle-Aquitaine,87,Haute-Vienne,1,H1,39,7199.161,2514.132,Gel,106
2016,2015-2019,75,Nouvelle-Aquitaine,87,Haute-Vienne,1,H1,39,7199.161,2514.132,Inondation,7
2016,2015-2019,75,Nouvelle-Aquitaine,87,Haute-Vienne,1,H1,39,7199.161,2514.132,Sécheresse,89
2017,2015-2019,75,Nouvelle-Aquitaine,87,Haute-Vienne,1,H1,27,5272.323,799.252,Gel,86
2017,2015-2019,75,Nouvelle-Aquitaine,87,Haute-Vienne,1,H1,27,5272.323,799.252,Inondation,7
2017,2015-2019,75,Nouvelle-Aquitaine,87,Haute-Vienne,1,H1,27,5272.323,799.252,Sécheresse,87
2018,2015-2019,75,Nouvelle-Aquitaine,87,Haute-Vienne,1,H1,35,4779.656,2927.456,Gel,63
2018,2015-2019,75,Nouvelle-Aquitaine,87,Haute-Vienne,1,H1,35,4779.656,2927.456,Inondation,10
2018,2015-2019,75,Nouvelle-Aquitaine,87,Haute-Vienne,1,H1,35,4779.656,2927.456,Sécheresse,121
2019,2015-2019,75,Nouvelle-Aquitaine,87,Haute-Vienne,1,H1,32,5162.643,2098.214,Gel,92
2019,2015-2019,75,Nouvelle-Aquitaine,87,Haute-Vienne,1,H1,32,5162.643,2098.214,Inondation,7
2019,2015-2019,75,Nouvelle-Aquitaine,87,Haute-Vienne,1,H1,32,5162.643,2098.214,Sécheresse,91
2020,2020-2024,75,Nouvelle-Aquitaine,87,Haute-Vienne,1,H1,36,5845.656,1829.207,Gel,64
2020,2020-2024,75,Nouvelle-Aquitaine,87,Haute-Vienne,1,H1,36,5845.656,1829.207,Inondation,7
2020,2020-2024,75,Nouvelle-Aquitaine,87,Haute-Vienne,1,H1,36,5845.656,1829.207,Sécheresse,93
2021,2020-2024,75,Nouvelle-Aquitaine,87,Haute-Vienne,1,H1,50,5462.580,2381.065,Gel,98
2021,2020-2024,75,Nouvelle-Aquitaine,87,Haute-Vienne,1,H1,50,5462.580,2381.065,Inondation,6
2021,2020-2024,75,Nouvelle-Aquitaine,87,Haute-Vienne,1,H1,50,5462.580,2381.065,Sécheresse,61
2022,2020-2024,75,Nouvelle-Aquitaine,87,Haute-Vienne,1,H1,56,4231.020,-969.988,Gel,68
2022,2020-2024,75,Nouvelle-Aquitaine,87,Haute-Vienne,1,H1,56,4231.020,-969.988,Inondation,1
2022,2020-2024,75,Nouvelle-Aquitaine,87,Haute-Vienne,1,H1,56,4231.020,-969.988,Sécheresse,117
2023,2020-2024,75,Nouvelle-Aquitaine,87,Haute-Vienne,1,H1,52,4074.611,-22.054,Gel,68
2023,2020-2024,75,Nouvelle-Aquitaine,87,Haute-Vienne,1,H1,52,4074.611,-22.054,Inondation,7
2023,2020-2024,75,Nouvelle-Aquitaine,87,Haute-Vienne,1,H1,52,4074.611,-22.054,Sécheresse,113
2024,2020-2024,75,Nouvelle-Aquitaine,87,Haute-Vienne,1,H1,50,2768.484,-1190.140,Gel,58
2024,2020-2024,75,Nouvelle-Aquitaine,87,Haute-Vienne,1,H1,50,2768.484,-1190.140,Inondation,7
2024,2020-2024,75,Nouvelle-Aquitaine,87,Haute-Vienne,1,H1,50,2768.484,-1190.140,Sécheresse,74
2010,2010-2014,44,Grand Est,88,Vosges,1,H1,21,2209.125,-17126.436,Gel,145
2010,2010-2014,44,Grand Est,88,Vosges,1,H1,21,2209.125,-17126.436,Inondation,11
2010,2010-2014,44,Grand Est,88,Vosges,1,H1,21,2209.125,-17126.436,Sécheresse,69
2011,2010-2014,44,Grand Est,88,Vosges,1,H1,11,2176.160,1057.921,Gel,119
2011,2010-2014,44,Grand Est,88,Vosges,1,H1,11,2176.160,1057.921,Inondation,13
2011,2010-2014,44,Grand Est,88,Vosges,1,H1,11,2176.160,1057.921,Sécheresse,79
2012,2010-2014,44,Grand Est,88,Vosges,1,H1,10,1107.664,766.637,Gel,129
2012,2010-2014,44,Grand Est,88,Vosges,1,H1,10,1107.664,766.637,Inondation,13
2012,2010-2014,44,Grand Est,88,Vosges,1,H1,10,1107.664,766.637,Sécheresse,79
2013,2010-2014,44,Grand Est,88,Vosges,1,H1,4,919.979,125.575,Gel,133
2013,2010-2014,44,Grand Est,88,Vosges,1,H1,4,919.979,125.575,Inondation,21
2013,2010-2014,44,Grand Est,88,Vosges,1,H1,4,919.979,125.575,Sécheresse,73
2014,2010-2014,44,Grand Est,88,Vosges,1,H1,9,1814.039,1476.240,Gel,96
2014,2010-2014,44,Grand Est,88,Vosges,1,H1,9,1814.039,1476.240,Inondation,7
2014,2010-2014,44,Grand Est,88,Vosges,1,H1,9,1814.039,1476.240,Sécheresse,69
2015,2015-2019,44,Grand Est,88,Vosges,1,H1,20,3388.123,1856.064,Gel,125
2015,2015-2019,44,Grand Est,88,Vosges,1,H1,20,3388.123,1856.064,Inondation,10
2015,2015-2019,44,Grand Est,88,Vosges,1,H1,20,3388.123,1856.064,Sécheresse,77
2016,2015-2019,44,Grand Est,88,Vosges,1,H1,27,5543.914,3022.082,Gel,128
2016,2015-2019,44,Grand Est,88,Vosges,1,H1,27,5543.914,3022.082,Inondation,17
2016,2015-2019,44,Grand Est,88,Vosges,1,H1,27,5543.914,3022.082,Sécheresse,74
2017,2015-2019,44,Grand Est,88,Vosges,1,H1,23,6177.146,2198.327,Gel,133
2017,2015-2019,44,Grand Est,88,Vosges,1,H1,23,6177.146,2198.327,Inondation,11
2017,2015-2019,44,Grand Est,88,Vosges,1,H1,23,6177.146,2198.327,Sécheresse,82
2018,2015-2019,44,Grand Est,88,Vosges,1,H1,16,4033.561,801.606,Gel,105
2018,2015-2019,44,Grand Est,88,Vosges,1,H1,16,4033.561,801.606,Inondation,15
2018,2015-2019,44,Grand Est,88,Vosges,1,H1,16,4033.561,801.606,Sécheresse,122
2019,2015-2019,44,Grand Est,88,Vosges,1,H1,31,3092.210,1924.440,Gel,117
2019,2015-2019,44,Grand Est,88,Vosges,1,H1,31,3092.210,1924.440,Inondation,9
2019,2015-2019,44,Grand Est,88,Vosges,1,H1,31,3092.210,1924.440,Sécheresse,90
2020,2020-2024,44,Grand Est,88,Vosges,1,H1,22,3995.597,2451.713,Gel,110
2020,2020-2024,44,Grand Est,88,Vosges,1,H1,22,3995.597,2451.713,Inondation,9
2020,2020-2024,44,Grand Est,88,Vosges,1,H1,22,3995.597,2451.713,Sécheresse,93
2021,2020-2024,44,Grand Est,88,Vosges,1,H1,31,4051.687,1472.628,Gel,146
2021,2020-2024,44,Grand Est,88,Vosges,1,H1,31,4051.687,1472.628,Inondation,16
2021,2020-2024,44,Grand Est,88,Vosges,1,H1,31,4051.687,1472.628,Sécheresse,59
2022,2020-2024,44,Grand Est,88,Vosges,1,H1,19,2205.039,414.505,Gel,112
2022,2020-2024,44,Grand Est,88,Vosges,1,H1,19,2205.039,414.505,Inondation,14
2022,2020-2024,44,Grand Est,88,Vosges,1,H1,19,2205.039,414.505,Sécheresse,98
2023,2020-2024,44,Grand Est,88,Vosges,1,H1,12,919.471,-1302.023,Gel,91
2023,2020-2024,44,Grand Est,88,Vosges,1,H1,12,919.471,-1302.023,Inondation,12
2023,2020-2024,44,Grand Est,88,Vosges,1,H1,12,919.471,-1302.023,Sécheresse,105
2024,2020-2024,44,Grand Est,88,Vosges,1,H1,9,871.797,-1172.119,Gel,94
2024,2020-2024,44,Grand Est,88,Vosges,1,H1,9,871.797,-1172.119,Inondation,11
2024,2020-2024,44,Grand Est,88,Vosges,1,H1,9,871.797,-1172.119,Sécheresse,75
2010,2010-2014,27,Bourgogne-Franche-Comté,89,Yonne,1,H1,30,4804.129,-13187.168,Gel,117
2010,2010-2014,27,Bourgogne-Franche-Comté,89,Yonne,1,H1,30,4804.129,-13187.168,Inondation,4
2010,2010-2014,27,Bourgogne-Franche-Comté,89,Yonne,1,H1,30,4804.129,-13187.168,Sécheresse,87
2011,2010-2014,27,Bourgogne-Franche-Comté,89,Yonne,1,H1,11,4920.503,1508.577,Gel,85
2011,2010-2014,27,Bourgogne-Franche-Comté,89,Yonne,1,H1,11,4920.503,1508.577,Inondation,6
2011,2010-2014,27,Bourgogne-Franche-Comté,89,Yonne,1,H1,11,4920.503,1508.577,Sécheresse,101
2012,2010-2014,27,Bourgogne-Franche-Comté,89,Yonne,1,H1,12,3756.990,1981.568,Gel,93
2012,2010-2014,27,Bourgogne-Franche-Comté,89,Yonne,1,H1,12,3756.990,1981.568,Inondation,3
2012,2010-2014,27,Bourgogne-Franche-Comté,89,Yonne,1,H1,12,3756.990,1981.568,Sécheresse,83
2013,2010-2014,27,Bourgogne-Franche-Comté,89,Yonne,1,H1,3,3191.798,611.625,Gel,107
2013,2010-2014,27,Bourgogne-Franche-Comté,89,Yonne,1,H1,3,3191.798,611.625,Inondation,10
2013,2010-2014,27,Bourgogne-Franche-Comté,89,Yonne,1,H1,3,3191.798,611.625,Sécheresse,82
2014,2010-2014,27,Bourgogne-Franche-Comté,89,Yonne,1,H1,11,2893.280,840.101,Gel,58
2014,2010-2014,27,Bourgogne-Franche-Comté,89,Yonne,1,H1,11,2893.280,840.101,Inondation,3
2014,2010-2014,27,Bourgogne-Franche-Comté,89,Yonne,1,H1,11,2893.280,840.101,Sécheresse,76
2015,2015-2019,27,Bourgogne-Franche-Comté,89,Yonne,1,H1,29,5260.860,3741.186,Gel,93
2015,2015-2019,27,Bourgogne-Franche-Comté,89,Yonne,1,H1,29,5260.860,3741.186,Inondation,5
2015,2015-2019,27,Bourgogne-Franche-Comté,89,Yonne,1,H1,29,5260.860,3741.186,Sécheresse,85
2016,2015-2019,27,Bourgogne-Franche-Comté,89,Yonne,1,H1,16,6854.826,2085.999,Gel,103
2016,2015-2019,27,Bourgogne-Franche-Comté,89,Yonne,1,H1,16,6854.826,2085.999,Inondation,6
2016,2015-2019,27,Bourgogne-Franche-Comté,89,Yonne,1,H1,16,6854.826,2085.999,Sécheresse,82
2017,2015-2019,27,Bourgogne-Franche-Comté,89,Yonne,1,H1,23,7464.823,2977.220,Gel,92
2017,2015-2019,27,Bourgogne-Franche-Comté,89,Yonne,1,H1,23,7464.823,2977.220,Inondation,6
2017,2015-2019,27,Bourgogne-Franche-Comté,89,Yonne,1,H1,23,7464.823,2977.220,Sécheresse,87
2018,2015-2019,27,Bourgogne-Franche-Comté,89,Yonne,1,H1,70,16899.975,12442.961,Gel,74
2018,2015-2019,27,Bourgogne-Franche-Comté,89,Yonne,1,H1,70,16899.975,12442.961,Inondation,3
2018,2015-2019,27,Bourgogne-Franche-Comté,89,Yonne,1,H1,70,16899.975,12442.961,Sécheresse,131
2019,2015-2019,27,Bourgogne-Franche-Comté,89,Yonne,1,H1,57,21618.973,7821.296,Gel,91
2019,2015-2019,27,Bourgogne-Franche-Comté,89,Yonne,1,H1,57,21618.973,7821.296,Inondation,1
2019,2015-2019,27,Bourgogne-Franche-Comté,89,Yonne,1,H1,57,21618.973,7821.296,Sécheresse,100
2020,2020-2024,27,Bourgogne-Franche-Comté,89,Yonne,1,H1,63,19243.796,7434.015,Gel,69
2020,2020-2024,27,Bourgogne-Franche-Comté,89,Yonne,1,H1,63,19243.796,7434.015,Inondation,2
2020,2020-2024,27,Bourgogne-Franche-Comté,89,Yonne,1,H1,63,19243.796,7434.015,Sécheresse,116
2021,2020-2024,27,Bourgogne-Franche-Comté,89,Yonne,1,H1,49,13407.475,2531.147,Gel,107
2021,2020-2024,27,Bourgogne-Franche-Comté,89,Yonne,1,H1,49,13407.475,2531.147,Inondation,2
2021,2020-2024,27,Bourgogne-Franche-Comté,89,Yonne,1,H1,49,13407.475,2531.147,Sécheresse,68
2022,2020-2024,27,Bourgogne-Franche-Comté,89,Yonne,1,H1,39,6753.601,1874.913,Gel,74
2022,2020-2024,27,Bourgogne-Franche-Comté,89,Yonne,1,H1,39,6753.601,1874.913,Inondation,1
2022,2020-2024,27,Bourgogne-Franche-Comté,89,Yonne,1,H1,39,6753.601,1874.913,Sécheresse,109
2023,2020-2024,27,Bourgogne-Franche-Comté,89,Yonne,1,H1,26,4719.821,925.517,Gel,64
2023,2020-2024,27,Bourgogne-Franche-Comté,89,Yonne,1,H1,26,4719.821,925.517,Inondation,0
2023,2020-2024,27,Bourgogne-Franche-Comté,89,Yonne,1,H1,26,4719.821,925.517,Sécheresse,112
2024,2020-2024,27,Bourgogne-Franche-Comté,89,Yonne,1,H1,16,3851.416,-3788.157,Gel,54
2024,2020-2024,27,Bourgogne-Franche-Comté,89,Yonne,1,H1,16,3851.416,-3788.157,Inondation,5
2024,2020-2024,27,Bourgogne-Franche-Comté,89,Yonne,1,H1,16,3851.416,-3788.157,Sécheresse,73
2010,2010-2014,27,Bourgogne-Franche-Comté,90,Territoire de Belfort,1,H1,3,120.480,-55295.869,Gel,148
2010,2010-2014,27,Bourgogne-Franche-Comté,90,Territoire de Belfort,1,H1,3,120.480,-55295.869,Inondation,7
2010,2010-2014,27,Bourgogne-Franche-Comté,90,Territoire de Belfort,1,H1,3,120.480,-55295.869,Sécheresse,51
2011,2010-2014,27,Bourgogne-Franche-Comté,90,Territoire de Belfort,1,H1,0,126.430,10.510,Gel,123
2011,2010-2014,27,Bourgogne-Franche-Comté,90,Territoire de Belfort,1,H1,0,126.430,10.510,Inondation,5
2011,2010-2014,27,Bourgogne-Franche-Comté,90,Territoire de Belfort,1,H1,0,126.430,10.510,Sécheresse,70
2012,2010-2014,27,Bourgogne-Franche-Comté,90,Territoire de Belfort,1,H1,1,0.660,-11.340,Gel,132
2012,2010-2014,27,Bourgogne-Franche-Comté,90,Territoire de Belfort,1,H1,1,0.660,-11.340,Inondation,11
2012,2010-2014,27,Bourgogne-Franche-Comté,90,Territoire de Belfort,1,H1,1,0.660,-11.340,Sécheresse,63
2013,2010-2014,27,Bourgogne-Franche-Comté,90,Territoire de Belfort,1,H1,0,1.310,-8.490,Gel,152
2013,2010-2014,27,Bourgogne-Franche-Comté,90,Territoire de Belfort,1,H1,0,1.310,-8.490,Inondation,10
2013,2010-2014,27,Bourgogne-Franche-Comté,90,Territoire de Belfort,1,H1,0,1.310,-8.490,Sécheresse,63
2014,2010-2014,27,Bourgogne-Franche-Comté,90,Territoire de Belfort,1,H1,2,47.210,206.509,Gel,111
2014,2010-2014,27,Bourgogne-Franche-Comté,90,Territoire de Belfort,1,H1,2,47.210,206.509,Inondation,1
2014,2010-2014,27,Bourgogne-Franche-Comté,90,Territoire de Belfort,1,H1,2,47.210,206.509,Sécheresse,56
2015,2015-2019,27,Bourgogne-Franche-Comté,90,Territoire de Belfort,1,H1,1,57.400,29.780,Gel,126
2015,2015-2019,27,Bourgogne-Franche-Comté,90,Territoire de Belfort,1,H1,1,57.400,29.780,Inondation,8
2015,2015-2019,27,Bourgogne-Franche-Comté,90,Territoire de Belfort,1,H1,1,57.400,29.780,Sécheresse,64
2016,2015-2019,27,Bourgogne-Franche-Comté,90,Territoire de Belfort,1,H1,1,522.950,519.640,Gel,145
2016,2015-2019,27,Bourgogne-Franche-Comté,90,Territoire de Belfort,1,H1,1,522.950,519.640,Inondation,7
2016,2015-2019,27,Bourgogne-Franche-Comté,90,Territoire de Belfort,1,H1,1,522.950,519.640,Sécheresse,77
2017,2015-2019,27,Bourgogne-Franche-Comté,90,Territoire de Belfort,1,H1,2,593.550,46.890,Gel,141
2017,2015-2019,27,Bourgogne-Franche-Comté,90,Territoire de Belfort,1,H1,2,593.550,46.890,Inondation,10
2017,2015-2019,27,Bourgogne-Franche-Comté,90,Territoire de Belfort,1,H1,2,593.550,46.890,Sécheresse,83
2018,2015-2019,27,Bourgogne-Franche-Comté,90,Territoire de Belfort,1,H1,2,183.205,-8.055,Gel,120
2018,2015-2019,27,Bourgogne-Franche-Comté,90,Territoire de Belfort,1,H1,2,183.205,-8.055,Inondation,10
2018,2015-2019,27,Bourgogne-Franche-Comté,90,Territoire de Belfort,1,H1,2,183.205,-8.055,Sécheresse,117
2019,2015-2019,27,Bourgogne-Franche-Comté,90,Territoire de Belfort,1,H1,1,181.530,171.375,Gel,141
2019,2015-2019,27,Bourgogne-Franche-Comté,90,Territoire de Belfort,1,H1,1,181.530,171.375,Inondation,8
2019,2015-2019,27,Bourgogne-Franche-Comté,90,Territoire de Belfort,1,H1,1,181.530,171.375,Sécheresse,81
2020,2020-2024,27,Bourgogne-Franche-Comté,90,Territoire de Belfort,1,H1,0,242.683,167.017,Gel,121
2020,2020-2024,27,Bourgogne-Franche-Comté,90,Territoire de Belfort,1,H1,0,242.683,167.017,Inondation,9
2020,2020-2024,27,Bourgogne-Franche-Comté,90,Territoire de Belfort,1,H1,0,242.683,167.017,Sécheresse,95
2021,2020-2024,27,Bourgogne-Franche-Comté,90,Territoire de Belfort,1,H1,0,105.490,-222.648,Gel,156
2021,2020-2024,27,Bourgogne-Franche-Comté,90,Territoire de Belfort,1,H1,0,105.490,-222.648,Inondation,10
2021,2020-2024,27,Bourgogne-Franche-Comté,90,Territoire de Belfort,1,H1,0,105.490,-222.648,Sécheresse,67
2022,2020-2024,27,Bourgogne-Franche-Comté,90,Territoire de Belfort,1,H1,3,150.936,101.694,Gel,113
2022,2020-2024,27,Bourgogne-Franche-Comté,90,Territoire de Belfort,1,H1,3,150.936,101.694,Inondation,9
2022,2020-2024,27,Bourgogne-Franche-Comté,90,Territoire de Belfort,1,H1,3,150.936,101.694,Sécheresse,105
2023,2020-2024,27,Bourgogne-Franche-Comté,90,Territoire de Belfort,1,H1,1,119.666,-179.015,Gel,112
2023,2020-2024,27,Bourgogne-Franche-Comté,90,Territoire de Belfort,1,H1,1,119.666,-179.015,Inondation,10
2023,2020-2024,27,Bourgogne-Franche-Comté,90,Territoire de Belfort,1,H1,1,119.666,-179.015,Sécheresse,108
2024,2020-2024,27,Bourgogne-Franche-Comté,90,Territoire de Belfort,1,H1,0,75.173,-68.262,Gel,108
2024,2020-2024,27,Bourgogne-Franche-Comté,90,Territoire de Belfort,1,H1,0,75.173,-68.262,Inondation,12
2024,2020-2024,27,Bourgogne-Franche-Comté,90,Territoire de Belfort,1,H1,0,75.173,-68.262,Sécheresse,76
2010,2010-2014,11,Île-de-France,91,Essonne,1,H1,4,425.570,266.465,Gel,96
2010,2010-2014,11,Île-de-France,91,Essonne,1,H1,4,425.570,266.465,Inondation,1
2010,2010-2014,11,Île-de-France,91,Essonne,1,H1,4,425.570,266.465,Sécheresse,66
2011,2010-2014,11,Île-de-France,91,Essonne,1,H1,1,897.140,586.393,Gel,54
2011,2010-2014,11,Île-de-France,91,Essonne,1,H1,1,897.140,586.393,Inondation,2
2011,2010-2014,11,Île-de-France,91,Essonne,1,H1,1,897.140,586.393,Sécheresse,65
2012,2010-2014,11,Île-de-France,91,Essonne,1,H1,3,581.760,158.484,Gel,59
2012,2010-2014,11,Île-de-France,91,Essonne,1,H1,3,581.760,158.484,Inondation,3
2012,2010-2014,11,Île-de-France,91,Essonne,1,H1,3,581.760,158.484,Sécheresse,57
2013,2010-2014,11,Île-de-France,91,Essonne,1,H1,2,335.330,183.000,Gel,77
2013,2010-2014,11,Île-de-France,91,Essonne,1,H1,2,335.330,183.000,Inondation,1
2013,2010-2014,11,Île-de-France,91,Essonne,1,H1,2,335.330,183.000,Sécheresse,68
2014,2010-2014,11,Île-de-France,91,Essonne,1,H1,7,388.940,62.185,Gel,32
2014,2010-2014,11,Île-de-France,91,Essonne,1,H1,7,388.940,62.185,Inondation,1
2014,2010-2014,11,Île-de-France,91,Essonne,1,H1,7,388.940,62.185,Sécheresse,52
2015,2015-2019,11,Île-de-France,91,Essonne,1,H1,5,476.670,241.950,Gel,61
2015,2015-2019,11,Île-de-France,91,Essonne,1,H1,5,476.670,241.950,Inondation,2
2015,2015-2019,11,Île-de-France,91,Essonne,1,H1,5,476.670,241.950,Sécheresse,62
2016,2015-2019,11,Île-de-France,91,Essonne,1,H1,5,1108.045,826.193,Gel,73
2016,2015-2019,11,Île-de-France,91,Essonne,1,H1,5,1108.045,826.193,Inondation,3
2016,2015-2019,11,Île-de-France,91,Essonne,1,H1,5,1108.045,826.193,Sécheresse,61
2017,2015-2019,11,Île-de-France,91,Essonne,1,H1,11,1162.715,427.671,Gel,62
2017,2015-2019,11,Île-de-France,91,Essonne,1,H1,11,1162.715,427.671,Inondation,4
2017,2015-2019,11,Île-de-France,91,Essonne,1,H1,11,1162.715,427.671,Sécheresse,74
2018,2015-2019,11,Île-de-France,91,Essonne,1,H1,26,3230.727,2837.027,Gel,57
2018,2015-2019,11,Île-de-France,91,Essonne,1,H1,26,3230.727,2837.027,Inondation,2
2018,2015-2019,11,Île-de-France,91,Essonne,1,H1,26,3230.727,2837.027,Sécheresse,111
2019,2015-2019,11,Île-de-France,91,Essonne,1,H1,17,4549.340,2033.043,Gel,60
2019,2015-2019,11,Île-de-France,91,Essonne,1,H1,17,4549.340,2033.043,Inondation,1
2019,2015-2019,11,Île-de-France,91,Essonne,1,H1,17,4549.340,2033.043,Sécheresse,82
2020,2020-2024,11,Île-de-France,91,Essonne,1,H1,12,3542.040,1003.567,Gel,43
2020,2020-2024,11,Île-de-France,91,Essonne,1,H1,12,3542.040,1003.567,Inondation,3
2020,2020-2024,11,Île-de-France,91,Essonne,1,H1,12,3542.040,1003.567,Sécheresse,87
2021,2020-2024,11,Île-de-France,91,Essonne,1,H1,17,3528.834,1432.914,Gel,71
2021,2020-2024,11,Île-de-France,91,Essonne,1,H1,17,3528.834,1432.914,Inondation,3
2021,2020-2024,11,Île-de-France,91,Essonne,1,H1,17,3528.834,1432.914,Sécheresse,55
2022,2020-2024,11,Île-de-France,91,Essonne,1,H1,5,2382.726,247.241,Gel,48
2022,2020-2024,11,Île-de-France,91,Essonne,1,H1,5,2382.726,247.241,Inondation,1
2022,2020-2024,11,Île-de-France,91,Essonne,1,H1,5,2382.726,247.241,Sécheresse,95
2023,2020-2024,11,Île-de-France,91,Essonne,1,H1,3,1102.606,391.188,Gel,48
2023,2020-2024,11,Île-de-France,91,Essonne,1,H1,3,1102.606,391.188,Inondation,0
2023,2020-2024,11,Île-de-France,91,Essonne,1,H1,3,1102.606,391.188,Sécheresse,103
2024,2020-2024,11,Île-de-France,91,Essonne,1,H1,10,674.969,-345.294,Gel,38
2024,2020-2024,11,Île-de-France,91,Essonne,1,H1,10,674.969,-345.294,Inondation,3
2024,2020-2024,11,Île-de-France,91,Essonne,1,H1,10,674.969,-345.294,Sécheresse,62
2011,2010-2014,11,Île-de-France,92,Hauts-de-Seine,1,H1,2,21.299,-11360.415,Gel,19
2011,2010-2014,11,Île-de-France,92,Hauts-de-Seine,1,H1,2,21.299,-11360.415,Inondation,0
2011,2010-2014,11,Île-de-France,92,Hauts-de-Seine,1,H1,2,21.299,-11360.415,Sécheresse,71
2012,2010-2014,11,Île-de-France,92,Hauts-de-Seine,1,H1,1,20.470,-33.811,Gel,31
2012,2010-2014,11,Île-de-France,92,Hauts-de-Seine,1,H1,1,20.470,-33.811,Inondation,0
2012,2010-2014,11,Île-de-France,92,Hauts-de-Seine,1,H1,1,20.470,-33.811,Sécheresse,61
2013,2010-2014,11,Île-de-France,92,Hauts-de-Seine,1,H1,0,0.000,-71.827,Gel,43
2013,2010-2014,11,Île-de-France,92,Hauts-de-Seine,1,H1,0,0.000,-71.827,Inondation,0
2013,2010-2014,11,Île-de-France,92,Hauts-de-Seine,1,H1,0,0.000,-71.827,Sécheresse,69
2014,2010-2014,11,Île-de-France,92,Hauts-de-Seine,1,H1,0,0.100,0.050,Gel,9
2014,2010-2014,11,Île-de-France,92,Hauts-de-Seine,1,H1,0,0.100,0.050,Inondation,0
2014,2010-2014,11,Île-de-France,92,Hauts-de-Seine,1,H1,0,0.100,0.050,Sécheresse,60
2015,2015-2019,11,Île-de-France,92,Hauts-de-Seine,1,H1,2,0.000,11.180,Gel,22
2015,2015-2019,11,Île-de-France,92,Hauts-de-Seine,1,H1,2,0.000,11.180,Inondation,0
2015,2015-2019,11,Île-de-France,92,Hauts-de-Seine,1,H1,2,0.000,11.180,Sécheresse,69
2016,2015-2019,11,Île-de-France,92,Hauts-de-Seine,1,H1,1,0.000,0.100,Gel,25
2016,2015-2019,11,Île-de-France,92,Hauts-de-Seine,1,H1,1,0.000,0.100,Inondation,1
2016,2015-2019,11,Île-de-France,92,Hauts-de-Seine,1,H1,1,0.000,0.100,Sécheresse,67
2017,2015-2019,11,Île-de-France,92,Hauts-de-Seine,1,H1,0,27.160,54.060,Gel,28
2017,2015-2019,11,Île-de-France,92,Hauts-de-Seine,1,H1,0,27.160,54.060,Inondation,1
2017,2015-2019,11,Île-de-France,92,Hauts-de-Seine,1,H1,0,27.160,54.060,Sécheresse,74
2018,2015-2019,11,Île-de-France,92,Hauts-de-Seine,1,H1,1,26.139,10.729,Gel,34
2018,2015-2019,11,Île-de-France,92,Hauts-de-Seine,1,H1,1,26.139,10.729,Inondation,1
2018,2015-2019,11,Île-de-France,92,Hauts-de-Seine,1,H1,1,26.139,10.729,Sécheresse,110
2019,2015-2019,11,Île-de-France,92,Hauts-de-Seine,1,H1,2,54.016,40.537,Gel,15
2019,2015-2019,11,Île-de-France,92,Hauts-de-Seine,1,H1,2,54.016,40.537,Inondation,0
2019,2015-2019,11,Île-de-France,92,Hauts-de-Seine,1,H1,2,54.016,40.537,Sécheresse,0
2020,2020-2024,11,Île-de-France,92,Hauts-de-Seine,1,H1,0,43.405,-24.981,Gel,5
2020,2020-2024,11,Île-de-France,92,Hauts-de-Seine,1,H1,0,43.405,-24.981,Inondation,1
2020,2020-2024,11,Île-de-France,92,Hauts-de-Seine,1,H1,0,43.405,-24.981,Sécheresse,85
2021,2020-2024,11,Île-de-France,92,Hauts-de-Seine,1,H1,0,0.025,-49.310,Gel,19
2021,2020-2024,11,Île-de-France,92,Hauts-de-Seine,1,H1,0,0.025,-49.310,Inondation,1
2021,2020-2024,11,Île-de-France,92,Hauts-de-Seine,1,H1,0,0.025,-49.310,Sécheresse,55
2022,2020-2024,11,Île-de-France,92,Hauts-de-Seine,1,H1,2,100.870,104.238,Gel,21
2022,2020-2024,11,Île-de-France,92,Hauts-de-Seine,1,H1,2,100.870,104.238,Inondation,0
2022,2020-2024,11,Île-de-France,92,Hauts-de-Seine,1,H1,2,100.870,104.238,Sécheresse,90
2023,2020-2024,11,Île-de-France,92,Hauts-de-Seine,1,H1,3,12.153,2.302,Gel,15
2023,2020-2024,11,Île-de-France,92,Hauts-de-Seine,1,H1,3,12.153,2.302,Inondation,0
2023,2020-2024,11,Île-de-France,92,Hauts-de-Seine,1,H1,3,12.153,2.302,Sécheresse,88
2024,2020-2024,11,Île-de-France,92,Hauts-de-Seine,1,H1,3,3.570,143.933,Gel,14
2024,2020-2024,11,Île-de-France,92,Hauts-de-Seine,1,H1,3,3.570,143.933,Inondation,1
2024,2020-2024,11,Île-de-France,92,Hauts-de-Seine,1,H1,3,3.570,143.933,Sécheresse,55
2010,2010-2014,11,Île-de-France,93,Seine-Saint-Denis,1,H1,0,2.010,-287.878,Gel,72
2010,2010-2014,11,Île-de-France,93,Seine-Saint-Denis,1,H1,0,2.010,-287.878,Inondation,2
2010,2010-2014,11,Île-de-France,93,Seine-Saint-Denis,1,H1,0,2.010,-287.878,Sécheresse,65
2011,2010-2014,11,Île-de-France,93,Seine-Saint-Denis,1,H1,0,0.000,-4.010,Gel,31
2011,2010-2014,11,Île-de-France,93,Seine-Saint-Denis,1,H1,0,0.000,-4.010,Inondation,0
2011,2010-2014,11,Île-de-France,93,Seine-Saint-Denis,1,H1,0,0.000,-4.010,Sécheresse,75
2012,2010-2014,11,Île-de-France,93,Seine-Saint-Denis,1,H1,1,0.000,2.010,Gel,37
2012,2010-2014,11,Île-de-France,93,Seine-Saint-Denis,1,H1,1,0.000,2.010,Inondation,0
2012,2010-2014,11,Île-de-France,93,Seine-Saint-Denis,1,H1,1,0.000,2.010,Sécheresse,60
2013,2010-2014,11,Île-de-France,93,Seine-Saint-Denis,1,H1,0,0.000,51.480,Gel,58
2013,2010-2014,11,Île-de-France,93,Seine-Saint-Denis,1,H1,0,0.000,51.480,Inondation,1
2013,2010-2014,11,Île-de-France,93,Seine-Saint-Denis,1,H1,0,0.000,51.480,Sécheresse,39
2014,2010-2014,11,Île-de-France,93,Seine-Saint-Denis,1,H1,0,0.000,0.000,Gel,19
2014,2010-2014,11,Île-de-France,93,Seine-Saint-Denis,1,H1,0,0.000,0.000,Inondation,0
2014,2010-2014,11,Île-de-France,93,Seine-Saint-Denis,1,H1,0,0.000,0.000,Sécheresse,48
2015,2015-2019,11,Île-de-France,93,Seine-Saint-Denis,1,H1,2,0.000,0.005,Gel,40
2015,2015-2019,11,Île-de-France,93,Seine-Saint-Denis,1,H1,2,0.000,0.005,Inondation,0
2015,2015-2019,11,Île-de-France,93,Seine-Saint-Denis,1,H1,2,0.000,0.005,Sécheresse,61
2016,2015-2019,11,Île-de-France,93,Seine-Saint-Denis,1,H1,1,1.120,-48.365,Gel,46
2016,2015-2019,11,Île-de-France,93,Seine-Saint-Denis,1,H1,1,1.120,-48.365,Inondation,1
2016,2015-2019,11,Île-de-France,93,Seine-Saint-Denis,1,H1,1,1.120,-48.365,Sécheresse,60
2017,2015-2019,11,Île-de-France,93,Seine-Saint-Denis,1,H1,0,0.650,50.690,Gel,44
2017,2015-2019,11,Île-de-France,93,Seine-Saint-Denis,1,H1,0,0.650,50.690,Inondation,1
2017,2015-2019,11,Île-de-France,93,Seine-Saint-Denis,1,H1,0,0.650,50.690,Sécheresse,66
2018,2015-2019,11,Île-de-France,93,Seine-Saint-Denis,1,H1,0,0.000,1.220,Gel,44
2018,2015-2019,11,Île-de-France,93,Seine-Saint-Denis,1,H1,0,0.000,1.220,Inondation,1
2018,2015-2019,11,Île-de-France,93,Seine-Saint-Denis,1,H1,0,0.000,1.220,Sécheresse,101
2019,2015-2019,11,Île-de-France,93,Seine-Saint-Denis,1,H1,0,13.050,11.850,Gel,45
2019,2015-2019,11,Île-de-France,93,Seine-Saint-Denis,1,H1,0,13.050,11.850,Inondation,1
2019,2015-2019,11,Île-de-France,93,Seine-Saint-Denis,1,H1,0,13.050,11.850,Sécheresse,76
2020,2020-2024,11,Île-de-France,93,Seine-Saint-Denis,1,H1,1,13.523,18.623,Gel,27
2020,2020-2024,11,Île-de-France,93,Seine-Saint-Denis,1,H1,1,13.523,18.623,Inondation,1
2020,2020-2024,11,Île-de-France,93,Seine-Saint-Denis,1,H1,1,13.523,18.623,Sécheresse,83
2021,2020-2024,11,Île-de-France,93,Seine-Saint-Denis,1,H1,1,0.000,0.041,Gel,48
2021,2020-2024,11,Île-de-France,93,Seine-Saint-Denis,1,H1,1,0.000,0.041,Inondation,1
2021,2020-2024,11,Île-de-France,93,Seine-Saint-Denis,1,H1,1,0.000,0.041,Sécheresse,50
2022,2020-2024,11,Île-de-France,93,Seine-Saint-Denis,1,H1,0,2.420,2.231,Gel,35
2022,2020-2024,11,Île-de-France,93,Seine-Saint-Denis,1,H1,0,2.420,2.231,Inondation,1
2022,2020-2024,11,Île-de-France,93,Seine-Saint-Denis,1,H1,0,2.420,2.231,Sécheresse,93
2023,2020-2024,11,Île-de-France,93,Seine-Saint-Denis,1,H1,1,3.260,0.898,Gel,32
2023,2020-2024,11,Île-de-France,93,Seine-Saint-Denis,1,H1,1,3.260,0.898,Inondation,1
2023,2020-2024,11,Île-de-France,93,Seine-Saint-Denis,1,H1,1,3.260,0.898,Sécheresse,97
2024,2020-2024,11,Île-de-France,93,Seine-Saint-Denis,1,H1,0,2.570,-31.172,Gel,26
2024,2020-2024,11,Île-de-France,93,Seine-Saint-Denis,1,H1,0,2.570,-31.172,Inondation,2
2024,2020-2024,11,Île-de-France,93,Seine-Saint-Denis,1,H1,0,2.570,-31.172,Sécheresse,60
2010,2010-2014,11,Île-de-France,94,Val-de-Marne,1,H1,0,32.990,-0.251,Gel,69
2010,2010-2014,11,Île-de-France,94,Val-de-Marne,1,H1,0,32.990,-0.251,Inondation,3
2010,2010-2014,11,Île-de-France,94,Val-de-Marne,1,H1,0,32.990,-0.251,Sécheresse,74
2011,2010-2014,11,Île-de-France,94,Val-de-Marne,1,H1,0,44.284,11.294,Gel,36
2011,2010-2014,11,Île-de-France,94,Val-de-Marne,1,H1,0,44.284,11.294,Inondation,1
2011,2010-2014,11,Île-de-France,94,Val-de-Marne,1,H1,0,44.284,11.294,Sécheresse,79
2012,2010-2014,11,Île-de-France,94,Val-de-Marne,1,H1,0,16.260,-19.124,Gel,40
2012,2010-2014,11,Île-de-France,94,Val-de-Marne,1,H1,0,16.260,-19.124,Inondation,0
2012,2010-2014,11,Île-de-France,94,Val-de-Marne,1,H1,0,16.260,-19.124,Sécheresse,66
2013,2010-2014,11,Île-de-France,94,Val-de-Marne,1,H1,0,5.900,-3.100,Gel,58
2013,2010-2014,11,Île-de-France,94,Val-de-Marne,1,H1,0,5.900,-3.100,Inondation,0
2013,2010-2014,11,Île-de-France,94,Val-de-Marne,1,H1,0,5.900,-3.100,Sécheresse,81
2014,2010-2014,11,Île-de-France,94,Val-de-Marne,1,H1,3,1.361,8.671,Gel,11
2014,2010-2014,11,Île-de-France,94,Val-de-Marne,1,H1,3,1.361,8.671,Inondation,0
2014,2010-2014,11,Île-de-France,94,Val-de-Marne,1,H1,3,1.361,8.671,Sécheresse,63
2015,2015-2019,11,Île-de-France,94,Val-de-Marne,1,H1,1,6.161,-0.330,Gel,30
2015,2015-2019,11,Île-de-France,94,Val-de-Marne,1,H1,1,6.161,-0.330,Inondation,0
2015,2015-2019,11,Île-de-France,94,Val-de-Marne,1,H1,1,6.161,-0.330,Sécheresse,71
2016,2015-2019,11,Île-de-France,94,Val-de-Marne,1,H1,0,1.391,-11.930,Gel,44
2016,2015-2019,11,Île-de-France,94,Val-de-Marne,1,H1,0,1.391,-11.930,Inondation,3
2016,2015-2019,11,Île-de-France,94,Val-de-Marne,1,H1,0,1.391,-11.930,Sécheresse,75
2017,2015-2019,11,Île-de-France,94,Val-de-Marne,1,H1,4,34.460,46.669,Gel,35
2017,2015-2019,11,Île-de-France,94,Val-de-Marne,1,H1,4,34.460,46.669,Inondation,1
2017,2015-2019,11,Île-de-France,94,Val-de-Marne,1,H1,4,34.460,46.669,Sécheresse,84
2018,2015-2019,11,Île-de-France,94,Val-de-Marne,1,H1,0,41.160,4.000,Gel,38
2018,2015-2019,11,Île-de-France,94,Val-de-Marne,1,H1,0,41.160,4.000,Inondation,1
2018,2015-2019,11,Île-de-France,94,Val-de-Marne,1,H1,0,41.160,4.000,Sécheresse,117
2019,2015-2019,11,Île-de-France,94,Val-de-Marne,1,H1,0,23.600,2.460,Gel,34
2019,2015-2019,11,Île-de-France,94,Val-de-Marne,1,H1,0,23.600,2.460,Inondation,1
2019,2015-2019,11,Île-de-France,94,Val-de-Marne,1,H1,0,23.600,2.460,Sécheresse,87
2020,2020-2024,11,Île-de-France,94,Val-de-Marne,1,H1,1,0.190,-44.380,Gel,22
2020,2020-2024,11,Île-de-France,94,Val-de-Marne,1,H1,1,0.190,-44.380,Inondation,0
2020,2020-2024,11,Île-de-France,94,Val-de-Marne,1,H1,1,0.190,-44.380,Sécheresse,107
2021,2020-2024,11,Île-de-France,94,Val-de-Marne,1,H1,0,3.600,14.950,Gel,42
2021,2020-2024,11,Île-de-France,94,Val-de-Marne,1,H1,0,3.600,14.950,Inondation,2
2021,2020-2024,11,Île-de-France,94,Val-de-Marne,1,H1,0,3.600,14.950,Sécheresse,65
2022,2020-2024,11,Île-de-France,94,Val-de-Marne,1,H1,0,3.600,-19.120,Gel,27
2022,2020-2024,11,Île-de-France,94,Val-de-Marne,1,H1,0,3.600,-19.120,Inondation,0
2022,2020-2024,11,Île-de-France,94,Val-de-Marne,1,H1,0,3.600,-19.120,Sécheresse,94
2023,2020-2024,11,Île-de-France,94,Val-de-Marne,1,H1,4,1.877,32.842,Gel,23
2023,2020-2024,11,Île-de-France,94,Val-de-Marne,1,H1,4,1.877,32.842,Inondation,0
2023,2020-2024,11,Île-de-France,94,Val-de-Marne,1,H1,4,1.877,32.842,Sécheresse,101
2024,2020-2024,11,Île-de-France,94,Val-de-Marne,1,H1,2,9.897,5.462,Gel,22
2024,2020-2024,11,Île-de-France,94,Val-de-Marne,1,H1,2,9.897,5.462,Inondation,2
2024,2020-2024,11,Île-de-France,94,Val-de-Marne,1,H1,2,9.897,5.462,Sécheresse,60
2010,2010-2014,11,Île-de-France,95,Val-d'Oise,1,H1,2,0.930,505.447,Gel,91
2010,2010-2014,11,Île-de-France,95,Val-d'Oise,1,H1,2,0.930,505.447,Inondation,2
2010,2010-2014,11,Île-de-France,95,Val-d'Oise,1,H1,2,0.930,505.447,Sécheresse,81
2011,2010-2014,11,Île-de-France,95,Val-d'Oise,1,H1,0,2.840,10.533,Gel,42
2011,2010-2014,11,Île-de-France,95,Val-d'Oise,1,H1,0,2.840,10.533,Inondation,0
2011,2010-2014,11,Île-de-France,95,Val-d'Oise,1,H1,0,2.840,10.533,Sécheresse,86
2012,2010-2014,11,Île-de-France,95,Val-d'Oise,1,H1,0,17.720,16.760,Gel,48
2012,2010-2014,11,Île-de-France,95,Val-d'Oise,1,H1,0,17.720,16.760,Inondation,0
2012,2010-2014,11,Île-de-France,95,Val-d'Oise,1,H1,0,17.720,16.760,Sécheresse,63
2013,2010-2014,11,Île-de-France,95,Val-d'Oise,1,H1,0,25.120,-17.210,Gel,62
2013,2010-2014,11,Île-de-France,95,Val-d'Oise,1,H1,0,25.120,-17.210,Inondation,1
2013,2010-2014,11,Île-de-France,95,Val-d'Oise,1,H1,0,25.120,-17.210,Sécheresse,72
2014,2010-2014,11,Île-de-France,95,Val-d'Oise,1,H1,0,7.520,-5.194,Gel,18
2014,2010-2014,11,Île-de-France,95,Val-d'Oise,1,H1,0,7.520,-5.194,Inondation,0
2014,2010-2014,11,Île-de-France,95,Val-d'Oise,1,H1,0,7.520,-5.194,Sécheresse,68
2015,2015-2019,11,Île-de-France,95,Val-d'Oise,1,H1,1,8.060,27.930,Gel,45
2015,2015-2019,11,Île-de-France,95,Val-d'Oise,1,H1,1,8.060,27.930,Inondation,0
2015,2015-2019,11,Île-de-France,95,Val-d'Oise,1,H1,1,8.060,27.930,Sécheresse,61
2016,2015-2019,11,Île-de-France,95,Val-d'Oise,1,H1,2,116.236,78.626,Gel,59
2016,2015-2019,11,Île-de-France,95,Val-d'Oise,1,H1,2,116.236,78.626,Inondation,2
2016,2015-2019,11,Île-de-France,95,Val-d'Oise,1,H1,2,116.236,78.626,Sécheresse,60
2017,2015-2019,11,Île-de-France,95,Val-d'Oise,1,H1,2,115.260,-14.596,Gel,47
2017,2015-2019,11,Île-de-France,95,Val-d'Oise,1,H1,2,115.260,-14.596,Inondation,0
2017,2015-2019,11,Île-de-France,95,Val-d'Oise,1,H1,2,115.260,-14.596,Sécheresse,65
2018,2015-2019,11,Île-de-France,95,Val-d'Oise,1,H1,5,119.847,83.327,Gel,48
2018,2015-2019,11,Île-de-France,95,Val-d'Oise,1,H1,5,119.847,83.327,Inondation,3
2018,2015-2019,11,Île-de-France,95,Val-d'Oise,1,H1,5,119.847,83.327,Sécheresse,99
2019,2015-2019,11,Île-de-France,95,Val-d'Oise,1,H1,3,165.590,73.383,Gel,43
2019,2015-2019,11,Île-de-France,95,Val-d'Oise,1,H1,3,165.590,73.383,Inondation,0
2019,2015-2019,11,Île-de-France,95,Val-d'Oise,1,H1,3,165.590,73.383,Sécheresse,74
2020,2020-2024,11,Île-de-France,95,Val-d'Oise,1,H1,4,91.316,75.400,Gel,29
2020,2020-2024,11,Île-de-France,95,Val-d'Oise,1,H1,4,91.316,75.400,Inondation,2
2020,2020-2024,11,Île-de-France,95,Val-d'Oise,1,H1,4,91.316,75.400,Sécheresse,81
2021,2020-2024,11,Île-de-France,95,Val-d'Oise,1,H1,5,84.946,52.410,Gel,58
2021,2020-2024,11,Île-de-France,95,Val-d'Oise,1,H1,5,84.946,52.410,Inondation,2
2021,2020-2024,11,Île-de-France,95,Val-d'Oise,1,H1,5,84.946,52.410,Sécheresse,46
2022,2020-2024,11,Île-de-France,95,Val-d'Oise,1,H1,2,113.746,40.506,Gel,42
2022,2020-2024,11,Île-de-France,95,Val-d'Oise,1,H1,2,113.746,40.506,Inondation,0
2022,2020-2024,11,Île-de-France,95,Val-d'Oise,1,H1,2,113.746,40.506,Sécheresse,83
2023,2020-2024,11,Île-de-France,95,Val-d'Oise,1,H1,0,77.930,-46.685,Gel,39
2023,2020-2024,11,Île-de-France,95,Val-d'Oise,1,H1,0,77.930,-46.685,Inondation,0
2023,2020-2024,11,Île-de-France,95,Val-d'Oise,1,H1,0,77.930,-46.685,Sécheresse,82
2024,2020-2024,11,Île-de-France,95,Val-d'Oise,1,H1,3,23.000,-61.792,Gel,34
2024,2020-2024,11,Île-de-France,95,Val-d'Oise,1,H1,3,23.000,-61.792,Inondation,2
2024,2020-2024,11,Île-de-France,95,Val-d'Oise,1,H1,3,23.000,-61.792,Sécheresse,53
