"tranche_annees","annee","zone_climatique","code_region","region","code_departement","departement","nb_nouveaux_exploitants","surface_conversion","surface_abandonnee"
"2010-2014",2010,"H1","84","Auvergne-Rhône-Alpes","01","Ain",7,2344.477,0
"2010-2014",2011,"H1","84","Auvergne-Rhône-Alpes","01","Ain",7,1800.524,0
"2010-2014",2012,"H1","84","Auvergne-Rhône-Alpes","01","Ain",16,1002.332,0
"2010-2014",2013,"H1","84","Auvergne-Rhône-Alpes","01","Ain",12,888.046,0
"2010-2014",2014,"H1","84","Auvergne-Rhône-Alpes","01","Ain",4,928.668,0
"2015-2019",2015,"H1","84","Auvergne-Rhône-Alpes","01","Ain",11,1196.114,0
"2015-2019",2016,"H1","84","Auvergne-Rhône-Alpes","01","Ain",21,2545.353,0
"2015-2019",2017,"H1","84","Auvergne-Rhône-Alpes","01","Ain",29,4154.293,0
"2015-2019",2018,"H1","84","Auvergne-Rhône-Alpes","01","Ain",32,5014.504,0
"2015-2019",2019,"H1","84","Auvergne-Rhône-Alpes","01","Ain",34,5159.381,0
"2020-2024",2020,"H1","84","Auvergne-Rhône-Alpes","01","Ain",28,4005.786,0
"2020-2024",2021,"H1","84","Auvergne-Rhône-Alpes","01","Ain",30,3778.886,0
"2020-2024",2022,"H1","84","Auvergne-Rhône-Alpes","01","Ain",30,2830.553,0
"2020-2024",2023,"H1","84","Auvergne-Rhône-Alpes","01","Ain",19,2085.583,-78.95599999999831
"2020-2024",2024,"H1","84","Auvergne-Rhône-Alpes","01","Ain",32,1712.047,-441.58300000000236
"2010-2014",2010,"H3","94","Corse","2A","Corse-du-Sud",0,1356.107,0
"2010-2014",2011,"H3","94","Corse","2A","Corse-du-Sud",0,616.531,0
"2010-2014",2012,"H3","94","Corse","2A","Corse-du-Sud",0,347.795,0
"2010-2014",2013,"H3","94","Corse","2A","Corse-du-Sud",0,133.183,-725.8810000000003
"2010-2014",2014,"H3","94","Corse","2A","Corse-du-Sud",0,164.416,-72.53199999999924
"2015-2019",2015,"H3","94","Corse","2A","Corse-du-Sud",0,810.156,0
"2015-2019",2016,"H3","94","Corse","2A","Corse-du-Sud",0,1115.95,0
"2015-2019",2017,"H3","94","Corse","2A","Corse-du-Sud",0,2759.64,0
"2015-2019",2018,"H3","94","Corse","2A","Corse-du-Sud",0,3356.725,0
"2015-2019",2019,"H3","94","Corse","2A","Corse-du-Sud",0,4275.554,0
"2020-2024",2020,"H3","94","Corse","2A","Corse-du-Sud",0,2939.248,0
"2020-2024",2021,"H3","94","Corse","2A","Corse-du-Sud",0,1348.941,0
"2020-2024",2022,"H3","94","Corse","2A","Corse-du-Sud",0,1337.766,-1166.3400000000001
"2020-2024",2023,"H3","94","Corse","2A","Corse-du-Sud",0,2540.735,-574.6000000000004
"2020-2024",2024,"H3","94","Corse","2A","Corse-du-Sud",0,2686.313,-2830.470000000001
"2010-2014",2010,"H3","94","Corse","2B","Haute-Corse",0,982.136,0
"2010-2014",2011,"H3","94","Corse","2B","Haute-Corse",0,1196.902,0
"2010-2014",2012,"H3","94","Corse","2B","Haute-Corse",0,659.696,-55.837000000000444
"2010-2014",2013,"H3","94","Corse","2B","Haute-Corse",0,380.736,0
"2010-2014",2014,"H3","94","Corse","2B","Haute-Corse",0,585.346,0
"2015-2019",2015,"H3","94","Corse","2B","Haute-Corse",0,870.2,0
"2015-2019",2016,"H3","94","Corse","2B","Haute-Corse",0,1297.902,0
"2015-2019",2017,"H3","94","Corse","2B","Haute-Corse",0,3965.4,0
"2015-2019",2018,"H3","94","Corse","2B","Haute-Corse",0,7020.843,0
"2015-2019",2019,"H3","94","Corse","2B","Haute-Corse",0,2847.66,-371.6970000000001
"2020-2024",2020,"H3","94","Corse","2B","Haute-Corse",0,3249.676,0
"2020-2024",2021,"H3","94","Corse","2B","Haute-Corse",0,6489.286,0
"2020-2024",2022,"H3","94","Corse","2B","Haute-Corse",0,7848.848,0
"2020-2024",2023,"H3","94","Corse","2B","Haute-Corse",0,4130.922,-4594.717000000001
"2020-2024",2024,"H3","94","Corse","2B","Haute-Corse",0,5584.152,0
"2010-2014",2010,"H1","32","Hauts-de-France","02","Aisne",5,264.228,0
"2010-2014",2011,"H1","32","Hauts-de-France","02","Aisne",6,656.661,0
"2010-2014",2012,"H1","32","Hauts-de-France","02","Aisne",7,610.2,0
"2010-2014",2013,"H1","32","Hauts-de-France","02","Aisne",4,280.82,0
"2010-2014",2014,"H1","32","Hauts-de-France","02","Aisne",4,238.347,0
"2015-2019",2015,"H1","32","Hauts-de-France","02","Aisne",7,842.502,0
"2015-2019",2016,"H1","32","Hauts-de-France","02","Aisne",11,1178.052,0
"2015-2019",2017,"H1","32","Hauts-de-France","02","Aisne",17,1812.713,0
"2015-2019",2018,"H1","32","Hauts-de-France","02","Aisne",15,1862.329,0
"2015-2019",2019,"H1","32","Hauts-de-France","02","Aisne",32,2514.121,0
"2020-2024",2020,"H1","32","Hauts-de-France","02","Aisne",36,3402.036,0
"2020-2024",2021,"H1","32","Hauts-de-France","02","Aisne",30,3555.336,0
"2020-2024",2022,"H1","32","Hauts-de-France","02","Aisne",8,2758.907,0
"2020-2024",2023,"H1","32","Hauts-de-France","02","Aisne",9,1266.295,-696.0349999999999
"2020-2024",2024,"H1","32","Hauts-de-France","02","Aisne",6,871.671,-644.4570000000003
"2010-2014",2010,"H1","84","Auvergne-Rhône-Alpes","03","Allier",14,4164.481,0
"2010-2014",2011,"H1","84","Auvergne-Rhône-Alpes","03","Allier",10,3414.585,0
"2010-2014",2012,"H1","84","Auvergne-Rhône-Alpes","03","Allier",6,1828.551,0
"2010-2014",2013,"H1","84","Auvergne-Rhône-Alpes","03","Allier",7,1841.94,0
"2010-2014",2014,"H1","84","Auvergne-Rhône-Alpes","03","Allier",7,2040.92,0
"2015-2019",2015,"H1","84","Auvergne-Rhône-Alpes","03","Allier",20,4851.18,0
"2015-2019",2016,"H1","84","Auvergne-Rhône-Alpes","03","Allier",20,3977.858,0
"2015-2019",2017,"H1","84","Auvergne-Rhône-Alpes","03","Allier",26,3270.695,0
"2015-2019",2018,"H1","84","Auvergne-Rhône-Alpes","03","Allier",20,2266.443,0
"2015-2019",2019,"H1","84","Auvergne-Rhône-Alpes","03","Allier",15,2502.592,0
"2020-2024",2020,"H1","84","Auvergne-Rhône-Alpes","03","Allier",22,2207.205,0
"2020-2024",2021,"H1","84","Auvergne-Rhône-Alpes","03","Allier",24,2149.349,-370.7430000000022
"2020-2024",2022,"H1","84","Auvergne-Rhône-Alpes","03","Allier",35,1927.807,-123.88999999999942
"2020-2024",2023,"H1","84","Auvergne-Rhône-Alpes","03","Allier",23,1933.533,-333.78900000000067
"2020-2024",2024,"H1","84","Auvergne-Rhône-Alpes","03","Allier",30,2444.752,0
"2010-2014",2010,"H2","93","Provence-Alpes-Côte d'Azur","04","Alpes-de-Haute-Provence",30,4079.297,0
"2010-2014",2011,"H2","93","Provence-Alpes-Côte d'Azur","04","Alpes-de-Haute-Provence",19,3389.773,0
"2010-2014",2012,"H2","93","Provence-Alpes-Côte d'Azur","04","Alpes-de-Haute-Provence",15,2692.605,0
"2010-2014",2013,"H2","93","Provence-Alpes-Côte d'Azur","04","Alpes-de-Haute-Provence",17,2743.518,0
"2010-2014",2014,"H2","93","Provence-Alpes-Côte d'Azur","04","Alpes-de-Haute-Provence",25,3806.612,0
"2015-2019",2015,"H2","93","Provence-Alpes-Côte d'Azur","04","Alpes-de-Haute-Provence",32,8948.454,0
"2015-2019",2016,"H2","93","Provence-Alpes-Côte d'Azur","04","Alpes-de-Haute-Provence",21,9608.478,0
"2015-2019",2017,"H2","93","Provence-Alpes-Côte d'Azur","04","Alpes-de-Haute-Provence",22,8291.831,0
"2015-2019",2018,"H2","93","Provence-Alpes-Côte d'Azur","04","Alpes-de-Haute-Provence",28,6791.134,0
"2015-2019",2019,"H2","93","Provence-Alpes-Côte d'Azur","04","Alpes-de-Haute-Provence",41,7943.922,0
"2020-2024",2020,"H2","93","Provence-Alpes-Côte d'Azur","04","Alpes-de-Haute-Provence",51,8717.663,0
"2020-2024",2021,"H2","93","Provence-Alpes-Côte d'Azur","04","Alpes-de-Haute-Provence",44,8702.527,0
"2020-2024",2022,"H2","93","Provence-Alpes-Côte d'Azur","04","Alpes-de-Haute-Provence",45,11790.618,0
"2020-2024",2023,"H2","93","Provence-Alpes-Côte d'Azur","04","Alpes-de-Haute-Provence",61,10343.711,0
"2020-2024",2024,"H2","93","Provence-Alpes-Côte d'Azur","04","Alpes-de-Haute-Provence",52,8197.616,-2979.738000000005
"2010-2014",2010,"H1","93","Provence-Alpes-Côte d'Azur","05","Hautes-Alpes",13,2172.345,0
"2010-2014",2011,"H1","93","Provence-Alpes-Côte d'Azur","05","Hautes-Alpes",8,1725.728,0
"2010-2014",2012,"H1","93","Provence-Alpes-Côte d'Azur","05","Hautes-Alpes",15,1537.58,0
"2010-2014",2013,"H1","93","Provence-Alpes-Côte d'Azur","05","Hautes-Alpes",11,1498.176,0
"2010-2014",2014,"H1","93","Provence-Alpes-Côte d'Azur","05","Hautes-Alpes",16,1299.82,0
"2015-2019",2015,"H1","93","Provence-Alpes-Côte d'Azur","05","Hautes-Alpes",29,3404.853,0
"2015-2019",2016,"H1","93","Provence-Alpes-Côte d'Azur","05","Hautes-Alpes",27,5998.635,0
"2015-2019",2017,"H1","93","Provence-Alpes-Côte d'Azur","05","Hautes-Alpes",52,9128.03,0
"2015-2019",2018,"H1","93","Provence-Alpes-Côte d'Azur","05","Hautes-Alpes",29,8156.882,0
"2015-2019",2019,"H1","93","Provence-Alpes-Côte d'Azur","05","Hautes-Alpes",24,5029.481,0
"2020-2024",2020,"H1","93","Provence-Alpes-Côte d'Azur","05","Hautes-Alpes",26,5117.738,0
"2020-2024",2021,"H1","93","Provence-Alpes-Côte d'Azur","05","Hautes-Alpes",49,6562.794,0
"2020-2024",2022,"H1","93","Provence-Alpes-Côte d'Azur","05","Hautes-Alpes",35,4305.771,-2169.3449999999975
"2020-2024",2023,"H1","93","Provence-Alpes-Côte d'Azur","05","Hautes-Alpes",56,7237.421,0
"2020-2024",2024,"H1","93","Provence-Alpes-Côte d'Azur","05","Hautes-Alpes",39,5379.455,-1897.9099999999962
"2010-2014",2010,"H3","93","Provence-Alpes-Côte d'Azur","06","Alpes-Maritimes",17,256.476,0
"2010-2014",2011,"H3","93","Provence-Alpes-Côte d'Azur","06","Alpes-Maritimes",10,164.891,0
"2010-2014",2012,"H3","93","Provence-Alpes-Côte d'Azur","06","Alpes-Maritimes",9,102.072,-289.2529999999997
"2010-2014",2013,"H3","93","Provence-Alpes-Côte d'Azur","06","Alpes-Maritimes",10,72.905,-665.7650000000003
"2010-2014",2014,"H3","93","Provence-Alpes-Côte d'Azur","06","Alpes-Maritimes",15,68.772,-702.5810000000001
"2015-2019",2015,"H3","93","Provence-Alpes-Côte d'Azur","06","Alpes-Maritimes",9,728.931,0
"2015-2019",2016,"H3","93","Provence-Alpes-Côte d'Azur","06","Alpes-Maritimes",21,740.93,-60.83100000000013
"2015-2019",2017,"H3","93","Provence-Alpes-Côte d'Azur","06","Alpes-Maritimes",13,696.165,0
"2015-2019",2018,"H3","93","Provence-Alpes-Côte d'Azur","06","Alpes-Maritimes",25,841.977,0
"2015-2019",2019,"H3","93","Provence-Alpes-Côte d'Azur","06","Alpes-Maritimes",28,1458.168,0
"2020-2024",2020,"H3","93","Provence-Alpes-Côte d'Azur","06","Alpes-Maritimes",38,1337.509,0
"2020-2024",2021,"H3","93","Provence-Alpes-Côte d'Azur","06","Alpes-Maritimes",38,731.949,0
"2020-2024",2022,"H3","93","Provence-Alpes-Côte d'Azur","06","Alpes-Maritimes",47,1685.507,0
"2020-2024",2023,"H3","93","Provence-Alpes-Côte d'Azur","06","Alpes-Maritimes",62,2274.101,0
"2020-2024",2024,"H3","93","Provence-Alpes-Côte d'Azur","06","Alpes-Maritimes",52,1764.404,0
"2010-2014",2010,"H2","84","Auvergne-Rhône-Alpes","07","Ardèche",47,5481.192,0
"2010-2014",2011,"H2","84","Auvergne-Rhône-Alpes","07","Ardèche",35,5074.915,0
"2010-2014",2012,"H2","84","Auvergne-Rhône-Alpes","07","Ardèche",44,2567.829,0
"2010-2014",2013,"H2","84","Auvergne-Rhône-Alpes","07","Ardèche",27,2026.316,0
"2010-2014",2014,"H2","84","Auvergne-Rhône-Alpes","07","Ardèche",43,1782.469,0
"2015-2019",2015,"H2","84","Auvergne-Rhône-Alpes","07","Ardèche",37,2033.211,0
"2015-2019",2016,"H2","84","Auvergne-Rhône-Alpes","07","Ardèche",58,5186.766,0
"2015-2019",2017,"H2","84","Auvergne-Rhône-Alpes","07","Ardèche",59,6379.722,0
"2015-2019",2018,"H2","84","Auvergne-Rhône-Alpes","07","Ardèche",67,4215.403,0
"2015-2019",2019,"H2","84","Auvergne-Rhône-Alpes","07","Ardèche",78,3104.029,0
"2020-2024",2020,"H2","84","Auvergne-Rhône-Alpes","07","Ardèche",92,4102.754,0
"2020-2024",2021,"H2","84","Auvergne-Rhône-Alpes","07","Ardèche",89,4782.401,0
"2020-2024",2022,"H2","84","Auvergne-Rhône-Alpes","07","Ardèche",114,4020.199,0
"2020-2024",2023,"H2","84","Auvergne-Rhône-Alpes","07","Ardèche",103,4459.971,0
"2020-2024",2024,"H2","84","Auvergne-Rhône-Alpes","07","Ardèche",100,4675.183,0
"2010-2014",2010,"H1","44","Grand Est","08","Ardennes",11,2067.65,0
"2010-2014",2011,"H1","44","Grand Est","08","Ardennes",16,2506.14,0
"2010-2014",2012,"H1","44","Grand Est","08","Ardennes",5,1653.05,0
"2010-2014",2013,"H1","44","Grand Est","08","Ardennes",2,1224,0
"2010-2014",2014,"H1","44","Grand Est","08","Ardennes",6,1546.01,0
"2015-2019",2015,"H1","44","Grand Est","08","Ardennes",7,2457.65,0
"2015-2019",2016,"H1","44","Grand Est","08","Ardennes",15,3791.846,0
"2015-2019",2017,"H1","44","Grand Est","08","Ardennes",17,3309.61,0
"2015-2019",2018,"H1","44","Grand Est","08","Ardennes",16,3062.566,0
"2015-2019",2019,"H1","44","Grand Est","08","Ardennes",13,3769.099,0
"2020-2024",2020,"H1","44","Grand Est","08","Ardennes",12,4774.625,0
"2020-2024",2021,"H1","44","Grand Est","08","Ardennes",13,4001.574,0
"2020-2024",2022,"H1","44","Grand Est","08","Ardennes",15,2358.679,0
"2020-2024",2023,"H1","44","Grand Est","08","Ardennes",9,1480.394,-1239.1460000000006
"2020-2024",2024,"H1","44","Grand Est","08","Ardennes",6,761.824,-1405.4150000000009
"2010-2014",2010,"H2","76","Occitanie","09","Ariège",31,6146.137,0
"2010-2014",2011,"H2","76","Occitanie","09","Ariège",14,6234.403,0
"2010-2014",2012,"H2","76","Occitanie","09","Ariège",10,1654.785,0
"2010-2014",2013,"H2","76","Occitanie","09","Ariège",13,872.686,0
"2010-2014",2014,"H2","76","Occitanie","09","Ariège",15,1222.747,-422.1660000000011
"2015-2019",2015,"H2","76","Occitanie","09","Ariège",41,6566.266,0
"2015-2019",2016,"H2","76","Occitanie","09","Ariège",41,8358.67,0
"2015-2019",2017,"H2","76","Occitanie","09","Ariège",37,4949.206,0
"2015-2019",2018,"H2","76","Occitanie","09","Ariège",47,4455.596,0
"2015-2019",2019,"H2","76","Occitanie","09","Ariège",51,5889.324,0
"2020-2024",2020,"H2","76","Occitanie","09","Ariège",74,7013.432,0
"2020-2024",2021,"H2","76","Occitanie","09","Ariège",72,7463.936,0
"2020-2024",2022,"H2","76","Occitanie","09","Ariège",85,5621.689,0
"2020-2024",2023,"H2","76","Occitanie","09","Ariège",114,3718.028,0
"2020-2024",2024,"H2","76","Occitanie","09","Ariège",150,5310.556,0
"2010-2014",2010,"H1","44","Grand Est","10","Aube",11,782.138,0
"2010-2014",2011,"H1","44","Grand Est","10","Aube",10,807.147,0
"2010-2014",2012,"H1","44","Grand Est","10","Aube",3,545.036,0
"2010-2014",2013,"H1","44","Grand Est","10","Aube",1,521.804,-185.68600000000015
"2010-2014",2014,"H1","44","Grand Est","10","Aube",8,434.178,0
"2015-2019",2015,"H1","44","Grand Est","10","Aube",11,1885.551,0
"2015-2019",2016,"H1","44","Grand Est","10","Aube",19,2893.751,0
"2015-2019",2017,"H1","44","Grand Est","10","Aube",12,2809.855,0
"2015-2019",2018,"H1","44","Grand Est","10","Aube",29,3301.029,0
"2015-2019",2019,"H1","44","Grand Est","10","Aube",29,5001.876,0
"2020-2024",2020,"H1","44","Grand Est","10","Aube",50,6296.9,0
"2020-2024",2021,"H1","44","Grand Est","10","Aube",50,6978.525,0
"2020-2024",2022,"H1","44","Grand Est","10","Aube",12,5927.104,0
"2020-2024",2023,"H1","44","Grand Est","10","Aube",17,3139.868,-300.89900000000125
"2020-2024",2024,"H1","44","Grand Est","10","Aube",13,1863.885,0
"2010-2014",2010,"H3","76","Occitanie","11","Aude",40,5673.029,0
"2010-2014",2011,"H3","76","Occitanie","11","Aude",35,5640.404,0
"2010-2014",2012,"H3","76","Occitanie","11","Aude",22,3934.408,0
"2010-2014",2013,"H3","76","Occitanie","11","Aude",31,3616.571,0
"2010-2014",2014,"H3","76","Occitanie","11","Aude",29,3947.916,-253.47000000000116
"2015-2019",2015,"H3","76","Occitanie","11","Aude",63,9053.345,0
"2015-2019",2016,"H3","76","Occitanie","11","Aude",68,12329.06,0
"2015-2019",2017,"H3","76","Occitanie","11","Aude",66,11335.004,0
"2015-2019",2018,"H3","76","Occitanie","11","Aude",111,11590.731,0
"2015-2019",2019,"H3","76","Occitanie","11","Aude",127,15174.646,0
"2020-2024",2020,"H3","76","Occitanie","11","Aude",143,13450.972,0
"2020-2024",2021,"H3","76","Occitanie","11","Aude",169,15224.074,0
"2020-2024",2022,"H3","76","Occitanie","11","Aude",108,14253.99,0
"2020-2024",2023,"H3","76","Occitanie","11","Aude",121,9962.023,-2748.475000000006
"2020-2024",2024,"H3","76","Occitanie","11","Aude",108,10119.708,0
"2010-2014",2010,"H2","76","Occitanie","12","Aveyron",37,11440.83,0
"2010-2014",2011,"H2","76","Occitanie","12","Aveyron",22,7269.892,0
"2010-2014",2012,"H2","76","Occitanie","12","Aveyron",15,3429.414,0
"2010-2014",2013,"H2","76","Occitanie","12","Aveyron",13,2962.45,0
"2010-2014",2014,"H2","76","Occitanie","12","Aveyron",23,4249.873,0
"2015-2019",2015,"H2","76","Occitanie","12","Aveyron",67,10884.671,0
"2015-2019",2016,"H2","76","Occitanie","12","Aveyron",121,20352.97,0
"2015-2019",2017,"H2","76","Occitanie","12","Aveyron",83,23277.838,0
"2015-2019",2018,"H2","76","Occitanie","12","Aveyron",54,14687.882,0
"2015-2019",2019,"H2","76","Occitanie","12","Aveyron",71,8918.275,0
"2020-2024",2020,"H2","76","Occitanie","12","Aveyron",72,7490.345,0
"2020-2024",2021,"H2","76","Occitanie","12","Aveyron",79,7373.274,0
"2020-2024",2022,"H2","76","Occitanie","12","Aveyron",76,7008.065,0
"2020-2024",2023,"H2","76","Occitanie","12","Aveyron",83,5666.228,-1941.0339999999997
"2020-2024",2024,"H2","76","Occitanie","12","Aveyron",98,5107.985,-837.523000000001
"2010-2014",2010,"H3","93","Provence-Alpes-Côte d'Azur","13","Bouches-du-Rhône",43,2712.016,0
"2010-2014",2011,"H3","93","Provence-Alpes-Côte d'Azur","13","Bouches-du-Rhône",49,4294.121,0
"2010-2014",2012,"H3","93","Provence-Alpes-Côte d'Azur","13","Bouches-du-Rhône",36,5228.618,0
"2010-2014",2013,"H3","93","Provence-Alpes-Côte d'Azur","13","Bouches-du-Rhône",31,4604.834,0
"2010-2014",2014,"H3","93","Provence-Alpes-Côte d'Azur","13","Bouches-du-Rhône",37,3928.196,0
"2015-2019",2015,"H3","93","Provence-Alpes-Côte d'Azur","13","Bouches-du-Rhône",35,5572.969,0
"2015-2019",2016,"H3","93","Provence-Alpes-Côte d'Azur","13","Bouches-du-Rhône",45,5205.427,0
"2015-2019",2017,"H3","93","Provence-Alpes-Côte d'Azur","13","Bouches-du-Rhône",68,5480.715,0
"2015-2019",2018,"H3","93","Provence-Alpes-Côte d'Azur","13","Bouches-du-Rhône",90,6797.207,0
"2015-2019",2019,"H3","93","Provence-Alpes-Côte d'Azur","13","Bouches-du-Rhône",92,9054.362,0
"2020-2024",2020,"H3","93","Provence-Alpes-Côte d'Azur","13","Bouches-du-Rhône",111,10594.46,0
"2020-2024",2021,"H3","93","Provence-Alpes-Côte d'Azur","13","Bouches-du-Rhône",104,8840.255,0
"2020-2024",2022,"H3","93","Provence-Alpes-Côte d'Azur","13","Bouches-du-Rhône",63,6630.242,0
"2020-2024",2023,"H3","93","Provence-Alpes-Côte d'Azur","13","Bouches-du-Rhône",82,5271.046,-2729.243000000002
"2020-2024",2024,"H3","93","Provence-Alpes-Côte d'Azur","13","Bouches-du-Rhône",79,5305.805,-4553.976000000002
"2010-2014",2010,"H1","28","Normandie","14","Calvados",27,3310.713,0
"2010-2014",2011,"H1","28","Normandie","14","Calvados",14,3868.262,0
"2010-2014",2012,"H1","28","Normandie","14","Calvados",9,3255.288,0
"2010-2014",2013,"H1","28","Normandie","14","Calvados",7,1523.816,-548.3130000000001
"2010-2014",2014,"H1","28","Normandie","14","Calvados",16,1791.328,0
"2015-2019",2015,"H1","28","Normandie","14","Calvados",27,3678.734,0
"2015-2019",2016,"H1","28","Normandie","14","Calvados",34,6554.235,0
"2015-2019",2017,"H1","28","Normandie","14","Calvados",41,6898.962,0
"2015-2019",2018,"H1","28","Normandie","14","Calvados",36,5052.077,0
"2015-2019",2019,"H1","28","Normandie","14","Calvados",37,6241.254,0
"2020-2024",2020,"H1","28","Normandie","14","Calvados",39,7210.324,0
"2020-2024",2021,"H1","28","Normandie","14","Calvados",51,5711.594,0
"2020-2024",2022,"H1","28","Normandie","14","Calvados",27,3937.692,0
"2020-2024",2023,"H1","28","Normandie","14","Calvados",30,2137.327,-2146.675000000003
"2020-2024",2024,"H1","28","Normandie","14","Calvados",30,1366.821,-1825.846999999998
"2010-2014",2010,"H1","84","Auvergne-Rhône-Alpes","15","Cantal",12,2676.97,0
"2010-2014",2011,"H1","84","Auvergne-Rhône-Alpes","15","Cantal",7,1221.178,0
"2010-2014",2012,"H1","84","Auvergne-Rhône-Alpes","15","Cantal",7,534.344,-20.167999999999665
"2010-2014",2013,"H1","84","Auvergne-Rhône-Alpes","15","Cantal",7,536.735,0
"2010-2014",2014,"H1","84","Auvergne-Rhône-Alpes","15","Cantal",7,1268.83,0
"2015-2019",2015,"H1","84","Auvergne-Rhône-Alpes","15","Cantal",23,3897.43,0
"2015-2019",2016,"H1","84","Auvergne-Rhône-Alpes","15","Cantal",40,8621.232,0
"2015-2019",2017,"H1","84","Auvergne-Rhône-Alpes","15","Cantal",39,8486.742,0
"2015-2019",2018,"H1","84","Auvergne-Rhône-Alpes","15","Cantal",23,5572.998,0
"2015-2019",2019,"H1","84","Auvergne-Rhône-Alpes","15","Cantal",31,3930.769,0
"2020-2024",2020,"H1","84","Auvergne-Rhône-Alpes","15","Cantal",13,2835.485,-717.6349999999984
"2020-2024",2021,"H1","84","Auvergne-Rhône-Alpes","15","Cantal",19,1993.477,0
"2020-2024",2022,"H1","84","Auvergne-Rhône-Alpes","15","Cantal",26,2384.739,-69.56400000000212
"2020-2024",2023,"H1","84","Auvergne-Rhône-Alpes","15","Cantal",30,2306.489,-759.9789999999994
"2020-2024",2024,"H1","84","Auvergne-Rhône-Alpes","15","Cantal",20,2347.217,-585.0279999999984
"2010-2014",2010,"H2","75","Nouvelle-Aquitaine","16","Charente",12,2449.313,0
"2010-2014",2011,"H2","75","Nouvelle-Aquitaine","16","Charente",7,2205.82,0
"2010-2014",2012,"H2","75","Nouvelle-Aquitaine","16","Charente",4,1756.47,0
"2010-2014",2013,"H2","75","Nouvelle-Aquitaine","16","Charente",5,1348.58,-152.5699999999997
"2010-2014",2014,"H2","75","Nouvelle-Aquitaine","16","Charente",11,1500.11,0
"2015-2019",2015,"H2","75","Nouvelle-Aquitaine","16","Charente",24,3107.329,0
"2015-2019",2016,"H2","75","Nouvelle-Aquitaine","16","Charente",31,5249.855,0
"2015-2019",2017,"H2","75","Nouvelle-Aquitaine","16","Charente",22,5868.92,0
"2015-2019",2018,"H2","75","Nouvelle-Aquitaine","16","Charente",34,5135.086,0
"2015-2019",2019,"H2","75","Nouvelle-Aquitaine","16","Charente",27,5937.016,0
"2020-2024",2020,"H2","75","Nouvelle-Aquitaine","16","Charente",39,6059.539,0
"2020-2024",2021,"H2","75","Nouvelle-Aquitaine","16","Charente",49,5596.149,0
"2020-2024",2022,"H2","75","Nouvelle-Aquitaine","16","Charente",20,3411.188,-586.4140000000007
"2020-2024",2023,"H2","75","Nouvelle-Aquitaine","16","Charente",27,1524.592,-1075.7059999999983
"2020-2024",2024,"H2","75","Nouvelle-Aquitaine","16","Charente",31,1365.531,-1460.143
"2010-2014",2010,"H2","75","Nouvelle-Aquitaine","17","Charente-Maritime",12,1625.869,0
"2010-2014",2011,"H2","75","Nouvelle-Aquitaine","17","Charente-Maritime",17,2343.031,0
"2010-2014",2012,"H2","75","Nouvelle-Aquitaine","17","Charente-Maritime",11,1437.479,0
"2010-2014",2013,"H2","75","Nouvelle-Aquitaine","17","Charente-Maritime",8,836.729,-253.42199999999957
"2010-2014",2014,"H2","75","Nouvelle-Aquitaine","17","Charente-Maritime",3,677.609,0
"2015-2019",2015,"H2","75","Nouvelle-Aquitaine","17","Charente-Maritime",15,1169.95,0
"2015-2019",2016,"H2","75","Nouvelle-Aquitaine","17","Charente-Maritime",39,4235.42,0
"2015-2019",2017,"H2","75","Nouvelle-Aquitaine","17","Charente-Maritime",34,5226.16,0
"2015-2019",2018,"H2","75","Nouvelle-Aquitaine","17","Charente-Maritime",40,4711.228,0
"2015-2019",2019,"H2","75","Nouvelle-Aquitaine","17","Charente-Maritime",47,4535.745,0
"2020-2024",2020,"H2","75","Nouvelle-Aquitaine","17","Charente-Maritime",57,3990.346,0
"2020-2024",2021,"H2","75","Nouvelle-Aquitaine","17","Charente-Maritime",40,4225.17,0
"2020-2024",2022,"H2","75","Nouvelle-Aquitaine","17","Charente-Maritime",35,2549.263,0
"2020-2024",2023,"H2","75","Nouvelle-Aquitaine","17","Charente-Maritime",33,1509.553,-467.6140000000014
"2020-2024",2024,"H2","75","Nouvelle-Aquitaine","17","Charente-Maritime",40,1209.055,-1054.262999999999
"2010-2014",2010,"H2","24","Centre-Val de Loire","18","Cher",10,2427.352,0
"2010-2014",2011,"H2","24","Centre-Val de Loire","18","Cher",7,1571.544,0
"2010-2014",2012,"H2","24","Centre-Val de Loire","18","Cher",6,897.02,-16.520000000000437
"2010-2014",2013,"H2","24","Centre-Val de Loire","18","Cher",7,1166.75,0
"2010-2014",2014,"H2","24","Centre-Val de Loire","18","Cher",8,1478.55,0
"2015-2019",2015,"H2","24","Centre-Val de Loire","18","Cher",20,5385.133,0
"2015-2019",2016,"H2","24","Centre-Val de Loire","18","Cher",6,4673.63,0
"2015-2019",2017,"H2","24","Centre-Val de Loire","18","Cher",18,3792.72,0
"2015-2019",2018,"H2","24","Centre-Val de Loire","18","Cher",26,3332.967,0
"2015-2019",2019,"H2","24","Centre-Val de Loire","18","Cher",41,4880.922,0
"2020-2024",2020,"H2","24","Centre-Val de Loire","18","Cher",57,6873.883,0
"2020-2024",2021,"H2","24","Centre-Val de Loire","18","Cher",53,6810.392,0
"2020-2024",2022,"H2","24","Centre-Val de Loire","18","Cher",35,4473.834,0
"2020-2024",2023,"H2","24","Centre-Val de Loire","18","Cher",15,2585.567,0
"2020-2024",2024,"H2","24","Centre-Val de Loire","18","Cher",15,1423.115,-604.1059999999998
"2010-2014",2010,"H1","75","Nouvelle-Aquitaine","19","Corrèze",5,1010.034,0
"2010-2014",2011,"H1","75","Nouvelle-Aquitaine","19","Corrèze",8,964.018,0
"2010-2014",2012,"H1","75","Nouvelle-Aquitaine","19","Corrèze",16,913.171,0
"2010-2014",2013,"H1","75","Nouvelle-Aquitaine","19","Corrèze",13,707.931,0
"2010-2014",2014,"H1","75","Nouvelle-Aquitaine","19","Corrèze",12,773.97,0
"2015-2019",2015,"H1","75","Nouvelle-Aquitaine","19","Corrèze",21,1193.239,0
"2015-2019",2016,"H1","75","Nouvelle-Aquitaine","19","Corrèze",25,2836.224,0
"2015-2019",2017,"H1","75","Nouvelle-Aquitaine","19","Corrèze",32,2921.552,0
"2015-2019",2018,"H1","75","Nouvelle-Aquitaine","19","Corrèze",19,1948.464,0
"2015-2019",2019,"H1","75","Nouvelle-Aquitaine","19","Corrèze",39,2458.806,0
"2020-2024",2020,"H1","75","Nouvelle-Aquitaine","19","Corrèze",31,2893.005,0
"2020-2024",2021,"H1","75","Nouvelle-Aquitaine","19","Corrèze",46,2933.582,0
"2020-2024",2022,"H1","75","Nouvelle-Aquitaine","19","Corrèze",31,2286.435,0
"2020-2024",2023,"H1","75","Nouvelle-Aquitaine","19","Corrèze",67,2615.414,0
"2020-2024",2024,"H1","75","Nouvelle-Aquitaine","19","Corrèze",41,2899.698,0
"2010-2014",2010,"H1","27","Bourgogne-Franche-Comté","21","Côte-d'Or",31,4023.856,0
"2010-2014",2011,"H1","27","Bourgogne-Franche-Comté","21","Côte-d'Or",13,3649.436,0
"2010-2014",2012,"H1","27","Bourgogne-Franche-Comté","21","Côte-d'Or",12,1472.728,-142.23500000000058
"2010-2014",2013,"H1","27","Bourgogne-Franche-Comté","21","Côte-d'Or",14,1672.852,0
"2010-2014",2014,"H1","27","Bourgogne-Franche-Comté","21","Côte-d'Or",7,2377.916,0
"2015-2019",2015,"H1","27","Bourgogne-Franche-Comté","21","Côte-d'Or",31,6117.25,0
"2015-2019",2016,"H1","27","Bourgogne-Franche-Comté","21","Côte-d'Or",47,9713.877,0
"2015-2019",2017,"H1","27","Bourgogne-Franche-Comté","21","Côte-d'Or",29,9668.616,0
"2015-2019",2018,"H1","27","Bourgogne-Franche-Comté","21","Côte-d'Or",62,11041.898,0
"2015-2019",2019,"H1","27","Bourgogne-Franche-Comté","21","Côte-d'Or",78,15995.14,0
"2020-2024",2020,"H1","27","Bourgogne-Franche-Comté","21","Côte-d'Or",121,16049.232,0
"2020-2024",2021,"H1","27","Bourgogne-Franche-Comté","21","Côte-d'Or",134,16829.649,0
"2020-2024",2022,"H1","27","Bourgogne-Franche-Comté","21","Côte-d'Or",47,12443.396,0
"2020-2024",2023,"H1","27","Bourgogne-Franche-Comté","21","Côte-d'Or",52,6223.704,0
"2020-2024",2024,"H1","27","Bourgogne-Franche-Comté","21","Côte-d'Or",83,7868.403,-391.55399999999645
"2010-2014",2010,"H2","53","Bretagne","22","Côtes-d'Armor",43,3296.012,0
"2010-2014",2011,"H2","53","Bretagne","22","Côtes-d'Armor",23,4933.771,0
"2010-2014",2012,"H2","53","Bretagne","22","Côtes-d'Armor",16,2316.684,0
"2010-2014",2013,"H2","53","Bretagne","22","Côtes-d'Armor",15,1609.991,0
"2010-2014",2014,"H2","53","Bretagne","22","Côtes-d'Armor",20,1479.35,0
"2015-2019",2015,"H2","53","Bretagne","22","Côtes-d'Armor",36,2165.387,0
"2015-2019",2016,"H2","53","Bretagne","22","Côtes-d'Armor",69,4572.988,0
"2015-2019",2017,"H2","53","Bretagne","22","Côtes-d'Armor",71,6619.831,0
"2015-2019",2018,"H2","53","Bretagne","22","Côtes-d'Armor",92,8453.154,0
"2015-2019",2019,"H2","53","Bretagne","22","Côtes-d'Armor",86,8944.752,0
"2020-2024",2020,"H2","53","Bretagne","22","Côtes-d'Armor",64,7993.988,0
"2020-2024",2021,"H2","53","Bretagne","22","Côtes-d'Armor",97,7529.644,0
"2020-2024",2022,"H2","53","Bretagne","22","Côtes-d'Armor",77,5858.233,0
"2020-2024",2023,"H2","53","Bretagne","22","Côtes-d'Armor",62,3744.539,-813.476999999999
"2020-2024",2024,"H2","53","Bretagne","22","Côtes-d'Armor",67,2334.293,-410.8660000000018
"2010-2014",2010,"H1","75","Nouvelle-Aquitaine","23","Creuse",7,1965.987,0
"2010-2014",2011,"H1","75","Nouvelle-Aquitaine","23","Creuse",10,2013.658,0
"2010-2014",2012,"H1","75","Nouvelle-Aquitaine","23","Creuse",9,1954.707,0
"2010-2014",2013,"H1","75","Nouvelle-Aquitaine","23","Creuse",8,1713.876,0
"2010-2014",2014,"H1","75","Nouvelle-Aquitaine","23","Creuse",8,1344.053,0
"2015-2019",2015,"H1","75","Nouvelle-Aquitaine","23","Creuse",11,2659.858,0
"2015-2019",2016,"H1","75","Nouvelle-Aquitaine","23","Creuse",14,2991,0
"2015-2019",2017,"H1","75","Nouvelle-Aquitaine","23","Creuse",16,3183.305,0
"2015-2019",2018,"H1","75","Nouvelle-Aquitaine","23","Creuse",23,3142.206,0
"2015-2019",2019,"H1","75","Nouvelle-Aquitaine","23","Creuse",14,2653.65,0
"2020-2024",2020,"H1","75","Nouvelle-Aquitaine","23","Creuse",16,2839.56,0
"2020-2024",2021,"H1","75","Nouvelle-Aquitaine","23","Creuse",35,3826.027,0
"2020-2024",2022,"H1","75","Nouvelle-Aquitaine","23","Creuse",44,4428.779,0
"2020-2024",2023,"H1","75","Nouvelle-Aquitaine","23","Creuse",27,2369.33,-941.3339999999989
"2020-2024",2024,"H1","75","Nouvelle-Aquitaine","23","Creuse",39,2099.672,0
"2010-2014",2010,"H2","75","Nouvelle-Aquitaine","24","Dordogne",66,5677.754,0
"2010-2014",2011,"H2","75","Nouvelle-Aquitaine","24","Dordogne",18,4444.626,0
"2010-2014",2012,"H2","75","Nouvelle-Aquitaine","24","Dordogne",31,3280.573,0
"2010-2014",2013,"H2","75","Nouvelle-Aquitaine","24","Dordogne",21,2195.986,0
"2010-2014",2014,"H2","75","Nouvelle-Aquitaine","24","Dordogne",39,3498.694,0
"2015-2019",2015,"H2","75","Nouvelle-Aquitaine","24","Dordogne",32,4758.372,0
"2015-2019",2016,"H2","75","Nouvelle-Aquitaine","24","Dordogne",62,6554.873,0
"2015-2019",2017,"H2","75","Nouvelle-Aquitaine","24","Dordogne",63,7440.608,0
"2015-2019",2018,"H2","75","Nouvelle-Aquitaine","24","Dordogne",96,9471.969,0
"2015-2019",2019,"H2","75","Nouvelle-Aquitaine","24","Dordogne",111,11118.962,0
"2020-2024",2020,"H2","75","Nouvelle-Aquitaine","24","Dordogne",129,9568.109,0
"2020-2024",2021,"H2","75","Nouvelle-Aquitaine","24","Dordogne",149,10673.664,0
"2020-2024",2022,"H2","75","Nouvelle-Aquitaine","24","Dordogne",130,9416.917,0
"2020-2024",2023,"H2","75","Nouvelle-Aquitaine","24","Dordogne",119,6276.042,-972.8949999999968
"2020-2024",2024,"H2","75","Nouvelle-Aquitaine","24","Dordogne",102,4799.594,-1137.961000000003
"2010-2014",2010,"H1","27","Bourgogne-Franche-Comté","25","Doubs",6,2034.53,0
"2010-2014",2011,"H1","27","Bourgogne-Franche-Comté","25","Doubs",6,1453.976,0
"2010-2014",2012,"H1","27","Bourgogne-Franche-Comté","25","Doubs",4,710.23,0
"2010-2014",2013,"H1","27","Bourgogne-Franche-Comté","25","Doubs",4,311.961,-342.4210000000003
"2010-2014",2014,"H1","27","Bourgogne-Franche-Comté","25","Doubs",9,732.8,-24.689000000000306
"2015-2019",2015,"H1","27","Bourgogne-Franche-Comté","25","Doubs",7,976.975,0
"2015-2019",2016,"H1","27","Bourgogne-Franche-Comté","25","Doubs",12,1518.628,0
"2015-2019",2017,"H1","27","Bourgogne-Franche-Comté","25","Doubs",17,1897.4,0
"2015-2019",2018,"H1","27","Bourgogne-Franche-Comté","25","Doubs",19,2178.96,0
"2015-2019",2019,"H1","27","Bourgogne-Franche-Comté","25","Doubs",13,2005.22,0
"2020-2024",2020,"H1","27","Bourgogne-Franche-Comté","25","Doubs",31,2453.387,0
"2020-2024",2021,"H1","27","Bourgogne-Franche-Comté","25","Doubs",27,2449.726,0
"2020-2024",2022,"H1","27","Bourgogne-Franche-Comté","25","Doubs",16,1247.929,0
"2020-2024",2023,"H1","27","Bourgogne-Franche-Comté","25","Doubs",21,578.817,-541.1589999999997
"2020-2024",2024,"H1","27","Bourgogne-Franche-Comté","25","Doubs",17,781.099,0
"2010-2014",2010,"H2","84","Auvergne-Rhône-Alpes","26","Drôme",70,6592.158,0
"2010-2014",2011,"H2","84","Auvergne-Rhône-Alpes","26","Drôme",54,6467.612,0
"2010-2014",2012,"H2","84","Auvergne-Rhône-Alpes","26","Drôme",32,4654.299,0
"2010-2014",2013,"H2","84","Auvergne-Rhône-Alpes","26","Drôme",39,3135.078,0
"2010-2014",2014,"H2","84","Auvergne-Rhône-Alpes","26","Drôme",36,2831.03,0
"2015-2019",2015,"H2","84","Auvergne-Rhône-Alpes","26","Drôme",42,5593.618,0
"2015-2019",2016,"H2","84","Auvergne-Rhône-Alpes","26","Drôme",77,7070.129,0
"2015-2019",2017,"H2","84","Auvergne-Rhône-Alpes","26","Drôme",75,7438.734,0
"2015-2019",2018,"H2","84","Auvergne-Rhône-Alpes","26","Drôme",98,6941.066,0
"2015-2019",2019,"H2","84","Auvergne-Rhône-Alpes","26","Drôme",125,8181.711,0
"2020-2024",2020,"H2","84","Auvergne-Rhône-Alpes","26","Drôme",186,10809.987,0
"2020-2024",2021,"H2","84","Auvergne-Rhône-Alpes","26","Drôme",146,11011.848,0
"2020-2024",2022,"H2","84","Auvergne-Rhône-Alpes","26","Drôme",117,10394.451,0
"2020-2024",2023,"H2","84","Auvergne-Rhône-Alpes","26","Drôme",97,6567.354,-1955.484000000004
"2020-2024",2024,"H2","84","Auvergne-Rhône-Alpes","26","Drôme",84,5228.597,-2362.5339999999997
"2010-2014",2010,"H1","28","Normandie","27","Eure",15,1031.461,0
"2010-2014",2011,"H1","28","Normandie","27","Eure",4,977.535,0
"2010-2014",2012,"H1","28","Normandie","27","Eure",5,771.93,-16.54300000000012
"2010-2014",2013,"H1","28","Normandie","27","Eure",4,466.5,0
"2010-2014",2014,"H1","28","Normandie","27","Eure",6,305.164,0
"2015-2019",2015,"H1","28","Normandie","27","Eure",9,530.94,0
"2015-2019",2016,"H1","28","Normandie","27","Eure",13,963.093,0
"2015-2019",2017,"H1","28","Normandie","27","Eure",24,1741.76,0
"2015-2019",2018,"H1","28","Normandie","27","Eure",22,2320.352,0
"2015-2019",2019,"H1","28","Normandie","27","Eure",28,3298.333,0
"2020-2024",2020,"H1","28","Normandie","27","Eure",26,4098.169,0
"2020-2024",2021,"H1","28","Normandie","27","Eure",21,3762.835,0
"2020-2024",2022,"H1","28","Normandie","27","Eure",21,2316.395,0
"2020-2024",2023,"H1","28","Normandie","27","Eure",15,1021.367,-393.2980000000007
"2020-2024",2024,"H1","28","Normandie","27","Eure",9,622.312,-207.2559999999994
"2010-2014",2010,"H1","24","Centre-Val de Loire","28","Eure-et-Loir",7,364.171,0
"2010-2014",2011,"H1","24","Centre-Val de Loire","28","Eure-et-Loir",4,639.77,0
"2010-2014",2012,"H1","24","Centre-Val de Loire","28","Eure-et-Loir",3,409.82,0
"2010-2014",2013,"H1","24","Centre-Val de Loire","28","Eure-et-Loir",4,276.88,0
"2010-2014",2014,"H1","24","Centre-Val de Loire","28","Eure-et-Loir",5,616.7,0
"2015-2019",2015,"H1","24","Centre-Val de Loire","28","Eure-et-Loir",6,650.26,0
"2015-2019",2016,"H1","24","Centre-Val de Loire","28","Eure-et-Loir",4,773.96,0
"2015-2019",2017,"H1","24","Centre-Val de Loire","28","Eure-et-Loir",19,1368.95,0
"2015-2019",2018,"H1","24","Centre-Val de Loire","28","Eure-et-Loir",37,4256.211,0
"2015-2019",2019,"H1","24","Centre-Val de Loire","28","Eure-et-Loir",22,5873.41,0
"2020-2024",2020,"H1","24","Centre-Val de Loire","28","Eure-et-Loir",15,4620.413,0
"2020-2024",2021,"H1","24","Centre-Val de Loire","28","Eure-et-Loir",13,3410.501,0
"2020-2024",2022,"H1","24","Centre-Val de Loire","28","Eure-et-Loir",15,2369.084,0
"2020-2024",2023,"H1","24","Centre-Val de Loire","28","Eure-et-Loir",10,1427.707,-139.8670000000002
"2020-2024",2024,"H1","24","Centre-Val de Loire","28","Eure-et-Loir",10,682.327,-1827.0229999999992
"2010-2014",2010,"H2","53","Bretagne","29","Finistère",42,2539.208,0
"2010-2014",2011,"H2","53","Bretagne","29","Finistère",40,3326.041,0
"2010-2014",2012,"H2","53","Bretagne","29","Finistère",20,2523.568,0
"2010-2014",2013,"H2","53","Bretagne","29","Finistère",28,2035.537,0
"2010-2014",2014,"H2","53","Bretagne","29","Finistère",21,1541.386,0
"2015-2019",2015,"H2","53","Bretagne","29","Finistère",45,2307.343,0
"2015-2019",2016,"H2","53","Bretagne","29","Finistère",71,4782.899,0
"2015-2019",2017,"H2","53","Bretagne","29","Finistère",60,5697.215,0
"2015-2019",2018,"H2","53","Bretagne","29","Finistère",94,6607.636,0
"2015-2019",2019,"H2","53","Bretagne","29","Finistère",79,7031.913,0
"2020-2024",2020,"H2","53","Bretagne","29","Finistère",91,6455.803,0
"2020-2024",2021,"H2","53","Bretagne","29","Finistère",72,5411.753,0
"2020-2024",2022,"H2","53","Bretagne","29","Finistère",77,4277.526,0
"2020-2024",2023,"H2","53","Bretagne","29","Finistère",79,3614.837,-864.1719999999987
"2020-2024",2024,"H2","53","Bretagne","29","Finistère",100,3182.615,-49.59900000000198
"2010-2014",2010,"H3","76","Occitanie","30","Gard",50,6138.991,0
"2010-2014",2011,"H3","76","Occitanie","30","Gard",38,6662.538,0
"2010-2014",2012,"H3","76","Occitanie","30","Gard",32,4752.568,0
"2010-2014",2013,"H3","76","Occitanie","30","Gard",23,4127.381,0
"2010-2014",2014,"H3","76","Occitanie","30","Gard",30,4490.83,0
"2015-2019",2015,"H3","76","Occitanie","30","Gard",34,3536.081,0
"2015-2019",2016,"H3","76","Occitanie","30","Gard",45,3497.156,0
"2015-2019",2017,"H3","76","Occitanie","30","Gard",81,4912.329,0
"2015-2019",2018,"H3","76","Occitanie","30","Gard",112,5956.955,0
"2015-2019",2019,"H3","76","Occitanie","30","Gard",143,7824.941,0
"2020-2024",2020,"H3","76","Occitanie","30","Gard",184,11283.366,0
"2020-2024",2021,"H3","76","Occitanie","30","Gard",157,14598.757,0
"2020-2024",2022,"H3","76","Occitanie","30","Gard",114,13449.261,0
"2020-2024",2023,"H3","76","Occitanie","30","Gard",102,8172.567,-67.99399999999878
"2020-2024",2024,"H3","76","Occitanie","30","Gard",111,8810.669,0
"2010-2014",2010,"H2","76","Occitanie","31","Haute-Garonne",28,2473.098,0
"2010-2014",2011,"H2","76","Occitanie","31","Haute-Garonne",26,3835.162,0
"2010-2014",2012,"H2","76","Occitanie","31","Haute-Garonne",14,2484.242,0
"2010-2014",2013,"H2","76","Occitanie","31","Haute-Garonne",13,1124.527,0
"2010-2014",2014,"H2","76","Occitanie","31","Haute-Garonne",25,2990.562,0
"2015-2019",2015,"H2","76","Occitanie","31","Haute-Garonne",63,11244.856,0
"2015-2019",2016,"H2","76","Occitanie","31","Haute-Garonne",45,13425.432,0
"2015-2019",2017,"H2","76","Occitanie","31","Haute-Garonne",38,8605.292,0
"2015-2019",2018,"H2","76","Occitanie","31","Haute-Garonne",66,8427.362,0
"2015-2019",2019,"H2","76","Occitanie","31","Haute-Garonne",78,12309.995,0
"2020-2024",2020,"H2","76","Occitanie","31","Haute-Garonne",118,13626.481,0
"2020-2024",2021,"H2","76","Occitanie","31","Haute-Garonne",159,11178.156,0
"2020-2024",2022,"H2","76","Occitanie","31","Haute-Garonne",111,7897.281,0
"2020-2024",2023,"H2","76","Occitanie","31","Haute-Garonne",119,5355.326,-2508.226999999999
"2020-2024",2024,"H2","76","Occitanie","31","Haute-Garonne",219,9582.434,0
"2010-2014",2010,"H2","76","Occitanie","32","Gers",52,5419.888,0
"2010-2014",2011,"H2","76","Occitanie","32","Gers",25,7358.304,0
"2010-2014",2012,"H2","76","Occitanie","32","Gers",33,6700.01,0
"2010-2014",2013,"H2","76","Occitanie","32","Gers",40,5433.29,0
"2010-2014",2014,"H2","76","Occitanie","32","Gers",50,8045.23,0
"2015-2019",2015,"H2","76","Occitanie","32","Gers",148,25103.368,0
"2015-2019",2016,"H2","76","Occitanie","32","Gers",94,28677.135,0
"2015-2019",2017,"H2","76","Occitanie","32","Gers",76,19350.138,0
"2015-2019",2018,"H2","76","Occitanie","32","Gers",146,21905.453,0
"2015-2019",2019,"H2","76","Occitanie","32","Gers",160,28692.835,0
"2020-2024",2020,"H2","76","Occitanie","32","Gers",191,27663.36,0
"2020-2024",2021,"H2","76","Occitanie","32","Gers",222,29501.84,0
"2020-2024",2022,"H2","76","Occitanie","32","Gers",102,20684.405,0
"2020-2024",2023,"H2","76","Occitanie","32","Gers",144,13643.163,-7374.370999999999
"2020-2024",2024,"H2","76","Occitanie","32","Gers",298,19467.247,-6774.959000000003
"2010-2014",2010,"H2","75","Nouvelle-Aquitaine","33","Gironde",76,3606.972,0
"2010-2014",2011,"H2","75","Nouvelle-Aquitaine","33","Gironde",39,4906.379,0
"2010-2014",2012,"H2","75","Nouvelle-Aquitaine","33","Gironde",29,4493.508,0
"2010-2014",2013,"H2","75","Nouvelle-Aquitaine","33","Gironde",22,2812.627,0
"2010-2014",2014,"H2","75","Nouvelle-Aquitaine","33","Gironde",21,1871.076,0
"2015-2019",2015,"H2","75","Nouvelle-Aquitaine","33","Gironde",29,2625.247,0
"2015-2019",2016,"H2","75","Nouvelle-Aquitaine","33","Gironde",44,2401.127,0
"2015-2019",2017,"H2","75","Nouvelle-Aquitaine","33","Gironde",67,4399.902,0
"2015-2019",2018,"H2","75","Nouvelle-Aquitaine","33","Gironde",108,6481.692,0
"2015-2019",2019,"H2","75","Nouvelle-Aquitaine","33","Gironde",168,9444.129,0
"2020-2024",2020,"H2","75","Nouvelle-Aquitaine","33","Gironde",229,14965.637,0
"2020-2024",2021,"H2","75","Nouvelle-Aquitaine","33","Gironde",194,20989.155,0
"2020-2024",2022,"H2","75","Nouvelle-Aquitaine","33","Gironde",96,18190.909,0
"2020-2024",2023,"H2","75","Nouvelle-Aquitaine","33","Gironde",68,10795.738,-2192.6569999999992
"2020-2024",2024,"H2","75","Nouvelle-Aquitaine","33","Gironde",65,5871.087,-3349.0880000000034
"2010-2014",2010,"H3","76","Occitanie","34","Hérault",66,5948.791,0
"2010-2014",2011,"H3","76","Occitanie","34","Hérault",52,5208.993,0
"2010-2014",2012,"H3","76","Occitanie","34","Hérault",25,5313.358,0
"2010-2014",2013,"H3","76","Occitanie","34","Hérault",35,2574.942,-793.3669999999984
"2010-2014",2014,"H3","76","Occitanie","34","Hérault",17,2704.793,0
"2015-2019",2015,"H3","76","Occitanie","34","Hérault",40,3619.004,0
"2015-2019",2016,"H3","76","Occitanie","34","Hérault",47,4448.131,0
"2015-2019",2017,"H3","76","Occitanie","34","Hérault",85,6670.191,0
"2015-2019",2018,"H3","76","Occitanie","34","Hérault",137,7722.237,0
"2015-2019",2019,"H3","76","Occitanie","34","Hérault",139,9479.02,0
"2020-2024",2020,"H3","76","Occitanie","34","Hérault",137,10662.031,0
"2020-2024",2021,"H3","76","Occitanie","34","Hérault",134,10871.093,0
"2020-2024",2022,"H3","76","Occitanie","34","Hérault",113,10992.49,0
"2020-2024",2023,"H3","76","Occitanie","34","Hérault",111,9890.873,0
"2020-2024",2024,"H3","76","Occitanie","34","Hérault",108,8491.937,-225.97299999999814
"2010-2014",2010,"H2","53","Bretagne","35","Ille-et-Vilaine",51,5524.818,0
"2010-2014",2011,"H2","53","Bretagne","35","Ille-et-Vilaine",15,5250.36,0
"2010-2014",2012,"H2","53","Bretagne","35","Ille-et-Vilaine",20,2164.471,0
"2010-2014",2013,"H2","53","Bretagne","35","Ille-et-Vilaine",18,1471.597,0
"2010-2014",2014,"H2","53","Bretagne","35","Ille-et-Vilaine",16,1637.89,0
"2015-2019",2015,"H2","53","Bretagne","35","Ille-et-Vilaine",30,1840.113,0
"2015-2019",2016,"H2","53","Bretagne","35","Ille-et-Vilaine",97,6070.838,0
"2015-2019",2017,"H2","53","Bretagne","35","Ille-et-Vilaine",63,8060.137,0
"2015-2019",2018,"H2","53","Bretagne","35","Ille-et-Vilaine",68,6755.061,0
"2015-2019",2019,"H2","53","Bretagne","35","Ille-et-Vilaine",71,6967.67,0
"2020-2024",2020,"H2","53","Bretagne","35","Ille-et-Vilaine",87,8802.955,0
"2020-2024",2021,"H2","53","Bretagne","35","Ille-et-Vilaine",73,9479.512,0
"2020-2024",2022,"H2","53","Bretagne","35","Ille-et-Vilaine",53,5335.941,0
"2020-2024",2023,"H2","53","Bretagne","35","Ille-et-Vilaine",60,4218.441,-952.0190000000002
"2020-2024",2024,"H2","53","Bretagne","35","Ille-et-Vilaine",64,2734.357,-705.0160000000033
"2010-2014",2010,"H2","24","Centre-Val de Loire","36","Indre",6,2640.328,0
"2010-2014",2011,"H2","24","Centre-Val de Loire","36","Indre",3,2134.42,0
"2010-2014",2012,"H2","24","Centre-Val de Loire","36","Indre",5,1676.62,0
"2010-2014",2013,"H2","24","Centre-Val de Loire","36","Indre",5,1197.417,0
"2010-2014",2014,"H2","24","Centre-Val de Loire","36","Indre",8,1752.677,0
"2015-2019",2015,"H2","24","Centre-Val de Loire","36","Indre",16,3350.577,0
"2015-2019",2016,"H2","24","Centre-Val de Loire","36","Indre",8,3122.08,0
"2015-2019",2017,"H2","24","Centre-Val de Loire","36","Indre",15,3348.65,0
"2015-2019",2018,"H2","24","Centre-Val de Loire","36","Indre",21,4280.119,0
"2015-2019",2019,"H2","24","Centre-Val de Loire","36","Indre",21,5797.53,0
"2020-2024",2020,"H2","24","Centre-Val de Loire","36","Indre",36,5366.476,0
"2020-2024",2021,"H2","24","Centre-Val de Loire","36","Indre",26,5242.665,0
"2020-2024",2022,"H2","24","Centre-Val de Loire","36","Indre",20,4651.239,0
"2020-2024",2023,"H2","24","Centre-Val de Loire","36","Indre",14,3366.929,-1016.7920000000013
"2020-2024",2024,"H2","24","Centre-Val de Loire","36","Indre",13,2551.685,-281.7649999999994
"2010-2014",2010,"H2","24","Centre-Val de Loire","37","Indre-et-Loire",17,3418.565,0
"2010-2014",2011,"H2","24","Centre-Val de Loire","37","Indre-et-Loire",18,3367.104,0
"2010-2014",2012,"H2","24","Centre-Val de Loire","37","Indre-et-Loire",17,2115.889,0
"2010-2014",2013,"H2","24","Centre-Val de Loire","37","Indre-et-Loire",15,1476.893,0
"2010-2014",2014,"H2","24","Centre-Val de Loire","37","Indre-et-Loire",7,1733.48,0
"2015-2019",2015,"H2","24","Centre-Val de Loire","37","Indre-et-Loire",30,2828.85,0
"2015-2019",2016,"H2","24","Centre-Val de Loire","37","Indre-et-Loire",10,2436.959,0
"2015-2019",2017,"H2","24","Centre-Val de Loire","37","Indre-et-Loire",23,2362.714,0
"2015-2019",2018,"H2","24","Centre-Val de Loire","37","Indre-et-Loire",36,4891.047,0
"2015-2019",2019,"H2","24","Centre-Val de Loire","37","Indre-et-Loire",43,5056.197,0
"2020-2024",2020,"H2","24","Centre-Val de Loire","37","Indre-et-Loire",60,3949.229,0
"2020-2024",2021,"H2","24","Centre-Val de Loire","37","Indre-et-Loire",56,4640.835,0
"2020-2024",2022,"H2","24","Centre-Val de Loire","37","Indre-et-Loire",38,4581.591,0
"2020-2024",2023,"H2","24","Centre-Val de Loire","37","Indre-et-Loire",32,3004.546,-296.1680000000015
"2020-2024",2024,"H2","24","Centre-Val de Loire","37","Indre-et-Loire",39,1984.859,-876.4159999999974
"2010-2014",2010,"H1","84","Auvergne-Rhône-Alpes","38","Isère",34,3574.691,0
"2010-2014",2011,"H1","84","Auvergne-Rhône-Alpes","38","Isère",30,3202.432,0
"2010-2014",2012,"H1","84","Auvergne-Rhône-Alpes","38","Isère",17,2128.11,0
"2010-2014",2013,"H1","84","Auvergne-Rhône-Alpes","38","Isère",13,1157.214,0
"2010-2014",2014,"H1","84","Auvergne-Rhône-Alpes","38","Isère",14,947.514,-268.4359999999997
"2015-2019",2015,"H1","84","Auvergne-Rhône-Alpes","38","Isère",36,2395.787,0
"2015-2019",2016,"H1","84","Auvergne-Rhône-Alpes","38","Isère",48,5458.286,0
"2015-2019",2017,"H1","84","Auvergne-Rhône-Alpes","38","Isère",36,5651.465,0
"2015-2019",2018,"H1","84","Auvergne-Rhône-Alpes","38","Isère",55,5634.591,0
"2015-2019",2019,"H1","84","Auvergne-Rhône-Alpes","38","Isère",83,5813.075,0
"2020-2024",2020,"H1","84","Auvergne-Rhône-Alpes","38","Isère",96,6505.299,0
"2020-2024",2021,"H1","84","Auvergne-Rhône-Alpes","38","Isère",92,6145.705,0
"2020-2024",2022,"H1","84","Auvergne-Rhône-Alpes","38","Isère",75,3827.035,0
"2020-2024",2023,"H1","84","Auvergne-Rhône-Alpes","38","Isère",69,2459.965,-602.4239999999991
"2020-2024",2024,"H1","84","Auvergne-Rhône-Alpes","38","Isère",65,2019.505,-288.6150000000016
"2010-2014",2010,"H1","27","Bourgogne-Franche-Comté","39","Jura",19,2044.286,0
"2010-2014",2011,"H1","27","Bourgogne-Franche-Comté","39","Jura",11,1560.748,0
"2010-2014",2012,"H1","27","Bourgogne-Franche-Comté","39","Jura",16,1203.289,-44.18499999999949
"2010-2014",2013,"H1","27","Bourgogne-Franche-Comté","39","Jura",9,657.43,0
"2010-2014",2014,"H1","27","Bourgogne-Franche-Comté","39","Jura",5,1187.838,0
"2015-2019",2015,"H1","27","Bourgogne-Franche-Comté","39","Jura",20,3013.424,0
"2015-2019",2016,"H1","27","Bourgogne-Franche-Comté","39","Jura",22,4387.617,0
"2015-2019",2017,"H1","27","Bourgogne-Franche-Comté","39","Jura",35,5594.14,0
"2015-2019",2018,"H1","27","Bourgogne-Franche-Comté","39","Jura",34,5225.632,0
"2015-2019",2019,"H1","27","Bourgogne-Franche-Comté","39","Jura",31,3391.42,0
"2020-2024",2020,"H1","27","Bourgogne-Franche-Comté","39","Jura",36,2638.697,0
"2020-2024",2021,"H1","27","Bourgogne-Franche-Comté","39","Jura",41,3745.843,0
"2020-2024",2022,"H1","27","Bourgogne-Franche-Comté","39","Jura",36,3452.276,0
"2020-2024",2023,"H1","27","Bourgogne-Franche-Comté","39","Jura",44,2190.928,0
"2020-2024",2024,"H1","27","Bourgogne-Franche-Comté","39","Jura",36,2043.729,-260.34100000000035
"2010-2014",2010,"H2","75","Nouvelle-Aquitaine","40","Landes",12,768.189,0
"2010-2014",2011,"H2","75","Nouvelle-Aquitaine","40","Landes",9,795.038,0
"2010-2014",2012,"H2","75","Nouvelle-Aquitaine","40","Landes",4,567.752,0
"2010-2014",2013,"H2","75","Nouvelle-Aquitaine","40","Landes",7,266.56,-110.70000000000073
"2010-2014",2014,"H2","75","Nouvelle-Aquitaine","40","Landes",5,445.96,0
"2015-2019",2015,"H2","75","Nouvelle-Aquitaine","40","Landes",9,776.9,0
"2015-2019",2016,"H2","75","Nouvelle-Aquitaine","40","Landes",18,1138.59,0
"2015-2019",2017,"H2","75","Nouvelle-Aquitaine","40","Landes",29,1807.534,0
"2015-2019",2018,"H2","75","Nouvelle-Aquitaine","40","Landes",36,3842.958,0
"2015-2019",2019,"H2","75","Nouvelle-Aquitaine","40","Landes",45,4644.398,0
"2020-2024",2020,"H2","75","Nouvelle-Aquitaine","40","Landes",31,3070.756,0
"2020-2024",2021,"H2","75","Nouvelle-Aquitaine","40","Landes",29,1961.632,0
"2020-2024",2022,"H2","75","Nouvelle-Aquitaine","40","Landes",23,1093.91,-749.8680000000004
"2020-2024",2023,"H2","75","Nouvelle-Aquitaine","40","Landes",25,572.421,-2296.7800000000007
"2020-2024",2024,"H2","75","Nouvelle-Aquitaine","40","Landes",45,920.599,-699.9809999999998
"2010-2014",2010,"H2","24","Centre-Val de Loire","41","Loir-et-Cher",13,1462.205,0
"2010-2014",2011,"H2","24","Centre-Val de Loire","41","Loir-et-Cher",3,976.459,0
"2010-2014",2012,"H2","24","Centre-Val de Loire","41","Loir-et-Cher",1,699.594,0
"2010-2014",2013,"H2","24","Centre-Val de Loire","41","Loir-et-Cher",10,231.066,-298.5719999999992
"2010-2014",2014,"H2","24","Centre-Val de Loire","41","Loir-et-Cher",3,453.436,0
"2015-2019",2015,"H2","24","Centre-Val de Loire","41","Loir-et-Cher",7,1349.519,0
"2015-2019",2016,"H2","24","Centre-Val de Loire","41","Loir-et-Cher",9,1233.666,-306.0150000000003
"2015-2019",2017,"H2","24","Centre-Val de Loire","41","Loir-et-Cher",16,1265.35,0
"2015-2019",2018,"H2","24","Centre-Val de Loire","41","Loir-et-Cher",18,1541.177,0
"2015-2019",2019,"H2","24","Centre-Val de Loire","41","Loir-et-Cher",28,2662.129,0
"2020-2024",2020,"H2","24","Centre-Val de Loire","41","Loir-et-Cher",24,3297.514,0
"2020-2024",2021,"H2","24","Centre-Val de Loire","41","Loir-et-Cher",32,3296.404,0
"2020-2024",2022,"H2","24","Centre-Val de Loire","41","Loir-et-Cher",27,2736.423,0
"2020-2024",2023,"H2","24","Centre-Val de Loire","41","Loir-et-Cher",12,1822.643,-405.4200000000001
"2020-2024",2024,"H2","24","Centre-Val de Loire","41","Loir-et-Cher",16,1676.15,0
"2010-2014",2010,"H1","84","Auvergne-Rhône-Alpes","42","Loire",32,2908.18,0
"2010-2014",2011,"H1","84","Auvergne-Rhône-Alpes","42","Loire",19,3156.655,0
"2010-2014",2012,"H1","84","Auvergne-Rhône-Alpes","42","Loire",11,1068.624,0
"2010-2014",2013,"H1","84","Auvergne-Rhône-Alpes","42","Loire",15,742.773,0
"2010-2014",2014,"H1","84","Auvergne-Rhône-Alpes","42","Loire",15,995.019,0
"2015-2019",2015,"H1","84","Auvergne-Rhône-Alpes","42","Loire",19,1753.525,0
"2015-2019",2016,"H1","84","Auvergne-Rhône-Alpes","42","Loire",50,5615.24,0
"2015-2019",2017,"H1","84","Auvergne-Rhône-Alpes","42","Loire",54,7972.688,0
"2015-2019",2018,"H1","84","Auvergne-Rhône-Alpes","42","Loire",45,7208.274,0
"2015-2019",2019,"H1","84","Auvergne-Rhône-Alpes","42","Loire",38,4204.443,0
"2020-2024",2020,"H1","84","Auvergne-Rhône-Alpes","42","Loire",43,3327.221,0
"2020-2024",2021,"H1","84","Auvergne-Rhône-Alpes","42","Loire",44,3544.851,0
"2020-2024",2022,"H1","84","Auvergne-Rhône-Alpes","42","Loire",31,2080.155,0
"2020-2024",2023,"H1","84","Auvergne-Rhône-Alpes","42","Loire",38,2215.018,0
"2020-2024",2024,"H1","84","Auvergne-Rhône-Alpes","42","Loire",37,1849.333,-1210.3230000000003
"2010-2014",2010,"H1","84","Auvergne-Rhône-Alpes","43","Haute-Loire",38,5113.929,0
"2010-2014",2011,"H1","84","Auvergne-Rhône-Alpes","43","Haute-Loire",19,4629.04,0
"2010-2014",2012,"H1","84","Auvergne-Rhône-Alpes","43","Haute-Loire",10,2179.879,0
"2010-2014",2013,"H1","84","Auvergne-Rhône-Alpes","43","Haute-Loire",11,1362.804,0
"2010-2014",2014,"H1","84","Auvergne-Rhône-Alpes","43","Haute-Loire",12,1508.067,0
"2015-2019",2015,"H1","84","Auvergne-Rhône-Alpes","43","Haute-Loire",26,2070.998,0
"2015-2019",2016,"H1","84","Auvergne-Rhône-Alpes","43","Haute-Loire",68,8974.256,0
"2015-2019",2017,"H1","84","Auvergne-Rhône-Alpes","43","Haute-Loire",26,10465.098,0
"2015-2019",2018,"H1","84","Auvergne-Rhône-Alpes","43","Haute-Loire",26,6482.157,0
"2015-2019",2019,"H1","84","Auvergne-Rhône-Alpes","43","Haute-Loire",37,4199.018,0
"2020-2024",2020,"H1","84","Auvergne-Rhône-Alpes","43","Haute-Loire",36,3124.387,0
"2020-2024",2021,"H1","84","Auvergne-Rhône-Alpes","43","Haute-Loire",40,3348.852,0
"2020-2024",2022,"H1","84","Auvergne-Rhône-Alpes","43","Haute-Loire",50,2863.356,0
"2020-2024",2023,"H1","84","Auvergne-Rhône-Alpes","43","Haute-Loire",32,1915.846,-246.4429999999993
"2020-2024",2024,"H1","84","Auvergne-Rhône-Alpes","43","Haute-Loire",40,1996.867,0
"2010-2014",2010,"H2","52","Pays de la Loire","44","Loire-Atlantique",61,8017.82,0
"2010-2014",2011,"H2","52","Pays de la Loire","44","Loire-Atlantique",30,9007.671,0
"2010-2014",2012,"H2","52","Pays de la Loire","44","Loire-Atlantique",20,5088.32,0
"2010-2014",2013,"H2","52","Pays de la Loire","44","Loire-Atlantique",23,3661.1,0
"2010-2014",2014,"H2","52","Pays de la Loire","44","Loire-Atlantique",21,3692.999,0
"2015-2019",2015,"H2","52","Pays de la Loire","44","Loire-Atlantique",39,6561.803,0
"2015-2019",2016,"H2","52","Pays de la Loire","44","Loire-Atlantique",77,12839.175,0
"2015-2019",2017,"H2","52","Pays de la Loire","44","Loire-Atlantique",76,16375.973,0
"2015-2019",2018,"H2","52","Pays de la Loire","44","Loire-Atlantique",74,15357.081,0
"2015-2019",2019,"H2","52","Pays de la Loire","44","Loire-Atlantique",103,16821.938,0
"2020-2024",2020,"H2","52","Pays de la Loire","44","Loire-Atlantique",94,15492.004,0
"2020-2024",2021,"H2","52","Pays de la Loire","44","Loire-Atlantique",97,11966.312,0
"2020-2024",2022,"H2","52","Pays de la Loire","44","Loire-Atlantique",67,9051.874,0
"2020-2024",2023,"H2","52","Pays de la Loire","44","Loire-Atlantique",81,8527.144,0
"2020-2024",2024,"H2","52","Pays de la Loire","44","Loire-Atlantique",215,6647.918,-1560.8949999999895
"2010-2014",2010,"H1","24","Centre-Val de Loire","45","Loiret",15,1156.707,0
"2010-2014",2011,"H1","24","Centre-Val de Loire","45","Loiret",2,987.205,0
"2010-2014",2012,"H1","24","Centre-Val de Loire","45","Loiret",2,964.48,0
"2010-2014",2013,"H1","24","Centre-Val de Loire","45","Loiret",4,610.409,0
"2010-2014",2014,"H1","24","Centre-Val de Loire","45","Loiret",6,543.6,0
"2015-2019",2015,"H1","24","Centre-Val de Loire","45","Loiret",6,933.57,0
"2015-2019",2016,"H1","24","Centre-Val de Loire","45","Loiret",6,1282.834,0
"2015-2019",2017,"H1","24","Centre-Val de Loire","45","Loiret",12,1324.794,0
"2015-2019",2018,"H1","24","Centre-Val de Loire","45","Loiret",18,2660.847,0
"2015-2019",2019,"H1","24","Centre-Val de Loire","45","Loiret",19,3953.739,0
"2020-2024",2020,"H1","24","Centre-Val de Loire","45","Loiret",24,4211.453,0
"2020-2024",2021,"H1","24","Centre-Val de Loire","45","Loiret",21,3451.555,0
"2020-2024",2022,"H1","24","Centre-Val de Loire","45","Loiret",20,1658.714,0
"2020-2024",2023,"H1","24","Centre-Val de Loire","45","Loiret",12,1099.254,-210.40099999999984
"2020-2024",2024,"H1","24","Centre-Val de Loire","45","Loiret",16,833.846,-289.64100000000144
"2010-2014",2010,"H2","76","Occitanie","46","Lot",30,2459.319,0
"2010-2014",2011,"H2","76","Occitanie","46","Lot",11,1786.56,0
"2010-2014",2012,"H2","76","Occitanie","46","Lot",6,1204.07,0
"2010-2014",2013,"H2","76","Occitanie","46","Lot",13,1241.027,0
"2010-2014",2014,"H2","76","Occitanie","46","Lot",11,1761.436,0
"2015-2019",2015,"H2","76","Occitanie","46","Lot",28,4076.208,0
"2015-2019",2016,"H2","76","Occitanie","46","Lot",31,6669.846,0
"2015-2019",2017,"H2","76","Occitanie","46","Lot",36,6024.126,0
"2015-2019",2018,"H2","76","Occitanie","46","Lot",45,4298.521,0
"2015-2019",2019,"H2","76","Occitanie","46","Lot",77,4258.387,0
"2020-2024",2020,"H2","76","Occitanie","46","Lot",72,6049.824,0
"2020-2024",2021,"H2","76","Occitanie","46","Lot",80,6673.312,0
"2020-2024",2022,"H2","76","Occitanie","46","Lot",51,6041.356,0
"2020-2024",2023,"H2","76","Occitanie","46","Lot",73,5469.372,0
"2020-2024",2024,"H2","76","Occitanie","46","Lot",78,6450.831,0
"2010-2014",2010,"H2","75","Nouvelle-Aquitaine","47","Lot-et-Garonne",42,1499.082,0
"2010-2014",2011,"H2","75","Nouvelle-Aquitaine","47","Lot-et-Garonne",14,2012.597,0
"2010-2014",2012,"H2","75","Nouvelle-Aquitaine","47","Lot-et-Garonne",19,2182.07,0
"2010-2014",2013,"H2","75","Nouvelle-Aquitaine","47","Lot-et-Garonne",14,1558.664,0
"2010-2014",2014,"H2","75","Nouvelle-Aquitaine","47","Lot-et-Garonne",17,2198.53,0
"2015-2019",2015,"H2","75","Nouvelle-Aquitaine","47","Lot-et-Garonne",31,4678.484,0
"2015-2019",2016,"H2","75","Nouvelle-Aquitaine","47","Lot-et-Garonne",40,7415.18,0
"2015-2019",2017,"H2","75","Nouvelle-Aquitaine","47","Lot-et-Garonne",48,7716.046,0
"2015-2019",2018,"H2","75","Nouvelle-Aquitaine","47","Lot-et-Garonne",92,7516.022,0
"2015-2019",2019,"H2","75","Nouvelle-Aquitaine","47","Lot-et-Garonne",67,8636.836,0
"2020-2024",2020,"H2","75","Nouvelle-Aquitaine","47","Lot-et-Garonne",99,9052.558,0
"2020-2024",2021,"H2","75","Nouvelle-Aquitaine","47","Lot-et-Garonne",94,8619.991,0
"2020-2024",2022,"H2","75","Nouvelle-Aquitaine","47","Lot-et-Garonne",65,7238.651,0
"2020-2024",2023,"H2","75","Nouvelle-Aquitaine","47","Lot-et-Garonne",79,4661.512,-2274.233
"2020-2024",2024,"H2","75","Nouvelle-Aquitaine","47","Lot-et-Garonne",63,3789.752,-1984.1990000000005
"2010-2014",2010,"H2","76","Occitanie","48","Lozère",15,4959.982,0
"2010-2014",2011,"H2","76","Occitanie","48","Lozère",15,2783.113,0
"2010-2014",2012,"H2","76","Occitanie","48","Lozère",0,1032.34,0
"2010-2014",2013,"H2","76","Occitanie","48","Lozère",10,766.713,0
"2010-2014",2014,"H2","76","Occitanie","48","Lozère",13,1141.457,-833.6510000000017
"2015-2019",2015,"H2","76","Occitanie","48","Lozère",29,7524.3,0
"2015-2019",2016,"H2","76","Occitanie","48","Lozère",53,18922.639,0
"2015-2019",2017,"H2","76","Occitanie","48","Lozère",40,18649.756,0
"2015-2019",2018,"H2","76","Occitanie","48","Lozère",18,8639.392,0
"2015-2019",2019,"H2","76","Occitanie","48","Lozère",20,5315.272,0
"2020-2024",2020,"H2","76","Occitanie","48","Lozère",34,5538.169,0
"2020-2024",2021,"H2","76","Occitanie","48","Lozère",38,5784.732,0
"2020-2024",2022,"H2","76","Occitanie","48","Lozère",43,5008.54,0
"2020-2024",2023,"H2","76","Occitanie","48","Lozère",37,4020.157,-3792.5480000000025
"2020-2024",2024,"H2","76","Occitanie","48","Lozère",36,4157.675,-1303.8699999999953
"2010-2014",2010,"H2","52","Pays de la Loire","49","Maine-et-Loire",53,5424.604,0
"2010-2014",2011,"H2","52","Pays de la Loire","49","Maine-et-Loire",41,5764.155,0
"2010-2014",2012,"H2","52","Pays de la Loire","49","Maine-et-Loire",22,4209.281,0
"2010-2014",2013,"H2","52","Pays de la Loire","49","Maine-et-Loire",22,3207.455,-286.60499999999956
"2010-2014",2014,"H2","52","Pays de la Loire","49","Maine-et-Loire",21,3485.217,0
"2015-2019",2015,"H2","52","Pays de la Loire","49","Maine-et-Loire",37,5385.163,0
"2015-2019",2016,"H2","52","Pays de la Loire","49","Maine-et-Loire",90,10534.668,0
"2015-2019",2017,"H2","52","Pays de la Loire","49","Maine-et-Loire",62,10751.432,0
"2015-2019",2018,"H2","52","Pays de la Loire","49","Maine-et-Loire",99,9774.8,0
"2015-2019",2019,"H2","52","Pays de la Loire","49","Maine-et-Loire",96,11311.526,0
"2020-2024",2020,"H2","52","Pays de la Loire","49","Maine-et-Loire",96,11765.271,0
"2020-2024",2021,"H2","52","Pays de la Loire","49","Maine-et-Loire",101,11174.389,0
"2020-2024",2022,"H2","52","Pays de la Loire","49","Maine-et-Loire",76,8099.296,0
"2020-2024",2023,"H2","52","Pays de la Loire","49","Maine-et-Loire",64,5769.82,0
"2020-2024",2024,"H2","52","Pays de la Loire","49","Maine-et-Loire",54,3794.32,-996.3610000000044
"2010-2014",2010,"H2","28","Normandie","50","Manche",31,2608.072,0
"2010-2014",2011,"H2","28","Normandie","50","Manche",23,3974.869,0
"2010-2014",2012,"H2","28","Normandie","50","Manche",15,2921.861,0
"2010-2014",2013,"H2","28","Normandie","50","Manche",20,1828.557,0
"2010-2014",2014,"H2","28","Normandie","50","Manche",15,1903.062,0
"2015-2019",2015,"H2","28","Normandie","50","Manche",25,2532.397,0
"2015-2019",2016,"H2","28","Normandie","50","Manche",46,6532.071,0
"2015-2019",2017,"H2","28","Normandie","50","Manche",50,7802.03,0
"2015-2019",2018,"H2","28","Normandie","50","Manche",47,6652.733,0
"2015-2019",2019,"H2","28","Normandie","50","Manche",43,6848.971,0
"2020-2024",2020,"H2","28","Normandie","50","Manche",46,6796.964,0
"2020-2024",2021,"H2","28","Normandie","50","Manche",55,7806.981,0
"2020-2024",2022,"H2","28","Normandie","50","Manche",26,5240.607,0
"2020-2024",2023,"H2","28","Normandie","50","Manche",37,2447.469,-1244.3570000000036
"2020-2024",2024,"H2","28","Normandie","50","Manche",41,2393.522,-736.8529999999955
"2010-2014",2010,"H1","44","Grand Est","51","Marne",11,1577.594,0
"2010-2014",2011,"H1","44","Grand Est","51","Marne",19,1573.103,0
"2010-2014",2012,"H1","44","Grand Est","51","Marne",13,1109.197,0
"2010-2014",2013,"H1","44","Grand Est","51","Marne",11,920.749,0
"2010-2014",2014,"H1","44","Grand Est","51","Marne",14,1469.896,0
"2015-2019",2015,"H1","44","Grand Est","51","Marne",12,2193.487,0
"2015-2019",2016,"H1","44","Grand Est","51","Marne",24,2534.332,0
"2015-2019",2017,"H1","44","Grand Est","51","Marne",37,2330.112,0
"2015-2019",2018,"H1","44","Grand Est","51","Marne",42,3259.253,0
"2015-2019",2019,"H1","44","Grand Est","51","Marne",59,4536.481,0
"2020-2024",2020,"H1","44","Grand Est","51","Marne",128,5736.689,0
"2020-2024",2021,"H1","44","Grand Est","51","Marne",105,5212.233,0
"2020-2024",2022,"H1","44","Grand Est","51","Marne",48,3942.857,0
"2020-2024",2023,"H1","44","Grand Est","51","Marne",33,2456.26,-1763.706000000002
"2020-2024",2024,"H1","44","Grand Est","51","Marne",43,1816.472,-248.24399999999878
"2010-2014",2010,"H1","44","Grand Est","52","Haute-Marne",6,2757.85,0
"2010-2014",2011,"H1","44","Grand Est","52","Haute-Marne",1,2346.035,0
"2010-2014",2012,"H1","44","Grand Est","52","Haute-Marne",5,612.06,0
"2010-2014",2013,"H1","44","Grand Est","52","Haute-Marne",3,444.72,-265.03999999999996
"2010-2014",2014,"H1","44","Grand Est","52","Haute-Marne",6,444.961,0
"2015-2019",2015,"H1","44","Grand Est","52","Haute-Marne",18,2088.555,0
"2015-2019",2016,"H1","44","Grand Est","52","Haute-Marne",12,3453.325,0
"2015-2019",2017,"H1","44","Grand Est","52","Haute-Marne",9,2974.565,0
"2015-2019",2018,"H1","44","Grand Est","52","Haute-Marne",26,8488.922,0
"2015-2019",2019,"H1","44","Grand Est","52","Haute-Marne",19,10896.369,0
"2020-2024",2020,"H1","44","Grand Est","52","Haute-Marne",39,9770.362,0
"2020-2024",2021,"H1","44","Grand Est","52","Haute-Marne",40,8775.661,0
"2020-2024",2022,"H1","44","Grand Est","52","Haute-Marne",11,4904.52,0
"2020-2024",2023,"H1","44","Grand Est","52","Haute-Marne",18,2136.658,0
"2020-2024",2024,"H1","44","Grand Est","52","Haute-Marne",11,1952.09,-677.762999999999
"2010-2014",2010,"H2","52","Pays de la Loire","53","Mayenne",20,3049.594,0
"2010-2014",2011,"H2","52","Pays de la Loire","53","Mayenne",13,2988.961,0
"2010-2014",2012,"H2","52","Pays de la Loire","53","Mayenne",19,1826.237,0
"2010-2014",2013,"H2","52","Pays de la Loire","53","Mayenne",7,968.34,0
"2010-2014",2014,"H2","52","Pays de la Loire","53","Mayenne",12,1049.06,0
"2015-2019",2015,"H2","52","Pays de la Loire","53","Mayenne",15,1458.699,0
"2015-2019",2016,"H2","52","Pays de la Loire","53","Mayenne",45,4215.992,0
"2015-2019",2017,"H2","52","Pays de la Loire","53","Mayenne",43,5689.342,0
"2015-2019",2018,"H2","52","Pays de la Loire","53","Mayenne",44,6023.712,0
"2015-2019",2019,"H2","52","Pays de la Loire","53","Mayenne",41,7540.401,0
"2020-2024",2020,"H2","52","Pays de la Loire","53","Mayenne",55,7333.576,0
"2020-2024",2021,"H2","52","Pays de la Loire","53","Mayenne",52,6351.977,0
"2020-2024",2022,"H2","52","Pays de la Loire","53","Mayenne",34,3852.985,0
"2020-2024",2023,"H2","52","Pays de la Loire","53","Mayenne",33,2692.981,-1006.885000000002
"2020-2024",2024,"H2","52","Pays de la Loire","53","Mayenne",21,2068.447,0
"2010-2014",2010,"H1","44","Grand Est","54","Meurthe-et-Moselle",10,1195.377,0
"2010-2014",2011,"H1","44","Grand Est","54","Meurthe-et-Moselle",12,1661.344,0
"2010-2014",2012,"H1","44","Grand Est","54","Meurthe-et-Moselle",6,899.542,0
"2010-2014",2013,"H1","44","Grand Est","54","Meurthe-et-Moselle",12,1255.744,0
"2010-2014",2014,"H1","44","Grand Est","54","Meurthe-et-Moselle",9,1350.33,0
"2015-2019",2015,"H1","44","Grand Est","54","Meurthe-et-Moselle",24,4837.68,0
"2015-2019",2016,"H1","44","Grand Est","54","Meurthe-et-Moselle",21,7540.43,0
"2015-2019",2017,"H1","44","Grand Est","54","Meurthe-et-Moselle",16,5399.35,0
"2015-2019",2018,"H1","44","Grand Est","54","Meurthe-et-Moselle",19,4532.276,0
"2015-2019",2019,"H1","44","Grand Est","54","Meurthe-et-Moselle",26,8804.712,0
"2020-2024",2020,"H1","44","Grand Est","54","Meurthe-et-Moselle",41,11011.703,0
"2020-2024",2021,"H1","44","Grand Est","54","Meurthe-et-Moselle",25,7663.55,0
"2020-2024",2022,"H1","44","Grand Est","54","Meurthe-et-Moselle",16,3564.101,0
"2020-2024",2023,"H1","44","Grand Est","54","Meurthe-et-Moselle",13,2025.437,-1591.0010000000002
"2020-2024",2024,"H1","44","Grand Est","54","Meurthe-et-Moselle",19,1118.886,-2276.751
"2010-2014",2010,"H1","44","Grand Est","55","Meuse",8,1746.149,0
"2010-2014",2011,"H1","44","Grand Est","55","Meuse",4,1944.959,0
"2010-2014",2012,"H1","44","Grand Est","55","Meuse",4,1237.1,0
"2010-2014",2013,"H1","44","Grand Est","55","Meuse",5,1050.06,0
"2010-2014",2014,"H1","44","Grand Est","55","Meuse",4,977.269,0
"2015-2019",2015,"H1","44","Grand Est","55","Meuse",5,1996.91,0
"2015-2019",2016,"H1","44","Grand Est","55","Meuse",19,2930.36,0
"2015-2019",2017,"H1","44","Grand Est","55","Meuse",20,3058.51,0
"2015-2019",2018,"H1","44","Grand Est","55","Meuse",13,2415.16,0
"2015-2019",2019,"H1","44","Grand Est","55","Meuse",29,5665.507,0
"2020-2024",2020,"H1","44","Grand Est","55","Meuse",22,7238.691,0
"2020-2024",2021,"H1","44","Grand Est","55","Meuse",32,6365.065,0
"2020-2024",2022,"H1","44","Grand Est","55","Meuse",16,4130.138,0
"2020-2024",2023,"H1","44","Grand Est","55","Meuse",20,1325.626,-1498.2700000000004
"2020-2024",2024,"H1","44","Grand Est","55","Meuse",20,2338.947,0
"2010-2014",2010,"H2","53","Bretagne","56","Morbihan",31,4682.827,0
"2010-2014",2011,"H2","53","Bretagne","56","Morbihan",26,3493.738,0
"2010-2014",2012,"H2","53","Bretagne","56","Morbihan",19,1599.248,0
"2010-2014",2013,"H2","53","Bretagne","56","Morbihan",22,1595.822,0
"2010-2014",2014,"H2","53","Bretagne","56","Morbihan",18,1695.639,0
"2015-2019",2015,"H2","53","Bretagne","56","Morbihan",28,2055.464,0
"2015-2019",2016,"H2","53","Bretagne","56","Morbihan",65,5149.87,0
"2015-2019",2017,"H2","53","Bretagne","56","Morbihan",67,6603.764,0
"2015-2019",2018,"H2","53","Bretagne","56","Morbihan",62,5754.765,0
"2015-2019",2019,"H2","53","Bretagne","56","Morbihan",63,6361.823,0
"2020-2024",2020,"H2","53","Bretagne","56","Morbihan",68,5897.171,0
"2020-2024",2021,"H2","53","Bretagne","56","Morbihan",70,4708.654,0
"2020-2024",2022,"H2","53","Bretagne","56","Morbihan",75,3079.101,0
"2020-2024",2023,"H2","53","Bretagne","56","Morbihan",65,2757.47,0
"2020-2024",2024,"H2","53","Bretagne","56","Morbihan",60,2318.335,0
"2010-2014",2010,"H1","44","Grand Est","57","Moselle",20,4623.318,0
"2010-2014",2011,"H1","44","Grand Est","57","Moselle",9,4501.297,0
"2010-2014",2012,"H1","44","Grand Est","57","Moselle",5,1791.64,0
"2010-2014",2013,"H1","44","Grand Est","57","Moselle",3,900.568,-485.10399999999936
"2010-2014",2014,"H1","44","Grand Est","57","Moselle",5,1057.03,0
"2015-2019",2015,"H1","44","Grand Est","57","Moselle",17,2098.81,0
"2015-2019",2016,"H1","44","Grand Est","57","Moselle",33,7569.933,0
"2015-2019",2017,"H1","44","Grand Est","57","Moselle",16,8589.86,0
"2015-2019",2018,"H1","44","Grand Est","57","Moselle",19,5648.288,0
"2015-2019",2019,"H1","44","Grand Est","57","Moselle",17,4913.362,0
"2020-2024",2020,"H1","44","Grand Est","57","Moselle",38,7771.826,0
"2020-2024",2021,"H1","44","Grand Est","57","Moselle",34,7027.834,0
"2020-2024",2022,"H1","44","Grand Est","57","Moselle",18,3426.132,0
"2020-2024",2023,"H1","44","Grand Est","57","Moselle",21,1865.399,0
"2020-2024",2024,"H1","44","Grand Est","57","Moselle",17,1949.307,-2856.4480000000003
"2010-2014",2010,"H1","27","Bourgogne-Franche-Comté","58","Nièvre",14,3028.08,0
"2010-2014",2011,"H1","27","Bourgogne-Franche-Comté","58","Nièvre",4,2413.629,0
"2010-2014",2012,"H1","27","Bourgogne-Franche-Comté","58","Nièvre",6,1209.239,0
"2010-2014",2013,"H1","27","Bourgogne-Franche-Comté","58","Nièvre",3,1120.407,-1090.8860000000004
"2010-2014",2014,"H1","27","Bourgogne-Franche-Comté","58","Nièvre",6,842.58,0
"2015-2019",2015,"H1","27","Bourgogne-Franche-Comté","58","Nièvre",13,2497.061,0
"2015-2019",2016,"H1","27","Bourgogne-Franche-Comté","58","Nièvre",21,4655.79,0
"2015-2019",2017,"H1","27","Bourgogne-Franche-Comté","58","Nièvre",21,4934.24,0
"2015-2019",2018,"H1","27","Bourgogne-Franche-Comté","58","Nièvre",17,5669.842,0
"2015-2019",2019,"H1","27","Bourgogne-Franche-Comté","58","Nièvre",28,6663.479,0
"2020-2024",2020,"H1","27","Bourgogne-Franche-Comté","58","Nièvre",39,6928.587,0
"2020-2024",2021,"H1","27","Bourgogne-Franche-Comté","58","Nièvre",34,7897.099,0
"2020-2024",2022,"H1","27","Bourgogne-Franche-Comté","58","Nièvre",22,5329.709,0
"2020-2024",2023,"H1","27","Bourgogne-Franche-Comté","58","Nièvre",19,2351.972,-1301.0249999999978
"2020-2024",2024,"H1","27","Bourgogne-Franche-Comté","58","Nièvre",16,2410.721,0
"2010-2014",2010,"H1","32","Hauts-de-France","59","Nord",19,586.126,0
"2010-2014",2011,"H1","32","Hauts-de-France","59","Nord",14,1106.876,0
"2010-2014",2012,"H1","32","Hauts-de-France","59","Nord",10,729.37,0
"2010-2014",2013,"H1","32","Hauts-de-France","59","Nord",9,174.99,0
"2010-2014",2014,"H1","32","Hauts-de-France","59","Nord",13,452.065,0
"2015-2019",2015,"H1","32","Hauts-de-France","59","Nord",24,1171.34,0
"2015-2019",2016,"H1","32","Hauts-de-France","59","Nord",35,3091.15,0
"2015-2019",2017,"H1","32","Hauts-de-France","59","Nord",28,3636.98,0
"2015-2019",2018,"H1","32","Hauts-de-France","59","Nord",34,2409.67,0
"2015-2019",2019,"H1","32","Hauts-de-France","59","Nord",39,2345.95,0
"2020-2024",2020,"H1","32","Hauts-de-France","59","Nord",43,2168.713,0
"2020-2024",2021,"H1","32","Hauts-de-France","59","Nord",33,2313.693,0
"2020-2024",2022,"H1","32","Hauts-de-France","59","Nord",22,1683.286,0
"2020-2024",2023,"H1","32","Hauts-de-France","59","Nord",16,819.124,-857.7129999999997
"2020-2024",2024,"H1","32","Hauts-de-France","59","Nord",19,480.321,-522.0419999999995
"2010-2014",2010,"H1","32","Hauts-de-France","60","Oise",10,871.904,0
"2010-2014",2011,"H1","32","Hauts-de-France","60","Oise",4,1478.4,0
"2010-2014",2012,"H1","32","Hauts-de-France","60","Oise",5,1142.51,0
"2010-2014",2013,"H1","32","Hauts-de-France","60","Oise",2,722.47,0
"2010-2014",2014,"H1","32","Hauts-de-France","60","Oise",2,591.86,0
"2015-2019",2015,"H1","32","Hauts-de-France","60","Oise",4,579.04,0
"2015-2019",2016,"H1","32","Hauts-de-France","60","Oise",12,2069.85,0
"2015-2019",2017,"H1","32","Hauts-de-France","60","Oise",7,2478.531,0
"2015-2019",2018,"H1","32","Hauts-de-France","60","Oise",25,3210.272,0
"2015-2019",2019,"H1","32","Hauts-de-France","60","Oise",24,4954.443,0
"2020-2024",2020,"H1","32","Hauts-de-France","60","Oise",27,4452.186,0
"2020-2024",2021,"H1","32","Hauts-de-France","60","Oise",17,3047.301,0
"2020-2024",2022,"H1","32","Hauts-de-France","60","Oise",10,1857.014,-43.943999999999505
"2020-2024",2023,"H1","32","Hauts-de-France","60","Oise",5,992.94,-809.9070000000011
"2020-2024",2024,"H1","32","Hauts-de-France","60","Oise",7,704.491,-344.0079999999998
"2010-2014",2010,"H1","28","Normandie","61","Orne",27,4125.72,0
"2010-2014",2011,"H1","28","Normandie","61","Orne",18,4527.134,0
"2010-2014",2012,"H1","28","Normandie","61","Orne",10,2985.638,0
"2010-2014",2013,"H1","28","Normandie","61","Orne",11,2083.775,0
"2010-2014",2014,"H1","28","Normandie","61","Orne",6,2048.937,0
"2015-2019",2015,"H1","28","Normandie","61","Orne",20,3290.392,0
"2015-2019",2016,"H1","28","Normandie","61","Orne",34,4379.746,0
"2015-2019",2017,"H1","28","Normandie","61","Orne",36,4802.908,0
"2015-2019",2018,"H1","28","Normandie","61","Orne",24,4813.758,0
"2015-2019",2019,"H1","28","Normandie","61","Orne",36,5024.319,0
"2020-2024",2020,"H1","28","Normandie","61","Orne",29,5250.038,0
"2020-2024",2021,"H1","28","Normandie","61","Orne",41,5887.475,0
"2020-2024",2022,"H1","28","Normandie","61","Orne",35,3830.554,0
"2020-2024",2023,"H1","28","Normandie","61","Orne",22,2365.283,-950.5330000000031
"2020-2024",2024,"H1","28","Normandie","61","Orne",30,2281.657,0
"2010-2014",2010,"H1","32","Hauts-de-France","62","Pas-de-Calais",11,1093.204,0
"2010-2014",2011,"H1","32","Hauts-de-France","62","Pas-de-Calais",5,1030.527,0
"2010-2014",2012,"H1","32","Hauts-de-France","62","Pas-de-Calais",8,575.252,0
"2010-2014",2013,"H1","32","Hauts-de-France","62","Pas-de-Calais",5,211.67,-407.9789999999998
"2010-2014",2014,"H1","32","Hauts-de-France","62","Pas-de-Calais",3,218.42,-167.39800000000014
"2015-2019",2015,"H1","32","Hauts-de-France","62","Pas-de-Calais",9,211.119,-20.15099999999984
"2015-2019",2016,"H1","32","Hauts-de-France","62","Pas-de-Calais",15,730.319,0
"2015-2019",2017,"H1","32","Hauts-de-France","62","Pas-de-Calais",29,1447.866,0
"2015-2019",2018,"H1","32","Hauts-de-France","62","Pas-de-Calais",21,1713.805,0
"2015-2019",2019,"H1","32","Hauts-de-France","62","Pas-de-Calais",32,2078.62,0
"2020-2024",2020,"H1","32","Hauts-de-France","62","Pas-de-Calais",22,2644.819,0
"2020-2024",2021,"H1","32","Hauts-de-France","62","Pas-de-Calais",31,2809.923,0
"2020-2024",2022,"H1","32","Hauts-de-France","62","Pas-de-Calais",12,1780.076,0
"2020-2024",2023,"H1","32","Hauts-de-France","62","Pas-de-Calais",10,555.373,-937.6269999999986
"2020-2024",2024,"H1","32","Hauts-de-France","62","Pas-de-Calais",12,768.193,0
"2010-2014",2010,"H1","84","Auvergne-Rhône-Alpes","63","Puy-de-Dôme",25,2991.25,0
"2010-2014",2011,"H1","84","Auvergne-Rhône-Alpes","63","Puy-de-Dôme",17,2153.253,0
"2010-2014",2012,"H1","84","Auvergne-Rhône-Alpes","63","Puy-de-Dôme",12,1027.968,-73.15600000000086
"2010-2014",2013,"H1","84","Auvergne-Rhône-Alpes","63","Puy-de-Dôme",12,575.259,0
"2010-2014",2014,"H1","84","Auvergne-Rhône-Alpes","63","Puy-de-Dôme",10,641.855,0
"2015-2019",2015,"H1","84","Auvergne-Rhône-Alpes","63","Puy-de-Dôme",27,1697.742,0
"2015-2019",2016,"H1","84","Auvergne-Rhône-Alpes","63","Puy-de-Dôme",55,7065.337,0
"2015-2019",2017,"H1","84","Auvergne-Rhône-Alpes","63","Puy-de-Dôme",42,8984.782,0
"2015-2019",2018,"H1","84","Auvergne-Rhône-Alpes","63","Puy-de-Dôme",48,6295.036,0
"2015-2019",2019,"H1","84","Auvergne-Rhône-Alpes","63","Puy-de-Dôme",46,4632.315,0
"2020-2024",2020,"H1","84","Auvergne-Rhône-Alpes","63","Puy-de-Dôme",49,3996.982,0
"2020-2024",2021,"H1","84","Auvergne-Rhône-Alpes","63","Puy-de-Dôme",51,4490.003,0
"2020-2024",2022,"H1","84","Auvergne-Rhône-Alpes","63","Puy-de-Dôme",48,3689.449,0
"2020-2024",2023,"H1","84","Auvergne-Rhône-Alpes","63","Puy-de-Dôme",49,2151.495,-1447.4629999999997
"2020-2024",2024,"H1","84","Auvergne-Rhône-Alpes","63","Puy-de-Dôme",51,2570.814,0
"2010-2014",2010,"H2","75","Nouvelle-Aquitaine","64","Pyrénées-Atlantiques",25,1203.352,0
"2010-2014",2011,"H2","75","Nouvelle-Aquitaine","64","Pyrénées-Atlantiques",12,1616.164,0
"2010-2014",2012,"H2","75","Nouvelle-Aquitaine","64","Pyrénées-Atlantiques",16,1042.74,0
"2010-2014",2013,"H2","75","Nouvelle-Aquitaine","64","Pyrénées-Atlantiques",11,654.674,-701.3699999999999
"2010-2014",2014,"H2","75","Nouvelle-Aquitaine","64","Pyrénées-Atlantiques",16,522.29,0
"2015-2019",2015,"H2","75","Nouvelle-Aquitaine","64","Pyrénées-Atlantiques",31,1159.87,0
"2015-2019",2016,"H2","75","Nouvelle-Aquitaine","64","Pyrénées-Atlantiques",42,1925.076,0
"2015-2019",2017,"H2","75","Nouvelle-Aquitaine","64","Pyrénées-Atlantiques",50,3106.499,0
"2015-2019",2018,"H2","75","Nouvelle-Aquitaine","64","Pyrénées-Atlantiques",67,4385.41,0
"2015-2019",2019,"H2","75","Nouvelle-Aquitaine","64","Pyrénées-Atlantiques",64,3921.052,0
"2020-2024",2020,"H2","75","Nouvelle-Aquitaine","64","Pyrénées-Atlantiques",68,3291.648,0
"2020-2024",2021,"H2","75","Nouvelle-Aquitaine","64","Pyrénées-Atlantiques",100,3417.622,0
"2020-2024",2022,"H2","75","Nouvelle-Aquitaine","64","Pyrénées-Atlantiques",67,2929.392,0
"2020-2024",2023,"H2","75","Nouvelle-Aquitaine","64","Pyrénées-Atlantiques",83,2059.419,-2111.4370000000017
"2020-2024",2024,"H2","75","Nouvelle-Aquitaine","64","Pyrénées-Atlantiques",88,1957.768,0
"2010-2014",2010,"H2","76","Occitanie","65","Hautes-Pyrénées",13,682.85,0
"2010-2014",2011,"H2","76","Occitanie","65","Hautes-Pyrénées",6,853.08,0
"2010-2014",2012,"H2","76","Occitanie","65","Hautes-Pyrénées",6,461.288,0
"2010-2014",2013,"H2","76","Occitanie","65","Hautes-Pyrénées",1,314.028,0
"2010-2014",2014,"H2","76","Occitanie","65","Hautes-Pyrénées",1,177.67,0
"2015-2019",2015,"H2","76","Occitanie","65","Hautes-Pyrénées",31,1682.273,0
"2015-2019",2016,"H2","76","Occitanie","65","Hautes-Pyrénées",23,2654.733,0
"2015-2019",2017,"H2","76","Occitanie","65","Hautes-Pyrénées",20,1515.173,0
"2015-2019",2018,"H2","76","Occitanie","65","Hautes-Pyrénées",45,3231.958,0
"2015-2019",2019,"H2","76","Occitanie","65","Hautes-Pyrénées",33,3469.874,0
"2020-2024",2020,"H2","76","Occitanie","65","Hautes-Pyrénées",33,1799.005,0
"2020-2024",2021,"H2","76","Occitanie","65","Hautes-Pyrénées",44,1653.105,0
"2020-2024",2022,"H2","76","Occitanie","65","Hautes-Pyrénées",32,1496.001,-134.39400000000023
"2020-2024",2023,"H2","76","Occitanie","65","Hautes-Pyrénées",78,1250.591,0
"2020-2024",2024,"H2","76","Occitanie","65","Hautes-Pyrénées",109,2087.665,-714.8639999999996
"2010-2014",2010,"H3","76","Occitanie","66","Pyrénées-Orientales",38,2725.333,0
"2010-2014",2011,"H3","76","Occitanie","66","Pyrénées-Orientales",32,3054.015,0
"2010-2014",2012,"H3","76","Occitanie","66","Pyrénées-Orientales",19,2263.999,0
"2010-2014",2013,"H3","76","Occitanie","66","Pyrénées-Orientales",18,1841.705,0
"2010-2014",2014,"H3","76","Occitanie","66","Pyrénées-Orientales",16,1641.341,-19.493999999998778
"2015-2019",2015,"H3","76","Occitanie","66","Pyrénées-Orientales",45,3258.544,0
"2015-2019",2016,"H3","76","Occitanie","66","Pyrénées-Orientales",36,4370.729,0
"2015-2019",2017,"H3","76","Occitanie","66","Pyrénées-Orientales",48,3027.527,0
"2015-2019",2018,"H3","76","Occitanie","66","Pyrénées-Orientales",75,3831.729,0
"2015-2019",2019,"H3","76","Occitanie","66","Pyrénées-Orientales",100,5076.331,0
"2020-2024",2020,"H3","76","Occitanie","66","Pyrénées-Orientales",71,6398.841,0
"2020-2024",2021,"H3","76","Occitanie","66","Pyrénées-Orientales",71,5537.364,0
"2020-2024",2022,"H3","76","Occitanie","66","Pyrénées-Orientales",55,3848.942,-1582.8020000000033
"2020-2024",2023,"H3","76","Occitanie","66","Pyrénées-Orientales",67,3853,0
"2020-2024",2024,"H3","76","Occitanie","66","Pyrénées-Orientales",67,2467.982,-4208.976000000002
"2010-2014",2010,"H1","44","Grand Est","67","Bas-Rhin",25,2721.222,0
"2010-2014",2011,"H1","44","Grand Est","67","Bas-Rhin",12,1894.231,0
"2010-2014",2012,"H1","44","Grand Est","67","Bas-Rhin",10,1013.392,0
"2010-2014",2013,"H1","44","Grand Est","67","Bas-Rhin",9,879.849,0
"2010-2014",2014,"H1","44","Grand Est","67","Bas-Rhin",11,1179.019,0
"2015-2019",2015,"H1","44","Grand Est","67","Bas-Rhin",20,1587.534,0
"2015-2019",2016,"H1","44","Grand Est","67","Bas-Rhin",21,2427.278,0
"2015-2019",2017,"H1","44","Grand Est","67","Bas-Rhin",29,3248.554,0
"2015-2019",2018,"H1","44","Grand Est","67","Bas-Rhin",47,3241.834,0
"2015-2019",2019,"H1","44","Grand Est","67","Bas-Rhin",76,3848.002,0
"2020-2024",2020,"H1","44","Grand Est","67","Bas-Rhin",89,5022.353,0
"2020-2024",2021,"H1","44","Grand Est","67","Bas-Rhin",64,5352.007,0
"2020-2024",2022,"H1","44","Grand Est","67","Bas-Rhin",20,2980.704,0
"2020-2024",2023,"H1","44","Grand Est","67","Bas-Rhin",11,1280.848,-1170.9919999999984
"2020-2024",2024,"H1","44","Grand Est","67","Bas-Rhin",18,1073.697,-0.6350000000020373
"2010-2014",2010,"H1","44","Grand Est","68","Haut-Rhin",20,682.272,0
"2010-2014",2011,"H1","44","Grand Est","68","Haut-Rhin",25,1039.76,0
"2010-2014",2012,"H1","44","Grand Est","68","Haut-Rhin",8,851.93,0
"2010-2014",2013,"H1","44","Grand Est","68","Haut-Rhin",15,632.844,0
"2010-2014",2014,"H1","44","Grand Est","68","Haut-Rhin",7,332.04,-148.03699999999935
"2015-2019",2015,"H1","44","Grand Est","68","Haut-Rhin",15,655.067,0
"2015-2019",2016,"H1","44","Grand Est","68","Haut-Rhin",54,1373.914,0
"2015-2019",2017,"H1","44","Grand Est","68","Haut-Rhin",33,1725.578,0
"2015-2019",2018,"H1","44","Grand Est","68","Haut-Rhin",42,1877.703,0
"2015-2019",2019,"H1","44","Grand Est","68","Haut-Rhin",48,2200.939,0
"2020-2024",2020,"H1","44","Grand Est","68","Haut-Rhin",85,2805.194,0
"2020-2024",2021,"H1","44","Grand Est","68","Haut-Rhin",59,3096.25,0
"2020-2024",2022,"H1","44","Grand Est","68","Haut-Rhin",24,2203.161,0
"2020-2024",2023,"H1","44","Grand Est","68","Haut-Rhin",23,994.059,-884.4779999999992
"2020-2024",2024,"H1","44","Grand Est","68","Haut-Rhin",19,704.264,0
"2010-2014",2010,"H1","84","Auvergne-Rhône-Alpes","69","Rhône",18,1478.471,0
"2010-2014",2011,"H1","84","Auvergne-Rhône-Alpes","69","Rhône",14,1882.282,0
"2010-2014",2012,"H1","84","Auvergne-Rhône-Alpes","69","Rhône",18,1684.621,0
"2010-2014",2013,"H1","84","Auvergne-Rhône-Alpes","69","Rhône",16,1029.682,-945.5119999999997
"2010-2014",2014,"H1","84","Auvergne-Rhône-Alpes","69","Rhône",10,744.209,-25.577000000000226
"2015-2019",2015,"H1","84","Auvergne-Rhône-Alpes","69","Rhône",32,1072.059,0
"2015-2019",2016,"H1","84","Auvergne-Rhône-Alpes","69","Rhône",61,4617.363,0
"2015-2019",2017,"H1","84","Auvergne-Rhône-Alpes","69","Rhône",44,6003.226,0
"2015-2019",2018,"H1","84","Auvergne-Rhône-Alpes","69","Rhône",60,3935.391,0
"2015-2019",2019,"H1","84","Auvergne-Rhône-Alpes","69","Rhône",69,3796.807,0
"2020-2024",2020,"H1","84","Auvergne-Rhône-Alpes","69","Rhône",89,4525.062,0
"2020-2024",2021,"H1","84","Auvergne-Rhône-Alpes","69","Rhône",73,4828.98,0
"2020-2024",2022,"H1","84","Auvergne-Rhône-Alpes","69","Rhône",46,3304.265,0
"2020-2024",2023,"H1","84","Auvergne-Rhône-Alpes","69","Rhône",34,2210.509,0
"2020-2024",2024,"H1","84","Auvergne-Rhône-Alpes","69","Rhône",38,1853.459,-293.59699999999793
"2010-2014",2010,"H1","27","Bourgogne-Franche-Comté","70","Haute-Saône",24,3258.29,0
"2010-2014",2011,"H1","27","Bourgogne-Franche-Comté","70","Haute-Saône",5,3611.85,0
"2010-2014",2012,"H1","27","Bourgogne-Franche-Comté","70","Haute-Saône",6,1406.54,0
"2010-2014",2013,"H1","27","Bourgogne-Franche-Comté","70","Haute-Saône",4,759.42,-6.710999999999331
"2010-2014",2014,"H1","27","Bourgogne-Franche-Comté","70","Haute-Saône",5,1235.165,0
"2015-2019",2015,"H1","27","Bourgogne-Franche-Comté","70","Haute-Saône",23,5904.16,0
"2015-2019",2016,"H1","27","Bourgogne-Franche-Comté","70","Haute-Saône",20,9598.78,0
"2015-2019",2017,"H1","27","Bourgogne-Franche-Comté","70","Haute-Saône",26,9145.14,0
"2015-2019",2018,"H1","27","Bourgogne-Franche-Comté","70","Haute-Saône",17,6708.53,0
"2015-2019",2019,"H1","27","Bourgogne-Franche-Comté","70","Haute-Saône",24,5541.56,0
"2020-2024",2020,"H1","27","Bourgogne-Franche-Comté","70","Haute-Saône",25,6108.297,0
"2020-2024",2021,"H1","27","Bourgogne-Franche-Comté","70","Haute-Saône",22,4423.571,0
"2020-2024",2022,"H1","27","Bourgogne-Franche-Comté","70","Haute-Saône",12,2059.588,-1156.3480000000054
"2020-2024",2023,"H1","27","Bourgogne-Franche-Comté","70","Haute-Saône",18,1935.392,-508.0269999999982
"2020-2024",2024,"H1","27","Bourgogne-Franche-Comté","70","Haute-Saône",6,1956.432,-1454.591999999997
"2010-2014",2010,"H1","27","Bourgogne-Franche-Comté","71","Saône-et-Loire",13,1610.702,0
"2010-2014",2011,"H1","27","Bourgogne-Franche-Comté","71","Saône-et-Loire",9,1339.985,0
"2010-2014",2012,"H1","27","Bourgogne-Franche-Comté","71","Saône-et-Loire",8,603.02,0
"2010-2014",2013,"H1","27","Bourgogne-Franche-Comté","71","Saône-et-Loire",10,630.733,0
"2010-2014",2014,"H1","27","Bourgogne-Franche-Comté","71","Saône-et-Loire",7,687.291,0
"2015-2019",2015,"H1","27","Bourgogne-Franche-Comté","71","Saône-et-Loire",23,3953.217,0
"2015-2019",2016,"H1","27","Bourgogne-Franche-Comté","71","Saône-et-Loire",33,6014.595,0
"2015-2019",2017,"H1","27","Bourgogne-Franche-Comté","71","Saône-et-Loire",28,4200.713,0
"2015-2019",2018,"H1","27","Bourgogne-Franche-Comté","71","Saône-et-Loire",35,3467.266,0
"2015-2019",2019,"H1","27","Bourgogne-Franche-Comté","71","Saône-et-Loire",61,4227.494,0
"2020-2024",2020,"H1","27","Bourgogne-Franche-Comté","71","Saône-et-Loire",48,4529.443,0
"2020-2024",2021,"H1","27","Bourgogne-Franche-Comté","71","Saône-et-Loire",75,6157.709,0
"2020-2024",2022,"H1","27","Bourgogne-Franche-Comté","71","Saône-et-Loire",50,4503.237,0
"2020-2024",2023,"H1","27","Bourgogne-Franche-Comté","71","Saône-et-Loire",46,2998.716,-286.90999999999985
"2020-2024",2024,"H1","27","Bourgogne-Franche-Comté","71","Saône-et-Loire",60,2663.585,0
"2010-2014",2010,"H2","52","Pays de la Loire","72","Sarthe",7,2306.237,0
"2010-2014",2011,"H2","52","Pays de la Loire","72","Sarthe",9,1529.941,-2037.5560000000005
"2010-2014",2012,"H2","52","Pays de la Loire","72","Sarthe",32,1110.392,0
"2010-2014",2013,"H2","52","Pays de la Loire","72","Sarthe",5,882.179,0
"2010-2014",2014,"H2","52","Pays de la Loire","72","Sarthe",11,1531.759,0
"2015-2019",2015,"H2","52","Pays de la Loire","72","Sarthe",13,2525.569,0
"2015-2019",2016,"H2","52","Pays de la Loire","72","Sarthe",29,4448.662,0
"2015-2019",2017,"H2","52","Pays de la Loire","72","Sarthe",34,4352.837,0
"2015-2019",2018,"H2","52","Pays de la Loire","72","Sarthe",29,4674.499,0
"2015-2019",2019,"H2","52","Pays de la Loire","72","Sarthe",26,3973.359,0
"2020-2024",2020,"H2","52","Pays de la Loire","72","Sarthe",32,3490.285,0
"2020-2024",2021,"H2","52","Pays de la Loire","72","Sarthe",24,2792.529,0
"2020-2024",2022,"H2","52","Pays de la Loire","72","Sarthe",34,2461.276,0
"2020-2024",2023,"H2","52","Pays de la Loire","72","Sarthe",28,2044.405,-1072.5169999999998
"2020-2024",2024,"H2","52","Pays de la Loire","72","Sarthe",23,1572.622,-275.73999999999796
"2010-2014",2010,"H1","84","Auvergne-Rhône-Alpes","73","Savoie",6,128.25,0
"2010-2014",2011,"H1","84","Auvergne-Rhône-Alpes","73","Savoie",7,239.652,-17.767000000000053
"2010-2014",2012,"H1","84","Auvergne-Rhône-Alpes","73","Savoie",6,623.646,0
"2010-2014",2013,"H1","84","Auvergne-Rhône-Alpes","73","Savoie",12,940.727,0
"2010-2014",2014,"H1","84","Auvergne-Rhône-Alpes","73","Savoie",4,996.319,-448.74299999999994
"2015-2019",2015,"H1","84","Auvergne-Rhône-Alpes","73","Savoie",5,483.677,0
"2015-2019",2016,"H1","84","Auvergne-Rhône-Alpes","73","Savoie",11,362.738,-858.6190000000001
"2015-2019",2017,"H1","84","Auvergne-Rhône-Alpes","73","Savoie",22,511.09,0
"2015-2019",2018,"H1","84","Auvergne-Rhône-Alpes","73","Savoie",10,613.367,0
"2015-2019",2019,"H1","84","Auvergne-Rhône-Alpes","73","Savoie",29,799.162,0
"2020-2024",2020,"H1","84","Auvergne-Rhône-Alpes","73","Savoie",26,1085.571,0
"2020-2024",2021,"H1","84","Auvergne-Rhône-Alpes","73","Savoie",31,952.234,0
"2020-2024",2022,"H1","84","Auvergne-Rhône-Alpes","73","Savoie",22,683.072,-905.9089999999997
"2020-2024",2023,"H1","84","Auvergne-Rhône-Alpes","73","Savoie",29,823.128,0
"2020-2024",2024,"H1","84","Auvergne-Rhône-Alpes","73","Savoie",13,1268.092,0
"2010-2014",2010,"H1","84","Auvergne-Rhône-Alpes","74","Haute-Savoie",9,306.501,0
"2010-2014",2011,"H1","84","Auvergne-Rhône-Alpes","74","Haute-Savoie",10,251.305,0
"2010-2014",2012,"H1","84","Auvergne-Rhône-Alpes","74","Haute-Savoie",11,385.261,0
"2010-2014",2013,"H1","84","Auvergne-Rhône-Alpes","74","Haute-Savoie",4,291.258,-91.90599999999995
"2010-2014",2014,"H1","84","Auvergne-Rhône-Alpes","74","Haute-Savoie",5,270.209,-261.22299999999996
"2015-2019",2015,"H1","84","Auvergne-Rhône-Alpes","74","Haute-Savoie",7,828.366,0
"2015-2019",2016,"H1","84","Auvergne-Rhône-Alpes","74","Haute-Savoie",9,665.04,-149.48000000000002
"2015-2019",2017,"H1","84","Auvergne-Rhône-Alpes","74","Haute-Savoie",14,1132.884,0
"2015-2019",2018,"H1","84","Auvergne-Rhône-Alpes","74","Haute-Savoie",23,1295.597,0
"2015-2019",2019,"H1","84","Auvergne-Rhône-Alpes","74","Haute-Savoie",24,1184.776,0
"2020-2024",2020,"H1","84","Auvergne-Rhône-Alpes","74","Haute-Savoie",25,1339.033,0
"2020-2024",2021,"H1","84","Auvergne-Rhône-Alpes","74","Haute-Savoie",33,1122.846,0
"2020-2024",2022,"H1","84","Auvergne-Rhône-Alpes","74","Haute-Savoie",24,1006.591,0
"2020-2024",2023,"H1","84","Auvergne-Rhône-Alpes","74","Haute-Savoie",24,532.394,-732.652
"2020-2024",2024,"H1","84","Auvergne-Rhône-Alpes","74","Haute-Savoie",17,650.833,0
"2010-2014",2011,"H1","11","Île-de-France","75","Paris",0,146.3,-8027.000999999999
"2010-2014",2012,"H1","11","Île-de-France","75","Paris",1,68.13,-94.22999999999999
"2015-2019",2016,"H1","11","Île-de-France","75","Paris",3,13.98,-141.7
"2015-2019",2017,"H1","11","Île-de-France","75","Paris",3,23.43,0
"2015-2019",2018,"H1","11","Île-de-France","75","Paris",4,101.089,0
"2015-2019",2019,"H1","11","Île-de-France","75","Paris",2,101.06,0
"2020-2024",2020,"H1","11","Île-de-France","75","Paris",8,34.68,-212.861
"2020-2024",2021,"H1","11","Île-de-France","75","Paris",12,36.14,0
"2020-2024",2022,"H1","11","Île-de-France","75","Paris",3,21.081,0
"2020-2024",2023,"H1","11","Île-de-France","75","Paris",5,28.534,0
"2020-2024",2024,"H1","11","Île-de-France","75","Paris",4,2.948,-49.65699999999998
"2010-2014",2010,"H1","28","Normandie","76","Seine-Maritime",18,1468.222,0
"2010-2014",2011,"H1","28","Normandie","76","Seine-Maritime",12,1329.142,0
"2010-2014",2012,"H1","28","Normandie","76","Seine-Maritime",5,977.38,0
"2010-2014",2013,"H1","28","Normandie","76","Seine-Maritime",7,629.28,-343.2919999999999
"2010-2014",2014,"H1","28","Normandie","76","Seine-Maritime",9,381.94,0
"2015-2019",2015,"H1","28","Normandie","76","Seine-Maritime",15,394.91,-235.63499999999976
"2015-2019",2016,"H1","28","Normandie","76","Seine-Maritime",17,1534.97,0
"2015-2019",2017,"H1","28","Normandie","76","Seine-Maritime",24,2615.51,0
"2015-2019",2018,"H1","28","Normandie","76","Seine-Maritime",22,2470.257,0
"2015-2019",2019,"H1","28","Normandie","76","Seine-Maritime",29,2649.15,0
"2020-2024",2020,"H1","28","Normandie","76","Seine-Maritime",31,2994.83,0
"2020-2024",2021,"H1","28","Normandie","76","Seine-Maritime",21,2484.74,0
"2020-2024",2022,"H1","28","Normandie","76","Seine-Maritime",13,1918.978,0
"2020-2024",2023,"H1","28","Normandie","76","Seine-Maritime",9,1302.831,-242.98000000000138
"2020-2024",2024,"H1","28","Normandie","76","Seine-Maritime",16,649.275,-222.07899999999972
"2010-2014",2010,"H1","11","Île-de-France","77","Seine-et-Marne",6,1248.33,0
"2010-2014",2011,"H1","11","Île-de-France","77","Seine-et-Marne",8,1487.645,0
"2010-2014",2012,"H1","11","Île-de-France","77","Seine-et-Marne",4,509.728,0
"2010-2014",2013,"H1","11","Île-de-France","77","Seine-et-Marne",4,576.598,0
"2010-2014",2014,"H1","11","Île-de-France","77","Seine-et-Marne",4,544.725,0
"2015-2019",2015,"H1","11","Île-de-France","77","Seine-et-Marne",6,1133.51,0
"2015-2019",2016,"H1","11","Île-de-France","77","Seine-et-Marne",13,1742.292,0
"2015-2019",2017,"H1","11","Île-de-France","77","Seine-et-Marne",15,2579.911,0
"2015-2019",2018,"H1","11","Île-de-France","77","Seine-et-Marne",19,5247.521,0
"2015-2019",2019,"H1","11","Île-de-France","77","Seine-et-Marne",34,7288.278,0
"2020-2024",2020,"H1","11","Île-de-France","77","Seine-et-Marne",35,6628.922,0
"2020-2024",2021,"H1","11","Île-de-France","77","Seine-et-Marne",31,5311.654,0
"2020-2024",2022,"H1","11","Île-de-France","77","Seine-et-Marne",16,3320.791,0
"2020-2024",2023,"H1","11","Île-de-France","77","Seine-et-Marne",14,1935.813,-1536.5240000000013
"2020-2024",2024,"H1","11","Île-de-France","77","Seine-et-Marne",13,1880.122,0
"2010-2014",2010,"H1","11","Île-de-France","78","Yvelines",9,416.919,0
"2010-2014",2011,"H1","11","Île-de-France","78","Yvelines",2,596.049,0
"2010-2014",2012,"H1","11","Île-de-France","78","Yvelines",2,400.652,-5.107999999999947
"2010-2014",2013,"H1","11","Île-de-France","78","Yvelines",6,277.451,0
"2010-2014",2014,"H1","11","Île-de-France","78","Yvelines",1,608.24,0
"2015-2019",2015,"H1","11","Île-de-France","78","Yvelines",2,896.33,0
"2015-2019",2016,"H1","11","Île-de-France","78","Yvelines",3,1290.653,0
"2015-2019",2017,"H1","11","Île-de-France","78","Yvelines",12,1402.13,0
"2015-2019",2018,"H1","11","Île-de-France","78","Yvelines",21,1728.017,0
"2015-2019",2019,"H1","11","Île-de-France","78","Yvelines",17,2905.169,0
"2020-2024",2020,"H1","11","Île-de-France","78","Yvelines",16,3288.784,0
"2020-2024",2021,"H1","11","Île-de-France","78","Yvelines",13,2492.28,0
"2020-2024",2022,"H1","11","Île-de-France","78","Yvelines",7,1172.447,0
"2020-2024",2023,"H1","11","Île-de-France","78","Yvelines",8,782.018,-368.78999999999905
"2020-2024",2024,"H1","11","Île-de-France","78","Yvelines",8,236.249,-725.389000000001
"2010-2014",2010,"H2","75","Nouvelle-Aquitaine","79","Deux-Sèvres",21,3045.992,0
"2010-2014",2011,"H2","75","Nouvelle-Aquitaine","79","Deux-Sèvres",18,3435.808,0
"2010-2014",2012,"H2","75","Nouvelle-Aquitaine","79","Deux-Sèvres",13,2273.197,0
"2010-2014",2013,"H2","75","Nouvelle-Aquitaine","79","Deux-Sèvres",4,1555.509,0
"2010-2014",2014,"H2","75","Nouvelle-Aquitaine","79","Deux-Sèvres",21,2122.128,0
"2015-2019",2015,"H2","75","Nouvelle-Aquitaine","79","Deux-Sèvres",30,4284.967,0
"2015-2019",2016,"H2","75","Nouvelle-Aquitaine","79","Deux-Sèvres",39,5652.576,0
"2015-2019",2017,"H2","75","Nouvelle-Aquitaine","79","Deux-Sèvres",37,6822.46,0
"2015-2019",2018,"H2","75","Nouvelle-Aquitaine","79","Deux-Sèvres",54,9328.009,0
"2015-2019",2019,"H2","75","Nouvelle-Aquitaine","79","Deux-Sèvres",58,13835.488,0
"2020-2024",2020,"H2","75","Nouvelle-Aquitaine","79","Deux-Sèvres",55,12792.288,0
"2020-2024",2021,"H2","75","Nouvelle-Aquitaine","79","Deux-Sèvres",58,9725.271,0
"2020-2024",2022,"H2","75","Nouvelle-Aquitaine","79","Deux-Sèvres",37,5233.166,0
"2020-2024",2023,"H2","75","Nouvelle-Aquitaine","79","Deux-Sèvres",35,2837.435,-1109.4809999999998
"2020-2024",2024,"H2","75","Nouvelle-Aquitaine","79","Deux-Sèvres",20,2303.632,-1645.9059999999954
"2010-2014",2010,"H1","32","Hauts-de-France","80","Somme",6,570.474,0
"2010-2014",2011,"H1","32","Hauts-de-France","80","Somme",8,1054.34,0
"2010-2014",2012,"H1","32","Hauts-de-France","80","Somme",3,957.73,0
"2010-2014",2013,"H1","32","Hauts-de-France","80","Somme",7,499.74,0
"2010-2014",2014,"H1","32","Hauts-de-France","80","Somme",2,540.06,0
"2015-2019",2015,"H1","32","Hauts-de-France","80","Somme",10,644.31,0
"2015-2019",2016,"H1","32","Hauts-de-France","80","Somme",12,1338.495,0
"2015-2019",2017,"H1","32","Hauts-de-France","80","Somme",24,1656.795,0
"2015-2019",2018,"H1","32","Hauts-de-France","80","Somme",16,1629.403,0
"2015-2019",2019,"H1","32","Hauts-de-France","80","Somme",24,1804.25,0
"2020-2024",2020,"H1","32","Hauts-de-France","80","Somme",18,2563.845,0
"2020-2024",2021,"H1","32","Hauts-de-France","80","Somme",19,2267.116,0
"2020-2024",2022,"H1","32","Hauts-de-France","80","Somme",11,1123.474,-56.177999999999884
"2020-2024",2023,"H1","32","Hauts-de-France","80","Somme",8,465.028,-196.3859999999995
"2020-2024",2024,"H1","32","Hauts-de-France","80","Somme",8,268.61,-653.781
"2010-2014",2010,"H2","76","Occitanie","81","Tarn",25,2362.492,0
"2010-2014",2011,"H2","76","Occitanie","81","Tarn",18,3288.98,0
"2010-2014",2012,"H2","76","Occitanie","81","Tarn",18,2556.439,0
"2010-2014",2013,"H2","76","Occitanie","81","Tarn",19,2112.441,0
"2010-2014",2014,"H2","76","Occitanie","81","Tarn",23,2290.22,0
"2015-2019",2015,"H2","76","Occitanie","81","Tarn",37,4627.949,0
"2015-2019",2016,"H2","76","Occitanie","81","Tarn",50,8653.88,0
"2015-2019",2017,"H2","76","Occitanie","81","Tarn",53,8053.714,0
"2015-2019",2018,"H2","76","Occitanie","81","Tarn",61,7529.752,0
"2015-2019",2019,"H2","76","Occitanie","81","Tarn",62,6977.382,0
"2020-2024",2020,"H2","76","Occitanie","81","Tarn",82,5988.488,0
"2020-2024",2021,"H2","76","Occitanie","81","Tarn",84,6682.131,0
"2020-2024",2022,"H2","76","Occitanie","81","Tarn",82,5088.785,-176.61899999999878
"2020-2024",2023,"H2","76","Occitanie","81","Tarn",92,4553.069,-731.0689999999995
"2020-2024",2024,"H2","76","Occitanie","81","Tarn",95,4473.593,0
"2010-2014",2010,"H2","76","Occitanie","82","Tarn-et-Garonne",17,1265.638,0
"2010-2014",2011,"H2","76","Occitanie","82","Tarn-et-Garonne",15,1273.348,0
"2010-2014",2012,"H2","76","Occitanie","82","Tarn-et-Garonne",9,1018.63,0
"2010-2014",2013,"H2","76","Occitanie","82","Tarn-et-Garonne",5,675.18,-100.89400000000023
"2010-2014",2014,"H2","76","Occitanie","82","Tarn-et-Garonne",11,1635.64,0
"2015-2019",2015,"H2","76","Occitanie","82","Tarn-et-Garonne",28,3212.023,0
"2015-2019",2016,"H2","76","Occitanie","82","Tarn-et-Garonne",35,5028.94,0
"2015-2019",2017,"H2","76","Occitanie","82","Tarn-et-Garonne",43,5339.72,0
"2015-2019",2018,"H2","76","Occitanie","82","Tarn-et-Garonne",64,4906.349,0
"2015-2019",2019,"H2","76","Occitanie","82","Tarn-et-Garonne",37,5381.993,0
"2020-2024",2020,"H2","76","Occitanie","82","Tarn-et-Garonne",50,4669.766,0
"2020-2024",2021,"H2","76","Occitanie","82","Tarn-et-Garonne",155,6708.16,0
"2020-2024",2022,"H2","76","Occitanie","82","Tarn-et-Garonne",69,5940.37,-125.85699999999997
"2020-2024",2023,"H2","76","Occitanie","82","Tarn-et-Garonne",70,3539.089,-1584.173999999999
"2020-2024",2024,"H2","76","Occitanie","82","Tarn-et-Garonne",127,4903.029,0
"2010-2014",2010,"H3","93","Provence-Alpes-Côte d'Azur","83","Var",37,1779.188,0
"2010-2014",2011,"H3","93","Provence-Alpes-Côte d'Azur","83","Var",34,1834.297,0
"2010-2014",2012,"H3","93","Provence-Alpes-Côte d'Azur","83","Var",26,2836.485,0
"2010-2014",2013,"H3","93","Provence-Alpes-Côte d'Azur","83","Var",30,2428.868,-275.16400000000067
"2010-2014",2014,"H3","93","Provence-Alpes-Côte d'Azur","83","Var",19,2454.222,0
"2015-2019",2015,"H3","93","Provence-Alpes-Côte d'Azur","83","Var",28,2598.892,0
"2015-2019",2016,"H3","93","Provence-Alpes-Côte d'Azur","83","Var",36,1727.469,-24.283000000001266
"2015-2019",2017,"H3","93","Provence-Alpes-Côte d'Azur","83","Var",67,2942.719,0
"2015-2019",2018,"H3","93","Provence-Alpes-Côte d'Azur","83","Var",92,4886.341,0
"2015-2019",2019,"H3","93","Provence-Alpes-Côte d'Azur","83","Var",97,6478.243,0
"2020-2024",2020,"H3","93","Provence-Alpes-Côte d'Azur","83","Var",110,5553.757,0
"2020-2024",2021,"H3","93","Provence-Alpes-Côte d'Azur","83","Var",105,7262.231,0
"2020-2024",2022,"H3","93","Provence-Alpes-Côte d'Azur","83","Var",107,5538.604,-470.625
"2020-2024",2023,"H3","93","Provence-Alpes-Côte d'Azur","83","Var",68,4450.772,0
"2020-2024",2024,"H3","93","Provence-Alpes-Côte d'Azur","83","Var",106,4721.518,0
"2010-2014",2010,"H2","93","Provence-Alpes-Côte d'Azur","84","Vaucluse",71,6132.18,0
"2010-2014",2011,"H2","93","Provence-Alpes-Côte d'Azur","84","Vaucluse",58,6970.858,0
"2010-2014",2012,"H2","93","Provence-Alpes-Côte d'Azur","84","Vaucluse",29,5128.887,0
"2010-2014",2013,"H2","93","Provence-Alpes-Côte d'Azur","84","Vaucluse",23,3385.319,0
"2010-2014",2014,"H2","93","Provence-Alpes-Côte d'Azur","84","Vaucluse",26,2706.014,-477.21600000000035
"2015-2019",2015,"H2","93","Provence-Alpes-Côte d'Azur","84","Vaucluse",30,2145.074,-629.7770000000019
"2015-2019",2016,"H2","93","Provence-Alpes-Côte d'Azur","84","Vaucluse",47,3013.204,0
"2015-2019",2017,"H2","93","Provence-Alpes-Côte d'Azur","84","Vaucluse",73,3657.113,0
"2015-2019",2018,"H2","93","Provence-Alpes-Côte d'Azur","84","Vaucluse",72,5889.542,0
"2015-2019",2019,"H2","93","Provence-Alpes-Côte d'Azur","84","Vaucluse",109,6754.104,0
"2020-2024",2020,"H2","93","Provence-Alpes-Côte d'Azur","84","Vaucluse",115,7409.866,0
"2020-2024",2021,"H2","93","Provence-Alpes-Côte d'Azur","84","Vaucluse",179,9455.901,0
"2020-2024",2022,"H2","93","Provence-Alpes-Côte d'Azur","84","Vaucluse",107,8557.898,0
"2020-2024",2023,"H2","93","Provence-Alpes-Côte d'Azur","84","Vaucluse",93,9673.253,0
"2020-2024",2024,"H2","93","Provence-Alpes-Côte d'Azur","84","Vaucluse",71,6460.402,-69.78100000000268
"2010-2014",2010,"H2","52","Pays de la Loire","85","Vendée",20,5280.918,0
"2010-2014",2011,"H2","52","Pays de la Loire","85","Vendée",22,4945.256,0
"2010-2014",2012,"H2","52","Pays de la Loire","85","Vendée",6,2884.785,0
"2010-2014",2013,"H2","52","Pays de la Loire","85","Vendée",15,2040.556,0
"2010-2014",2014,"H2","52","Pays de la Loire","85","Vendée",20,1841.251,0
"2015-2019",2015,"H2","52","Pays de la Loire","85","Vendée",32,4943.524,0
"2015-2019",2016,"H2","52","Pays de la Loire","85","Vendée",58,9987.617,0
"2015-2019",2017,"H2","52","Pays de la Loire","85","Vendée",72,11238.89,0
"2015-2019",2018,"H2","52","Pays de la Loire","85","Vendée",68,13040.425,0
"2015-2019",2019,"H2","52","Pays de la Loire","85","Vendée",70,13979.174,0
"2020-2024",2020,"H2","52","Pays de la Loire","85","Vendée",68,12238.571,0
"2020-2024",2021,"H2","52","Pays de la Loire","85","Vendée",59,9222.57,0
"2020-2024",2022,"H2","52","Pays de la Loire","85","Vendée",52,6259.313,0
"2020-2024",2023,"H2","52","Pays de la Loire","85","Vendée",37,4607.047,-144.20500000000175
"2020-2024",2024,"H2","52","Pays de la Loire","85","Vendée",114,2744.198,-1046.9300000000003
"2010-2014",2010,"H2","75","Nouvelle-Aquitaine","86","Vienne",15,2184.445,0
"2010-2014",2011,"H2","75","Nouvelle-Aquitaine","86","Vienne",11,3539.571,0
"2010-2014",2012,"H2","75","Nouvelle-Aquitaine","86","Vienne",4,2230.859,0
"2010-2014",2013,"H2","75","Nouvelle-Aquitaine","86","Vienne",9,1846.521,0
"2010-2014",2014,"H2","75","Nouvelle-Aquitaine","86","Vienne",16,2722.214,0
"2015-2019",2015,"H2","75","Nouvelle-Aquitaine","86","Vienne",26,7956.233,0
"2015-2019",2016,"H2","75","Nouvelle-Aquitaine","86","Vienne",49,11430.022,0
"2015-2019",2017,"H2","75","Nouvelle-Aquitaine","86","Vienne",25,9533.183,0
"2015-2019",2018,"H2","75","Nouvelle-Aquitaine","86","Vienne",58,9982.501,0
"2015-2019",2019,"H2","75","Nouvelle-Aquitaine","86","Vienne",34,11163.556,0
"2020-2024",2020,"H2","75","Nouvelle-Aquitaine","86","Vienne",50,8736.995,0
"2020-2024",2021,"H2","75","Nouvelle-Aquitaine","86","Vienne",58,9726.011,0
"2020-2024",2022,"H2","75","Nouvelle-Aquitaine","86","Vienne",32,6360.768,-2914.7939999999944
"2020-2024",2023,"H2","75","Nouvelle-Aquitaine","86","Vienne",29,3087.232,-1969.2070000000022
"2020-2024",2024,"H2","75","Nouvelle-Aquitaine","86","Vienne",25,2296.169,-2327.125
"2010-2014",2010,"H1","75","Nouvelle-Aquitaine","87","Haute-Vienne",10,2868.715,0
"2010-2014",2011,"H1","75","Nouvelle-Aquitaine","87","Haute-Vienne",18,4076.095,0
"2010-2014",2012,"H1","75","Nouvelle-Aquitaine","87","Haute-Vienne",8,3613.26,0
"2010-2014",2013,"H1","75","Nouvelle-Aquitaine","87","Haute-Vienne",15,2951.197,0
"2010-2014",2014,"H1","75","Nouvelle-Aquitaine","87","Haute-Vienne",20,3340.716,0
"2015-2019",2015,"H1","75","Nouvelle-Aquitaine","87","Haute-Vienne",37,5224.91,0
"2015-2019",2016,"H1","75","Nouvelle-Aquitaine","87","Haute-Vienne",39,7199.161,0
"2015-2019",2017,"H1","75","Nouvelle-Aquitaine","87","Haute-Vienne",27,5272.323,0
"2015-2019",2018,"H1","75","Nouvelle-Aquitaine","87","Haute-Vienne",35,4779.656,0
"2015-2019",2019,"H1","75","Nouvelle-Aquitaine","87","Haute-Vienne",32,5162.643,0
"2020-2024",2020,"H1","75","Nouvelle-Aquitaine","87","Haute-Vienne",36,5845.656,0
"2020-2024",2021,"H1","75","Nouvelle-Aquitaine","87","Haute-Vienne",50,5462.58,0
"2020-2024",2022,"H1","75","Nouvelle-Aquitaine","87","Haute-Vienne",56,4231.02,-969.9880000000012
"2020-2024",2023,"H1","75","Nouvelle-Aquitaine","87","Haute-Vienne",52,4074.611,-22.054000000000087
"2020-2024",2024,"H1","75","Nouvelle-Aquitaine","87","Haute-Vienne",50,2768.484,-1190.1399999999994
"2010-2014",2010,"H1","44","Grand Est","88","Vosges",21,2209.125,0
"2010-2014",2011,"H1","44","Grand Est","88","Vosges",11,2176.16,0
"2010-2014",2012,"H1","44","Grand Est","88","Vosges",10,1107.664,0
"2010-2014",2013,"H1","44","Grand Est","88","Vosges",4,919.979,0
"2010-2014",2014,"H1","44","Grand Est","88","Vosges",9,1814.039,0
"2015-2019",2015,"H1","44","Grand Est","88","Vosges",20,3388.123,0
"2015-2019",2016,"H1","44","Grand Est","88","Vosges",27,5543.914,0
"2015-2019",2017,"H1","44","Grand Est","88","Vosges",23,6177.146,0
"2015-2019",2018,"H1","44","Grand Est","88","Vosges",16,4033.561,0
"2015-2019",2019,"H1","44","Grand Est","88","Vosges",31,3092.21,0
"2020-2024",2020,"H1","44","Grand Est","88","Vosges",22,3995.597,0
"2020-2024",2021,"H1","44","Grand Est","88","Vosges",31,4051.687,0
"2020-2024",2022,"H1","44","Grand Est","88","Vosges",19,2205.039,0
"2020-2024",2023,"H1","44","Grand Est","88","Vosges",12,919.471,-1302.023000000001
"2020-2024",2024,"H1","44","Grand Est","88","Vosges",9,871.797,-1172.1189999999988
"2010-2014",2010,"H1","27","Bourgogne-Franche-Comté","89","Yonne",30,4804.129,0
"2010-2014",2011,"H1","27","Bourgogne-Franche-Comté","89","Yonne",11,4920.503,0
"2010-2014",2012,"H1","27","Bourgogne-Franche-Comté","89","Yonne",12,3756.99,0
"2010-2014",2013,"H1","27","Bourgogne-Franche-Comté","89","Yonne",3,3191.798,0
"2010-2014",2014,"H1","27","Bourgogne-Franche-Comté","89","Yonne",11,2893.28,0
"2015-2019",2015,"H1","27","Bourgogne-Franche-Comté","89","Yonne",29,5260.86,0
"2015-2019",2016,"H1","27","Bourgogne-Franche-Comté","89","Yonne",16,6854.826,0
"2015-2019",2017,"H1","27","Bourgogne-Franche-Comté","89","Yonne",23,7464.823,0
"2015-2019",2018,"H1","27","Bourgogne-Franche-Comté","89","Yonne",70,16899.975,0
"2015-2019",2019,"H1","27","Bourgogne-Franche-Comté","89","Yonne",57,21618.973,0
"2020-2024",2020,"H1","27","Bourgogne-Franche-Comté","89","Yonne",63,19243.796,0
"2020-2024",2021,"H1","27","Bourgogne-Franche-Comté","89","Yonne",49,13407.475,0
"2020-2024",2022,"H1","27","Bourgogne-Franche-Comté","89","Yonne",39,6753.601,0
"2020-2024",2023,"H1","27","Bourgogne-Franche-Comté","89","Yonne",26,4719.821,0
"2020-2024",2024,"H1","27","Bourgogne-Franche-Comté","89","Yonne",16,3851.416,-3788.1570000000065
"2010-2014",2010,"H1","27","Bourgogne-Franche-Comté","90","Territoire de Belfort",3,120.48,0
"2010-2014",2011,"H1","27","Bourgogne-Franche-Comté","90","Territoire de Belfort",0,126.43,0
"2010-2014",2012,"H1","27","Bourgogne-Franche-Comté","90","Territoire de Belfort",1,0.66,-11.339999999999975
"2010-2014",2013,"H1","27","Bourgogne-Franche-Comté","90","Territoire de Belfort",0,1.31,-8.490000000000009
"2010-2014",2014,"H1","27","Bourgogne-Franche-Comté","90","Territoire de Belfort",2,47.21,0
"2015-2019",2015,"H1","27","Bourgogne-Franche-Comté","90","Territoire de Belfort",1,57.4,0
"2015-2019",2016,"H1","27","Bourgogne-Franche-Comté","90","Territoire de Belfort",1,522.95,0
"2015-2019",2017,"H1","27","Bourgogne-Franche-Comté","90","Territoire de Belfort",2,593.55,0
"2015-2019",2018,"H1","27","Bourgogne-Franche-Comté","90","Territoire de Belfort",2,183.205,-8.055000000000064
"2015-2019",2019,"H1","27","Bourgogne-Franche-Comté","90","Territoire de Belfort",1,181.53,0
"2020-2024",2020,"H1","27","Bourgogne-Franche-Comté","90","Territoire de Belfort",0,242.683,0
"2020-2024",2021,"H1","27","Bourgogne-Franche-Comté","90","Territoire de Belfort",0,105.49,-222.6479999999999
"2020-2024",2022,"H1","27","Bourgogne-Franche-Comté","90","Territoire de Belfort",3,150.936,0
"2020-2024",2023,"H1","27","Bourgogne-Franche-Comté","90","Territoire de Belfort",1,119.666,-179.0150000000001
"2020-2024",2024,"H1","27","Bourgogne-Franche-Comté","90","Territoire de Belfort",0,75.173,-68.26199999999994
"2010-2014",2010,"H1","11","Île-de-France","91","Essonne",4,425.57,0
"2010-2014",2011,"H1","11","Île-de-France","91","Essonne",1,897.14,0
"2010-2014",2012,"H1","11","Île-de-France","91","Essonne",3,581.76,0
"2010-2014",2013,"H1","11","Île-de-France","91","Essonne",2,335.33,0
"2010-2014",2014,"H1","11","Île-de-France","91","Essonne",7,388.94,0
"2015-2019",2015,"H1","11","Île-de-France","91","Essonne",5,476.67,0
"2015-2019",2016,"H1","11","Île-de-France","91","Essonne",5,1108.045,0
"2015-2019",2017,"H1","11","Île-de-France","91","Essonne",11,1162.715,0
"2015-2019",2018,"H1","11","Île-de-France","91","Essonne",26,3230.727,0
"2015-2019",2019,"H1","11","Île-de-France","91","Essonne",17,4549.34,0
"2020-2024",2020,"H1","11","Île-de-France","91","Essonne",12,3542.04,0
"2020-2024",2021,"H1","11","Île-de-France","91","Essonne",17,3528.834,0
"2020-2024",2022,"H1","11","Île-de-France","91","Essonne",5,2382.726,0
"2020-2024",2023,"H1","11","Île-de-France","91","Essonne",3,1102.606,0
"2020-2024",2024,"H1","11","Île-de-France","91","Essonne",10,674.969,-345.2940000000017
"2010-2014",2011,"H1","11","Île-de-France","92","Hauts-de-Seine",2,21.299,-11360.414999999999
"2010-2014",2012,"H1","11","Île-de-France","92","Hauts-de-Seine",1,20.47,-33.81100000000001
"2010-2014",2013,"H1","11","Île-de-France","92","Hauts-de-Seine",0,0,-71.827
"2010-2014",2014,"H1","11","Île-de-France","92","Hauts-de-Seine",0,0.1,0
"2015-2019",2015,"H1","11","Île-de-France","92","Hauts-de-Seine",2,0,0
"2015-2019",2016,"H1","11","Île-de-France","92","Hauts-de-Seine",1,0,0
"2015-2019",2017,"H1","11","Île-de-France","92","Hauts-de-Seine",0,27.16,0
"2015-2019",2018,"H1","11","Île-de-France","92","Hauts-de-Seine",1,26.139,0
"2015-2019",2019,"H1","11","Île-de-France","92","Hauts-de-Seine",2,54.016,0
"2020-2024",2020,"H1","11","Île-de-France","92","Hauts-de-Seine",0,43.405,-24.98100000000001
"2020-2024",2021,"H1","11","Île-de-France","92","Hauts-de-Seine",0,0.025,-49.309999999999995
"2020-2024",2022,"H1","11","Île-de-France","92","Hauts-de-Seine",2,100.87,0
"2020-2024",2023,"H1","11","Île-de-France","92","Hauts-de-Seine",3,12.153,0
"2020-2024",2024,"H1","11","Île-de-France","92","Hauts-de-Seine",3,3.57,0
"2010-2014",2010,"H1","11","Île-de-France","93","Seine-Saint-Denis",0,2.01,0
"2010-2014",2011,"H1","11","Île-de-France","93","Seine-Saint-Denis",0,0,-4.01
"2010-2014",2012,"H1","11","Île-de-France","93","Seine-Saint-Denis",1,0,0
"2010-2014",2013,"H1","11","Île-de-France","93","Seine-Saint-Denis",0,0,0
"2010-2014",2014,"H1","11","Île-de-France","93","Seine-Saint-Denis",0,0,0
"2015-2019",2015,"H1","11","Île-de-France","93","Seine-Saint-Denis",2,0,0
"2015-2019",2016,"H1","11","Île-de-France","93","Seine-Saint-Denis",1,1.12,-48.364999999999995
"2015-2019",2017,"H1","11","Île-de-France","93","Seine-Saint-Denis",0,0.65,0
"2015-2019",2018,"H1","11","Île-de-France","93","Seine-Saint-Denis",0,0,0
"2015-2019",2019,"H1","11","Île-de-France","93","Seine-Saint-Denis",0,13.05,0
"2020-2024",2020,"H1","11","Île-de-France","93","Seine-Saint-Denis",1,13.523,0
"2020-2024",2021,"H1","11","Île-de-France","93","Seine-Saint-Denis",1,0,0
"2020-2024",2022,"H1","11","Île-de-France","93","Seine-Saint-Denis",0,2.42,0
"2020-2024",2023,"H1","11","Île-de-France","93","Seine-Saint-Denis",1,3.26,0
"2020-2024",2024,"H1","11","Île-de-France","93","Seine-Saint-Denis",0,2.57,-31.172000000000004
"2010-2014",2010,"H1","11","Île-de-France","94","Val-de-Marne",0,32.99,0
"2010-2014",2011,"H1","11","Île-de-France","94","Val-de-Marne",0,44.284,0
"2010-2014",2012,"H1","11","Île-de-France","94","Val-de-Marne",0,16.26,-19.124000000000002
"2010-2014",2013,"H1","11","Île-de-France","94","Val-de-Marne",0,5.9,-3.1000000000000014
"2010-2014",2014,"H1","11","Île-de-France","94","Val-de-Marne",3,1.361,0
"2015-2019",2015,"H1","11","Île-de-France","94","Val-de-Marne",1,6.161,-0.3299999999999983
"2015-2019",2016,"H1","11","Île-de-France","94","Val-de-Marne",0,1.391,-11.93
"2015-2019",2017,"H1","11","Île-de-France","94","Val-de-Marne",4,34.46,0
"2015-2019",2018,"H1","11","Île-de-France","94","Val-de-Marne",0,41.16,0
"2015-2019",2019,"H1","11","Île-de-France","94","Val-de-Marne",0,23.6,0
"2020-2024",2020,"H1","11","Île-de-France","94","Val-de-Marne",1,0.19,-44.38
"2020-2024",2021,"H1","11","Île-de-France","94","Val-de-Marne",0,3.6,0
"2020-2024",2022,"H1","11","Île-de-France","94","Val-de-Marne",0,3.6,-19.119999999999997
"2020-2024",2023,"H1","11","Île-de-France","94","Val-de-Marne",4,1.877,0
"2020-2024",2024,"H1","11","Île-de-France","94","Val-de-Marne",2,9.897,0
"2010-2014",2010,"H1","11","Île-de-France","95","Val-d'Oise",2,0.93,0
"2010-2014",2011,"H1","11","Île-de-France","95","Val-d'Oise",0,2.84,0
"2010-2014",2012,"H1","11","Île-de-France","95","Val-d'Oise",0,17.72,0
"2010-2014",2013,"H1","11","Île-de-France","95","Val-d'Oise",0,25.12,-17.210000000000036
"2010-2014",2014,"H1","11","Île-de-France","95","Val-d'Oise",0,7.52,-5.19399999999996
"2015-2019",2015,"H1","11","Île-de-France","95","Val-d'Oise",1,8.06,0
"2015-2019",2016,"H1","11","Île-de-France","95","Val-d'Oise",2,116.236,0
"2015-2019",2017,"H1","11","Île-de-France","95","Val-d'Oise",2,115.26,-14.596000000000004
"2015-2019",2018,"H1","11","Île-de-France","95","Val-d'Oise",5,119.847,0
"2015-2019",2019,"H1","11","Île-de-France","95","Val-d'Oise",3,165.59,0
"2020-2024",2020,"H1","11","Île-de-France","95","Val-d'Oise",4,91.316,0
"2020-2024",2021,"H1","11","Île-de-France","95","Val-d'Oise",5,84.946,0
"2020-2024",2022,"H1","11","Île-de-France","95","Val-d'Oise",2,113.746,0
"2020-2024",2023,"H1","11","Île-de-France","95","Val-d'Oise",0,77.93,-46.68500000000006
"2020-2024",2024,"H1","11","Île-de-France","95","Val-d'Oise",3,23,-61.791999999999916
